fixture_id,competition,evidence_id,metric,base_metric,side,half,formation_condition,opponent_condition,value,raw_value,z_score,percentile,baseline,delta,sample_n,effective_n,shrinkage_level,evidence_level,venue,provider,reliability,temporal_status
mt_012249215,COMP_NEUTRAL,A_ATK_crosses_for_aff200,crosses_for,crosses,FOR,FULL,UNCONDITIONED,TEAM_B,5.0092,5.0092,0.4757,0.3125,3.9284,1.0808,19,19,DIRECT,VENUE_OVERALL,home,thestatsapi,HIGH,PIT_SAFE
mt_012249215,COMP_NEUTRAL,A_ATK_total_shots_for_e9527a,total_shots_for,total_shots,FOR,FULL,UNCONDITIONED,TEAM_B,12.8492,12.8492,0.868,0.75,7.9259,4.9233,19,19,DIRECT,VENUE_OVERALL,home,thestatsapi,HIGH,PIT_SAFE
mt_012249215,COMP_NEUTRAL,A_ATK_shots_on_target_for_0a3165,shots_on_target_for,shots_on_target,FOR,FULL,UNCONDITIONED,TEAM_B,3.3846,3.3846,1.0,0.75,3.3739,0.0107,19,19,DIRECT,VENUE_OVERALL,home,thestatsapi,HIGH,PIT_SAFE
mt_012249215,COMP_NEUTRAL,A_ATK_shots_inside_box_for_29085e,shots_inside_box_for,shots_inside_box,FOR,FULL,UNCONDITIONED,TEAM_B,8.0246,8.0246,1.0,0.75,7.5169,0.5077,19,19,DIRECT,VENUE_OVERALL,home,thestatsapi,HIGH,PIT_SAFE
mt_012249215,COMP_NEUTRAL,A_ATK_touches_in_box_for_c99890,touches_in_box_for,touches_in_box,FOR,FULL,UNCONDITIONED,TEAM_B,,,,,,,1,1,SHRUNK,ALL_VENUES,home,thestatsapi,LOW,UNAVAILABLE
mt_012249215,COMP_NEUTRAL,A_ATK_corners_for_b3af49,corners_for,corners,FOR,FULL,UNCONDITIONED,TEAM_B,6.52,6.52,0.848,0.6875,4.3123,2.2077,19,19,DIRECT,VENUE_OVERALL,home,thestatsapi,HIGH,PIT_SAFE
mt_012249215,COMP_NEUTRAL,A_ATK_possession_for_de0411,possession_for,possession,FOR,FULL,UNCONDITIONED,TEAM_B,50.6215,50.6215,0.9574,0.75,29.8868,20.7347,19,19,DIRECT,VENUE_OVERALL,home,thestatsapi,HIGH,PIT_SAFE
mt_012249215,COMP_NEUTRAL,A_ATK_throw_ins_for_8ad136,throw_ins_for,throw_ins,FOR,FULL,UNCONDITIONED,TEAM_B,24.3631,24.3631,1.0,0.75,22.3277,2.0354,19,19,DIRECT,VENUE_OVERALL,home,thestatsapi,HIGH,PIT_SAFE
mt_012249215,COMP_NEUTRAL,A_ATK_final_third_entries_for_4c0b32,final_third_entries_for,final_third_entries,FOR,FULL,UNCONDITIONED,TEAM_B,64.7046,64.7046,1.0,0.75,59.4923,5.2123,19,19,DIRECT,VENUE_OVERALL,home,thestatsapi,HIGH,PIT_SAFE
mt_012249215,COMP_NEUTRAL,A_DEF_crosses_against_086307,crosses_against,crosses,AGAINST,FULL,UNCONDITIONED,TEAM_B,3.5262,3.5262,0.2734,0.4375,3.0291,0.4971,19,19,DIRECT,VENUE_OVERALL,home,thestatsapi,HIGH,PIT_SAFE
mt_012249215,COMP_NEUTRAL,A_DEF_total_shots_against_eb1302,total_shots_against,total_shots,AGAINST,FULL,UNCONDITIONED,TEAM_B,10.5969,10.5969,-1.0,0.25,12.4169,-1.82,19,19,DIRECT,VENUE_OVERALL,home,thestatsapi,HIGH,PIT_SAFE
mt_012249215,COMP_NEUTRAL,A_DEF_shots_inside_box_against_97040b,shots_inside_box_against,shots_inside_box,AGAINST,FULL,UNCONDITIONED,TEAM_B,7.2492,7.2492,-1.1305,0.125,8.3218,-1.0726,19,19,DIRECT,VENUE_OVERALL,home,thestatsapi,HIGH,PIT_SAFE
mt_012249215,COMP_NEUTRAL,A_DEF_touches_in_box_against_f2ba0f,touches_in_box_against,touches_in_box,AGAINST,FULL,UNCONDITIONED,TEAM_B,,,,,,,1,1,SHRUNK,ALL_VENUES,home,thestatsapi,LOW,UNAVAILABLE
mt_012249215,COMP_NEUTRAL,A_DEF_corners_against_6cdcf2,corners_against,corners,AGAINST,FULL,UNCONDITIONED,TEAM_B,4.0154,4.0154,0.1282,0.4375,3.7191,0.2963,19,19,DIRECT,VENUE_OVERALL,home,thestatsapi,HIGH,PIT_SAFE
mt_012249215,COMP_NEUTRAL,A_DEF_blocked_shots_for_c0e846,blocked_shots_for,blocked_shots,FOR,FULL,UNCONDITIONED,TEAM_B,4.4462,4.4462,0.8464,0.6875,2.9411,1.5051,19,19,DIRECT,VENUE_OVERALL,home,thestatsapi,HIGH,PIT_SAFE
mt_012249215,COMP_NEUTRAL,A_DEF_clearances_for_564cef,clearances_for,clearances,FOR,FULL,UNCONDITIONED,TEAM_B,15.3846,15.3846,0.1128,0.4375,14.3754,1.0092,19,19,DIRECT,VENUE_OVERALL,home,thestatsapi,HIGH,PIT_SAFE
mt_012249215,COMP_NEUTRAL,A_DEF_interceptions_for_6a9506,interceptions_for,interceptions,FOR,FULL,UNCONDITIONED,TEAM_B,10.4862,10.4862,1.0,0.75,9.7293,0.7569,19,19,DIRECT,VENUE_OVERALL,home,thestatsapi,HIGH,PIT_SAFE
mt_012249215,COMP_NEUTRAL,A_DIS_fouls_for_2d72c0,fouls_for,fouls,FOR,FULL,UNCONDITIONED,TEAM_B,12.8523,12.8523,1.0,0.75,11.8507,1.0015,19,19,DIRECT,VENUE_OVERALL,home,thestatsapi,HIGH,PIT_SAFE
mt_012249215,COMP_NEUTRAL,A_DIS_tackles_for_521dbe,tackles_for,tackles,FOR,FULL,UNCONDITIONED,TEAM_B,17.3385,17.3385,1.0,0.75,16.6231,0.7154,19,19,DIRECT,VENUE_OVERALL,home,thestatsapi,HIGH,PIT_SAFE
mt_012249215,COMP_NEUTRAL,A_DIS_yellow_cards_for_bcf296,yellow_cards_for,yellow_cards,FOR,FULL,UNCONDITIONED,TEAM_B,2.6031,2.6031,1.0,0.75,2.3093,0.2938,19,19,DIRECT,VENUE_OVERALL,home,thestatsapi,HIGH,PIT_SAFE
mt_012249215,COMP_NEUTRAL,A_DIS_fouls_against_5ce60b,fouls_against,fouls,AGAINST,FULL,UNCONDITIONED,TEAM_B,9.9508,9.9508,-1.0,0.25,10.6785,-0.7277,19,19,DIRECT,VENUE_OVERALL,home,thestatsapi,HIGH,PIT_SAFE
mt_012249215,COMP_NEUTRAL,B_ATK_crosses_for_de1a43,crosses_for,crosses,FOR,FULL,UNCONDITIONED,TEAM_A,5.3415,5.3415,0.622,0.6875,3.9284,1.4131,19,19,DIRECT,VENUE_OVERALL,away,thestatsapi,HIGH,PIT_SAFE
mt_012249215,COMP_NEUTRAL,B_ATK_total_shots_for_c3d64b,total_shots_for,total_shots,FOR,FULL,UNCONDITIONED,TEAM_A,10.9169,10.9169,0.5274,0.5833,7.9259,2.991,19,19,DIRECT,VENUE_OVERALL,away,thestatsapi,HIGH,PIT_SAFE
mt_012249215,COMP_NEUTRAL,B_ATK_shots_on_target_for_23d44d,shots_on_target_for,shots_on_target,FOR,FULL,UNCONDITIONED,TEAM_A,3.3631,3.3631,-1.0,0.25,3.3739,-0.0107,19,19,DIRECT,VENUE_OVERALL,away,thestatsapi,HIGH,PIT_SAFE
mt_012249215,COMP_NEUTRAL,B_ATK_shots_inside_box_for_57d65c,shots_inside_box_for,shots_inside_box,FOR,FULL,UNCONDITIONED,TEAM_A,7.0092,7.0092,-1.0,0.25,7.5169,-0.5077,19,19,DIRECT,VENUE_OVERALL,away,thestatsapi,HIGH,PIT_SAFE
mt_012249215,COMP_NEUTRAL,B_ATK_touches_in_box_for_8b1203,touches_in_box_for,touches_in_box,FOR,FULL,UNCONDITIONED,TEAM_A,,,,,,,3,2,SHRUNK,ALL_VENUES,away,thestatsapi,LOW,UNAVAILABLE
mt_012249215,COMP_NEUTRAL,B_ATK_corners_for_1e1156,corners_for,corners,FOR,FULL,UNCONDITIONED,TEAM_A,4.8277,4.8277,0.198,0.4375,4.3123,0.5154,19,19,DIRECT,VENUE_OVERALL,away,thestatsapi,HIGH,PIT_SAFE
mt_012249215,COMP_NEUTRAL,B_ATK_possession_for_0e9e84,possession_for,possession,FOR,FULL,UNCONDITIONED,TEAM_A,39.0677,39.0677,0.4239,0.5833,29.8868,9.1809,19,19,DIRECT,VENUE_OVERALL,away,thestatsapi,HIGH,PIT_SAFE
mt_012249215,COMP_NEUTRAL,B_ATK_throw_ins_for_c3fcc8,throw_ins_for,throw_ins,FOR,FULL,UNCONDITIONED,TEAM_A,20.2923,20.2923,-1.0,0.25,22.3277,-2.0354,19,19,DIRECT,VENUE_OVERALL,away,thestatsapi,HIGH,PIT_SAFE
mt_012249215,COMP_NEUTRAL,B_ATK_final_third_entries_for_e8d654,final_third_entries_for,final_third_entries,FOR,FULL,UNCONDITIONED,TEAM_A,54.28,54.28,-1.0,0.25,59.4923,-5.2123,19,19,DIRECT,VENUE_OVERALL,away,thestatsapi,HIGH,PIT_SAFE
mt_012249215,COMP_NEUTRAL,B_DEF_crosses_against_6a48db,crosses_against,crosses,AGAINST,FULL,UNCONDITIONED,TEAM_A,4.5231,4.5231,0.8217,0.6875,3.0291,1.494,19,19,DIRECT,VENUE_OVERALL,away,thestatsapi,HIGH,PIT_SAFE
mt_012249215,COMP_NEUTRAL,B_DEF_total_shots_against_6cd183,total_shots_against,total_shots,AGAINST,FULL,UNCONDITIONED,TEAM_A,14.2369,14.2369,1.0,0.75,12.4169,1.82,19,19,DIRECT,VENUE_OVERALL,away,thestatsapi,HIGH,PIT_SAFE
mt_012249215,COMP_NEUTRAL,B_DEF_shots_inside_box_against_20c2bb,shots_inside_box_against,shots_inside_box,AGAINST,FULL,UNCONDITIONED,TEAM_A,9.1446,9.1446,0.8672,0.625,8.3218,0.8228,19,19,DIRECT,VENUE_OVERALL,away,thestatsapi,HIGH,PIT_SAFE
mt_012249215,COMP_NEUTRAL,B_DEF_touches_in_box_against_fc4e22,touches_in_box_against,touches_in_box,AGAINST,FULL,UNCONDITIONED,TEAM_A,,,,,,,3,2,SHRUNK,ALL_VENUES,away,thestatsapi,LOW,UNAVAILABLE
mt_012249215,COMP_NEUTRAL,B_DEF_corners_against_1491ec,corners_against,corners,AGAINST,FULL,UNCONDITIONED,TEAM_A,5.8769,5.8769,0.9338,0.6875,3.7191,2.1578,19,19,DIRECT,VENUE_OVERALL,away,thestatsapi,HIGH,PIT_SAFE
mt_012249215,COMP_NEUTRAL,B_DEF_blocked_shots_for_694282,blocked_shots_for,blocked_shots,FOR,FULL,UNCONDITIONED,TEAM_A,3.2738,3.2738,0.1871,0.4375,2.9411,0.3327,19,19,DIRECT,VENUE_OVERALL,away,thestatsapi,HIGH,PIT_SAFE
mt_012249215,COMP_NEUTRAL,B_DEF_clearances_for_c03e0d,clearances_for,clearances,FOR,FULL,UNCONDITIONED,TEAM_A,22.6523,22.6523,0.9254,0.6875,14.3754,8.2769,19,19,DIRECT,VENUE_OVERALL,away,thestatsapi,HIGH,PIT_SAFE
mt_012249215,COMP_NEUTRAL,B_DEF_interceptions_for_e63a25,interceptions_for,interceptions,FOR,FULL,UNCONDITIONED,TEAM_A,8.9723,8.9723,-1.0,0.25,9.7293,-0.7569,19,19,DIRECT,VENUE_OVERALL,away,thestatsapi,HIGH,PIT_SAFE
mt_012249215,COMP_NEUTRAL,B_DIS_fouls_for_ec1cdd,fouls_for,fouls,FOR,FULL,UNCONDITIONED,TEAM_A,10.8492,10.8492,-1.0,0.25,11.8507,-1.0015,19,19,DIRECT,VENUE_OVERALL,away,thestatsapi,HIGH,PIT_SAFE
mt_012249215,COMP_NEUTRAL,B_DIS_tackles_for_df69b4,tackles_for,tackles,FOR,FULL,UNCONDITIONED,TEAM_A,15.9077,15.9077,-1.0,0.25,16.6231,-0.7154,19,19,DIRECT,VENUE_OVERALL,away,thestatsapi,HIGH,PIT_SAFE
mt_012249215,COMP_NEUTRAL,B_DIS_yellow_cards_for_8ebb34,yellow_cards_for,yellow_cards,FOR,FULL,UNCONDITIONED,TEAM_A,2.0154,2.0154,-1.0,0.25,2.3093,-0.2938,19,19,DIRECT,VENUE_OVERALL,away,thestatsapi,HIGH,PIT_SAFE
mt_012249215,COMP_NEUTRAL,B_DIS_fouls_against_6c1eb1,fouls_against,fouls,AGAINST,FULL,UNCONDITIONED,TEAM_A,11.4062,11.4062,1.0,0.75,10.6785,0.7277,19,19,DIRECT,VENUE_OVERALL,away,thestatsapi,HIGH,PIT_SAFE
mt_012249215,COMP_NEUTRAL,ENV_corners_51f86e,league_corners_env,league_corners_env,NEUTRAL,FULL,UNCONDITIONED,,10.6223,10.6223,,0.5,10.6223,0.0,0,0,DIRECT,COMPETITION_PRIOR,,derived,HIGH,PIT_SAFE
mt_012249215,COMP_NEUTRAL,ENV_total_shots_b5ee6a,league_total_shots_env,league_total_shots_env,NEUTRAL,FULL,UNCONDITIONED,,25.1137,25.1137,,0.5,25.1137,0.0,0,0,DIRECT,COMPETITION_PRIOR,,derived,HIGH,PIT_SAFE
mt_012249215,COMP_NEUTRAL,ENV_fouls_b5dcf0,league_fouls_env,league_fouls_env,NEUTRAL,FULL,UNCONDITIONED,,21.9356,21.9356,,0.5,21.9356,0.0,0,0,DIRECT,COMPETITION_PRIOR,,derived,HIGH,PIT_SAFE
mt_012249215,COMP_NEUTRAL,ENV_yellow_cards_bcf94d,league_yellow_cards_env,league_yellow_cards_env,NEUTRAL,FULL,UNCONDITIONED,,4.3042,4.3042,,0.5,4.3042,0.0,0,0,DIRECT,COMPETITION_PRIOR,,derived,HIGH,PIT_SAFE
mt_012249215,COMP_NEUTRAL,A_FC_fc_crosses_for_43b9ba,fc_crosses_for,crosses,FOR,FULL,TEAM_FORMATION_CONDITIONED,,5.1579,5.1579,0.5412,0.5625,3.9284,1.2295,0,0,SHRUNK,TEAM_BASELINE,home,derived_formation,LOW,PIT_SAFE
mt_012249215,COMP_NEUTRAL,A_FC_formation_delta_crosses_for_262cbc,formation_delta_crosses_for,crosses,FOR,FULL,TEAM_FORMATION_CONDITIONED,,0.0,0.0,-1.7292,0.125,3.9284,-3.9284,0,0,DERIVED,TEAM_BASELINE,home,derived_formation,LOW,PIT_SAFE
mt_012249215,COMP_NEUTRAL,A_FC_fc_corners_for_946767,fc_corners_for,corners,FOR,FULL,TEAM_FORMATION_CONDITIONED,,6.6842,6.6842,0.9111,0.9375,4.3123,2.3719,0,0,SHRUNK,TEAM_BASELINE,home,derived_formation,LOW,PIT_SAFE
mt_012249215,COMP_NEUTRAL,A_FC_formation_delta_corners_for_9b8a39,formation_delta_corners_for,corners,FOR,FULL,TEAM_FORMATION_CONDITIONED,,0.0,0.0,-1.6564,0.125,4.3123,-4.3123,0,0,DERIVED,TEAM_BASELINE,home,derived_formation,LOW,PIT_SAFE
mt_012249215,COMP_NEUTRAL,A_FC_fc_corners_against_43b9c9,fc_corners_against,corners,AGAINST,FULL,TEAM_FORMATION_CONDITIONED,,3.7368,3.7368,0.0076,0.3125,3.7191,0.0177,0,0,SHRUNK,TEAM_BASELINE,home,derived_formation,LOW,PIT_SAFE
mt_012249215,COMP_NEUTRAL,A_FC_formation_delta_corners_against_34ceb0,formation_delta_corners_against,corners,AGAINST,FULL,TEAM_FORMATION_CONDITIONED,,0.0,0.0,-1.6095,0.125,3.7191,-3.7191,0,0,DERIVED,TEAM_BASELINE,home,derived_formation,LOW,PIT_SAFE
mt_012249215,COMP_NEUTRAL,A_FC_fc_total_shots_for_3d6d2c,fc_total_shots_for,total_shots,FOR,FULL,TEAM_FORMATION_CONDITIONED,,13.0526,13.0526,0.9039,0.9167,7.9259,5.1267,0,0,SHRUNK,TEAM_BASELINE,home,derived_formation,LOW,PIT_SAFE
mt_012249215,COMP_NEUTRAL,A_FC_formation_delta_total_shots_for_2454ee,formation_delta_total_shots_for,total_shots,FOR,FULL,TEAM_FORMATION_CONDITIONED,,0.0,0.0,-1.3975,0.1667,7.9259,-7.9259,0,0,DERIVED,TEAM_BASELINE,home,derived_formation,LOW,PIT_SAFE
mt_012249215,COMP_NEUTRAL,A_FC_fc_possession_for_10518c,fc_possession_for,possession,FOR,FULL,TEAM_FORMATION_CONDITIONED,,50.6316,50.6316,0.9579,0.9167,29.8868,20.7448,0,0,SHRUNK,TEAM_BASELINE,home,derived_formation,LOW,PIT_SAFE
mt_012249215,COMP_NEUTRAL,A_FC_formation_delta_possession_for_e8425e,formation_delta_possession_for,possession,FOR,FULL,TEAM_FORMATION_CONDITIONED,,0.0,0.0,-1.38,0.1667,29.8868,-29.8868,0,0,DERIVED,TEAM_BASELINE,home,derived_formation,LOW,PIT_SAFE
mt_012249215,COMP_NEUTRAL,A_FC_fc_crosses_against_cae360,fc_crosses_against,crosses,AGAINST,FULL,TEAM_FORMATION_CONDITIONED,,3.2632,3.2632,0.1287,0.3125,3.0291,0.2341,0,0,SHRUNK,TEAM_BASELINE,home,derived_formation,LOW,PIT_SAFE
mt_012249215,COMP_NEUTRAL,A_FC_formation_delta_crosses_against_b02b14,formation_delta_crosses_against,crosses,AGAINST,FULL,TEAM_FORMATION_CONDITIONED,,0.0,0.0,-1.6661,0.125,3.0291,-3.0291,0,0,DERIVED,TEAM_BASELINE,home,derived_formation,LOW,PIT_SAFE
mt_012249215,COMP_NEUTRAL,A_FC_fc_clearances_for_8a4db7,fc_clearances_for,clearances,FOR,FULL,TEAM_FORMATION_CONDITIONED,,14.6316,14.6316,0.0286,0.3125,14.3754,0.2562,0,0,SHRUNK,TEAM_BASELINE,home,derived_formation,LOW,PIT_SAFE
mt_012249215,COMP_NEUTRAL,A_FC_formation_delta_clearances_for_32ee51,formation_delta_clearances_for,clearances,FOR,FULL,TEAM_FORMATION_CONDITIONED,,0.0,0.0,-1.6072,0.125,14.3754,-14.3754,0,0,DERIVED,TEAM_BASELINE,home,derived_formation,LOW,PIT_SAFE
mt_012249215,COMP_NEUTRAL,A_FC_fc_blocked_shots_for_a6e6d5,fc_blocked_shots_for,blocked_shots,FOR,FULL,TEAM_FORMATION_CONDITIONED,,4.5789,4.5789,0.921,0.9375,2.9411,1.6378,0,0,SHRUNK,TEAM_BASELINE,home,derived_formation,LOW,PIT_SAFE
mt_012249215,COMP_NEUTRAL,A_FC_formation_delta_blocked_shots_for_70f929,formation_delta_blocked_shots_for,blocked_shots,FOR,FULL,TEAM_FORMATION_CONDITIONED,,0.0,0.0,-1.654,0.125,2.9411,-2.9411,0,0,DERIVED,TEAM_BASELINE,home,derived_formation,LOW,PIT_SAFE
mt_012249215,COMP_NEUTRAL,A_FMX_fmx_crosses_for_899453,fmx_crosses_for,crosses,FOR,FULL,OPP_FORMATION_CONDITIONED,4-2-3-1,5.1205,5.1205,0.5247,0.4375,3.9284,1.1921,19,11,HIERARCHICAL,VENUE_OVERALL,home,derived_formation,HIGH,PIT_SAFE
mt_012249215,COMP_NEUTRAL,A_FMX_fmx_crosses_against_394a5a,fmx_crosses_against,crosses,AGAINST,FULL,OPP_FORMATION_CONDITIONED,4-2-3-1,3.6431,3.6431,0.3377,0.5625,3.0291,0.614,19,11,HIERARCHICAL,VENUE_OVERALL,home,derived_formation,HIGH,PIT_SAFE
mt_012249215,COMP_NEUTRAL,A_FMX_fmx_corners_for_f6d96e,fmx_corners_for,corners,FOR,FULL,OPP_FORMATION_CONDITIONED,4-2-3-1,6.6679,6.6679,0.9048,0.8125,4.3123,2.3556,19,11,HIERARCHICAL,VENUE_OVERALL,home,derived_formation,HIGH,PIT_SAFE
mt_012249215,COMP_NEUTRAL,A_FMX_fmx_corners_against_47342a,fmx_corners_against,corners,AGAINST,FULL,OPP_FORMATION_CONDITIONED,4-2-3-1,4.1986,4.1986,0.2075,0.5625,3.7191,0.4795,19,11,HIERARCHICAL,VENUE_OVERALL,home,derived_formation,HIGH,PIT_SAFE
mt_012249215,COMP_NEUTRAL,A_FMX_fmx_touches_in_box_for_4c1245,fmx_touches_in_box_for,touches_in_box,FOR,FULL,OPP_FORMATION_CONDITIONED,4-2-3-1,44.037,44.037,1.0,0.75,39.6975,4.3395,0,0,HIERARCHICAL,COMPETITION_PRIOR,home,derived_formation,LOW,PIT_SAFE
mt_012249215,COMP_NEUTRAL,A_FMX_fmx_clearances_for_d23deb,fmx_clearances_for,clearances,FOR,FULL,OPP_FORMATION_CONDITIONED,4-2-3-1,16.0072,16.0072,0.1824,0.5625,14.3754,1.6318,19,11,HIERARCHICAL,VENUE_OVERALL,home,derived_formation,HIGH,PIT_SAFE
mt_012249215,COMP_NEUTRAL,A_FMX_fmx_blocked_shots_for_0918af,fmx_blocked_shots_for,blocked_shots,FOR,FULL,OPP_FORMATION_CONDITIONED,4-2-3-1,4.5582,4.5582,0.9094,0.8125,2.9411,1.6171,19,11,HIERARCHICAL,VENUE_OVERALL,home,derived_formation,HIGH,PIT_SAFE
mt_012249215,COMP_NEUTRAL,A_FMX_fmx_shots_inside_box_against_ff9b01,fmx_shots_inside_box_against,shots_inside_box,AGAINST,FULL,OPP_FORMATION_CONDITIONED,4-2-3-1,7.5134,7.5134,-0.852,0.375,8.3218,-0.8084,19,11,HIERARCHICAL,VENUE_OVERALL,home,derived_formation,HIGH,PIT_SAFE
mt_012249215,COMP_NEUTRAL,B_FC_fc_crosses_for_3c7a8d,fc_crosses_for,crosses,FOR,FULL,TEAM_FORMATION_CONDITIONED,,5.3684,5.3684,0.6338,0.8125,3.9284,1.44,0,0,SHRUNK,TEAM_BASELINE,away,derived_formation,LOW,PIT_SAFE
mt_012249215,COMP_NEUTRAL,B_FC_formation_delta_crosses_for_b2b244,formation_delta_crosses_for,crosses,FOR,FULL,TEAM_FORMATION_CONDITIONED,,0.0,0.0,-1.7292,0.125,3.9284,-3.9284,0,0,DERIVED,TEAM_BASELINE,away,derived_formation,LOW,PIT_SAFE
mt_012249215,COMP_NEUTRAL,B_FC_fc_corners_for_7f413e,fc_corners_for,corners,FOR,FULL,TEAM_FORMATION_CONDITIONED,,4.7895,4.7895,0.1833,0.3125,4.3123,0.4772,0,0,SHRUNK,TEAM_BASELINE,away,derived_formation,LOW,PIT_SAFE
mt_012249215,COMP_NEUTRAL,B_FC_formation_delta_corners_for_814df9,formation_delta_corners_for,corners,FOR,FULL,TEAM_FORMATION_CONDITIONED,,0.0,0.0,-1.6564,0.125,4.3123,-4.3123,0,0,DERIVED,TEAM_BASELINE,away,derived_formation,LOW,PIT_SAFE
mt_012249215,COMP_NEUTRAL,B_FC_fc_corners_against_a1f672,fc_corners_against,corners,AGAINST,FULL,TEAM_FORMATION_CONDITIONED,,5.8947,5.8947,0.9415,0.8125,3.7191,2.1756,0,0,SHRUNK,TEAM_BASELINE,away,derived_formation,LOW,PIT_SAFE
mt_012249215,COMP_NEUTRAL,B_FC_formation_delta_corners_against_4ceaf8,formation_delta_corners_against,corners,AGAINST,FULL,TEAM_FORMATION_CONDITIONED,,0.0,0.0,-1.6095,0.125,3.7191,-3.7191,0,0,DERIVED,TEAM_BASELINE,away,derived_formation,LOW,PIT_SAFE
mt_012249215,COMP_NEUTRAL,B_FC_fc_total_shots_for_56c1aa,fc_total_shots_for,total_shots,FOR,FULL,TEAM_FORMATION_CONDITIONED,,10.7368,10.7368,0.4956,0.4167,7.9259,2.8109,0,0,SHRUNK,TEAM_BASELINE,away,derived_formation,LOW,PIT_SAFE
mt_012249215,COMP_NEUTRAL,B_FC_formation_delta_total_shots_for_c8fa4c,formation_delta_total_shots_for,total_shots,FOR,FULL,TEAM_FORMATION_CONDITIONED,,0.0,0.0,-1.3975,0.1667,7.9259,-7.9259,0,0,DERIVED,TEAM_BASELINE,away,derived_formation,LOW,PIT_SAFE
mt_012249215,COMP_NEUTRAL,B_FC_fc_possession_for_195a66,fc_possession_for,possession,FOR,FULL,TEAM_FORMATION_CONDITIONED,,39.0,39.0,0.4208,0.4167,29.8868,9.1132,0,0,SHRUNK,TEAM_BASELINE,away,derived_formation,LOW,PIT_SAFE
mt_012249215,COMP_NEUTRAL,B_FC_formation_delta_possession_for_7981aa,formation_delta_possession_for,possession,FOR,FULL,TEAM_FORMATION_CONDITIONED,,0.0,0.0,-1.38,0.1667,29.8868,-29.8868,0,0,DERIVED,TEAM_BASELINE,away,derived_formation,LOW,PIT_SAFE
mt_012249215,COMP_NEUTRAL,B_FC_fc_crosses_against_597d71,fc_crosses_against,crosses,AGAINST,FULL,TEAM_FORMATION_CONDITIONED,,4.6316,4.6316,0.8814,0.8125,3.0291,1.6025,0,0,SHRUNK,TEAM_BASELINE,away,derived_formation,LOW,PIT_SAFE
mt_012249215,COMP_NEUTRAL,B_FC_formation_delta_crosses_against_0a6971,formation_delta_crosses_against,crosses,AGAINST,FULL,TEAM_FORMATION_CONDITIONED,,0.0,0.0,-1.6661,0.125,3.0291,-3.0291,0,0,DERIVED,TEAM_BASELINE,away,derived_formation,LOW,PIT_SAFE
mt_012249215,COMP_NEUTRAL,B_FC_fc_clearances_for_69c99a,fc_clearances_for,clearances,FOR,FULL,TEAM_FORMATION_CONDITIONED,,23.1579,23.1579,0.9819,0.8125,14.3754,8.7825,0,0,SHRUNK,TEAM_BASELINE,away,derived_formation,LOW,PIT_SAFE
mt_012249215,COMP_NEUTRAL,B_FC_formation_delta_clearances_for_d45df4,formation_delta_clearances_for,clearances,FOR,FULL,TEAM_FORMATION_CONDITIONED,,0.0,0.0,-1.6072,0.125,14.3754,-14.3754,0,0,DERIVED,TEAM_BASELINE,away,derived_formation,LOW,PIT_SAFE
mt_012249215,COMP_NEUTRAL,B_FC_fc_blocked_shots_for_438ff2,fc_blocked_shots_for,blocked_shots,FOR,FULL,TEAM_FORMATION_CONDITIONED,,3.2632,3.2632,0.1811,0.3125,2.9411,0.322,0,0,SHRUNK,TEAM_BASELINE,away,derived_formation,LOW,PIT_SAFE
mt_012249215,COMP_NEUTRAL,B_FC_formation_delta_blocked_shots_for_49fdbe,formation_delta_blocked_shots_for,blocked_shots,FOR,FULL,TEAM_FORMATION_CONDITIONED,,0.0,0.0,-1.654,0.125,2.9411,-2.9411,0,0,DERIVED,TEAM_BASELINE,away,derived_formation,LOW,PIT_SAFE
mt_012249215,COMP_NEUTRAL,B_FMX_fmx_crosses_for_9a4360,fmx_crosses_for,crosses,FOR,FULL,OPP_FORMATION_CONDITIONED,4-2-3-1,5.4298,5.4298,0.6609,0.9375,3.9284,1.5014,19,11,HIERARCHICAL,VENUE_OVERALL,away,derived_formation,HIGH,PIT_SAFE
mt_012249215,COMP_NEUTRAL,B_FMX_fmx_crosses_against_f04e57,fmx_crosses_against,crosses,AGAINST,FULL,OPP_FORMATION_CONDITIONED,4-2-3-1,4.6458,4.6458,0.8892,0.9375,3.0291,1.6167,19,11,HIERARCHICAL,VENUE_OVERALL,away,derived_formation,HIGH,PIT_SAFE
mt_012249215,COMP_NEUTRAL,B_FMX_fmx_corners_for_bb3b57,fmx_corners_for,corners,FOR,FULL,OPP_FORMATION_CONDITIONED,4-2-3-1,5.0092,5.0092,0.2677,0.5625,4.3123,0.6969,19,11,HIERARCHICAL,VENUE_OVERALL,away,derived_formation,HIGH,PIT_SAFE
mt_012249215,COMP_NEUTRAL,B_FMX_fmx_corners_against_6916a5,fmx_corners_against,corners,AGAINST,FULL,OPP_FORMATION_CONDITIONED,4-2-3-1,6.0306,6.0306,1.0003,0.9375,3.7191,2.3115,19,11,HIERARCHICAL,VENUE_OVERALL,away,derived_formation,HIGH,PIT_SAFE
mt_012249215,COMP_NEUTRAL,B_FMX_fmx_touches_in_box_for_e38f25,fmx_touches_in_box_for,touches_in_box,FOR,FULL,OPP_FORMATION_CONDITIONED,4-2-3-1,35.358,35.358,-1.0,0.25,39.6975,-4.3395,3,2,HIERARCHICAL,TEAM_BASELINE,away,derived_formation,LOW,PIT_SAFE
mt_012249215,COMP_NEUTRAL,B_FMX_fmx_clearances_for_e0295c,fmx_clearances_for,clearances,FOR,FULL,OPP_FORMATION_CONDITIONED,4-2-3-1,23.1699,23.1699,0.9832,0.9375,14.3754,8.7945,19,11,HIERARCHICAL,VENUE_OVERALL,away,derived_formation,HIGH,PIT_SAFE
mt_012249215,COMP_NEUTRAL,B_FMX_fmx_blocked_shots_for_07e2fd,fmx_blocked_shots_for,blocked_shots,FOR,FULL,OPP_FORMATION_CONDITIONED,4-2-3-1,3.4089,3.4089,0.263,0.5625,2.9411,0.4678,19,11,HIERARCHICAL,VENUE_OVERALL,away,derived_formation,HIGH,PIT_SAFE
mt_012249215,COMP_NEUTRAL,B_FMX_fmx_shots_inside_box_against_f2b880,fmx_shots_inside_box_against,shots_inside_box,AGAINST,FULL,OPP_FORMATION_CONDITIONED,4-2-3-1,9.3801,9.3801,1.1154,0.875,8.3218,1.0583,19,11,HIERARCHICAL,VENUE_OVERALL,away,derived_formation,HIGH,PIT_SAFE
mt_978814872,COMP_NEUTRAL,A_ATK_crosses_for_d2a646,crosses_for,crosses,FOR,FULL,UNCONDITIONED,TEAM_B,2.84,2.84,0.1003,0.4375,2.6584,0.1816,19,19,DIRECT,VENUE_OVERALL,home,thestatsapi,HIGH,PIT_SAFE
mt_978814872,COMP_NEUTRAL,A_ATK_total_shots_for_9fc683,total_shots_for,total_shots,FOR,FULL,UNCONDITIONED,TEAM_B,14.5077,14.5077,0.9844,0.9167,8.0302,6.4775,19,19,DIRECT,VENUE_OVERALL,home,thestatsapi,HIGH,PIT_SAFE
mt_978814872,COMP_NEUTRAL,A_ATK_shots_on_target_for_fbad9e,shots_on_target_for,shots_on_target,FOR,FULL,UNCONDITIONED,TEAM_B,5.2492,5.2492,1.0,0.75,4.3615,0.8877,19,19,DIRECT,VENUE_OVERALL,home,thestatsapi,HIGH,PIT_SAFE
mt_978814872,COMP_NEUTRAL,A_ATK_shots_inside_box_for_eb7ec5,shots_inside_box_for,shots_inside_box,FOR,FULL,UNCONDITIONED,TEAM_B,8.4492,8.4492,1.0,0.75,8.0184,0.4307,19,19,DIRECT,VENUE_OVERALL,home,thestatsapi,HIGH,PIT_SAFE
mt_978814872,COMP_NEUTRAL,A_ATK_touches_in_box_for_6a7d36,touches_in_box_for,touches_in_box,FOR,FULL,UNCONDITIONED,TEAM_B,,,,,,,2,1,SHRUNK,ALL_VENUES,home,thestatsapi,LOW,UNAVAILABLE
mt_978814872,COMP_NEUTRAL,A_ATK_corners_for_0aa91e,corners_for,corners,FOR,FULL,UNCONDITIONED,TEAM_B,5.5969,5.5969,0.9102,0.9375,3.3739,2.223,19,19,DIRECT,VENUE_OVERALL,home,thestatsapi,HIGH,PIT_SAFE
mt_978814872,COMP_NEUTRAL,A_ATK_possession_for_701dc4,possession_for,possession,FOR,FULL,UNCONDITIONED,TEAM_B,46.8369,46.8369,0.7584,0.9167,29.7532,17.0837,19,19,DIRECT,VENUE_OVERALL,home,thestatsapi,HIGH,PIT_SAFE
mt_978814872,COMP_NEUTRAL,A_ATK_throw_ins_for_ba7f08,throw_ins_for,throw_ins,FOR,FULL,UNCONDITIONED,TEAM_B,23.5754,23.5754,-1.0,0.25,24.0723,-0.4969,19,19,DIRECT,VENUE_OVERALL,home,thestatsapi,HIGH,PIT_SAFE
mt_978814872,COMP_NEUTRAL,A_ATK_final_third_entries_for_43aaeb,final_third_entries_for,final_third_entries,FOR,FULL,UNCONDITIONED,TEAM_B,51.4585,51.4585,-1.0,0.25,56.9246,-5.4661,19,19,DIRECT,VENUE_OVERALL,home,thestatsapi,HIGH,PIT_SAFE
mt_978814872,COMP_NEUTRAL,A_DEF_crosses_against_5ff3d6,crosses_against,crosses,AGAINST,FULL,UNCONDITIONED,TEAM_B,5.2338,5.2338,0.9488,0.9375,3.2355,1.9983,19,19,DIRECT,VENUE_OVERALL,home,thestatsapi,HIGH,PIT_SAFE
mt_978814872,COMP_NEUTRAL,A_DEF_total_shots_against_5c999d,total_shots_against,total_shots,AGAINST,FULL,UNCONDITIONED,TEAM_B,14.4462,14.4462,1.0,0.75,13.2785,1.1677,19,19,DIRECT,VENUE_OVERALL,home,thestatsapi,HIGH,PIT_SAFE
mt_978814872,COMP_NEUTRAL,A_DEF_shots_inside_box_against_10e021,shots_inside_box_against,shots_inside_box,AGAINST,FULL,UNCONDITIONED,TEAM_B,10.1415,10.1415,1.6048,0.875,8.6094,1.5321,19,19,DIRECT,VENUE_OVERALL,home,thestatsapi,HIGH,PIT_SAFE
mt_978814872,COMP_NEUTRAL,A_DEF_touches_in_box_against_c034f3,touches_in_box_against,touches_in_box,AGAINST,FULL,UNCONDITIONED,TEAM_B,,,,,,,2,1,SHRUNK,ALL_VENUES,home,thestatsapi,LOW,UNAVAILABLE
mt_978814872,COMP_NEUTRAL,A_DEF_corners_against_d4e08c,corners_against,corners,AGAINST,FULL,UNCONDITIONED,TEAM_B,6.5662,6.5662,1.0353,0.9375,4.0057,2.5605,19,19,DIRECT,VENUE_OVERALL,home,thestatsapi,HIGH,PIT_SAFE
mt_978814872,COMP_NEUTRAL,A_DEF_blocked_shots_for_ac4038,blocked_shots_for,blocked_shots,FOR,FULL,UNCONDITIONED,TEAM_B,4.7354,4.7354,0.9731,0.9375,2.8429,1.8925,19,19,DIRECT,VENUE_OVERALL,home,thestatsapi,HIGH,PIT_SAFE
mt_978814872,COMP_NEUTRAL,A_DEF_clearances_for_fe582a,clearances_for,clearances,FOR,FULL,UNCONDITIONED,TEAM_B,20.6277,20.6277,0.5997,0.6875,15.5828,5.0449,19,19,DIRECT,VENUE_OVERALL,home,thestatsapi,HIGH,PIT_SAFE
mt_978814872,COMP_NEUTRAL,A_DEF_interceptions_for_c7d928,interceptions_for,interceptions,FOR,FULL,UNCONDITIONED,TEAM_B,8.4,8.4,-1.0,0.25,8.6307,-0.2307,19,19,DIRECT,VENUE_OVERALL,home,thestatsapi,HIGH,PIT_SAFE
mt_978814872,COMP_NEUTRAL,A_DIS_fouls_for_62c67f,fouls_for,fouls,FOR,FULL,UNCONDITIONED,TEAM_B,9.4862,9.4862,-1.0,0.25,9.9231,-0.4369,19,19,DIRECT,VENUE_OVERALL,home,thestatsapi,HIGH,PIT_SAFE
mt_978814872,COMP_NEUTRAL,A_DIS_tackles_for_df2767,tackles_for,tackles,FOR,FULL,UNCONDITIONED,TEAM_B,13.3538,13.3538,-1.0,0.25,14.7923,-1.4385,19,19,DIRECT,VENUE_OVERALL,home,thestatsapi,HIGH,PIT_SAFE
mt_978814872,COMP_NEUTRAL,A_DIS_yellow_cards_for_6202df,yellow_cards_for,yellow_cards,FOR,FULL,UNCONDITIONED,TEAM_B,1.9477,1.9477,1.0,0.75,1.8543,0.0934,19,19,DIRECT,VENUE_OVERALL,home,thestatsapi,HIGH,PIT_SAFE
mt_978814872,COMP_NEUTRAL,A_DIS_fouls_against_2a333d,fouls_against,fouls,AGAINST,FULL,UNCONDITIONED,TEAM_B,12.3569,12.3569,1.0,0.75,10.9046,1.4523,19,19,DIRECT,VENUE_OVERALL,home,thestatsapi,HIGH,PIT_SAFE
mt_978814872,COMP_NEUTRAL,B_ATK_crosses_for_85e4cf,crosses_for,crosses,FOR,FULL,UNCONDITIONED,TEAM_A,4.4862,4.4862,1.0093,0.8125,2.6584,1.8278,19,19,DIRECT,VENUE_OVERALL,away,thestatsapi,HIGH,PIT_SAFE
mt_978814872,COMP_NEUTRAL,B_ATK_total_shots_for_b1fceb,total_shots_for,total_shots,FOR,FULL,UNCONDITIONED,TEAM_A,11.4892,11.4892,0.5257,0.5833,8.0302,3.459,19,19,DIRECT,VENUE_OVERALL,away,thestatsapi,HIGH,PIT_SAFE
mt_978814872,COMP_NEUTRAL,B_ATK_shots_on_target_for_296d95,shots_on_target_for,shots_on_target,FOR,FULL,UNCONDITIONED,TEAM_A,3.4738,3.4738,-1.0,0.25,4.3615,-0.8877,19,19,DIRECT,VENUE_OVERALL,away,thestatsapi,HIGH,PIT_SAFE
mt_978814872,COMP_NEUTRAL,B_ATK_shots_inside_box_for_b51b32,shots_inside_box_for,shots_inside_box,FOR,FULL,UNCONDITIONED,TEAM_A,7.5877,7.5877,-1.0,0.25,8.0184,-0.4307,19,19,DIRECT,VENUE_OVERALL,away,thestatsapi,HIGH,PIT_SAFE
mt_978814872,COMP_NEUTRAL,B_ATK_touches_in_box_for_c5be80,touches_in_box_for,touches_in_box,FOR,FULL,UNCONDITIONED,TEAM_A,,,,,,,3,3,DIRECT,ALL_VENUES,away,thestatsapi,LOW,UNAVAILABLE
mt_978814872,COMP_NEUTRAL,B_ATK_corners_for_af02e8,corners_for,corners,FOR,FULL,UNCONDITIONED,TEAM_A,4.8431,4.8431,0.6016,0.5625,3.3739,1.4692,19,19,DIRECT,VENUE_OVERALL,away,thestatsapi,HIGH,PIT_SAFE
mt_978814872,COMP_NEUTRAL,B_ATK_possession_for_de2c0d,possession_for,possession,FOR,FULL,UNCONDITIONED,TEAM_A,46.3662,46.3662,0.7375,0.75,29.7532,16.613,19,19,DIRECT,VENUE_OVERALL,away,thestatsapi,HIGH,PIT_SAFE
mt_978814872,COMP_NEUTRAL,B_ATK_throw_ins_for_ddd5c1,throw_ins_for,throw_ins,FOR,FULL,UNCONDITIONED,TEAM_A,24.5692,24.5692,1.0,0.75,24.0723,0.4969,19,19,DIRECT,VENUE_OVERALL,away,thestatsapi,HIGH,PIT_SAFE
mt_978814872,COMP_NEUTRAL,B_ATK_final_third_entries_for_2546e8,final_third_entries_for,final_third_entries,FOR,FULL,UNCONDITIONED,TEAM_A,62.3908,62.3908,1.0,0.75,56.9246,5.4661,19,19,DIRECT,VENUE_OVERALL,away,thestatsapi,HIGH,PIT_SAFE
mt_978814872,COMP_NEUTRAL,B_DEF_crosses_against_71bee4,crosses_against,crosses,AGAINST,FULL,UNCONDITIONED,TEAM_A,4.2862,4.2862,0.4989,0.4375,3.2355,1.0507,19,19,DIRECT,VENUE_OVERALL,away,thestatsapi,HIGH,PIT_SAFE
mt_978814872,COMP_NEUTRAL,B_DEF_total_shots_against_c25279,total_shots_against,total_shots,AGAINST,FULL,UNCONDITIONED,TEAM_A,12.1108,12.1108,-1.0,0.25,13.2785,-1.1677,19,19,DIRECT,VENUE_OVERALL,away,thestatsapi,HIGH,PIT_SAFE
mt_978814872,COMP_NEUTRAL,B_DEF_shots_inside_box_against_1e8621,shots_inside_box_against,shots_inside_box,AGAINST,FULL,UNCONDITIONED,TEAM_A,7.6831,7.6831,-0.9703,0.125,8.6094,-0.9263,19,19,DIRECT,VENUE_OVERALL,away,thestatsapi,HIGH,PIT_SAFE
mt_978814872,COMP_NEUTRAL,B_DEF_touches_in_box_against_c03912,touches_in_box_against,touches_in_box,AGAINST,FULL,UNCONDITIONED,TEAM_A,,,,,,,3,3,DIRECT,ALL_VENUES,away,thestatsapi,LOW,UNAVAILABLE
mt_978814872,COMP_NEUTRAL,B_DEF_corners_against_3acea6,corners_against,corners,AGAINST,FULL,UNCONDITIONED,TEAM_A,4.5662,4.5662,0.2266,0.3125,4.0057,0.5605,19,19,DIRECT,VENUE_OVERALL,away,thestatsapi,HIGH,PIT_SAFE
mt_978814872,COMP_NEUTRAL,B_DEF_blocked_shots_for_85e3df,blocked_shots_for,blocked_shots,FOR,FULL,UNCONDITIONED,TEAM_A,3.6523,3.6523,0.4162,0.4375,2.8429,0.8094,19,19,DIRECT,VENUE_OVERALL,away,thestatsapi,HIGH,PIT_SAFE
mt_978814872,COMP_NEUTRAL,B_DEF_clearances_for_bc056d,clearances_for,clearances,FOR,FULL,UNCONDITIONED,TEAM_A,16.9508,16.9508,0.1626,0.3125,15.5828,1.368,19,19,DIRECT,VENUE_OVERALL,away,thestatsapi,HIGH,PIT_SAFE
mt_978814872,COMP_NEUTRAL,B_DEF_interceptions_for_7d97ef,interceptions_for,interceptions,FOR,FULL,UNCONDITIONED,TEAM_A,8.8615,8.8615,1.0,0.75,8.6307,0.2308,19,19,DIRECT,VENUE_OVERALL,away,thestatsapi,HIGH,PIT_SAFE
mt_978814872,COMP_NEUTRAL,B_DIS_fouls_for_15fae3,fouls_for,fouls,FOR,FULL,UNCONDITIONED,TEAM_A,10.36,10.36,1.0,0.75,9.9231,0.4369,19,19,DIRECT,VENUE_OVERALL,away,thestatsapi,HIGH,PIT_SAFE
mt_978814872,COMP_NEUTRAL,B_DIS_tackles_for_7879d2,tackles_for,tackles,FOR,FULL,UNCONDITIONED,TEAM_A,16.2308,16.2308,1.0,0.75,14.7923,1.4385,19,19,DIRECT,VENUE_OVERALL,away,thestatsapi,HIGH,PIT_SAFE
mt_978814872,COMP_NEUTRAL,B_DIS_yellow_cards_for_ef2b51,yellow_cards_for,yellow_cards,FOR,FULL,UNCONDITIONED,TEAM_A,1.761,1.761,-1.0,0.25,1.8543,-0.0934,18,18,DIRECT,VENUE_OVERALL,away,thestatsapi,HIGH,PIT_SAFE
mt_978814872,COMP_NEUTRAL,B_DIS_fouls_against_8edd9e,fouls_against,fouls,AGAINST,FULL,UNCONDITIONED,TEAM_A,9.4523,9.4523,-1.0,0.25,10.9046,-1.4523,19,19,DIRECT,VENUE_OVERALL,away,thestatsapi,HIGH,PIT_SAFE
mt_978814872,COMP_NEUTRAL,ENV_corners_51f86e,league_corners_env,league_corners_env,NEUTRAL,FULL,UNCONDITIONED,,10.6223,10.6223,,0.5,10.6223,0.0,0,0,DIRECT,COMPETITION_PRIOR,,derived,HIGH,PIT_SAFE
mt_978814872,COMP_NEUTRAL,ENV_total_shots_b5ee6a,league_total_shots_env,league_total_shots_env,NEUTRAL,FULL,UNCONDITIONED,,25.1137,25.1137,,0.5,25.1137,0.0,0,0,DIRECT,COMPETITION_PRIOR,,derived,HIGH,PIT_SAFE
mt_978814872,COMP_NEUTRAL,ENV_fouls_b5dcf0,league_fouls_env,league_fouls_env,NEUTRAL,FULL,UNCONDITIONED,,21.9356,21.9356,,0.5,21.9356,0.0,0,0,DIRECT,COMPETITION_PRIOR,,derived,HIGH,PIT_SAFE
mt_978814872,COMP_NEUTRAL,ENV_yellow_cards_bcf94d,league_yellow_cards_env,league_yellow_cards_env,NEUTRAL,FULL,UNCONDITIONED,,4.3042,4.3042,,0.5,4.3042,0.0,0,0,DIRECT,COMPETITION_PRIOR,,derived,HIGH,PIT_SAFE
mt_978814872,COMP_NEUTRAL,A_FC_fc_crosses_for_a2de25,fc_crosses_for,crosses,FOR,FULL,TEAM_FORMATION_CONDITIONED,,3.0,3.0,0.1886,0.5625,2.6584,0.3416,2,2,DIRECT,EXACT_FORMATION,home,derived_formation,LOW,PIT_SAFE
mt_978814872,COMP_NEUTRAL,A_FC_formation_delta_crosses_for_90ba10,formation_delta_crosses_for,crosses,FOR,FULL,TEAM_FORMATION_CONDITIONED,,0.0,0.0,-1.4679,0.1875,2.6584,-2.6584,2,1,DERIVED,EXACT_FORMATION,home,derived_formation,LOW,PIT_SAFE
mt_978814872,COMP_NEUTRAL,A_FC_fc_corners_for_7c267a,fc_corners_for,corners,FOR,FULL,TEAM_FORMATION_CONDITIONED,,5.1776,5.1776,0.7385,0.8125,3.3739,1.8037,2,2,DIRECT,EXACT_FORMATION,home,derived_formation,LOW,PIT_SAFE
mt_978814872,COMP_NEUTRAL,A_FC_formation_delta_corners_for_0736fc,formation_delta_corners_for,corners,FOR,FULL,TEAM_FORMATION_CONDITIONED,,-0.5592,-0.5592,-1.6104,0.1875,3.3739,-3.9331,2,1,DERIVED,EXACT_FORMATION,home,derived_formation,LOW,PIT_SAFE
mt_978814872,COMP_NEUTRAL,A_FC_fc_corners_against_516f17,fc_corners_against,corners,AGAINST,FULL,TEAM_FORMATION_CONDITIONED,,5.5658,5.5658,0.6308,0.6875,4.0057,1.5601,2,2,DIRECT,EXACT_FORMATION,home,derived_formation,LOW,PIT_SAFE
mt_978814872,COMP_NEUTRAL,A_FC_formation_delta_corners_against_9b810d,formation_delta_corners_against,corners,AGAINST,FULL,TEAM_FORMATION_CONDITIONED,,-0.8553,-0.8553,-1.9655,0.0625,4.0057,-4.861,2,1,DERIVED,EXACT_FORMATION,home,derived_formation,LOW,PIT_SAFE
mt_978814872,COMP_NEUTRAL,A_FC_fc_total_shots_for_d826ac,fc_total_shots_for,total_shots,FOR,FULL,TEAM_FORMATION_CONDITIONED,,14.0461,14.0461,0.9143,0.75,8.0302,6.0159,2,2,DIRECT,EXACT_FORMATION,home,derived_formation,LOW,PIT_SAFE
mt_978814872,COMP_NEUTRAL,A_FC_formation_delta_total_shots_for_c2165d,formation_delta_total_shots_for,total_shots,FOR,FULL,TEAM_FORMATION_CONDITIONED,,-0.8487,-0.8487,-1.3494,0.25,8.0302,-8.8789,2,1,DERIVED,EXACT_FORMATION,home,derived_formation,LOW,PIT_SAFE
mt_978814872,COMP_NEUTRAL,A_FC_fc_possession_for_185e5c,fc_possession_for,possession,FOR,FULL,TEAM_FORMATION_CONDITIONED,,44.6513,44.6513,0.6614,0.4167,29.7532,14.8981,2,2,DIRECT,EXACT_FORMATION,home,derived_formation,LOW,PIT_SAFE
mt_978814872,COMP_NEUTRAL,A_FC_formation_delta_possession_for_28c9e5,formation_delta_possession_for,possession,FOR,FULL,TEAM_FORMATION_CONDITIONED,,-2.7171,-2.7171,-1.4415,0.0833,29.7532,-32.4703,2,1,DERIVED,EXACT_FORMATION,home,derived_formation,LOW,PIT_SAFE
mt_978814872,COMP_NEUTRAL,A_FC_fc_crosses_against_601960,fc_crosses_against,crosses,AGAINST,FULL,TEAM_FORMATION_CONDITIONED,,4.4079,4.4079,0.5567,0.5625,3.2355,1.1724,2,2,DIRECT,EXACT_FORMATION,home,derived_formation,LOW,PIT_SAFE
mt_978814872,COMP_NEUTRAL,A_FC_formation_delta_crosses_against_3ab9f2,formation_delta_crosses_against,crosses,AGAINST,FULL,TEAM_FORMATION_CONDITIONED,,-0.8026,-0.8026,-1.9174,0.0625,3.2355,-4.0381,2,1,DERIVED,EXACT_FORMATION,home,derived_formation,LOW,PIT_SAFE
mt_978814872,COMP_NEUTRAL,A_FC_fc_clearances_for_717b90,fc_clearances_for,clearances,FOR,FULL,TEAM_FORMATION_CONDITIONED,,21.3289,21.3289,0.683,0.8125,15.5828,5.7461,2,2,DIRECT,EXACT_FORMATION,home,derived_formation,LOW,PIT_SAFE
mt_978814872,COMP_NEUTRAL,A_FC_formation_delta_clearances_for_6e1d52,formation_delta_clearances_for,clearances,FOR,FULL,TEAM_FORMATION_CONDITIONED,,1.2237,1.2237,-1.7069,0.0625,15.5828,-14.3591,2,1,DERIVED,EXACT_FORMATION,home,derived_formation,LOW,PIT_SAFE
mt_978814872,COMP_NEUTRAL,A_FC_fc_blocked_shots_for_c808f3,fc_blocked_shots_for,blocked_shots,FOR,FULL,TEAM_FORMATION_CONDITIONED,,4.4211,4.4211,0.8115,0.8125,2.8429,1.5782,2,2,DIRECT,EXACT_FORMATION,home,derived_formation,LOW,PIT_SAFE
mt_978814872,COMP_NEUTRAL,A_FC_formation_delta_blocked_shots_for_1a8876,formation_delta_blocked_shots_for,blocked_shots,FOR,FULL,TEAM_FORMATION_CONDITIONED,,-0.4737,-0.4737,-1.7054,0.0625,2.8429,-3.3166,2,1,DERIVED,EXACT_FORMATION,home,derived_formation,LOW,PIT_SAFE
mt_978814872,COMP_NEUTRAL,A_FMX_fmx_crosses_for_18019f,fmx_crosses_for,crosses,FOR,FULL,OPP_FORMATION_CONDITIONED,4-2-3-1,2.8245,2.8245,0.0917,0.3125,2.6584,0.1661,3,2,HIERARCHICAL,FAMILY_x_EXACT,home,derived_formation,LOW,PIT_SAFE
mt_978814872,COMP_NEUTRAL,A_FMX_fmx_crosses_against_212fe2,fmx_crosses_against,crosses,AGAINST,FULL,OPP_FORMATION_CONDITIONED,4-2-3-1,3.661,3.661,0.202,0.3125,3.2355,0.4255,3,2,HIERARCHICAL,FAMILY_x_EXACT,home,derived_formation,LOW,PIT_SAFE
mt_978814872,COMP_NEUTRAL,A_FMX_fmx_corners_for_9cd0cf,fmx_corners_for,corners,FOR,FULL,OPP_FORMATION_CONDITIONED,4-2-3-1,4.0468,4.0468,0.2755,0.4375,3.3739,0.673,3,2,HIERARCHICAL,FAMILY_x_EXACT,home,derived_formation,LOW,PIT_SAFE
mt_978814872,COMP_NEUTRAL,A_FMX_fmx_corners_against_6e7b81,fmx_corners_against,corners,AGAINST,FULL,OPP_FORMATION_CONDITIONED,4-2-3-1,5.7472,5.7472,0.7041,0.8125,4.0057,1.7415,3,2,HIERARCHICAL,FAMILY_x_EXACT,home,derived_formation,LOW,PIT_SAFE
mt_978814872,COMP_NEUTRAL,A_FMX_fmx_touches_in_box_for_1791e8,fmx_touches_in_box_for,touches_in_box,FOR,FULL,OPP_FORMATION_CONDITIONED,4-2-3-1,44.037,44.037,1.0,0.75,39.2531,4.7839,0,0,HIERARCHICAL,COMPETITION_PRIOR,home,derived_formation,LOW,PIT_SAFE
mt_978814872,COMP_NEUTRAL,A_FMX_fmx_clearances_for_ab2d5d,fmx_clearances_for,clearances,FOR,FULL,OPP_FORMATION_CONDITIONED,4-2-3-1,25.6767,25.6767,1.1999,0.9375,15.5828,10.0939,3,2,HIERARCHICAL,FAMILY_x_EXACT,home,derived_formation,LOW,PIT_SAFE
mt_978814872,COMP_NEUTRAL,A_FMX_fmx_blocked_shots_for_ffe03e,fmx_blocked_shots_for,blocked_shots,FOR,FULL,OPP_FORMATION_CONDITIONED,4-2-3-1,3.8182,3.8182,0.5015,0.6875,2.8429,0.9753,3,2,HIERARCHICAL,FAMILY_x_EXACT,home,derived_formation,LOW,PIT_SAFE
mt_978814872,COMP_NEUTRAL,A_FMX_fmx_shots_inside_box_against_7954d0,fmx_shots_inside_box_against,shots_inside_box,AGAINST,FULL,OPP_FORMATION_CONDITIONED,4-2-3-1,8.6649,8.6649,0.0581,0.625,8.6094,0.0555,3,2,HIERARCHICAL,FAMILY_x_EXACT,home,derived_formation,LOW,PIT_SAFE
mt_978814872,COMP_NEUTRAL,B_FC_fc_crosses_for_bb6447,fc_crosses_for,crosses,FOR,FULL,TEAM_FORMATION_CONDITIONED,,4.0197,4.0197,0.7517,0.6875,2.6584,1.3613,2,2,DIRECT,EXACT_FORMATION,away,derived_formation,LOW,PIT_SAFE
mt_978814872,COMP_NEUTRAL,B_FC_formation_delta_crosses_for_f8ecd1,formation_delta_crosses_for,crosses,FOR,FULL,TEAM_FORMATION_CONDITIONED,,-0.5066,-0.5066,-1.7476,0.0625,2.6584,-3.165,2,1,DERIVED,EXACT_FORMATION,away,derived_formation,LOW,PIT_SAFE
mt_978814872,COMP_NEUTRAL,B_FC_fc_corners_for_ba7891,fc_corners_for,corners,FOR,FULL,TEAM_FORMATION_CONDITIONED,,3.8026,3.8026,0.1755,0.3125,3.3739,0.4287,2,2,DIRECT,EXACT_FORMATION,away,derived_formation,LOW,PIT_SAFE
mt_978814872,COMP_NEUTRAL,B_FC_formation_delta_corners_for_d1a49d,formation_delta_corners_for,corners,FOR,FULL,TEAM_FORMATION_CONDITIONED,,-0.9342,-0.9342,-1.7639,0.0625,3.3739,-4.308,2,1,DERIVED,EXACT_FORMATION,away,derived_formation,LOW,PIT_SAFE
mt_978814872,COMP_NEUTRAL,B_FC_fc_corners_against_9837b1,fc_corners_against,corners,AGAINST,FULL,TEAM_FORMATION_CONDITIONED,,5.0658,5.0658,0.4286,0.5625,4.0057,1.0601,2,2,DIRECT,EXACT_FORMATION,away,derived_formation,LOW,PIT_SAFE
mt_978814872,COMP_NEUTRAL,B_FC_formation_delta_corners_against_fd2c5b,formation_delta_corners_against,corners,AGAINST,FULL,TEAM_FORMATION_CONDITIONED,,0.6447,0.6447,-1.359,0.1875,4.0057,-3.361,2,1,DERIVED,EXACT_FORMATION,away,derived_formation,LOW,PIT_SAFE
mt_978814872,COMP_NEUTRAL,B_FC_fc_total_shots_for_850f23,fc_total_shots_for,total_shots,FOR,FULL,TEAM_FORMATION_CONDITIONED,,10.2303,10.2303,0.3344,0.4167,8.0302,2.2001,2,2,DIRECT,EXACT_FORMATION,away,derived_formation,LOW,PIT_SAFE
mt_978814872,COMP_NEUTRAL,B_FC_formation_delta_total_shots_for_e96131,formation_delta_total_shots_for,total_shots,FOR,FULL,TEAM_FORMATION_CONDITIONED,,-1.2434,-1.2434,-1.4093,0.0833,8.0302,-9.2736,2,1,DERIVED,EXACT_FORMATION,away,derived_formation,LOW,PIT_SAFE
mt_978814872,COMP_NEUTRAL,B_FC_fc_possession_for_814a39,fc_possession_for,possession,FOR,FULL,TEAM_FORMATION_CONDITIONED,,44.8224,44.8224,0.669,0.5833,29.7532,15.0693,2,2,DIRECT,EXACT_FORMATION,away,derived_formation,LOW,PIT_SAFE
mt_978814872,COMP_NEUTRAL,B_FC_formation_delta_possession_for_c93484,formation_delta_possession_for,possession,FOR,FULL,TEAM_FORMATION_CONDITIONED,,-1.4408,-1.4408,-1.3849,0.25,29.7532,-31.194,2,1,DERIVED,EXACT_FORMATION,away,derived_formation,LOW,PIT_SAFE
mt_978814872,COMP_NEUTRAL,B_FC_fc_crosses_against_3fe5c4,fc_crosses_against,crosses,AGAINST,FULL,TEAM_FORMATION_CONDITIONED,,4.5263,4.5263,0.6129,0.8125,3.2355,1.2908,2,2,DIRECT,EXACT_FORMATION,away,derived_formation,LOW,PIT_SAFE
mt_978814872,COMP_NEUTRAL,B_FC_formation_delta_crosses_against_e26e03,formation_delta_crosses_against,crosses,AGAINST,FULL,TEAM_FORMATION_CONDITIONED,,0.1579,0.1579,-1.4613,0.1875,3.2355,-3.0776,2,1,DERIVED,EXACT_FORMATION,away,derived_formation,LOW,PIT_SAFE
mt_978814872,COMP_NEUTRAL,B_FC_fc_clearances_for_076022,fc_clearances_for,clearances,FOR,FULL,TEAM_FORMATION_CONDITIONED,,19.125,19.125,0.4211,0.5625,15.5828,3.5422,2,2,DIRECT,EXACT_FORMATION,away,derived_formation,LOW,PIT_SAFE
mt_978814872,COMP_NEUTRAL,B_FC_formation_delta_clearances_for_c25a07,formation_delta_clearances_for,clearances,FOR,FULL,TEAM_FORMATION_CONDITIONED,,2.125,2.125,-1.5997,0.1875,15.5828,-13.4578,2,1,DERIVED,EXACT_FORMATION,away,derived_formation,LOW,PIT_SAFE
mt_978814872,COMP_NEUTRAL,B_FC_fc_blocked_shots_for_6f88b9,fc_blocked_shots_for,blocked_shots,FOR,FULL,TEAM_FORMATION_CONDITIONED,,3.2237,3.2237,0.1958,0.3125,2.8429,0.3808,2,2,DIRECT,EXACT_FORMATION,away,derived_formation,LOW,PIT_SAFE
mt_978814872,COMP_NEUTRAL,B_FC_formation_delta_blocked_shots_for_1c3347,formation_delta_blocked_shots_for,blocked_shots,FOR,FULL,TEAM_FORMATION_CONDITIONED,,-0.4079,-0.4079,-1.6715,0.1875,2.8429,-3.2508,2,1,DERIVED,EXACT_FORMATION,away,derived_formation,LOW,PIT_SAFE
mt_978814872,COMP_NEUTRAL,B_FMX_fmx_crosses_for_8321f7,fmx_crosses_for,crosses,FOR,FULL,OPP_FORMATION_CONDITIONED,3-4-2-1,4.6031,4.6031,1.0739,0.9375,2.6584,1.9447,19,11,HIERARCHICAL,VENUE_OVERALL,away,derived_formation,HIGH,PIT_SAFE
mt_978814872,COMP_NEUTRAL,B_FMX_fmx_crosses_against_97a04c,fmx_crosses_against,crosses,AGAINST,FULL,OPP_FORMATION_CONDITIONED,3-4-2-1,4.4138,4.4138,0.5595,0.6875,3.2355,1.1783,19,11,HIERARCHICAL,VENUE_OVERALL,away,derived_formation,HIGH,PIT_SAFE
mt_978814872,COMP_NEUTRAL,B_FMX_fmx_corners_for_f0c675,fmx_corners_for,corners,FOR,FULL,OPP_FORMATION_CONDITIONED,3-4-2-1,5.0172,5.0172,0.6729,0.6875,3.3739,1.6433,19,11,HIERARCHICAL,VENUE_OVERALL,away,derived_formation,HIGH,PIT_SAFE
mt_978814872,COMP_NEUTRAL,B_FMX_fmx_corners_against_c5eeb7,fmx_corners_against,corners,AGAINST,FULL,OPP_FORMATION_CONDITIONED,3-4-2-1,4.7452,4.7452,0.299,0.4375,4.0057,0.7395,19,11,HIERARCHICAL,VENUE_OVERALL,away,derived_formation,HIGH,PIT_SAFE
mt_978814872,COMP_NEUTRAL,B_FMX_fmx_touches_in_box_for_fd1b74,fmx_touches_in_box_for,touches_in_box,FOR,FULL,OPP_FORMATION_CONDITIONED,3-4-2-1,34.4691,34.4691,-1.0,0.25,39.2531,-4.784,3,2,HIERARCHICAL,TEAM_BASELINE,away,derived_formation,LOW,PIT_SAFE
mt_978814872,COMP_NEUTRAL,B_FMX_fmx_clearances_for_ee3e75,fmx_clearances_for,clearances,FOR,FULL,OPP_FORMATION_CONDITIONED,3-4-2-1,17.6045,17.6045,0.2403,0.4375,15.5828,2.0217,19,11,HIERARCHICAL,VENUE_OVERALL,away,derived_formation,HIGH,PIT_SAFE
mt_978814872,COMP_NEUTRAL,B_FMX_fmx_blocked_shots_for_01435b,fmx_blocked_shots_for,blocked_shots,FOR,FULL,OPP_FORMATION_CONDITIONED,3-4-2-1,3.7742,3.7742,0.4789,0.5625,2.8429,0.9313,19,11,HIERARCHICAL,VENUE_OVERALL,away,derived_formation,HIGH,PIT_SAFE
mt_978814872,COMP_NEUTRAL,B_FMX_fmx_shots_inside_box_against_40aaa1,fmx_shots_inside_box_against,shots_inside_box,AGAINST,FULL,OPP_FORMATION_CONDITIONED,3-4-2-1,7.9481,7.9481,-0.6927,0.375,8.6094,-0.6613,19,11,HIERARCHICAL,VENUE_OVERALL,away,derived_formation,HIGH,PIT_SAFE
mt_581147561,COMP_NEUTRAL,A_ATK_crosses_for_dfea22,crosses_for,crosses,FOR,FULL,UNCONDITIONED,TEAM_B,4.2462,4.2462,0.5215,0.4375,3.3052,0.941,7,4,SHRUNK,VENUE_OVERALL,home,thestatsapi,MEDIUM,PIT_SAFE
mt_581147561,COMP_NEUTRAL,A_ATK_total_shots_for_cbc419,total_shots_for,total_shots,FOR,FULL,UNCONDITIONED,TEAM_B,14.7846,14.7846,1.1105,0.75,8.116,6.6685,7,4,SHRUNK,VENUE_OVERALL,home,thestatsapi,MEDIUM,PIT_SAFE
mt_581147561,COMP_NEUTRAL,A_ATK_shots_on_target_for_610032,shots_on_target_for,shots_on_target,FOR,FULL,UNCONDITIONED,TEAM_B,4.5385,4.5385,1.0,0.75,3.6692,0.8693,7,4,SHRUNK,VENUE_OVERALL,home,thestatsapi,MEDIUM,PIT_SAFE
mt_581147561,COMP_NEUTRAL,A_ATK_shots_inside_box_for_28b115,shots_inside_box_for,shots_inside_box,FOR,FULL,UNCONDITIONED,TEAM_B,10.6462,10.6462,1.0,0.75,8.1846,2.4616,7,4,SHRUNK,VENUE_OVERALL,home,thestatsapi,MEDIUM,PIT_SAFE
mt_581147561,COMP_NEUTRAL,A_ATK_touches_in_box_for_31d75d,touches_in_box_for,touches_in_box,FOR,FULL,UNCONDITIONED,TEAM_B,,,,,,,1,1,SHRUNK,ALL_VENUES,home,thestatsapi,LOW,UNAVAILABLE
mt_581147561,COMP_NEUTRAL,A_ATK_corners_for_6b9060,corners_for,corners,FOR,FULL,UNCONDITIONED,TEAM_B,5.3231,5.3231,0.5436,0.5625,4.1277,1.1954,7,4,SHRUNK,VENUE_OVERALL,home,thestatsapi,MEDIUM,PIT_SAFE
mt_581147561,COMP_NEUTRAL,A_ATK_possession_for_dcb310,possession_for,possession,FOR,FULL,UNCONDITIONED,TEAM_B,54.8615,54.8615,0.9246,0.9167,33.3493,21.5122,7,4,SHRUNK,VENUE_OVERALL,home,thestatsapi,MEDIUM,PIT_SAFE
mt_581147561,COMP_NEUTRAL,A_ATK_throw_ins_for_2ecd28,throw_ins_for,throw_ins,FOR,FULL,UNCONDITIONED,TEAM_B,21.4154,21.4154,-1.0,0.25,22.9077,-1.4923,7,4,SHRUNK,VENUE_OVERALL,home,thestatsapi,MEDIUM,PIT_SAFE
mt_581147561,COMP_NEUTRAL,A_ATK_final_third_entries_for_6bf2b9,final_third_entries_for,final_third_entries,FOR,FULL,UNCONDITIONED,TEAM_B,62.1692,62.1692,-1.0,0.25,63.623,-1.4538,7,4,SHRUNK,VENUE_OVERALL,home,thestatsapi,MEDIUM,PIT_SAFE
mt_581147561,COMP_NEUTRAL,A_DEF_crosses_against_862f2e,crosses_against,crosses,AGAINST,FULL,UNCONDITIONED,TEAM_B,3.7692,3.7692,0.6048,0.6875,2.7731,0.9961,7,4,SHRUNK,VENUE_OVERALL,home,thestatsapi,MEDIUM,PIT_SAFE
mt_581147561,COMP_NEUTRAL,A_DEF_total_shots_against_1349d1,total_shots_against,total_shots,AGAINST,FULL,UNCONDITIONED,TEAM_B,16.0308,16.0308,1.0,0.75,13.4846,2.5462,7,4,SHRUNK,VENUE_OVERALL,home,thestatsapi,MEDIUM,PIT_SAFE
mt_581147561,COMP_NEUTRAL,A_DEF_shots_inside_box_against_481aa6,shots_inside_box_against,shots_inside_box,AGAINST,FULL,UNCONDITIONED,TEAM_B,9.8923,9.8923,0.7433,0.625,8.6429,1.2494,7,4,SHRUNK,VENUE_OVERALL,home,thestatsapi,MEDIUM,PIT_SAFE
mt_581147561,COMP_NEUTRAL,A_DEF_touches_in_box_against_61fecd,touches_in_box_against,touches_in_box,AGAINST,FULL,UNCONDITIONED,TEAM_B,,,,,,,1,1,SHRUNK,ALL_VENUES,home,thestatsapi,LOW,UNAVAILABLE
mt_581147561,COMP_NEUTRAL,A_DEF_corners_against_4cdee5,corners_against,corners,AGAINST,FULL,UNCONDITIONED,TEAM_B,6.6154,6.6154,0.972,0.8125,4.045,2.5704,7,4,SHRUNK,VENUE_OVERALL,home,thestatsapi,MEDIUM,PIT_SAFE
mt_581147561,COMP_NEUTRAL,A_DEF_blocked_shots_for_66ab9a,blocked_shots_for,blocked_shots,FOR,FULL,UNCONDITIONED,TEAM_B,4.2462,4.2462,0.9188,0.6875,2.6751,1.5711,7,4,SHRUNK,VENUE_OVERALL,home,thestatsapi,MEDIUM,PIT_SAFE
mt_581147561,COMP_NEUTRAL,A_DEF_clearances_for_63376d,clearances_for,clearances,FOR,FULL,UNCONDITIONED,TEAM_B,17.7231,17.7231,0.3319,0.4375,14.8604,2.8627,7,4,SHRUNK,VENUE_OVERALL,home,thestatsapi,MEDIUM,PIT_SAFE
mt_581147561,COMP_NEUTRAL,A_DEF_interceptions_for_15c971,interceptions_for,interceptions,FOR,FULL,UNCONDITIONED,TEAM_B,10.6769,10.6769,-1.0,0.25,11.1,-0.4231,7,4,SHRUNK,VENUE_OVERALL,home,thestatsapi,MEDIUM,PIT_SAFE
mt_581147561,COMP_NEUTRAL,A_DIS_fouls_for_ee278d,fouls_for,fouls,FOR,FULL,UNCONDITIONED,TEAM_B,10.5077,10.5077,-1.0,0.25,11.7231,-1.2154,7,4,SHRUNK,VENUE_OVERALL,home,thestatsapi,MEDIUM,PIT_SAFE
mt_581147561,COMP_NEUTRAL,A_DIS_tackles_for_443c78,tackles_for,tackles,FOR,FULL,UNCONDITIONED,TEAM_B,16.9692,16.9692,-1.0,0.25,17.2615,-0.2923,7,4,SHRUNK,VENUE_OVERALL,home,thestatsapi,MEDIUM,PIT_SAFE
mt_581147561,COMP_NEUTRAL,A_DIS_yellow_cards_for_731293,yellow_cards_for,yellow_cards,FOR,FULL,UNCONDITIONED,TEAM_B,2.6923,2.6923,1.0,0.75,2.6,0.0923,7,4,SHRUNK,VENUE_OVERALL,home,thestatsapi,MEDIUM,PIT_SAFE
mt_581147561,COMP_NEUTRAL,A_DIS_fouls_against_03bd30,fouls_against,fouls,AGAINST,FULL,UNCONDITIONED,TEAM_B,9.7846,9.7846,-1.0,0.25,9.8384,-0.0539,7,4,SHRUNK,VENUE_OVERALL,home,thestatsapi,MEDIUM,PIT_SAFE
mt_581147561,COMP_NEUTRAL,B_ATK_crosses_for_35a251,crosses_for,crosses,FOR,FULL,UNCONDITIONED,TEAM_A,3.7385,3.7385,0.2401,0.3125,3.3052,0.4333,7,4,SHRUNK,VENUE_OVERALL,away,thestatsapi,MEDIUM,PIT_SAFE
mt_581147561,COMP_NEUTRAL,B_ATK_total_shots_for_953899,total_shots_for,total_shots,FOR,FULL,UNCONDITIONED,TEAM_A,8.7077,8.7077,0.0985,0.4167,8.116,0.5917,7,4,SHRUNK,VENUE_OVERALL,away,thestatsapi,MEDIUM,PIT_SAFE
mt_581147561,COMP_NEUTRAL,B_ATK_shots_on_target_for_1464b3,shots_on_target_for,shots_on_target,FOR,FULL,UNCONDITIONED,TEAM_A,2.8,2.8,-1.0,0.25,3.6692,-0.8693,7,4,SHRUNK,VENUE_OVERALL,away,thestatsapi,MEDIUM,PIT_SAFE
mt_581147561,COMP_NEUTRAL,B_ATK_shots_inside_box_for_708cb0,shots_inside_box_for,shots_inside_box,FOR,FULL,UNCONDITIONED,TEAM_A,5.7231,5.7231,-1.0,0.25,8.1846,-2.4615,7,4,SHRUNK,VENUE_OVERALL,away,thestatsapi,MEDIUM,PIT_SAFE
mt_581147561,COMP_NEUTRAL,B_ATK_touches_in_box_for_4264c2,touches_in_box_for,touches_in_box,FOR,FULL,UNCONDITIONED,TEAM_A,,,,,,,2,1,SHRUNK,ALL_VENUES,away,thestatsapi,LOW,UNAVAILABLE
mt_581147561,COMP_NEUTRAL,B_ATK_corners_for_ab9eff,corners_for,corners,FOR,FULL,UNCONDITIONED,TEAM_A,4.7538,4.7538,0.2847,0.3125,4.1277,0.6261,7,4,SHRUNK,VENUE_OVERALL,away,thestatsapi,MEDIUM,PIT_SAFE
mt_581147561,COMP_NEUTRAL,B_ATK_possession_for_ec406c,possession_for,possession,FOR,FULL,UNCONDITIONED,TEAM_A,42.9692,42.9692,0.4135,0.4167,33.3493,9.6199,7,4,SHRUNK,VENUE_OVERALL,away,thestatsapi,MEDIUM,PIT_SAFE
mt_581147561,COMP_NEUTRAL,B_ATK_throw_ins_for_6e624a,throw_ins_for,throw_ins,FOR,FULL,UNCONDITIONED,TEAM_A,24.4,24.4,1.0,0.75,22.9077,1.4923,7,4,SHRUNK,VENUE_OVERALL,away,thestatsapi,MEDIUM,PIT_SAFE
mt_581147561,COMP_NEUTRAL,B_ATK_final_third_entries_for_907e91,final_third_entries_for,final_third_entries,FOR,FULL,UNCONDITIONED,TEAM_A,65.0769,65.0769,1.0,0.75,63.623,1.4539,7,4,SHRUNK,VENUE_OVERALL,away,thestatsapi,MEDIUM,PIT_SAFE
mt_581147561,COMP_NEUTRAL,B_DEF_crosses_against_07913e,crosses_against,crosses,AGAINST,FULL,UNCONDITIONED,TEAM_A,3.5538,3.5538,0.474,0.5625,2.7731,0.7807,7,4,SHRUNK,VENUE_OVERALL,away,thestatsapi,MEDIUM,PIT_SAFE
mt_581147561,COMP_NEUTRAL,B_DEF_total_shots_against_c1c4e6,total_shots_against,total_shots,AGAINST,FULL,UNCONDITIONED,TEAM_A,10.9385,10.9385,-1.0,0.25,13.4846,-2.5461,7,4,SHRUNK,VENUE_OVERALL,away,thestatsapi,MEDIUM,PIT_SAFE
mt_581147561,COMP_NEUTRAL,B_DEF_shots_inside_box_against_c28354,shots_inside_box_against,shots_inside_box,AGAINST,FULL,UNCONDITIONED,TEAM_A,6.4462,6.4462,-1.3068,0.125,8.6429,-2.1967,7,4,SHRUNK,VENUE_OVERALL,away,thestatsapi,MEDIUM,PIT_SAFE
mt_581147561,COMP_NEUTRAL,B_DEF_touches_in_box_against_2532c4,touches_in_box_against,touches_in_box,AGAINST,FULL,UNCONDITIONED,TEAM_A,,,,,,,2,1,SHRUNK,ALL_VENUES,away,thestatsapi,LOW,UNAVAILABLE
mt_581147561,COMP_NEUTRAL,B_DEF_corners_against_f002c0,corners_against,corners,AGAINST,FULL,UNCONDITIONED,TEAM_A,4.3385,4.3385,0.111,0.4375,4.045,0.2935,7,4,SHRUNK,VENUE_OVERALL,away,thestatsapi,MEDIUM,PIT_SAFE
mt_581147561,COMP_NEUTRAL,B_DEF_blocked_shots_for_44f90d,blocked_shots_for,blocked_shots,FOR,FULL,UNCONDITIONED,TEAM_A,2.4923,2.4923,-0.1069,0.4375,2.6751,-0.1828,7,4,SHRUNK,VENUE_OVERALL,away,thestatsapi,MEDIUM,PIT_SAFE
mt_581147561,COMP_NEUTRAL,B_DEF_clearances_for_d8fe1a,clearances_for,clearances,FOR,FULL,UNCONDITIONED,TEAM_A,20.9077,20.9077,0.7012,0.8125,14.8604,6.0473,7,4,SHRUNK,VENUE_OVERALL,away,thestatsapi,MEDIUM,PIT_SAFE
mt_581147561,COMP_NEUTRAL,B_DEF_interceptions_for_d02b40,interceptions_for,interceptions,FOR,FULL,UNCONDITIONED,TEAM_A,11.5231,11.5231,1.0,0.75,11.1,0.4231,7,4,SHRUNK,VENUE_OVERALL,away,thestatsapi,MEDIUM,PIT_SAFE
mt_581147561,COMP_NEUTRAL,B_DIS_fouls_for_f43bb6,fouls_for,fouls,FOR,FULL,UNCONDITIONED,TEAM_A,12.9385,12.9385,1.0,0.75,11.7231,1.2154,7,4,SHRUNK,VENUE_OVERALL,away,thestatsapi,MEDIUM,PIT_SAFE
mt_581147561,COMP_NEUTRAL,B_DIS_tackles_for_e43b17,tackles_for,tackles,FOR,FULL,UNCONDITIONED,TEAM_A,17.5538,17.5538,1.0,0.75,17.2615,0.2923,7,4,SHRUNK,VENUE_OVERALL,away,thestatsapi,MEDIUM,PIT_SAFE
mt_581147561,COMP_NEUTRAL,B_DIS_yellow_cards_for_485b77,yellow_cards_for,yellow_cards,FOR,FULL,UNCONDITIONED,TEAM_A,2.5077,2.5077,-1.0,0.25,2.6,-0.0923,7,4,SHRUNK,VENUE_OVERALL,away,thestatsapi,MEDIUM,PIT_SAFE
mt_581147561,COMP_NEUTRAL,B_DIS_fouls_against_f6d20c,fouls_against,fouls,AGAINST,FULL,UNCONDITIONED,TEAM_A,9.8923,9.8923,1.0,0.75,9.8384,0.0539,7,4,SHRUNK,VENUE_OVERALL,away,thestatsapi,MEDIUM,PIT_SAFE
mt_581147561,COMP_NEUTRAL,ENV_corners_51f86e,league_corners_env,league_corners_env,NEUTRAL,FULL,UNCONDITIONED,,10.8556,10.8556,,0.5,10.8556,0.0,0,0,DIRECT,COMPETITION_PRIOR,,derived,HIGH,PIT_SAFE
mt_581147561,COMP_NEUTRAL,ENV_total_shots_b5ee6a,league_total_shots_env,league_total_shots_env,NEUTRAL,FULL,UNCONDITIONED,,25.5389,25.5389,,0.5,25.5389,0.0,0,0,DIRECT,COMPETITION_PRIOR,,derived,HIGH,PIT_SAFE
mt_581147561,COMP_NEUTRAL,ENV_fouls_b5dcf0,league_fouls_env,league_fouls_env,NEUTRAL,FULL,UNCONDITIONED,,22.0944,22.0944,,0.5,22.0944,0.0,0,0,DIRECT,COMPETITION_PRIOR,,derived,HIGH,PIT_SAFE
mt_581147561,COMP_NEUTRAL,ENV_yellow_cards_bcf94d,league_yellow_cards_env,league_yellow_cards_env,NEUTRAL,FULL,UNCONDITIONED,,4.4775,4.4775,,0.5,4.4775,0.0,0,0,DIRECT,COMPETITION_PRIOR,,derived,HIGH,PIT_SAFE
mt_581147561,COMP_NEUTRAL,A_FC_fc_crosses_for_e141e4,fc_crosses_for,crosses,FOR,FULL,TEAM_FORMATION_CONDITIONED,,4.5714,4.5714,0.7017,0.8125,3.3052,1.2662,0,0,SHRUNK,TEAM_BASELINE,home,derived_formation,LOW,PIT_SAFE
mt_581147561,COMP_NEUTRAL,A_FC_formation_delta_crosses_for_131910,formation_delta_crosses_for,crosses,FOR,FULL,TEAM_FORMATION_CONDITIONED,,0.0,0.0,-1.8317,0.0625,3.3052,-3.3052,0,0,DERIVED,TEAM_BASELINE,home,derived_formation,LOW,PIT_SAFE
mt_581147561,COMP_NEUTRAL,A_FC_fc_corners_for_10dca1,fc_corners_for,corners,FOR,FULL,TEAM_FORMATION_CONDITIONED,,5.1429,5.1429,0.4616,0.4375,4.1277,1.0152,0,0,SHRUNK,TEAM_BASELINE,home,derived_formation,LOW,PIT_SAFE
mt_581147561,COMP_NEUTRAL,A_FC_formation_delta_corners_for_72dabd,formation_delta_corners_for,corners,FOR,FULL,TEAM_FORMATION_CONDITIONED,,0.0,0.0,-1.8769,0.0625,4.1277,-4.1277,0,0,DERIVED,TEAM_BASELINE,home,derived_formation,LOW,PIT_SAFE
mt_581147561,COMP_NEUTRAL,A_FC_fc_corners_against_5e6bb2,fc_corners_against,corners,AGAINST,FULL,TEAM_FORMATION_CONDITIONED,,6.0,6.0,0.7393,0.6875,4.045,1.955,0,0,SHRUNK,TEAM_BASELINE,home,derived_formation,LOW,PIT_SAFE
mt_581147561,COMP_NEUTRAL,A_FC_formation_delta_corners_against_7002cc,formation_delta_corners_against,corners,AGAINST,FULL,TEAM_FORMATION_CONDITIONED,,0.0,0.0,-1.5297,0.1875,4.045,-4.045,0,0,DERIVED,TEAM_BASELINE,home,derived_formation,LOW,PIT_SAFE
mt_581147561,COMP_NEUTRAL,A_FC_fc_total_shots_for_624233,fc_total_shots_for,total_shots,FOR,FULL,TEAM_FORMATION_CONDITIONED,,15.2857,15.2857,1.194,0.9167,8.116,7.1697,0,0,SHRUNK,TEAM_BASELINE,home,derived_formation,LOW,PIT_SAFE
mt_581147561,COMP_NEUTRAL,A_FC_formation_delta_total_shots_for_6eb44f,formation_delta_total_shots_for,total_shots,FOR,FULL,TEAM_FORMATION_CONDITIONED,,0.0,0.0,-1.3516,0.0833,8.116,-8.116,0,0,DERIVED,TEAM_BASELINE,home,derived_formation,LOW,PIT_SAFE
mt_581147561,COMP_NEUTRAL,A_FC_fc_possession_for_286817,fc_possession_for,possession,FOR,FULL,TEAM_FORMATION_CONDITIONED,,54.5714,54.5714,0.9122,0.75,33.3493,21.2221,0,0,SHRUNK,TEAM_BASELINE,home,derived_formation,LOW,PIT_SAFE
mt_581147561,COMP_NEUTRAL,A_FC_formation_delta_possession_for_227e1d,formation_delta_possession_for,possession,FOR,FULL,TEAM_FORMATION_CONDITIONED,,0.0,0.0,-1.4334,0.0833,33.3493,-33.3493,0,0,DERIVED,TEAM_BASELINE,home,derived_formation,LOW,PIT_SAFE
mt_581147561,COMP_NEUTRAL,A_FC_fc_crosses_against_6ab728,fc_crosses_against,crosses,AGAINST,FULL,TEAM_FORMATION_CONDITIONED,,3.2857,3.2857,0.3112,0.4375,2.7731,0.5126,0,0,SHRUNK,TEAM_BASELINE,home,derived_formation,LOW,PIT_SAFE
mt_581147561,COMP_NEUTRAL,A_FC_formation_delta_crosses_against_d6bfd2,formation_delta_crosses_against,crosses,AGAINST,FULL,TEAM_FORMATION_CONDITIONED,,0.0,0.0,-1.6838,0.1875,2.7731,-2.7731,0,0,DERIVED,TEAM_BASELINE,home,derived_formation,LOW,PIT_SAFE
mt_581147561,COMP_NEUTRAL,A_FC_fc_clearances_for_f9a13b,fc_clearances_for,clearances,FOR,FULL,TEAM_FORMATION_CONDITIONED,,16.2857,16.2857,0.1653,0.3125,14.8604,1.4253,0,0,SHRUNK,TEAM_BASELINE,home,derived_formation,LOW,PIT_SAFE
mt_581147561,COMP_NEUTRAL,A_FC_formation_delta_clearances_for_9534e5,formation_delta_clearances_for,clearances,FOR,FULL,TEAM_FORMATION_CONDITIONED,,0.0,0.0,-1.7231,0.0625,14.8604,-14.8604,0,0,DERIVED,TEAM_BASELINE,home,derived_formation,LOW,PIT_SAFE
mt_581147561,COMP_NEUTRAL,A_FC_fc_blocked_shots_for_58b7ae,fc_blocked_shots_for,blocked_shots,FOR,FULL,TEAM_FORMATION_CONDITIONED,,4.2857,4.2857,0.9419,0.8125,2.6751,1.6106,0,0,SHRUNK,TEAM_BASELINE,home,derived_formation,LOW,PIT_SAFE
mt_581147561,COMP_NEUTRAL,A_FC_formation_delta_blocked_shots_for_e6b353,formation_delta_blocked_shots_for,blocked_shots,FOR,FULL,TEAM_FORMATION_CONDITIONED,,0.0,0.0,-1.5645,0.0625,2.6751,-2.6751,0,0,DERIVED,TEAM_BASELINE,home,derived_formation,LOW,PIT_SAFE
mt_581147561,COMP_NEUTRAL,A_FMX_fmx_crosses_for_a06971,fmx_crosses_for,crosses,FOR,FULL,OPP_FORMATION_CONDITIONED,3-4-2-1,4.8015,4.8015,0.8292,0.9375,3.3052,1.4963,7,4,HIERARCHICAL,VENUE_OVERALL,home,derived_formation,MEDIUM,PIT_SAFE
mt_581147561,COMP_NEUTRAL,A_FMX_fmx_crosses_against_9e6313,fmx_crosses_against,crosses,AGAINST,FULL,OPP_FORMATION_CONDITIONED,3-4-2-1,4.263,4.263,0.9046,0.9375,2.7731,1.4899,7,4,HIERARCHICAL,VENUE_OVERALL,home,derived_formation,MEDIUM,PIT_SAFE
mt_581147561,COMP_NEUTRAL,A_FMX_fmx_corners_for_1db0fc,fmx_corners_for,corners,FOR,FULL,OPP_FORMATION_CONDITIONED,3-4-2-1,6.0249,6.0249,0.8627,0.9375,4.1277,1.8972,7,4,HIERARCHICAL,VENUE_OVERALL,home,derived_formation,MEDIUM,PIT_SAFE
mt_581147561,COMP_NEUTRAL,A_FMX_fmx_corners_against_0f2149,fmx_corners_against,corners,AGAINST,FULL,OPP_FORMATION_CONDITIONED,3-4-2-1,7.0799,7.0799,1.1477,0.9375,4.045,3.0349,7,4,HIERARCHICAL,VENUE_OVERALL,home,derived_formation,MEDIUM,PIT_SAFE
mt_581147561,COMP_NEUTRAL,A_FMX_fmx_clearances_for_854337,fmx_clearances_for,clearances,FOR,FULL,OPP_FORMATION_CONDITIONED,3-4-2-1,19.9267,19.9267,0.5874,0.5625,14.8604,5.0663,7,4,HIERARCHICAL,VENUE_OVERALL,home,derived_formation,MEDIUM,PIT_SAFE
mt_581147561,COMP_NEUTRAL,A_FMX_fmx_blocked_shots_for_dd1caa,fmx_blocked_shots_for,blocked_shots,FOR,FULL,OPP_FORMATION_CONDITIONED,3-4-2-1,4.7238,4.7238,1.1981,0.9375,2.6751,2.0486,7,4,HIERARCHICAL,VENUE_OVERALL,home,derived_formation,MEDIUM,PIT_SAFE
mt_581147561,COMP_NEUTRAL,A_FMX_fmx_shots_inside_box_against_18829b,fmx_shots_inside_box_against,shots_inside_box,AGAINST,FULL,OPP_FORMATION_CONDITIONED,3-4-2-1,10.611,10.611,1.1709,0.875,8.6429,1.9681,7,4,HIERARCHICAL,VENUE_OVERALL,home,derived_formation,MEDIUM,PIT_SAFE
mt_581147561,COMP_NEUTRAL,B_FC_fc_crosses_for_bc3456,fc_crosses_for,crosses,FOR,FULL,TEAM_FORMATION_CONDITIONED,,4.3061,4.3061,0.5547,0.5625,3.3052,1.0009,1,1,DIRECT,EXACT_FORMATION,away,derived_formation,LOW,PIT_SAFE
mt_581147561,COMP_NEUTRAL,B_FC_formation_delta_crosses_for_20d563,formation_delta_crosses_for,crosses,FOR,FULL,TEAM_FORMATION_CONDITIONED,,0.449,0.449,-1.5829,0.1875,3.3052,-2.8562,1,1,DERIVED,EXACT_FORMATION,away,derived_formation,LOW,PIT_SAFE
mt_581147561,COMP_NEUTRAL,B_FC_fc_corners_for_33d23d,fc_corners_for,corners,FOR,FULL,TEAM_FORMATION_CONDITIONED,,5.4694,5.4694,0.6101,0.6875,4.1277,1.3417,1,1,DIRECT,EXACT_FORMATION,away,derived_formation,LOW,PIT_SAFE
mt_581147561,COMP_NEUTRAL,B_FC_formation_delta_corners_for_9b8b7c,formation_delta_corners_for,corners,FOR,FULL,TEAM_FORMATION_CONDITIONED,,0.7551,0.7551,-1.5335,0.1875,4.1277,-3.3726,1,1,DERIVED,EXACT_FORMATION,away,derived_formation,LOW,PIT_SAFE
mt_581147561,COMP_NEUTRAL,B_FC_fc_corners_against_51d6c7,fc_corners_against,corners,AGAINST,FULL,TEAM_FORMATION_CONDITIONED,,3.4694,3.4694,-0.2177,0.3125,4.045,-0.5756,1,1,DIRECT,EXACT_FORMATION,away,derived_formation,LOW,PIT_SAFE
mt_581147561,COMP_NEUTRAL,B_FC_formation_delta_corners_against_1aa9c8,formation_delta_corners_against,corners,AGAINST,FULL,TEAM_FORMATION_CONDITIONED,,-0.2449,-0.2449,-1.6223,0.0625,4.045,-4.2899,1,1,DERIVED,EXACT_FORMATION,away,derived_formation,LOW,PIT_SAFE
mt_581147561,COMP_NEUTRAL,B_FC_fc_total_shots_for_66652c,fc_total_shots_for,total_shots,FOR,FULL,TEAM_FORMATION_CONDITIONED,,9.102,9.102,0.1642,0.5833,8.116,0.986,1,1,DIRECT,EXACT_FORMATION,away,derived_formation,LOW,PIT_SAFE
mt_581147561,COMP_NEUTRAL,B_FC_formation_delta_total_shots_for_ce4291,formation_delta_total_shots_for,total_shots,FOR,FULL,TEAM_FORMATION_CONDITIONED,,0.8163,0.8163,-1.2156,0.25,8.116,-7.2997,1,1,DERIVED,EXACT_FORMATION,away,derived_formation,LOW,PIT_SAFE
mt_581147561,COMP_NEUTRAL,B_FC_fc_possession_for_6991ca,fc_possession_for,possession,FOR,FULL,TEAM_FORMATION_CONDITIONED,,45.6327,45.6327,0.528,0.5833,33.3493,12.2834,1,1,DIRECT,EXACT_FORMATION,away,derived_formation,LOW,PIT_SAFE
mt_581147561,COMP_NEUTRAL,B_FC_formation_delta_possession_for_8bdf76,formation_delta_possession_for,possession,FOR,FULL,TEAM_FORMATION_CONDITIONED,,2.0612,2.0612,-1.3448,0.25,33.3493,-31.2881,1,1,DERIVED,EXACT_FORMATION,away,derived_formation,LOW,PIT_SAFE
mt_581147561,COMP_NEUTRAL,B_FC_fc_crosses_against_2e4249,fc_crosses_against,crosses,AGAINST,FULL,TEAM_FORMATION_CONDITIONED,,3.2449,3.2449,0.2864,0.3125,2.7731,0.4718,1,1,DIRECT,EXACT_FORMATION,away,derived_formation,LOW,PIT_SAFE
mt_581147561,COMP_NEUTRAL,B_FC_formation_delta_crosses_against_b59380,formation_delta_crosses_against,crosses,AGAINST,FULL,TEAM_FORMATION_CONDITIONED,,-0.0408,-0.0408,-1.7085,0.0625,2.7731,-2.8139,1,1,DERIVED,EXACT_FORMATION,away,derived_formation,LOW,PIT_SAFE
mt_581147561,COMP_NEUTRAL,B_FC_fc_clearances_for_b9699c,fc_clearances_for,clearances,FOR,FULL,TEAM_FORMATION_CONDITIONED,,20.6939,20.6939,0.6764,0.6875,14.8604,5.8335,1,1,DIRECT,EXACT_FORMATION,away,derived_formation,LOW,PIT_SAFE
mt_581147561,COMP_NEUTRAL,B_FC_formation_delta_clearances_for_932ee6,formation_delta_clearances_for,clearances,FOR,FULL,TEAM_FORMATION_CONDITIONED,,0.551,0.551,-1.6592,0.1875,14.8604,-14.3094,1,1,DERIVED,EXACT_FORMATION,away,derived_formation,LOW,PIT_SAFE
mt_581147561,COMP_NEUTRAL,B_FC_fc_blocked_shots_for_846b7e,fc_blocked_shots_for,blocked_shots,FOR,FULL,TEAM_FORMATION_CONDITIONED,,2.3878,2.3878,-0.168,0.3125,2.6751,-0.2873,1,1,DIRECT,EXACT_FORMATION,away,derived_formation,LOW,PIT_SAFE
mt_581147561,COMP_NEUTRAL,B_FC_formation_delta_blocked_shots_for_250915,formation_delta_blocked_shots_for,blocked_shots,FOR,FULL,TEAM_FORMATION_CONDITIONED,,0.102,0.102,-1.5048,0.1875,2.6751,-2.5732,1,1,DERIVED,EXACT_FORMATION,away,derived_formation,LOW,PIT_SAFE
mt_581147561,COMP_NEUTRAL,B_FMX_fmx_crosses_for_9190d2,fmx_crosses_for,crosses,FOR,FULL,OPP_FORMATION_CONDITIONED,4-2-3-1,4.3289,4.3289,0.5673,0.6875,3.3052,1.0237,7,4,HIERARCHICAL,VENUE_OVERALL,away,derived_formation,MEDIUM,PIT_SAFE
mt_581147561,COMP_NEUTRAL,B_FMX_fmx_crosses_against_00c833,fmx_crosses_against,crosses,AGAINST,FULL,OPP_FORMATION_CONDITIONED,4-2-3-1,4.1092,4.1092,0.8112,0.8125,2.7731,1.3361,7,4,HIERARCHICAL,VENUE_OVERALL,away,derived_formation,MEDIUM,PIT_SAFE
mt_581147561,COMP_NEUTRAL,B_FMX_fmx_corners_for_7f0189,fmx_corners_for,corners,FOR,FULL,OPP_FORMATION_CONDITIONED,4-2-3-1,5.5524,5.5524,0.6478,0.8125,4.1277,1.4247,7,4,HIERARCHICAL,VENUE_OVERALL,away,derived_formation,MEDIUM,PIT_SAFE
mt_581147561,COMP_NEUTRAL,B_FMX_fmx_corners_against_f01db0,fmx_corners_against,corners,AGAINST,FULL,OPP_FORMATION_CONDITIONED,4-2-3-1,5.1018,5.1018,0.3996,0.5625,4.045,1.0568,7,4,HIERARCHICAL,VENUE_OVERALL,away,derived_formation,MEDIUM,PIT_SAFE
mt_581147561,COMP_NEUTRAL,B_FMX_fmx_clearances_for_dad479,fmx_clearances_for,clearances,FOR,FULL,OPP_FORMATION_CONDITIONED,4-2-3-1,22.7949,22.7949,0.92,0.9375,14.8604,7.9345,7,4,HIERARCHICAL,VENUE_OVERALL,away,derived_formation,MEDIUM,PIT_SAFE
mt_581147561,COMP_NEUTRAL,B_FMX_fmx_blocked_shots_for_a6e34a,fmx_blocked_shots_for,blocked_shots,FOR,FULL,OPP_FORMATION_CONDITIONED,4-2-3-1,3.1634,3.1634,0.2855,0.5625,2.6751,0.4883,7,4,HIERARCHICAL,VENUE_OVERALL,away,derived_formation,MEDIUM,PIT_SAFE
mt_581147561,COMP_NEUTRAL,B_FMX_fmx_shots_inside_box_against_1f03f8,fmx_shots_inside_box_against,shots_inside_box,AGAINST,FULL,OPP_FORMATION_CONDITIONED,4-2-3-1,7.622,7.622,-0.6073,0.375,8.6429,-1.0209,7,4,HIERARCHICAL,VENUE_OVERALL,away,derived_formation,MEDIUM,PIT_SAFE
mt_972821383,COMP_NEUTRAL,A_ATK_crosses_for_57380c,crosses_for,crosses,FOR,FULL,UNCONDITIONED,TEAM_B,4.3948,4.3948,0.3987,0.3125,3.5993,0.7955,15,15,DIRECT,VENUE_OVERALL,home,thestatsapi,HIGH,PIT_SAFE
mt_972821383,COMP_NEUTRAL,A_ATK_total_shots_for_663c31,total_shots_for,total_shots,FOR,FULL,UNCONDITIONED,TEAM_B,16.4977,16.4977,0.929,0.9167,9.6501,6.8476,15,15,DIRECT,VENUE_OVERALL,home,thestatsapi,HIGH,PIT_SAFE
mt_972821383,COMP_NEUTRAL,A_ATK_shots_on_target_for_7ca9a4,shots_on_target_for,shots_on_target,FOR,FULL,UNCONDITIONED,TEAM_B,6.0369,6.0369,1.0,0.75,4.9147,1.1222,15,15,DIRECT,VENUE_OVERALL,home,thestatsapi,HIGH,PIT_SAFE
mt_972821383,COMP_NEUTRAL,A_ATK_shots_inside_box_for_f4de94,shots_inside_box_for,shots_inside_box,FOR,FULL,UNCONDITIONED,TEAM_B,12.4916,12.4916,1.0,0.75,11.0277,1.4639,15,15,DIRECT,VENUE_OVERALL,home,thestatsapi,HIGH,PIT_SAFE
mt_972821383,COMP_NEUTRAL,A_ATK_touches_in_box_for_205e88,touches_in_box_for,touches_in_box,FOR,FULL,UNCONDITIONED,TEAM_B,35.9339,35.9339,1.0406,0.9375,21.368,14.566,15,15,DIRECT,VENUE_OVERALL,home,thestatsapi,HIGH,PIT_SAFE
mt_972821383,COMP_NEUTRAL,A_ATK_corners_for_3c5db7,corners_for,corners,FOR,FULL,UNCONDITIONED,TEAM_B,6.1582,6.1582,1.0703,0.9375,3.6978,2.4604,15,15,DIRECT,VENUE_OVERALL,home,thestatsapi,HIGH,PIT_SAFE
mt_972821383,COMP_NEUTRAL,A_ATK_possession_for_e97d72,possession_for,possession,FOR,FULL,UNCONDITIONED,TEAM_B,59.2765,59.2765,0.95,0.9167,34.9577,24.3188,15,15,DIRECT,VENUE_OVERALL,home,thestatsapi,HIGH,PIT_SAFE
mt_972821383,COMP_NEUTRAL,A_ATK_throw_ins_for_5fbc50,throw_ins_for,throw_ins,FOR,FULL,UNCONDITIONED,TEAM_B,19.0261,19.0261,1.0,0.75,17.7658,1.2603,15,15,DIRECT,VENUE_OVERALL,home,thestatsapi,HIGH,PIT_SAFE
mt_972821383,COMP_NEUTRAL,A_ATK_final_third_entries_for_99e91e,final_third_entries_for,final_third_entries,FOR,FULL,UNCONDITIONED,TEAM_B,64.9862,64.9862,1.0,0.75,57.7035,7.2826,15,15,DIRECT,VENUE_OVERALL,home,thestatsapi,HIGH,PIT_SAFE
mt_972821383,COMP_NEUTRAL,A_DEF_crosses_against_5e51b5,crosses_against,crosses,AGAINST,FULL,UNCONDITIONED,TEAM_B,2.9355,2.9355,-0.2528,0.4375,3.5756,-0.6401,15,15,DIRECT,VENUE_OVERALL,home,thestatsapi,HIGH,PIT_SAFE
mt_972821383,COMP_NEUTRAL,A_DEF_total_shots_against_4537a4,total_shots_against,total_shots,AGAINST,FULL,UNCONDITIONED,TEAM_B,9.3472,9.3472,-1.0,0.25,12.7374,-3.3902,15,15,DIRECT,VENUE_OVERALL,home,thestatsapi,HIGH,PIT_SAFE
mt_972821383,COMP_NEUTRAL,A_DEF_shots_inside_box_against_9f541e,shots_inside_box_against,shots_inside_box,AGAINST,FULL,UNCONDITIONED,TEAM_B,5.7926,5.7926,-1.0583,0.125,9.1244,-3.3318,15,15,DIRECT,VENUE_OVERALL,home,thestatsapi,HIGH,PIT_SAFE
mt_972821383,COMP_NEUTRAL,A_DEF_touches_in_box_against_f08aaa,touches_in_box_against,touches_in_box,AGAINST,FULL,UNCONDITIONED,TEAM_B,19.0614,19.0614,-1.0,0.25,24.6874,-5.626,15,15,DIRECT,VENUE_OVERALL,home,thestatsapi,HIGH,PIT_SAFE
mt_972821383,COMP_NEUTRAL,A_DEF_corners_against_dc1976,corners_against,corners,AGAINST,FULL,UNCONDITIONED,TEAM_B,4.5806,4.5806,0.0958,0.5625,4.35,0.2306,15,15,DIRECT,VENUE_OVERALL,home,thestatsapi,HIGH,PIT_SAFE
mt_972821383,COMP_NEUTRAL,A_DEF_blocked_shots_for_289e69,blocked_shots_for,blocked_shots,FOR,FULL,UNCONDITIONED,TEAM_B,4.5561,4.5561,0.7754,0.9375,3.0762,1.4799,15,15,DIRECT,VENUE_OVERALL,home,thestatsapi,HIGH,PIT_SAFE
mt_972821383,COMP_NEUTRAL,A_DEF_clearances_for_0b134b,clearances_for,clearances,FOR,FULL,UNCONDITIONED,TEAM_B,16.1029,16.1029,-0.015,0.5625,16.2615,-0.1586,15,15,DIRECT,VENUE_OVERALL,home,thestatsapi,HIGH,PIT_SAFE
mt_972821383,COMP_NEUTRAL,A_DEF_interceptions_for_2ec307,interceptions_for,interceptions,FOR,FULL,UNCONDITIONED,TEAM_B,8.4194,8.4194,-1.0,0.25,9.2527,-0.8333,15,15,DIRECT,VENUE_OVERALL,home,thestatsapi,HIGH,PIT_SAFE
mt_972821383,COMP_NEUTRAL,A_DIS_fouls_for_f91b1e,fouls_for,fouls,FOR,FULL,UNCONDITIONED,TEAM_B,11.2442,11.2442,-1.0,0.25,11.4962,-0.252,15,15,DIRECT,VENUE_OVERALL,home,thestatsapi,HIGH,PIT_SAFE
mt_972821383,COMP_NEUTRAL,A_DIS_tackles_for_b310e1,tackles_for,tackles,FOR,FULL,UNCONDITIONED,TEAM_B,17.5975,17.5975,-1.0,0.25,18.0268,-0.4293,15,15,DIRECT,VENUE_OVERALL,home,thestatsapi,HIGH,PIT_SAFE
mt_972821383,COMP_NEUTRAL,A_DIS_yellow_cards_for_884c93,yellow_cards_for,yellow_cards,FOR,FULL,UNCONDITIONED,TEAM_B,1.8473,1.8473,-1.0,0.25,2.0156,-0.1683,15,15,DIRECT,VENUE_OVERALL,home,thestatsapi,HIGH,PIT_SAFE
mt_972821383,COMP_NEUTRAL,A_DIS_fouls_against_d53941,fouls_against,fouls,AGAINST,FULL,UNCONDITIONED,TEAM_B,10.3733,10.3733,-1.0,0.25,10.5299,-0.1566,15,15,DIRECT,VENUE_OVERALL,home,thestatsapi,HIGH,PIT_SAFE
mt_972821383,COMP_NEUTRAL,B_ATK_crosses_for_2f3293,crosses_for,crosses,FOR,FULL,UNCONDITIONED,TEAM_A,4.6928,4.6928,0.548,0.5625,3.5993,1.0935,15,15,DIRECT,VENUE_OVERALL,away,thestatsapi,HIGH,PIT_SAFE
mt_972821383,COMP_NEUTRAL,B_ATK_total_shots_for_180b96,total_shots_for,total_shots,FOR,FULL,UNCONDITIONED,TEAM_A,13.6697,13.6697,0.5453,0.4167,9.6501,4.0196,15,15,DIRECT,VENUE_OVERALL,away,thestatsapi,HIGH,PIT_SAFE
mt_972821383,COMP_NEUTRAL,B_ATK_shots_on_target_for_3fe50a,shots_on_target_for,shots_on_target,FOR,FULL,UNCONDITIONED,TEAM_A,3.7926,3.7926,-1.0,0.25,4.9147,-1.1221,15,15,DIRECT,VENUE_OVERALL,away,thestatsapi,HIGH,PIT_SAFE
mt_972821383,COMP_NEUTRAL,B_ATK_shots_inside_box_for_078edd,shots_inside_box_for,shots_inside_box,FOR,FULL,UNCONDITIONED,TEAM_A,9.5637,9.5637,-1.0,0.25,11.0277,-1.464,15,15,DIRECT,VENUE_OVERALL,away,thestatsapi,HIGH,PIT_SAFE
mt_972821383,COMP_NEUTRAL,B_ATK_touches_in_box_for_635f8b,touches_in_box_for,touches_in_box,FOR,FULL,UNCONDITIONED,TEAM_A,23.8925,23.8925,0.1804,0.5625,21.368,2.5245,15,15,DIRECT,VENUE_OVERALL,away,thestatsapi,HIGH,PIT_SAFE
mt_972821383,COMP_NEUTRAL,B_ATK_corners_for_0d3e64,corners_for,corners,FOR,FULL,UNCONDITIONED,TEAM_A,3.8833,3.8833,0.0807,0.3125,3.6978,0.1855,15,15,DIRECT,VENUE_OVERALL,away,thestatsapi,HIGH,PIT_SAFE
mt_972821383,COMP_NEUTRAL,B_ATK_possession_for_26a3f3,possession_for,possession,FOR,FULL,UNCONDITIONED,TEAM_A,46.5361,46.5361,0.4523,0.5833,34.9577,11.5784,15,15,DIRECT,VENUE_OVERALL,away,thestatsapi,HIGH,PIT_SAFE
mt_972821383,COMP_NEUTRAL,B_ATK_throw_ins_for_2c1d62,throw_ins_for,throw_ins,FOR,FULL,UNCONDITIONED,TEAM_A,16.5054,16.5054,-1.0,0.25,17.7658,-1.2603,15,15,DIRECT,VENUE_OVERALL,away,thestatsapi,HIGH,PIT_SAFE
mt_972821383,COMP_NEUTRAL,B_ATK_final_third_entries_for_9fd47b,final_third_entries_for,final_third_entries,FOR,FULL,UNCONDITIONED,TEAM_A,50.4209,50.4209,-1.0,0.25,57.7035,-7.2826,15,15,DIRECT,VENUE_OVERALL,away,thestatsapi,HIGH,PIT_SAFE
mt_972821383,COMP_NEUTRAL,B_DEF_crosses_against_8a9902,crosses_against,crosses,AGAINST,FULL,UNCONDITIONED,TEAM_A,5.937,5.937,0.9327,0.6875,3.5756,2.3614,15,15,DIRECT,VENUE_OVERALL,away,thestatsapi,HIGH,PIT_SAFE
mt_972821383,COMP_NEUTRAL,B_DEF_total_shots_against_ebceae,total_shots_against,total_shots,AGAINST,FULL,UNCONDITIONED,TEAM_A,16.1275,16.1275,1.0,0.75,12.7374,3.3902,15,15,DIRECT,VENUE_OVERALL,away,thestatsapi,HIGH,PIT_SAFE
mt_972821383,COMP_NEUTRAL,B_DEF_shots_inside_box_against_e6976f,shots_inside_box_against,shots_inside_box,AGAINST,FULL,UNCONDITIONED,TEAM_A,11.1551,11.1551,0.645,0.625,9.1244,2.0306,15,15,DIRECT,VENUE_OVERALL,away,thestatsapi,HIGH,PIT_SAFE
mt_972821383,COMP_NEUTRAL,B_DEF_touches_in_box_against_e7affa,touches_in_box_against,touches_in_box,AGAINST,FULL,UNCONDITIONED,TEAM_A,30.3134,30.3134,1.0,0.75,24.6874,5.626,15,15,DIRECT,VENUE_OVERALL,away,thestatsapi,HIGH,PIT_SAFE
mt_972821383,COMP_NEUTRAL,B_DEF_corners_against_c7d975,corners_against,corners,AGAINST,FULL,UNCONDITIONED,TEAM_A,5.5499,5.5499,0.4985,0.6875,4.35,1.1999,15,15,DIRECT,VENUE_OVERALL,away,thestatsapi,HIGH,PIT_SAFE
mt_972821383,COMP_NEUTRAL,B_DEF_blocked_shots_for_76fb17,blocked_shots_for,blocked_shots,FOR,FULL,UNCONDITIONED,TEAM_A,3.9631,3.9631,0.4647,0.4375,3.0762,0.8869,15,15,DIRECT,VENUE_OVERALL,away,thestatsapi,HIGH,PIT_SAFE
mt_972821383,COMP_NEUTRAL,B_DEF_clearances_for_091cc3,clearances_for,clearances,FOR,FULL,UNCONDITIONED,TEAM_A,27.1275,27.1275,1.0303,0.6875,16.2615,10.866,15,15,DIRECT,VENUE_OVERALL,away,thestatsapi,HIGH,PIT_SAFE
mt_972821383,COMP_NEUTRAL,B_DEF_interceptions_for_20df88,interceptions_for,interceptions,FOR,FULL,UNCONDITIONED,TEAM_A,10.086,10.086,1.0,0.75,9.2527,0.8333,15,15,DIRECT,VENUE_OVERALL,away,thestatsapi,HIGH,PIT_SAFE
mt_972821383,COMP_NEUTRAL,B_DIS_fouls_for_388319,fouls_for,fouls,FOR,FULL,UNCONDITIONED,TEAM_A,11.7481,11.7481,1.0,0.75,11.4962,0.252,15,15,DIRECT,VENUE_OVERALL,away,thestatsapi,HIGH,PIT_SAFE
mt_972821383,COMP_NEUTRAL,B_DIS_tackles_for_b6974c,tackles_for,tackles,FOR,FULL,UNCONDITIONED,TEAM_A,18.4562,18.4562,1.0,0.75,18.0268,0.4293,15,15,DIRECT,VENUE_OVERALL,away,thestatsapi,HIGH,PIT_SAFE
mt_972821383,COMP_NEUTRAL,B_DIS_yellow_cards_for_25b211,yellow_cards_for,yellow_cards,FOR,FULL,UNCONDITIONED,TEAM_A,2.1839,2.1839,1.0,0.75,2.0156,0.1683,15,15,DIRECT,VENUE_OVERALL,away,thestatsapi,HIGH,PIT_SAFE
mt_972821383,COMP_NEUTRAL,B_DIS_fouls_against_4418df,fouls_against,fouls,AGAINST,FULL,UNCONDITIONED,TEAM_A,10.6866,10.6866,1.0,0.75,10.5299,0.1567,15,15,DIRECT,VENUE_OVERALL,away,thestatsapi,HIGH,PIT_SAFE
mt_972821383,COMP_NEUTRAL,ENV_corners_17e455,league_corners_env,league_corners_env,NEUTRAL,FULL,UNCONDITIONED,,10.2994,10.2994,,0.5,10.2994,0.0,0,0,DIRECT,COMPETITION_PRIOR,,derived,HIGH,PIT_SAFE
mt_972821383,COMP_NEUTRAL,ENV_total_shots_6f4b8c,league_total_shots_env,league_total_shots_env,NEUTRAL,FULL,UNCONDITIONED,,25.9172,25.9172,,0.5,25.9172,0.0,0,0,DIRECT,COMPETITION_PRIOR,,derived,HIGH,PIT_SAFE
mt_972821383,COMP_NEUTRAL,ENV_fouls_ce539a,league_fouls_env,league_fouls_env,NEUTRAL,FULL,UNCONDITIONED,,22.2516,22.2516,,0.5,22.2516,0.0,0,0,DIRECT,COMPETITION_PRIOR,,derived,HIGH,PIT_SAFE
mt_972821383,COMP_NEUTRAL,ENV_yellow_cards_ff32b3,league_yellow_cards_env,league_yellow_cards_env,NEUTRAL,FULL,UNCONDITIONED,,4.4338,4.4338,,0.5,4.4338,0.0,0,0,DIRECT,COMPETITION_PRIOR,,derived,HIGH,PIT_SAFE
mt_972821383,COMP_NEUTRAL,A_FC_fc_crosses_for_874818,fc_crosses_for,crosses,FOR,FULL,TEAM_FORMATION_CONDITIONED,,4.5,4.5,0.4514,0.4375,3.5993,0.9007,2,2,DIRECT,EXACT_FORMATION,home,derived_formation,LOW,PIT_SAFE
mt_972821383,COMP_NEUTRAL,A_FC_formation_delta_crosses_for_3135da,formation_delta_crosses_for,crosses,FOR,FULL,TEAM_FORMATION_CONDITIONED,,0.1667,0.1667,-1.7203,0.1875,3.5993,-3.4326,2,1,DERIVED,EXACT_FORMATION,home,derived_formation,LOW,PIT_SAFE
mt_972821383,COMP_NEUTRAL,A_FC_fc_corners_for_33fc8f,fc_corners_for,corners,FOR,FULL,TEAM_FORMATION_CONDITIONED,,5.55,5.55,0.8057,0.6875,3.6978,1.8522,2,2,DIRECT,EXACT_FORMATION,home,derived_formation,LOW,PIT_SAFE
mt_972821383,COMP_NEUTRAL,A_FC_formation_delta_corners_for_145bc8,formation_delta_corners_for,corners,FOR,FULL,TEAM_FORMATION_CONDITIONED,,-0.5167,-0.5167,-1.8333,0.0625,3.6978,-4.2145,2,1,DERIVED,EXACT_FORMATION,home,derived_formation,LOW,PIT_SAFE
mt_972821383,COMP_NEUTRAL,A_FC_fc_corners_against_bdf125,fc_corners_against,corners,AGAINST,FULL,TEAM_FORMATION_CONDITIONED,,4.475,4.475,0.0519,0.4375,4.35,0.125,2,2,DIRECT,EXACT_FORMATION,home,derived_formation,LOW,PIT_SAFE
mt_972821383,COMP_NEUTRAL,A_FC_formation_delta_corners_against_7b8609,formation_delta_corners_against,corners,AGAINST,FULL,TEAM_FORMATION_CONDITIONED,,-0.325,-0.325,-1.9421,0.0625,4.35,-4.675,2,1,DERIVED,EXACT_FORMATION,home,derived_formation,LOW,PIT_SAFE
mt_972821383,COMP_NEUTRAL,A_FC_fc_touches_in_box_for_f6b500,fc_touches_in_box_for,touches_in_box,FOR,FULL,TEAM_FORMATION_CONDITIONED,,33.025,33.025,0.8328,0.6875,21.368,11.657,2,2,DIRECT,EXACT_FORMATION,home,derived_formation,LOW,PIT_SAFE
mt_972821383,COMP_NEUTRAL,A_FC_formation_delta_touches_in_box_for_433088,formation_delta_touches_in_box_for,touches_in_box,FOR,FULL,TEAM_FORMATION_CONDITIONED,,-2.5083,-2.5083,-1.7057,0.0625,21.368,-23.8762,2,1,DERIVED,EXACT_FORMATION,home,derived_formation,LOW,PIT_SAFE
mt_972821383,COMP_NEUTRAL,A_FC_fc_total_shots_for_e0db2e,fc_total_shots_for,total_shots,FOR,FULL,TEAM_FORMATION_CONDITIONED,,15.175,15.175,0.7495,0.75,9.6501,5.5249,2,2,DIRECT,EXACT_FORMATION,home,derived_formation,LOW,PIT_SAFE
mt_972821383,COMP_NEUTRAL,A_FC_formation_delta_total_shots_for_f6b1f1,formation_delta_total_shots_for,total_shots,FOR,FULL,TEAM_FORMATION_CONDITIONED,,-1.225,-1.225,-1.4754,0.0833,9.6501,-10.8751,2,1,DERIVED,EXACT_FORMATION,home,derived_formation,LOW,PIT_SAFE
mt_972821383,COMP_NEUTRAL,A_FC_fc_possession_for_1027f0,fc_possession_for,possession,FOR,FULL,TEAM_FORMATION_CONDITIONED,,58.85,58.85,0.9333,0.75,34.9577,23.8924,2,2,DIRECT,EXACT_FORMATION,home,derived_formation,LOW,PIT_SAFE
mt_972821383,COMP_NEUTRAL,A_FC_formation_delta_possession_for_a5c77d,formation_delta_possession_for,possession,FOR,FULL,TEAM_FORMATION_CONDITIONED,,-0.95,-0.95,-1.4027,0.0833,34.9577,-35.9077,2,1,DERIVED,EXACT_FORMATION,home,derived_formation,LOW,PIT_SAFE
mt_972821383,COMP_NEUTRAL,A_FC_fc_crosses_against_516ab0,fc_crosses_against,crosses,AGAINST,FULL,TEAM_FORMATION_CONDITIONED,,2.75,2.75,-0.3261,0.3125,3.5756,-0.8256,2,2,DIRECT,EXACT_FORMATION,home,derived_formation,LOW,PIT_SAFE
mt_972821383,COMP_NEUTRAL,A_FC_formation_delta_crosses_against_647433,formation_delta_crosses_against,crosses,AGAINST,FULL,TEAM_FORMATION_CONDITIONED,,-0.25,-0.25,-1.5109,0.0625,3.5756,-3.8256,2,1,DERIVED,EXACT_FORMATION,home,derived_formation,LOW,PIT_SAFE
mt_972821383,COMP_NEUTRAL,A_FC_fc_clearances_for_fb813d,fc_clearances_for,clearances,FOR,FULL,TEAM_FORMATION_CONDITIONED,,15.7,15.7,-0.0532,0.3125,16.2615,-0.5615,2,2,DIRECT,EXACT_FORMATION,home,derived_formation,LOW,PIT_SAFE
mt_972821383,COMP_NEUTRAL,A_FC_formation_delta_clearances_for_d83e0d,formation_delta_clearances_for,clearances,FOR,FULL,TEAM_FORMATION_CONDITIONED,,0.4333,0.4333,-1.5008,0.1875,16.2615,-15.8282,2,1,DERIVED,EXACT_FORMATION,home,derived_formation,LOW,PIT_SAFE
mt_972821383,COMP_NEUTRAL,A_FC_fc_blocked_shots_for_5e64e3,fc_blocked_shots_for,blocked_shots,FOR,FULL,TEAM_FORMATION_CONDITIONED,,3.9,3.9,0.4317,0.3125,3.0762,0.8238,2,2,DIRECT,EXACT_FORMATION,home,derived_formation,LOW,PIT_SAFE
mt_972821383,COMP_NEUTRAL,A_FC_formation_delta_blocked_shots_for_48e5c4,formation_delta_blocked_shots_for,blocked_shots,FOR,FULL,TEAM_FORMATION_CONDITIONED,,-0.6333,-0.6333,-1.9436,0.0625,3.0762,-3.7095,2,1,DERIVED,EXACT_FORMATION,home,derived_formation,LOW,PIT_SAFE
mt_972821383,COMP_NEUTRAL,A_FMX_fmx_crosses_for_763b65,fmx_crosses_for,crosses,FOR,FULL,OPP_FORMATION_CONDITIONED,4-1-4-1,4.8248,4.8248,0.6142,0.6875,3.5993,1.2254,3,2,HIERARCHICAL,FAMILY_x_FAMILY,home,derived_formation,LOW,PIT_SAFE
mt_972821383,COMP_NEUTRAL,A_FMX_fmx_crosses_against_8492bc,fmx_crosses_against,crosses,AGAINST,FULL,OPP_FORMATION_CONDITIONED,4-1-4-1,3.0178,3.0178,-0.2203,0.5625,3.5756,-0.5578,3,2,HIERARCHICAL,FAMILY_x_FAMILY,home,derived_formation,LOW,PIT_SAFE
mt_972821383,COMP_NEUTRAL,A_FMX_fmx_corners_for_b88f29,fmx_corners_for,corners,FOR,FULL,OPP_FORMATION_CONDITIONED,4-1-4-1,5.6708,5.6708,0.8583,0.8125,3.6978,1.973,3,2,HIERARCHICAL,FAMILY_x_FAMILY,home,derived_formation,LOW,PIT_SAFE
mt_972821383,COMP_NEUTRAL,A_FMX_fmx_corners_against_019a43,fmx_corners_against,corners,AGAINST,FULL,OPP_FORMATION_CONDITIONED,4-1-4-1,4.4696,4.4696,0.0497,0.3125,4.35,0.1196,3,2,HIERARCHICAL,FAMILY_x_FAMILY,home,derived_formation,LOW,PIT_SAFE
mt_972821383,COMP_NEUTRAL,A_FMX_fmx_touches_in_box_for_309bb5,fmx_touches_in_box_for,touches_in_box,FOR,FULL,OPP_FORMATION_CONDITIONED,4-1-4-1,34.0005,34.0005,0.9025,0.8125,21.368,12.6326,3,2,HIERARCHICAL,FAMILY_x_FAMILY,home,derived_formation,LOW,PIT_SAFE
mt_972821383,COMP_NEUTRAL,A_FMX_fmx_clearances_for_303ff5,fmx_clearances_for,clearances,FOR,FULL,OPP_FORMATION_CONDITIONED,4-1-4-1,16.0095,16.0095,-0.0239,0.4375,16.2615,-0.252,3,2,HIERARCHICAL,FAMILY_x_FAMILY,home,derived_formation,LOW,PIT_SAFE
mt_972821383,COMP_NEUTRAL,A_FMX_fmx_blocked_shots_for_554ee3,fmx_blocked_shots_for,blocked_shots,FOR,FULL,OPP_FORMATION_CONDITIONED,4-1-4-1,4.1257,4.1257,0.5499,0.5625,3.0762,1.0495,3,2,HIERARCHICAL,FAMILY_x_FAMILY,home,derived_formation,LOW,PIT_SAFE
mt_972821383,COMP_NEUTRAL,A_FMX_fmx_shots_inside_box_against_ee745e,fmx_shots_inside_box_against,shots_inside_box,AGAINST,FULL,OPP_FORMATION_CONDITIONED,4-1-4-1,6.3415,6.3415,-0.8839,0.375,9.1244,-2.7829,3,2,HIERARCHICAL,FAMILY_x_FAMILY,home,derived_formation,LOW,PIT_SAFE
mt_972821383,COMP_NEUTRAL,B_FC_fc_crosses_for_b2e126,fc_crosses_for,crosses,FOR,FULL,TEAM_FORMATION_CONDITIONED,,5.025,5.025,0.7145,0.8125,3.5993,1.4257,2,2,DIRECT,EXACT_FORMATION,away,derived_formation,LOW,PIT_SAFE
mt_972821383,COMP_NEUTRAL,B_FC_formation_delta_crosses_for_633bc2,formation_delta_crosses_for,crosses,FOR,FULL,TEAM_FORMATION_CONDITIONED,,0.1583,0.1583,-1.7245,0.0625,3.5993,-3.441,2,1,DERIVED,EXACT_FORMATION,away,derived_formation,LOW,PIT_SAFE
mt_972821383,COMP_NEUTRAL,B_FC_fc_corners_for_10cd50,fc_corners_for,corners,FOR,FULL,TEAM_FORMATION_CONDITIONED,,4.175,4.175,0.2076,0.4375,3.6978,0.4772,2,2,DIRECT,EXACT_FORMATION,away,derived_formation,LOW,PIT_SAFE
mt_972821383,COMP_NEUTRAL,B_FC_formation_delta_corners_for_234f59,formation_delta_corners_for,corners,FOR,FULL,TEAM_FORMATION_CONDITIONED,,0.4417,0.4417,-1.4164,0.1875,3.6978,-3.2561,2,1,DERIVED,EXACT_FORMATION,away,derived_formation,LOW,PIT_SAFE
mt_972821383,COMP_NEUTRAL,B_FC_fc_corners_against_ff3216,fc_corners_against,corners,AGAINST,FULL,TEAM_FORMATION_CONDITIONED,,7.375,7.375,1.2567,0.9375,4.35,3.025,2,2,DIRECT,EXACT_FORMATION,away,derived_formation,LOW,PIT_SAFE
mt_972821383,COMP_NEUTRAL,B_FC_formation_delta_corners_against_505a2f,formation_delta_corners_against,corners,AGAINST,FULL,TEAM_FORMATION_CONDITIONED,,1.7083,1.7083,-1.0974,0.1875,4.35,-2.6417,2,1,DERIVED,EXACT_FORMATION,away,derived_formation,LOW,PIT_SAFE
mt_972821383,COMP_NEUTRAL,B_FC_fc_touches_in_box_for_7ca85d,fc_touches_in_box_for,touches_in_box,FOR,FULL,TEAM_FORMATION_CONDITIONED,,23.725,23.725,0.1684,0.4375,21.368,2.3571,2,2,DIRECT,EXACT_FORMATION,away,derived_formation,LOW,PIT_SAFE
mt_972821383,COMP_NEUTRAL,B_FC_formation_delta_touches_in_box_for_6988ea,formation_delta_touches_in_box_for,touches_in_box,FOR,FULL,TEAM_FORMATION_CONDITIONED,,-0.4083,-0.4083,-1.5557,0.1875,21.368,-21.7763,2,1,DERIVED,EXACT_FORMATION,away,derived_formation,LOW,PIT_SAFE
mt_972821383,COMP_NEUTRAL,B_FC_fc_total_shots_for_8afb3e,fc_total_shots_for,total_shots,FOR,FULL,TEAM_FORMATION_CONDITIONED,,13.925,13.925,0.58,0.5833,9.6501,4.2749,2,2,DIRECT,EXACT_FORMATION,away,derived_formation,LOW,PIT_SAFE
mt_972821383,COMP_NEUTRAL,B_FC_formation_delta_total_shots_for_313b61,formation_delta_total_shots_for,total_shots,FOR,FULL,TEAM_FORMATION_CONDITIONED,,-0.1417,-0.1417,-1.3284,0.25,9.6501,-9.7918,2,1,DERIVED,EXACT_FORMATION,away,derived_formation,LOW,PIT_SAFE
mt_972821383,COMP_NEUTRAL,B_FC_fc_possession_for_d81729,fc_possession_for,possession,FOR,FULL,TEAM_FORMATION_CONDITIONED,,46.05,46.05,0.4333,0.4167,34.9577,11.0923,2,2,DIRECT,EXACT_FORMATION,away,derived_formation,LOW,PIT_SAFE
mt_972821383,COMP_NEUTRAL,B_FC_formation_delta_possession_for_a5ffdb,formation_delta_possession_for,possession,FOR,FULL,TEAM_FORMATION_CONDITIONED,,-0.0167,-0.0167,-1.3662,0.25,34.9577,-34.9744,2,1,DERIVED,EXACT_FORMATION,away,derived_formation,LOW,PIT_SAFE
mt_972821383,COMP_NEUTRAL,B_FC_fc_crosses_against_e91281,fc_crosses_against,crosses,AGAINST,FULL,TEAM_FORMATION_CONDITIONED,,6.675,6.675,1.2241,0.8125,3.5756,3.0994,2,2,DIRECT,EXACT_FORMATION,away,derived_formation,LOW,PIT_SAFE
mt_972821383,COMP_NEUTRAL,B_FC_formation_delta_crosses_against_31e1ad,formation_delta_crosses_against,crosses,AGAINST,FULL,TEAM_FORMATION_CONDITIONED,,0.6083,0.6083,-1.172,0.1875,3.5756,-2.9673,2,1,DERIVED,EXACT_FORMATION,away,derived_formation,LOW,PIT_SAFE
mt_972821383,COMP_NEUTRAL,B_FC_fc_clearances_for_b76926,fc_clearances_for,clearances,FOR,FULL,TEAM_FORMATION_CONDITIONED,,27.55,27.55,1.0703,0.9375,16.2615,11.2885,2,2,DIRECT,EXACT_FORMATION,away,derived_formation,LOW,PIT_SAFE
mt_972821383,COMP_NEUTRAL,B_FC_formation_delta_clearances_for_77dda5,formation_delta_clearances_for,clearances,FOR,FULL,TEAM_FORMATION_CONDITIONED,,-0.1833,-0.1833,-1.5592,0.0625,16.2615,-16.4448,2,1,DERIVED,EXACT_FORMATION,away,derived_formation,LOW,PIT_SAFE
mt_972821383,COMP_NEUTRAL,B_FC_fc_blocked_shots_for_5f8c10,fc_blocked_shots_for,blocked_shots,FOR,FULL,TEAM_FORMATION_CONDITIONED,,4.25,4.25,0.615,0.8125,3.0762,1.1738,2,2,DIRECT,EXACT_FORMATION,away,derived_formation,LOW,PIT_SAFE
mt_972821383,COMP_NEUTRAL,B_FC_formation_delta_blocked_shots_for_f286a0,formation_delta_blocked_shots_for,blocked_shots,FOR,FULL,TEAM_FORMATION_CONDITIONED,,0.25,0.25,-1.4808,0.1875,3.0762,-2.8262,2,1,DERIVED,EXACT_FORMATION,away,derived_formation,LOW,PIT_SAFE
mt_972821383,COMP_NEUTRAL,B_FMX_fmx_crosses_for_388dfe,fmx_crosses_for,crosses,FOR,FULL,OPP_FORMATION_CONDITIONED,4-2-3-1,5.0324,5.0324,0.7182,0.9375,3.5993,1.4331,3,2,HIERARCHICAL,FAMILY_x_FAMILY,away,derived_formation,LOW,PIT_SAFE
mt_972821383,COMP_NEUTRAL,B_FMX_fmx_crosses_against_917e10,fmx_crosses_against,crosses,AGAINST,FULL,OPP_FORMATION_CONDITIONED,4-2-3-1,6.9312,6.9312,1.3253,0.9375,3.5756,3.3556,3,2,HIERARCHICAL,FAMILY_x_FAMILY,away,derived_formation,LOW,PIT_SAFE
mt_972821383,COMP_NEUTRAL,B_FMX_fmx_corners_for_4c0d25,fmx_corners_for,corners,FOR,FULL,OPP_FORMATION_CONDITIONED,4-2-3-1,4.2199,4.2199,0.2271,0.5625,3.6978,0.5221,3,2,HIERARCHICAL,FAMILY_x_FAMILY,away,derived_formation,LOW,PIT_SAFE
mt_972821383,COMP_NEUTRAL,B_FMX_fmx_corners_against_019484,fmx_corners_against,corners,AGAINST,FULL,OPP_FORMATION_CONDITIONED,4-2-3-1,6.9668,6.9668,1.0871,0.8125,4.35,2.6168,3,2,HIERARCHICAL,FAMILY_x_FAMILY,away,derived_formation,LOW,PIT_SAFE
mt_972821383,COMP_NEUTRAL,B_FMX_fmx_touches_in_box_for_2ec064,fmx_touches_in_box_for,touches_in_box,FOR,FULL,OPP_FORMATION_CONDITIONED,4-2-3-1,23.2833,23.2833,0.1368,0.3125,21.368,1.9154,3,2,HIERARCHICAL,FAMILY_x_FAMILY,away,derived_formation,LOW,PIT_SAFE
mt_972821383,COMP_NEUTRAL,B_FMX_fmx_clearances_for_df42ea,fmx_clearances_for,clearances,FOR,FULL,OPP_FORMATION_CONDITIONED,4-2-3-1,27.3523,27.3523,1.0516,0.8125,16.2615,11.0908,3,2,HIERARCHICAL,FAMILY_x_FAMILY,away,derived_formation,LOW,PIT_SAFE
mt_972821383,COMP_NEUTRAL,B_FMX_fmx_blocked_shots_for_8e26f3,fmx_blocked_shots_for,blocked_shots,FOR,FULL,OPP_FORMATION_CONDITIONED,4-2-3-1,4.1977,4.1977,0.5876,0.6875,3.0762,1.1215,3,2,HIERARCHICAL,FAMILY_x_FAMILY,away,derived_formation,LOW,PIT_SAFE
mt_972821383,COMP_NEUTRAL,B_FMX_fmx_shots_inside_box_against_bc8209,fmx_shots_inside_box_against,shots_inside_box,AGAINST,FULL,OPP_FORMATION_CONDITIONED,4-2-3-1,13.2086,13.2086,1.2972,0.875,9.1244,4.0842,3,2,HIERARCHICAL,FAMILY_x_FAMILY,away,derived_formation,LOW,PIT_SAFE
mt_629495329,COMP_NEUTRAL,A_ATK_crosses_for_b99409,crosses_for,crosses,FOR,FULL,UNCONDITIONED,TEAM_B,6.6714,6.6714,1.0093,0.8125,4.0635,2.6079,8,5,SHRUNK,VENUE_OVERALL,home,thestatsapi,MEDIUM,PIT_SAFE
mt_629495329,COMP_NEUTRAL,A_ATK_total_shots_for_6693eb,total_shots_for,total_shots,FOR,FULL,UNCONDITIONED,TEAM_B,10.8857,10.8857,0.3271,0.4167,8.7221,2.1636,8,5,SHRUNK,VENUE_OVERALL,home,thestatsapi,MEDIUM,PIT_SAFE
mt_629495329,COMP_NEUTRAL,A_ATK_shots_on_target_for_6e40aa,shots_on_target_for,shots_on_target,FOR,FULL,UNCONDITIONED,TEAM_B,3.9429,3.9429,-1.0,0.25,5.1981,-1.2552,8,5,SHRUNK,VENUE_OVERALL,home,thestatsapi,MEDIUM,PIT_SAFE
mt_629495329,COMP_NEUTRAL,A_ATK_shots_inside_box_for_7927fd,shots_inside_box_for,shots_inside_box,FOR,FULL,UNCONDITIONED,TEAM_B,8.4143,8.4143,-1.0,0.25,9.1272,-0.7128,8,5,SHRUNK,VENUE_OVERALL,home,thestatsapi,MEDIUM,PIT_SAFE
mt_629495329,COMP_NEUTRAL,A_ATK_touches_in_box_for_ff0b34,touches_in_box_for,touches_in_box,FOR,FULL,UNCONDITIONED,TEAM_B,18.2857,18.2857,0.0284,0.4375,17.965,0.3207,8,5,SHRUNK,VENUE_OVERALL,home,thestatsapi,MEDIUM,PIT_SAFE
mt_629495329,COMP_NEUTRAL,A_ATK_corners_for_a0b7a6,corners_for,corners,FOR,FULL,UNCONDITIONED,TEAM_B,5.2143,5.2143,0.4578,0.3125,4.1668,1.0475,8,5,SHRUNK,VENUE_OVERALL,home,thestatsapi,MEDIUM,PIT_SAFE
mt_629495329,COMP_NEUTRAL,A_ATK_possession_for_c7df79,possession_for,possession,FOR,FULL,UNCONDITIONED,TEAM_B,45.3714,45.3714,0.2962,0.5833,37.2987,8.0727,8,5,SHRUNK,VENUE_OVERALL,home,thestatsapi,MEDIUM,PIT_SAFE
mt_629495329,COMP_NEUTRAL,A_ATK_throw_ins_for_6b808e,throw_ins_for,throw_ins,FOR,FULL,UNCONDITIONED,TEAM_B,17.8857,17.8857,-1.0,0.25,18.3629,-0.4772,8,5,SHRUNK,VENUE_OVERALL,home,thestatsapi,MEDIUM,PIT_SAFE
mt_629495329,COMP_NEUTRAL,A_ATK_final_third_entries_for_57639c,final_third_entries_for,final_third_entries,FOR,FULL,UNCONDITIONED,TEAM_B,53.8571,53.8571,-1.0,0.25,55.6286,-1.7715,8,5,SHRUNK,VENUE_OVERALL,home,thestatsapi,MEDIUM,PIT_SAFE
mt_629495329,COMP_NEUTRAL,A_DEF_crosses_against_0c9b73,crosses_against,crosses,AGAINST,FULL,UNCONDITIONED,TEAM_B,4.0286,4.0286,0.4072,0.4375,3.2635,0.7651,8,5,SHRUNK,VENUE_OVERALL,home,thestatsapi,MEDIUM,PIT_SAFE
mt_629495329,COMP_NEUTRAL,A_DEF_total_shots_against_4f7231,total_shots_against,total_shots,AGAINST,FULL,UNCONDITIONED,TEAM_B,13.4143,13.4143,1.0,0.75,11.7338,1.6805,8,5,SHRUNK,VENUE_OVERALL,home,thestatsapi,MEDIUM,PIT_SAFE
mt_629495329,COMP_NEUTRAL,A_DEF_shots_inside_box_against_25f03c,shots_inside_box_against,shots_inside_box,AGAINST,FULL,UNCONDITIONED,TEAM_B,7.1143,7.1143,-1.2621,0.125,7.7657,-0.6514,8,5,SHRUNK,VENUE_OVERALL,home,thestatsapi,MEDIUM,PIT_SAFE
mt_629495329,COMP_NEUTRAL,A_DEF_touches_in_box_against_726d6d,touches_in_box_against,touches_in_box,AGAINST,FULL,UNCONDITIONED,TEAM_B,20.5571,20.5571,-1.0,0.25,20.9852,-0.4281,8,5,SHRUNK,VENUE_OVERALL,home,thestatsapi,MEDIUM,PIT_SAFE
mt_629495329,COMP_NEUTRAL,A_DEF_corners_against_ffc656,corners_against,corners,AGAINST,FULL,UNCONDITIONED,TEAM_B,6.0714,6.0714,0.5486,0.5625,4.5877,1.4837,8,5,SHRUNK,VENUE_OVERALL,home,thestatsapi,MEDIUM,PIT_SAFE
mt_629495329,COMP_NEUTRAL,A_DEF_blocked_shots_for_4e2928,blocked_shots_for,blocked_shots,FOR,FULL,UNCONDITIONED,TEAM_B,2.0143,2.0143,-0.1859,0.4375,2.3314,-0.3171,8,5,SHRUNK,VENUE_OVERALL,home,thestatsapi,MEDIUM,PIT_SAFE
mt_629495329,COMP_NEUTRAL,A_DEF_clearances_for_d6ea3a,clearances_for,clearances,FOR,FULL,UNCONDITIONED,TEAM_B,23.1,23.1,0.8139,0.8125,15.5129,7.5871,8,5,SHRUNK,VENUE_OVERALL,home,thestatsapi,MEDIUM,PIT_SAFE
mt_629495329,COMP_NEUTRAL,A_DEF_interceptions_for_d64da6,interceptions_for,interceptions,FOR,FULL,UNCONDITIONED,TEAM_B,10.0429,10.0429,1.0,0.75,7.9748,2.0681,8,5,SHRUNK,VENUE_OVERALL,home,thestatsapi,MEDIUM,PIT_SAFE
mt_629495329,COMP_NEUTRAL,A_DIS_fouls_for_a9254a,fouls_for,fouls,FOR,FULL,UNCONDITIONED,TEAM_B,10.7286,10.7286,1.0,0.75,9.8643,0.8643,8,5,SHRUNK,VENUE_OVERALL,home,thestatsapi,MEDIUM,PIT_SAFE
mt_629495329,COMP_NEUTRAL,A_DIS_tackles_for_934d95,tackles_for,tackles,FOR,FULL,UNCONDITIONED,TEAM_B,16.8429,16.8429,1.0,0.75,15.7081,1.1348,8,5,SHRUNK,VENUE_OVERALL,home,thestatsapi,MEDIUM,PIT_SAFE
mt_629495329,COMP_NEUTRAL,A_DIS_yellow_cards_for_64b6cc,yellow_cards_for,yellow_cards,FOR,FULL,UNCONDITIONED,TEAM_B,1.8143,1.8143,-1.0,0.25,2.0405,-0.2262,8,5,SHRUNK,VENUE_OVERALL,home,thestatsapi,MEDIUM,PIT_SAFE
mt_629495329,COMP_NEUTRAL,A_DIS_fouls_against_4fa8bb,fouls_against,fouls,AGAINST,FULL,UNCONDITIONED,TEAM_B,11.7286,11.7286,-1.0,0.25,12.6976,-0.969,8,5,SHRUNK,VENUE_OVERALL,home,thestatsapi,MEDIUM,PIT_SAFE
mt_629495329,COMP_NEUTRAL,B_ATK_crosses_for_13debe,crosses_for,crosses,FOR,FULL,UNCONDITIONED,TEAM_A,3.7867,3.7867,-0.1071,0.3125,4.0635,-0.2768,9,5,SHRUNK,VENUE_OVERALL,away,thestatsapi,MEDIUM,PIT_SAFE
mt_629495329,COMP_NEUTRAL,B_ATK_total_shots_for_55f47b,total_shots_for,total_shots,FOR,FULL,UNCONDITIONED,TEAM_A,15.9867,15.9867,1.0984,0.9167,8.7221,7.2646,9,5,SHRUNK,VENUE_OVERALL,away,thestatsapi,MEDIUM,PIT_SAFE
mt_629495329,COMP_NEUTRAL,B_ATK_shots_on_target_for_208b89,shots_on_target_for,shots_on_target,FOR,FULL,UNCONDITIONED,TEAM_A,6.4533,6.4533,1.0,0.75,5.1981,1.2552,9,5,SHRUNK,VENUE_OVERALL,away,thestatsapi,MEDIUM,PIT_SAFE
mt_629495329,COMP_NEUTRAL,B_ATK_shots_inside_box_for_f562fe,shots_inside_box_for,shots_inside_box,FOR,FULL,UNCONDITIONED,TEAM_A,9.84,9.84,1.0,0.75,9.1272,0.7128,9,5,SHRUNK,VENUE_OVERALL,away,thestatsapi,MEDIUM,PIT_SAFE
mt_629495329,COMP_NEUTRAL,B_ATK_touches_in_box_for_265fa8,touches_in_box_for,touches_in_box,FOR,FULL,UNCONDITIONED,TEAM_A,28.8667,28.8667,0.9655,0.8125,17.965,10.9017,9,5,SHRUNK,VENUE_OVERALL,away,thestatsapi,MEDIUM,PIT_SAFE
mt_629495329,COMP_NEUTRAL,B_ATK_corners_for_18176b,corners_for,corners,FOR,FULL,UNCONDITIONED,TEAM_A,5.2533,5.2533,0.4748,0.4375,4.1668,1.0865,9,5,SHRUNK,VENUE_OVERALL,away,thestatsapi,MEDIUM,PIT_SAFE
mt_629495329,COMP_NEUTRAL,B_ATK_possession_for_f21ed9,possession_for,possession,FOR,FULL,UNCONDITIONED,TEAM_A,65.8933,65.8933,1.049,0.75,37.2987,28.5946,9,5,SHRUNK,VENUE_OVERALL,away,thestatsapi,MEDIUM,PIT_SAFE
mt_629495329,COMP_NEUTRAL,B_ATK_throw_ins_for_91d6fd,throw_ins_for,throw_ins,FOR,FULL,UNCONDITIONED,TEAM_A,18.84,18.84,1.0,0.75,18.3629,0.4771,9,5,SHRUNK,VENUE_OVERALL,away,thestatsapi,MEDIUM,PIT_SAFE
mt_629495329,COMP_NEUTRAL,B_ATK_final_third_entries_for_474fc9,final_third_entries_for,final_third_entries,FOR,FULL,UNCONDITIONED,TEAM_A,57.4,57.4,1.0,0.75,55.6286,1.7714,9,5,SHRUNK,VENUE_OVERALL,away,thestatsapi,MEDIUM,PIT_SAFE
mt_629495329,COMP_NEUTRAL,B_DEF_crosses_against_08e133,crosses_against,crosses,AGAINST,FULL,UNCONDITIONED,TEAM_A,4.1333,4.1333,0.463,0.5625,3.2635,0.8698,9,5,SHRUNK,VENUE_OVERALL,away,thestatsapi,MEDIUM,PIT_SAFE
mt_629495329,COMP_NEUTRAL,B_DEF_total_shots_against_c6bcce,total_shots_against,total_shots,AGAINST,FULL,UNCONDITIONED,TEAM_A,10.0533,10.0533,-1.0,0.25,11.7338,-1.6805,9,5,SHRUNK,VENUE_OVERALL,away,thestatsapi,MEDIUM,PIT_SAFE
mt_629495329,COMP_NEUTRAL,B_DEF_shots_inside_box_against_9bf736,shots_inside_box_against,shots_inside_box,AGAINST,FULL,UNCONDITIONED,TEAM_A,7.4267,7.4267,-0.6568,0.375,7.7657,-0.339,9,5,SHRUNK,VENUE_OVERALL,away,thestatsapi,MEDIUM,PIT_SAFE
mt_629495329,COMP_NEUTRAL,B_DEF_touches_in_box_against_fe5dda,touches_in_box_against,touches_in_box,AGAINST,FULL,UNCONDITIONED,TEAM_A,21.4133,21.4133,1.0,0.75,20.9852,0.4281,9,5,SHRUNK,VENUE_OVERALL,away,thestatsapi,MEDIUM,PIT_SAFE
mt_629495329,COMP_NEUTRAL,B_DEF_corners_against_1748dc,corners_against,corners,AGAINST,FULL,UNCONDITIONED,TEAM_A,5.72,5.72,0.4186,0.3125,4.5877,1.1323,9,5,SHRUNK,VENUE_OVERALL,away,thestatsapi,MEDIUM,PIT_SAFE
mt_629495329,COMP_NEUTRAL,B_DEF_blocked_shots_for_fa67a2,blocked_shots_for,blocked_shots,FOR,FULL,UNCONDITIONED,TEAM_A,4.28,4.28,1.1427,0.8125,2.3314,1.9486,9,5,SHRUNK,VENUE_OVERALL,away,thestatsapi,MEDIUM,PIT_SAFE
mt_629495329,COMP_NEUTRAL,B_DEF_clearances_for_de084b,clearances_for,clearances,FOR,FULL,UNCONDITIONED,TEAM_A,16.4933,16.4933,0.1052,0.3125,15.5129,0.9804,9,5,SHRUNK,VENUE_OVERALL,away,thestatsapi,MEDIUM,PIT_SAFE
mt_629495329,COMP_NEUTRAL,B_DEF_interceptions_for_4e11fd,interceptions_for,interceptions,FOR,FULL,UNCONDITIONED,TEAM_A,5.9067,5.9067,-1.0,0.25,7.9748,-2.0681,9,5,SHRUNK,VENUE_OVERALL,away,thestatsapi,MEDIUM,PIT_SAFE
mt_629495329,COMP_NEUTRAL,B_DIS_fouls_for_dd524b,fouls_for,fouls,FOR,FULL,UNCONDITIONED,TEAM_A,9.0,9.0,-1.0,0.25,9.8643,-0.8643,9,5,SHRUNK,VENUE_OVERALL,away,thestatsapi,MEDIUM,PIT_SAFE
mt_629495329,COMP_NEUTRAL,B_DIS_tackles_for_e52eb6,tackles_for,tackles,FOR,FULL,UNCONDITIONED,TEAM_A,14.5733,14.5733,-1.0,0.25,15.7081,-1.1348,9,5,SHRUNK,VENUE_OVERALL,away,thestatsapi,MEDIUM,PIT_SAFE
mt_629495329,COMP_NEUTRAL,B_DIS_yellow_cards_for_38b33d,yellow_cards_for,yellow_cards,FOR,FULL,UNCONDITIONED,TEAM_A,2.2667,2.2667,1.0,0.75,2.0405,0.2262,9,5,SHRUNK,VENUE_OVERALL,away,thestatsapi,MEDIUM,PIT_SAFE
mt_629495329,COMP_NEUTRAL,B_DIS_fouls_against_512b35,fouls_against,fouls,AGAINST,FULL,UNCONDITIONED,TEAM_A,13.6667,13.6667,1.0,0.75,12.6976,0.9691,9,5,SHRUNK,VENUE_OVERALL,away,thestatsapi,MEDIUM,PIT_SAFE
mt_629495329,COMP_NEUTRAL,ENV_corners_833431,league_corners_env,league_corners_env,NEUTRAL,FULL,UNCONDITIONED,,9.4218,9.4218,,0.5,9.4218,0.0,0,0,DIRECT,COMPETITION_PRIOR,,derived,HIGH,PIT_SAFE
mt_629495329,COMP_NEUTRAL,ENV_total_shots_f591fb,league_total_shots_env,league_total_shots_env,NEUTRAL,FULL,UNCONDITIONED,,23.4966,23.4966,,0.5,23.4966,0.0,0,0,DIRECT,COMPETITION_PRIOR,,derived,HIGH,PIT_SAFE
mt_629495329,COMP_NEUTRAL,ENV_fouls_1df8c9,league_fouls_env,league_fouls_env,NEUTRAL,FULL,UNCONDITIONED,,25.1701,25.1701,,0.5,25.1701,0.0,0,0,DIRECT,COMPETITION_PRIOR,,derived,HIGH,PIT_SAFE
mt_629495329,COMP_NEUTRAL,ENV_yellow_cards_fba5e7,league_yellow_cards_env,league_yellow_cards_env,NEUTRAL,FULL,UNCONDITIONED,,4.9225,4.9225,,0.5,4.9225,0.0,0,0,DIRECT,COMPETITION_PRIOR,,derived,HIGH,PIT_SAFE
mt_629495329,COMP_NEUTRAL,A_FC_fc_crosses_for_56fc65,fc_crosses_for,crosses,FOR,FULL,TEAM_FORMATION_CONDITIONED,,6.625,6.625,0.9914,0.6875,4.0635,2.5615,0,0,SHRUNK,TEAM_BASELINE,home,derived_formation,LOW,PIT_SAFE
mt_629495329,COMP_NEUTRAL,A_FC_formation_delta_crosses_for_2fcd5b,formation_delta_crosses_for,crosses,FOR,FULL,TEAM_FORMATION_CONDITIONED,,0.0,0.0,-1.5727,0.0625,4.0635,-4.0635,0,0,DERIVED,TEAM_BASELINE,home,derived_formation,LOW,PIT_SAFE
mt_629495329,COMP_NEUTRAL,A_FC_fc_corners_for_b4f4cd,fc_corners_for,corners,FOR,FULL,TEAM_FORMATION_CONDITIONED,,5.625,5.625,0.6373,0.6875,4.1668,1.4582,0,0,SHRUNK,TEAM_BASELINE,home,derived_formation,LOW,PIT_SAFE
mt_629495329,COMP_NEUTRAL,A_FC_formation_delta_corners_for_b3c4f6,formation_delta_corners_for,corners,FOR,FULL,TEAM_FORMATION_CONDITIONED,,0.0,0.0,-1.8209,0.0625,4.1668,-4.1668,0,0,DERIVED,TEAM_BASELINE,home,derived_formation,LOW,PIT_SAFE
mt_629495329,COMP_NEUTRAL,A_FC_fc_corners_against_b937a9,fc_corners_against,corners,AGAINST,FULL,TEAM_FORMATION_CONDITIONED,,6.375,6.375,0.6608,0.8125,4.5877,1.7873,0,0,SHRUNK,TEAM_BASELINE,home,derived_formation,LOW,PIT_SAFE
mt_629495329,COMP_NEUTRAL,A_FC_formation_delta_corners_against_086942,formation_delta_corners_against,corners,AGAINST,FULL,TEAM_FORMATION_CONDITIONED,,0.0,0.0,-1.6962,0.1875,4.5877,-4.5877,0,0,DERIVED,TEAM_BASELINE,home,derived_formation,LOW,PIT_SAFE
mt_629495329,COMP_NEUTRAL,A_FC_fc_touches_in_box_for_3d7e4d,fc_touches_in_box_for,touches_in_box,FOR,FULL,TEAM_FORMATION_CONDITIONED,,18.0,18.0,0.0031,0.3125,17.965,0.035,0,0,SHRUNK,TEAM_BASELINE,home,derived_formation,LOW,PIT_SAFE
mt_629495329,COMP_NEUTRAL,A_FC_formation_delta_touches_in_box_for_65ed6d,formation_delta_touches_in_box_for,touches_in_box,FOR,FULL,TEAM_FORMATION_CONDITIONED,,0.0,0.0,-1.5911,0.1875,17.965,-17.965,0,0,DERIVED,TEAM_BASELINE,home,derived_formation,LOW,PIT_SAFE
mt_629495329,COMP_NEUTRAL,A_FC_fc_total_shots_for_afb2d9,fc_total_shots_for,total_shots,FOR,FULL,TEAM_FORMATION_CONDITIONED,,11.0,11.0,0.3444,0.5833,8.7221,2.2779,0,0,SHRUNK,TEAM_BASELINE,home,derived_formation,LOW,PIT_SAFE
mt_629495329,COMP_NEUTRAL,A_FC_formation_delta_total_shots_for_fbc2cd,formation_delta_total_shots_for,total_shots,FOR,FULL,TEAM_FORMATION_CONDITIONED,,0.0,0.0,-1.3188,0.25,8.7221,-8.7221,0,0,DERIVED,TEAM_BASELINE,home,derived_formation,LOW,PIT_SAFE
mt_629495329,COMP_NEUTRAL,A_FC_fc_possession_for_9c2d1d,fc_possession_for,possession,FOR,FULL,TEAM_FORMATION_CONDITIONED,,44.75,44.75,0.2734,0.4167,37.2987,7.4513,0,0,SHRUNK,TEAM_BASELINE,home,derived_formation,LOW,PIT_SAFE
mt_629495329,COMP_NEUTRAL,A_FC_formation_delta_possession_for_95dcd0,formation_delta_possession_for,possession,FOR,FULL,TEAM_FORMATION_CONDITIONED,,0.0,0.0,-1.3683,0.0833,37.2987,-37.2987,0,0,DERIVED,TEAM_BASELINE,home,derived_formation,LOW,PIT_SAFE
mt_629495329,COMP_NEUTRAL,A_FC_fc_crosses_against_4f0741,fc_crosses_against,crosses,AGAINST,FULL,TEAM_FORMATION_CONDITIONED,,4.0,4.0,0.392,0.3125,3.2635,0.7365,0,0,SHRUNK,TEAM_BASELINE,home,derived_formation,LOW,PIT_SAFE
mt_629495329,COMP_NEUTRAL,A_FC_formation_delta_crosses_against_ab48ae,formation_delta_crosses_against,crosses,AGAINST,FULL,TEAM_FORMATION_CONDITIONED,,0.0,0.0,-1.7372,0.0625,3.2635,-3.2635,0,0,DERIVED,TEAM_BASELINE,home,derived_formation,LOW,PIT_SAFE
mt_629495329,COMP_NEUTRAL,A_FC_fc_clearances_for_fbe01e,fc_clearances_for,clearances,FOR,FULL,TEAM_FORMATION_CONDITIONED,,22.125,22.125,0.7093,0.6875,15.5129,6.6121,0,0,SHRUNK,TEAM_BASELINE,home,derived_formation,LOW,PIT_SAFE
mt_629495329,COMP_NEUTRAL,A_FC_formation_delta_clearances_for_c16265,formation_delta_clearances_for,clearances,FOR,FULL,TEAM_FORMATION_CONDITIONED,,0.0,0.0,-1.6641,0.0625,15.5129,-15.5129,0,0,DERIVED,TEAM_BASELINE,home,derived_formation,LOW,PIT_SAFE
mt_629495329,COMP_NEUTRAL,A_FC_fc_blocked_shots_for_add7c2,fc_blocked_shots_for,blocked_shots,FOR,FULL,TEAM_FORMATION_CONDITIONED,,1.875,1.875,-0.2676,0.3125,2.3314,-0.4564,0,0,SHRUNK,TEAM_BASELINE,home,derived_formation,LOW,PIT_SAFE
mt_629495329,COMP_NEUTRAL,A_FC_formation_delta_blocked_shots_for_31a63b,formation_delta_blocked_shots_for,blocked_shots,FOR,FULL,TEAM_FORMATION_CONDITIONED,,0.0,0.0,-1.3672,0.1875,2.3314,-2.3314,0,0,DERIVED,TEAM_BASELINE,home,derived_formation,LOW,PIT_SAFE
mt_629495329,COMP_NEUTRAL,A_FMX_fmx_crosses_for_a98847,fmx_crosses_for,crosses,FOR,FULL,OPP_FORMATION_CONDITIONED,4-3-3,6.9323,6.9323,1.1103,0.9375,4.0635,2.8688,8,5,HIERARCHICAL,VENUE_OVERALL,home,derived_formation,MEDIUM,PIT_SAFE
mt_629495329,COMP_NEUTRAL,A_FMX_fmx_crosses_against_0003a0,fmx_crosses_against,crosses,AGAINST,FULL,OPP_FORMATION_CONDITIONED,4-3-3,4.616,4.616,0.7199,0.8125,3.2635,1.3524,8,5,HIERARCHICAL,VENUE_OVERALL,home,derived_formation,MEDIUM,PIT_SAFE
mt_629495329,COMP_NEUTRAL,A_FMX_fmx_corners_for_bcaa91,fmx_corners_for,corners,FOR,FULL,OPP_FORMATION_CONDITIONED,4-3-3,5.7965,5.7965,0.7122,0.9375,4.1668,1.6297,8,5,HIERARCHICAL,VENUE_OVERALL,home,derived_formation,MEDIUM,PIT_SAFE
mt_629495329,COMP_NEUTRAL,A_FMX_fmx_corners_against_0b0456,fmx_corners_against,corners,AGAINST,FULL,OPP_FORMATION_CONDITIONED,4-3-3,6.5312,6.5312,0.7186,0.9375,4.5877,1.9435,8,5,HIERARCHICAL,VENUE_OVERALL,home,derived_formation,MEDIUM,PIT_SAFE
mt_629495329,COMP_NEUTRAL,A_FMX_fmx_touches_in_box_for_da97b3,fmx_touches_in_box_for,touches_in_box,FOR,FULL,OPP_FORMATION_CONDITIONED,4-3-3,21.282,21.282,0.2938,0.5625,17.965,3.317,8,5,HIERARCHICAL,VENUE_OVERALL,home,derived_formation,MEDIUM,PIT_SAFE
mt_629495329,COMP_NEUTRAL,A_FMX_fmx_clearances_for_030169,fmx_clearances_for,clearances,FOR,FULL,OPP_FORMATION_CONDITIONED,4-3-3,25.1302,25.1302,1.0316,0.9375,15.5129,9.6173,8,5,HIERARCHICAL,VENUE_OVERALL,home,derived_formation,MEDIUM,PIT_SAFE
mt_629495329,COMP_NEUTRAL,A_FMX_fmx_blocked_shots_for_bf5a9c,fmx_blocked_shots_for,blocked_shots,FOR,FULL,OPP_FORMATION_CONDITIONED,4-3-3,2.5037,2.5037,0.101,0.5625,2.3314,0.1723,8,5,HIERARCHICAL,VENUE_OVERALL,home,derived_formation,MEDIUM,PIT_SAFE
mt_629495329,COMP_NEUTRAL,A_FMX_fmx_shots_inside_box_against_3c0533,fmx_shots_inside_box_against,shots_inside_box,AGAINST,FULL,OPP_FORMATION_CONDITIONED,4-3-3,8.127,8.127,0.7,0.625,7.7657,0.3613,8,5,HIERARCHICAL,VENUE_OVERALL,home,derived_formation,MEDIUM,PIT_SAFE
mt_629495329,COMP_NEUTRAL,B_FC_fc_crosses_for_afc7ab,fc_crosses_for,crosses,FOR,FULL,TEAM_FORMATION_CONDITIONED,,3.9524,3.9524,-0.043,0.4375,4.0635,-0.1111,1,1,DIRECT,EXACT_FORMATION,away,derived_formation,LOW,PIT_SAFE
mt_629495329,COMP_NEUTRAL,B_FC_formation_delta_crosses_for_ce3204,formation_delta_crosses_for,crosses,FOR,FULL,TEAM_FORMATION_CONDITIONED,,0.1746,0.1746,-1.5051,0.1875,4.0635,-3.8889,1,1,DERIVED,EXACT_FORMATION,away,derived_formation,LOW,PIT_SAFE
mt_629495329,COMP_NEUTRAL,B_FC_fc_corners_for_1d4039,fc_corners_for,corners,FOR,FULL,TEAM_FORMATION_CONDITIONED,,5.3333,5.3333,0.5098,0.5625,4.1668,1.1665,1,1,DIRECT,EXACT_FORMATION,away,derived_formation,LOW,PIT_SAFE
mt_629495329,COMP_NEUTRAL,B_FC_formation_delta_corners_for_6d4e32,formation_delta_corners_for,corners,FOR,FULL,TEAM_FORMATION_CONDITIONED,,0.4444,0.4444,-1.6267,0.1875,4.1668,-3.7224,1,1,DERIVED,EXACT_FORMATION,away,derived_formation,LOW,PIT_SAFE
mt_629495329,COMP_NEUTRAL,B_FC_fc_corners_against_46f276,fc_corners_against,corners,AGAINST,FULL,TEAM_FORMATION_CONDITIONED,,5.9524,5.9524,0.5046,0.4375,4.5877,1.3647,1,1,DIRECT,EXACT_FORMATION,away,derived_formation,LOW,PIT_SAFE
mt_629495329,COMP_NEUTRAL,B_FC_formation_delta_corners_against_050479,formation_delta_corners_against,corners,AGAINST,FULL,TEAM_FORMATION_CONDITIONED,,-0.1587,-0.1587,-1.7548,0.0625,4.5877,-4.7464,1,1,DERIVED,EXACT_FORMATION,away,derived_formation,LOW,PIT_SAFE
mt_629495329,COMP_NEUTRAL,B_FC_fc_touches_in_box_for_5c1fa5,fc_touches_in_box_for,touches_in_box,FOR,FULL,TEAM_FORMATION_CONDITIONED,,27.2381,27.2381,0.8213,0.6875,17.965,9.2731,1,1,DIRECT,EXACT_FORMATION,away,derived_formation,LOW,PIT_SAFE
mt_629495329,COMP_NEUTRAL,B_FC_formation_delta_touches_in_box_for_a50314,formation_delta_touches_in_box_for,touches_in_box,FOR,FULL,TEAM_FORMATION_CONDITIONED,,-0.2063,-0.2063,-1.6094,0.0625,17.965,-18.1713,1,1,DERIVED,EXACT_FORMATION,away,derived_formation,LOW,PIT_SAFE
mt_629495329,COMP_NEUTRAL,B_FC_fc_total_shots_for_ee2f16,fc_total_shots_for,total_shots,FOR,FULL,TEAM_FORMATION_CONDITIONED,,14.9524,14.9524,0.942,0.75,8.7221,6.2303,1,1,DIRECT,EXACT_FORMATION,away,derived_formation,LOW,PIT_SAFE
mt_629495329,COMP_NEUTRAL,B_FC_formation_delta_total_shots_for_48b288,formation_delta_total_shots_for,total_shots,FOR,FULL,TEAM_FORMATION_CONDITIONED,,-0.4921,-0.4921,-1.3932,0.0833,8.7221,-9.2142,1,1,DERIVED,EXACT_FORMATION,away,derived_formation,LOW,PIT_SAFE
mt_629495329,COMP_NEUTRAL,B_FC_fc_possession_for_82546d,fc_possession_for,possession,FOR,FULL,TEAM_FORMATION_CONDITIONED,,66.3333,66.3333,1.0652,0.9167,37.2987,29.0346,1,1,DIRECT,EXACT_FORMATION,away,derived_formation,LOW,PIT_SAFE
mt_629495329,COMP_NEUTRAL,B_FC_formation_delta_possession_for_4c30e4,formation_delta_possession_for,possession,FOR,FULL,TEAM_FORMATION_CONDITIONED,,1.4444,1.4444,-1.3154,0.25,37.2987,-35.8543,1,1,DERIVED,EXACT_FORMATION,away,derived_formation,LOW,PIT_SAFE
mt_629495329,COMP_NEUTRAL,B_FC_fc_crosses_against_88e530,fc_crosses_against,crosses,AGAINST,FULL,TEAM_FORMATION_CONDITIONED,,4.5238,4.5238,0.6708,0.6875,3.2635,1.2602,1,1,DIRECT,EXACT_FORMATION,away,derived_formation,LOW,PIT_SAFE
mt_629495329,COMP_NEUTRAL,B_FC_formation_delta_crosses_against_5c77c4,formation_delta_crosses_against,crosses,AGAINST,FULL,TEAM_FORMATION_CONDITIONED,,0.0794,0.0794,-1.6949,0.1875,3.2635,-3.1841,1,1,DERIVED,EXACT_FORMATION,away,derived_formation,LOW,PIT_SAFE
mt_629495329,COMP_NEUTRAL,B_FC_fc_clearances_for_80f333,fc_clearances_for,clearances,FOR,FULL,TEAM_FORMATION_CONDITIONED,,17.7143,17.7143,0.2361,0.4375,15.5129,2.2014,1,1,DIRECT,EXACT_FORMATION,away,derived_formation,LOW,PIT_SAFE
mt_629495329,COMP_NEUTRAL,B_FC_formation_delta_clearances_for_f50058,formation_delta_clearances_for,clearances,FOR,FULL,TEAM_FORMATION_CONDITIONED,,0.0476,0.0476,-1.6589,0.1875,15.5129,-15.4653,1,1,DERIVED,EXACT_FORMATION,away,derived_formation,LOW,PIT_SAFE
mt_629495329,COMP_NEUTRAL,B_FC_fc_blocked_shots_for_70d982,fc_blocked_shots_for,blocked_shots,FOR,FULL,TEAM_FORMATION_CONDITIONED,,3.8095,3.8095,0.8668,0.6875,2.3314,1.4781,1,1,DIRECT,EXACT_FORMATION,away,derived_formation,LOW,PIT_SAFE
mt_629495329,COMP_NEUTRAL,B_FC_formation_delta_blocked_shots_for_a9dab3,formation_delta_blocked_shots_for,blocked_shots,FOR,FULL,TEAM_FORMATION_CONDITIONED,,-0.3016,-0.3016,-1.5441,0.0625,2.3314,-2.633,1,1,DERIVED,EXACT_FORMATION,away,derived_formation,LOW,PIT_SAFE
mt_629495329,COMP_NEUTRAL,B_FMX_fmx_crosses_for_862db6,fmx_crosses_for,crosses,FOR,FULL,OPP_FORMATION_CONDITIONED,4-2-3-1,4.3654,4.3654,0.1169,0.5625,4.0635,0.3019,9,5,HIERARCHICAL,VENUE_OVERALL,away,derived_formation,MEDIUM,PIT_SAFE
mt_629495329,COMP_NEUTRAL,B_FMX_fmx_crosses_against_01fe86,fmx_crosses_against,crosses,AGAINST,FULL,OPP_FORMATION_CONDITIONED,4-2-3-1,4.7273,4.7273,0.7792,0.9375,3.2635,1.4637,9,5,HIERARCHICAL,VENUE_OVERALL,away,derived_formation,MEDIUM,PIT_SAFE
mt_629495329,COMP_NEUTRAL,B_FMX_fmx_corners_for_e2fe5f,fmx_corners_for,corners,FOR,FULL,OPP_FORMATION_CONDITIONED,4-2-3-1,5.6672,5.6672,0.6557,0.8125,4.1668,1.5004,9,5,HIERARCHICAL,VENUE_OVERALL,away,derived_formation,MEDIUM,PIT_SAFE
mt_629495329,COMP_NEUTRAL,B_FMX_fmx_corners_against_07991e,fmx_corners_against,corners,AGAINST,FULL,OPP_FORMATION_CONDITIONED,4-2-3-1,6.2101,6.2101,0.5998,0.6875,4.5877,1.6224,9,5,HIERARCHICAL,VENUE_OVERALL,away,derived_formation,MEDIUM,PIT_SAFE
mt_629495329,COMP_NEUTRAL,B_FMX_fmx_touches_in_box_for_7f52f7,fmx_touches_in_box_for,touches_in_box,FOR,FULL,OPP_FORMATION_CONDITIONED,4-2-3-1,30.2536,30.2536,1.0884,0.9375,17.965,12.2886,9,5,HIERARCHICAL,VENUE_OVERALL,away,derived_formation,MEDIUM,PIT_SAFE
mt_629495329,COMP_NEUTRAL,B_FMX_fmx_clearances_for_2b73e8,fmx_clearances_for,clearances,FOR,FULL,OPP_FORMATION_CONDITIONED,4-2-3-1,19.4929,19.4929,0.4269,0.5625,15.5129,3.98,9,5,HIERARCHICAL,VENUE_OVERALL,away,derived_formation,MEDIUM,PIT_SAFE
mt_629495329,COMP_NEUTRAL,B_FMX_fmx_blocked_shots_for_5c1b8d,fmx_blocked_shots_for,blocked_shots,FOR,FULL,OPP_FORMATION_CONDITIONED,4-2-3-1,4.4702,4.4702,1.2543,0.9375,2.3314,2.1388,9,5,HIERARCHICAL,VENUE_OVERALL,away,derived_formation,MEDIUM,PIT_SAFE
mt_629495329,COMP_NEUTRAL,B_FMX_fmx_shots_inside_box_against_bb7940,fmx_shots_inside_box_against,shots_inside_box,AGAINST,FULL,OPP_FORMATION_CONDITIONED,4-2-3-1,8.3948,8.3948,1.2189,0.875,7.7657,0.6291,9,5,HIERARCHICAL,VENUE_OVERALL,away,derived_formation,MEDIUM,PIT_SAFE
mt_408750625,COMP_NEUTRAL,A_ATK_crosses_for_058aa5,crosses_for,crosses,FOR,FULL,UNCONDITIONED,TEAM_B,8.0303,8.0303,0.9713,0.6875,4.9841,3.0462,6,4,SHRUNK,VENUE_OVERALL,home,thestatsapi,MEDIUM,PIT_SAFE
mt_408750625,COMP_NEUTRAL,A_ATK_total_shots_for_fe058b,total_shots_for,total_shots,FOR,FULL,UNCONDITIONED,TEAM_B,13.2803,13.2803,0.8366,0.75,8.322,4.9583,6,4,SHRUNK,VENUE_OVERALL,home,thestatsapi,MEDIUM,PIT_SAFE
mt_408750625,COMP_NEUTRAL,A_ATK_shots_on_target_for_56aeb2,shots_on_target_for,shots_on_target,FOR,FULL,UNCONDITIONED,TEAM_B,4.7879,4.7879,1.0,0.75,4.3182,0.4697,6,4,SHRUNK,VENUE_OVERALL,home,thestatsapi,MEDIUM,PIT_SAFE
mt_408750625,COMP_NEUTRAL,A_ATK_shots_inside_box_for_af09a8,shots_inside_box_for,shots_inside_box,FOR,FULL,UNCONDITIONED,TEAM_B,10.0303,10.0303,1.0,0.75,8.5379,1.4924,6,4,SHRUNK,VENUE_OVERALL,home,thestatsapi,MEDIUM,PIT_SAFE
mt_408750625,COMP_NEUTRAL,A_ATK_touches_in_box_for_37c913,touches_in_box_for,touches_in_box,FOR,FULL,UNCONDITIONED,TEAM_B,27.3712,27.3712,0.7248,0.6875,19.0651,8.3061,6,4,SHRUNK,VENUE_OVERALL,home,thestatsapi,MEDIUM,PIT_SAFE
mt_408750625,COMP_NEUTRAL,A_ATK_corners_for_12cf00,corners_for,corners,FOR,FULL,UNCONDITIONED,TEAM_B,4.5379,4.5379,0.1965,0.4375,4.0803,0.4576,6,4,SHRUNK,VENUE_OVERALL,home,thestatsapi,MEDIUM,PIT_SAFE
mt_408750625,COMP_NEUTRAL,A_ATK_possession_for_29576c,possession_for,possession,FOR,FULL,UNCONDITIONED,TEAM_B,52.4167,52.4167,0.7327,0.75,34.9369,17.4798,6,4,SHRUNK,VENUE_OVERALL,home,thestatsapi,MEDIUM,PIT_SAFE
mt_408750625,COMP_NEUTRAL,A_ATK_throw_ins_for_e3c08e,throw_ins_for,throw_ins,FOR,FULL,UNCONDITIONED,TEAM_B,19.4318,19.4318,-1.0,0.25,20.5606,-1.1288,6,4,SHRUNK,VENUE_OVERALL,home,thestatsapi,MEDIUM,PIT_SAFE
mt_408750625,COMP_NEUTRAL,A_ATK_final_third_entries_for_3434e7,final_third_entries_for,final_third_entries,FOR,FULL,UNCONDITIONED,TEAM_B,54.4242,54.4242,1.0,0.75,52.6401,1.7841,6,4,SHRUNK,VENUE_OVERALL,home,thestatsapi,MEDIUM,PIT_SAFE
mt_408750625,COMP_NEUTRAL,A_DEF_crosses_against_7b2030,crosses_against,crosses,AGAINST,FULL,UNCONDITIONED,TEAM_B,3.3636,3.3636,0.4637,0.6875,2.5895,0.7741,6,4,SHRUNK,VENUE_OVERALL,home,thestatsapi,MEDIUM,PIT_SAFE
mt_408750625,COMP_NEUTRAL,A_DEF_total_shots_against_6e9874,total_shots_against,total_shots,AGAINST,FULL,UNCONDITIONED,TEAM_B,12.3864,12.3864,1.0,0.75,11.928,0.4584,6,4,SHRUNK,VENUE_OVERALL,home,thestatsapi,MEDIUM,PIT_SAFE
mt_408750625,COMP_NEUTRAL,A_DEF_shots_inside_box_against_fdc882,shots_inside_box_against,shots_inside_box,AGAINST,FULL,UNCONDITIONED,TEAM_B,9.4621,9.4621,0.2664,0.625,9.1496,0.3125,6,4,SHRUNK,VENUE_OVERALL,home,thestatsapi,MEDIUM,PIT_SAFE
mt_408750625,COMP_NEUTRAL,A_DEF_touches_in_box_against_1ce7c5,touches_in_box_against,touches_in_box,AGAINST,FULL,UNCONDITIONED,TEAM_B,20.447,20.447,1.0,0.75,20.0568,0.3902,6,4,SHRUNK,VENUE_OVERALL,home,thestatsapi,MEDIUM,PIT_SAFE
mt_408750625,COMP_NEUTRAL,A_DEF_corners_against_5404b9,corners_against,corners,AGAINST,FULL,UNCONDITIONED,TEAM_B,4.2273,4.2273,0.4818,0.6875,3.1829,1.0444,6,4,SHRUNK,VENUE_OVERALL,home,thestatsapi,MEDIUM,PIT_SAFE
mt_408750625,COMP_NEUTRAL,A_DEF_blocked_shots_for_99f685,blocked_shots_for,blocked_shots,FOR,FULL,UNCONDITIONED,TEAM_B,3.2879,3.2879,0.4359,0.5625,2.6485,0.6394,6,4,SHRUNK,VENUE_OVERALL,home,thestatsapi,MEDIUM,PIT_SAFE
mt_408750625,COMP_NEUTRAL,A_DEF_clearances_for_63fefc,clearances_for,clearances,FOR,FULL,UNCONDITIONED,TEAM_B,13.7652,13.7652,0.1486,0.4375,12.5105,1.2547,6,4,SHRUNK,VENUE_OVERALL,home,thestatsapi,MEDIUM,PIT_SAFE
mt_408750625,COMP_NEUTRAL,A_DEF_interceptions_for_2c79b7,interceptions_for,interceptions,FOR,FULL,UNCONDITIONED,TEAM_B,7.8712,7.8712,-1.0,0.25,8.0909,-0.2197,6,4,SHRUNK,VENUE_OVERALL,home,thestatsapi,MEDIUM,PIT_SAFE
mt_408750625,COMP_NEUTRAL,A_DIS_fouls_for_49544b,fouls_for,fouls,FOR,FULL,UNCONDITIONED,TEAM_B,18.0682,18.0682,1.0,0.75,16.428,1.6402,6,4,SHRUNK,VENUE_OVERALL,home,thestatsapi,MEDIUM,PIT_SAFE
mt_408750625,COMP_NEUTRAL,A_DIS_tackles_for_17385e,tackles_for,tackles,FOR,FULL,UNCONDITIONED,TEAM_B,17.3939,17.3939,-1.0,0.25,18.1099,-0.716,6,4,SHRUNK,VENUE_OVERALL,home,thestatsapi,MEDIUM,PIT_SAFE
mt_408750625,COMP_NEUTRAL,A_DIS_yellow_cards_for_c4c378,yellow_cards_for,yellow_cards,FOR,FULL,UNCONDITIONED,TEAM_B,3.2727,3.2727,1.0,0.75,3.1288,0.1439,6,4,SHRUNK,VENUE_OVERALL,home,thestatsapi,MEDIUM,PIT_SAFE
mt_408750625,COMP_NEUTRAL,A_DIS_fouls_against_33f31f,fouls_against,fouls,AGAINST,FULL,UNCONDITIONED,TEAM_B,15.7121,15.7121,1.0,0.75,14.4772,1.2348,6,4,SHRUNK,VENUE_OVERALL,home,thestatsapi,MEDIUM,PIT_SAFE
mt_408750625,COMP_NEUTRAL,B_ATK_crosses_for_fbb4a1,crosses_for,crosses,FOR,FULL,UNCONDITIONED,TEAM_A,4.7955,4.7955,-0.0601,0.4375,4.9841,-0.1886,6,4,SHRUNK,VENUE_OVERALL,away,thestatsapi,MEDIUM,PIT_SAFE
mt_408750625,COMP_NEUTRAL,B_ATK_total_shots_for_f18fd8,total_shots_for,total_shots,FOR,FULL,UNCONDITIONED,TEAM_A,12.0682,12.0682,0.6321,0.5833,8.322,3.7462,6,4,SHRUNK,VENUE_OVERALL,away,thestatsapi,MEDIUM,PIT_SAFE
mt_408750625,COMP_NEUTRAL,B_ATK_shots_on_target_for_b45984,shots_on_target_for,shots_on_target,FOR,FULL,UNCONDITIONED,TEAM_A,3.8485,3.8485,-1.0,0.25,4.3182,-0.4697,6,4,SHRUNK,VENUE_OVERALL,away,thestatsapi,MEDIUM,PIT_SAFE
mt_408750625,COMP_NEUTRAL,B_ATK_shots_inside_box_for_3d94c7,shots_inside_box_for,shots_inside_box,FOR,FULL,UNCONDITIONED,TEAM_A,7.0455,7.0455,-1.0,0.25,8.5379,-1.4924,6,4,SHRUNK,VENUE_OVERALL,away,thestatsapi,MEDIUM,PIT_SAFE
mt_408750625,COMP_NEUTRAL,B_ATK_touches_in_box_for_8cfa07,touches_in_box_for,touches_in_box,FOR,FULL,UNCONDITIONED,TEAM_A,22.0,22.0,0.2561,0.4375,19.0651,2.9349,6,4,SHRUNK,VENUE_OVERALL,away,thestatsapi,MEDIUM,PIT_SAFE
mt_408750625,COMP_NEUTRAL,B_ATK_corners_for_0d1e37,corners_for,corners,FOR,FULL,UNCONDITIONED,TEAM_A,5.6515,5.6515,0.6746,0.6875,4.0803,1.5712,6,4,SHRUNK,VENUE_OVERALL,away,thestatsapi,MEDIUM,PIT_SAFE
mt_408750625,COMP_NEUTRAL,B_ATK_possession_for_2c53bf,possession_for,possession,FOR,FULL,UNCONDITIONED,TEAM_A,50.7879,50.7879,0.6645,0.4167,34.9369,15.851,6,4,SHRUNK,VENUE_OVERALL,away,thestatsapi,MEDIUM,PIT_SAFE
mt_408750625,COMP_NEUTRAL,B_ATK_throw_ins_for_f0e421,throw_ins_for,throw_ins,FOR,FULL,UNCONDITIONED,TEAM_A,21.6894,21.6894,1.0,0.75,20.5606,1.1288,6,4,SHRUNK,VENUE_OVERALL,away,thestatsapi,MEDIUM,PIT_SAFE
mt_408750625,COMP_NEUTRAL,B_ATK_final_third_entries_for_75303e,final_third_entries_for,final_third_entries,FOR,FULL,UNCONDITIONED,TEAM_A,50.8561,50.8561,-1.0,0.25,52.6401,-1.7841,6,4,SHRUNK,VENUE_OVERALL,away,thestatsapi,MEDIUM,PIT_SAFE
mt_408750625,COMP_NEUTRAL,B_DEF_crosses_against_1506f2,crosses_against,crosses,AGAINST,FULL,UNCONDITIONED,TEAM_A,3.1136,3.1136,0.3139,0.4375,2.5895,0.5241,6,4,SHRUNK,VENUE_OVERALL,away,thestatsapi,MEDIUM,PIT_SAFE
mt_408750625,COMP_NEUTRAL,B_DEF_total_shots_against_60c297,total_shots_against,total_shots,AGAINST,FULL,UNCONDITIONED,TEAM_A,11.4697,11.4697,-1.0,0.25,11.928,-0.4583,6,4,SHRUNK,VENUE_OVERALL,away,thestatsapi,MEDIUM,PIT_SAFE
mt_408750625,COMP_NEUTRAL,B_DEF_shots_inside_box_against_f2afca,shots_inside_box_against,shots_inside_box,AGAINST,FULL,UNCONDITIONED,TEAM_A,7.3939,7.3939,-1.4964,0.125,9.1496,-1.7557,6,4,SHRUNK,VENUE_OVERALL,away,thestatsapi,MEDIUM,PIT_SAFE
mt_408750625,COMP_NEUTRAL,B_DEF_touches_in_box_against_26c6dc,touches_in_box_against,touches_in_box,AGAINST,FULL,UNCONDITIONED,TEAM_A,19.6667,19.6667,-1.0,0.25,20.0568,-0.3901,6,4,SHRUNK,VENUE_OVERALL,away,thestatsapi,MEDIUM,PIT_SAFE
mt_408750625,COMP_NEUTRAL,B_DEF_corners_against_0301d3,corners_against,corners,AGAINST,FULL,UNCONDITIONED,TEAM_A,4.1061,4.1061,0.4259,0.5625,3.1829,0.9232,6,4,SHRUNK,VENUE_OVERALL,away,thestatsapi,MEDIUM,PIT_SAFE
mt_408750625,COMP_NEUTRAL,B_DEF_blocked_shots_for_ae7762,blocked_shots_for,blocked_shots,FOR,FULL,UNCONDITIONED,TEAM_A,3.2348,3.2348,0.3997,0.4375,2.6485,0.5863,6,4,SHRUNK,VENUE_OVERALL,away,thestatsapi,MEDIUM,PIT_SAFE
mt_408750625,COMP_NEUTRAL,B_DEF_clearances_for_5c79b1,clearances_for,clearances,FOR,FULL,UNCONDITIONED,TEAM_A,18.4091,18.4091,0.6988,0.8125,12.5105,5.8986,6,4,SHRUNK,VENUE_OVERALL,away,thestatsapi,MEDIUM,PIT_SAFE
mt_408750625,COMP_NEUTRAL,B_DEF_interceptions_for_aafe34,interceptions_for,interceptions,FOR,FULL,UNCONDITIONED,TEAM_A,8.3106,8.3106,1.0,0.75,8.0909,0.2197,6,4,SHRUNK,VENUE_OVERALL,away,thestatsapi,MEDIUM,PIT_SAFE
mt_408750625,COMP_NEUTRAL,B_DIS_fouls_for_581699,fouls_for,fouls,FOR,FULL,UNCONDITIONED,TEAM_A,14.7879,14.7879,-1.0,0.25,16.428,-1.6401,6,4,SHRUNK,VENUE_OVERALL,away,thestatsapi,MEDIUM,PIT_SAFE
mt_408750625,COMP_NEUTRAL,B_DIS_tackles_for_57befa,tackles_for,tackles,FOR,FULL,UNCONDITIONED,TEAM_A,18.8258,18.8258,1.0,0.75,18.1099,0.7159,6,4,SHRUNK,VENUE_OVERALL,away,thestatsapi,MEDIUM,PIT_SAFE
mt_408750625,COMP_NEUTRAL,B_DIS_yellow_cards_for_9c9537,yellow_cards_for,yellow_cards,FOR,FULL,UNCONDITIONED,TEAM_A,2.9848,2.9848,-1.0,0.25,3.1288,-0.144,6,4,SHRUNK,VENUE_OVERALL,away,thestatsapi,MEDIUM,PIT_SAFE
mt_408750625,COMP_NEUTRAL,B_DIS_fouls_against_6023cb,fouls_against,fouls,AGAINST,FULL,UNCONDITIONED,TEAM_A,13.2424,13.2424,-1.0,0.25,14.4772,-1.2348,6,4,SHRUNK,VENUE_OVERALL,away,thestatsapi,MEDIUM,PIT_SAFE
mt_408750625,COMP_NEUTRAL,ENV_corners_245e1a,league_corners_env,league_corners_env,NEUTRAL,FULL,UNCONDITIONED,,9.562,9.562,,0.5,9.562,0.0,0,0,DIRECT,COMPETITION_PRIOR,,derived,HIGH,PIT_SAFE
mt_408750625,COMP_NEUTRAL,ENV_total_shots_4b0f7a,league_total_shots_env,league_total_shots_env,NEUTRAL,FULL,UNCONDITIONED,,24.9339,24.9339,,0.5,24.9339,0.0,0,0,DIRECT,COMPETITION_PRIOR,,derived,HIGH,PIT_SAFE
mt_408750625,COMP_NEUTRAL,ENV_fouls_51177d,league_fouls_env,league_fouls_env,NEUTRAL,FULL,UNCONDITIONED,,25.8843,25.8843,,0.5,25.8843,0.0,0,0,DIRECT,COMPETITION_PRIOR,,derived,HIGH,PIT_SAFE
mt_408750625,COMP_NEUTRAL,ENV_yellow_cards_383918,league_yellow_cards_env,league_yellow_cards_env,NEUTRAL,FULL,UNCONDITIONED,,5.0413,5.0413,,0.5,5.0413,0.0,0,0,DIRECT,COMPETITION_PRIOR,,derived,HIGH,PIT_SAFE
mt_408750625,COMP_NEUTRAL,A_FC_fc_crosses_for_43dca2,fc_crosses_for,crosses,FOR,FULL,TEAM_FORMATION_CONDITIONED,,8.3333,8.3333,1.0679,0.9375,4.9841,3.3492,0,0,SHRUNK,TEAM_BASELINE,home,derived_formation,LOW,PIT_SAFE
mt_408750625,COMP_NEUTRAL,A_FC_formation_delta_crosses_for_1c90a2,formation_delta_crosses_for,crosses,FOR,FULL,TEAM_FORMATION_CONDITIONED,,0.0,0.0,-1.5892,0.0625,4.9841,-4.9841,0,0,DERIVED,TEAM_BASELINE,home,derived_formation,LOW,PIT_SAFE
mt_408750625,COMP_NEUTRAL,A_FC_fc_corners_for_813b35,fc_corners_for,corners,FOR,FULL,TEAM_FORMATION_CONDITIONED,,4.1667,4.1667,0.0371,0.3125,4.0803,0.0864,0,0,SHRUNK,TEAM_BASELINE,home,derived_formation,LOW,PIT_SAFE
mt_408750625,COMP_NEUTRAL,A_FC_formation_delta_corners_for_e47f14,formation_delta_corners_for,corners,FOR,FULL,TEAM_FORMATION_CONDITIONED,,0.0,0.0,-1.752,0.0625,4.0803,-4.0803,0,0,DERIVED,TEAM_BASELINE,home,derived_formation,LOW,PIT_SAFE
mt_408750625,COMP_NEUTRAL,A_FC_fc_corners_against_794c57,fc_corners_against,corners,AGAINST,FULL,TEAM_FORMATION_CONDITIONED,,4.0,4.0,0.3769,0.4375,3.1829,0.8171,0,0,SHRUNK,TEAM_BASELINE,home,derived_formation,LOW,PIT_SAFE
mt_408750625,COMP_NEUTRAL,A_FC_formation_delta_corners_against_650fe0,formation_delta_corners_against,corners,AGAINST,FULL,TEAM_FORMATION_CONDITIONED,,0.0,0.0,-1.4682,0.1875,3.1829,-3.1829,0,0,DERIVED,TEAM_BASELINE,home,derived_formation,LOW,PIT_SAFE
mt_408750625,COMP_NEUTRAL,A_FC_fc_touches_in_box_for_5098b5,fc_touches_in_box_for,touches_in_box,FOR,FULL,TEAM_FORMATION_CONDITIONED,,27.8333,27.8333,0.7651,0.8125,19.0651,8.7682,0,0,SHRUNK,TEAM_BASELINE,home,derived_formation,LOW,PIT_SAFE
mt_408750625,COMP_NEUTRAL,A_FC_formation_delta_touches_in_box_for_ad31dd,formation_delta_touches_in_box_for,touches_in_box,FOR,FULL,TEAM_FORMATION_CONDITIONED,,0.0,0.0,-1.6636,0.1875,19.0651,-19.0651,0,0,DERIVED,TEAM_BASELINE,home,derived_formation,LOW,PIT_SAFE
mt_408750625,COMP_NEUTRAL,A_FC_fc_total_shots_for_f850dd,fc_total_shots_for,total_shots,FOR,FULL,TEAM_FORMATION_CONDITIONED,,13.8333,13.8333,0.9299,0.9167,8.322,5.5113,0,0,SHRUNK,TEAM_BASELINE,home,derived_formation,LOW,PIT_SAFE
mt_408750625,COMP_NEUTRAL,A_FC_formation_delta_total_shots_for_b145bb,formation_delta_total_shots_for,total_shots,FOR,FULL,TEAM_FORMATION_CONDITIONED,,0.0,0.0,-1.4042,0.0833,8.322,-8.322,0,0,DERIVED,TEAM_BASELINE,home,derived_formation,LOW,PIT_SAFE
mt_408750625,COMP_NEUTRAL,A_FC_fc_possession_for_f6a539,fc_possession_for,possession,FOR,FULL,TEAM_FORMATION_CONDITIONED,,52.8333,52.8333,0.7502,0.9167,34.9369,17.8964,0,0,SHRUNK,TEAM_BASELINE,home,derived_formation,LOW,PIT_SAFE
mt_408750625,COMP_NEUTRAL,A_FC_formation_delta_possession_for_239dd3,formation_delta_possession_for,possession,FOR,FULL,TEAM_FORMATION_CONDITIONED,,0.0,0.0,-1.4645,0.0833,34.9369,-34.9369,0,0,DERIVED,TEAM_BASELINE,home,derived_formation,LOW,PIT_SAFE
mt_408750625,COMP_NEUTRAL,A_FC_fc_crosses_against_022f66,fc_crosses_against,crosses,AGAINST,FULL,TEAM_FORMATION_CONDITIONED,,3.0,3.0,0.2459,0.3125,2.5895,0.4105,0,0,SHRUNK,TEAM_BASELINE,home,derived_formation,LOW,PIT_SAFE
mt_408750625,COMP_NEUTRAL,A_FC_formation_delta_crosses_against_0aceec,formation_delta_crosses_against,crosses,AGAINST,FULL,TEAM_FORMATION_CONDITIONED,,0.0,0.0,-1.5509,0.1875,2.5895,-2.5895,0,0,DERIVED,TEAM_BASELINE,home,derived_formation,LOW,PIT_SAFE
mt_408750625,COMP_NEUTRAL,A_FC_fc_clearances_for_b01310,fc_clearances_for,clearances,FOR,FULL,TEAM_FORMATION_CONDITIONED,,12.1667,12.1667,-0.0407,0.3125,12.5105,-0.3438,0,0,SHRUNK,TEAM_BASELINE,home,derived_formation,LOW,PIT_SAFE
mt_408750625,COMP_NEUTRAL,A_FC_formation_delta_clearances_for_8abdda,formation_delta_clearances_for,clearances,FOR,FULL,TEAM_FORMATION_CONDITIONED,,0.0,0.0,-1.4821,0.1875,12.5105,-12.5105,0,0,DERIVED,TEAM_BASELINE,home,derived_formation,LOW,PIT_SAFE
mt_408750625,COMP_NEUTRAL,A_FC_fc_blocked_shots_for_9b192d,fc_blocked_shots_for,blocked_shots,FOR,FULL,TEAM_FORMATION_CONDITIONED,,3.6667,3.6667,0.6942,0.6875,2.6485,1.0182,0,0,SHRUNK,TEAM_BASELINE,home,derived_formation,LOW,PIT_SAFE
mt_408750625,COMP_NEUTRAL,A_FC_formation_delta_blocked_shots_for_0818a8,formation_delta_blocked_shots_for,blocked_shots,FOR,FULL,TEAM_FORMATION_CONDITIONED,,0.0,0.0,-1.8056,0.0625,2.6485,-2.6485,0,0,DERIVED,TEAM_BASELINE,home,derived_formation,LOW,PIT_SAFE
mt_408750625,COMP_NEUTRAL,A_FMX_fmx_crosses_for_b35fdc,fmx_crosses_for,crosses,FOR,FULL,OPP_FORMATION_CONDITIONED,4-2-3-1,8.2418,8.2418,1.0387,0.8125,4.9841,3.2577,6,4,HIERARCHICAL,VENUE_OVERALL,home,derived_formation,MEDIUM,PIT_SAFE
mt_408750625,COMP_NEUTRAL,A_FMX_fmx_crosses_against_4ee5d2,fmx_crosses_against,crosses,AGAINST,FULL,OPP_FORMATION_CONDITIONED,4-2-3-1,4.281,4.281,1.0131,0.9375,2.5895,1.6915,6,4,HIERARCHICAL,VENUE_OVERALL,home,derived_formation,MEDIUM,PIT_SAFE
mt_408750625,COMP_NEUTRAL,A_FMX_fmx_corners_for_e2e0a6,fmx_corners_for,corners,FOR,FULL,OPP_FORMATION_CONDITIONED,4-2-3-1,5.359,5.359,0.549,0.5625,4.0803,1.2787,6,4,HIERARCHICAL,VENUE_OVERALL,home,derived_formation,MEDIUM,PIT_SAFE
mt_408750625,COMP_NEUTRAL,A_FMX_fmx_corners_against_5fd0b3,fmx_corners_against,corners,AGAINST,FULL,OPP_FORMATION_CONDITIONED,4-2-3-1,5.1286,5.1286,0.8975,0.8125,3.1829,1.9457,6,4,HIERARCHICAL,VENUE_OVERALL,home,derived_formation,MEDIUM,PIT_SAFE
mt_408750625,COMP_NEUTRAL,A_FMX_fmx_touches_in_box_for_430b2d,fmx_touches_in_box_for,touches_in_box,FOR,FULL,OPP_FORMATION_CONDITIONED,4-2-3-1,30.2122,30.2122,0.9727,0.9375,19.0651,11.1471,6,4,HIERARCHICAL,VENUE_OVERALL,home,derived_formation,MEDIUM,PIT_SAFE
mt_408750625,COMP_NEUTRAL,A_FMX_fmx_clearances_for_26443c,fmx_clearances_for,clearances,FOR,FULL,OPP_FORMATION_CONDITIONED,4-2-3-1,18.0529,18.0529,0.6566,0.6875,12.5105,5.5424,6,4,HIERARCHICAL,VENUE_OVERALL,home,derived_formation,MEDIUM,PIT_SAFE
mt_408750625,COMP_NEUTRAL,A_FMX_fmx_blocked_shots_for_7583aa,fmx_blocked_shots_for,blocked_shots,FOR,FULL,OPP_FORMATION_CONDITIONED,4-2-3-1,3.8815,3.8815,0.8406,0.9375,2.6485,1.233,6,4,HIERARCHICAL,VENUE_OVERALL,home,derived_formation,MEDIUM,PIT_SAFE
mt_408750625,COMP_NEUTRAL,A_FMX_fmx_shots_inside_box_against_c7e0c8,fmx_shots_inside_box_against,shots_inside_box,AGAINST,FULL,OPP_FORMATION_CONDITIONED,4-2-3-1,10.6726,10.6726,1.2981,0.875,9.1496,1.523,6,4,HIERARCHICAL,VENUE_OVERALL,home,derived_formation,MEDIUM,PIT_SAFE
mt_408750625,COMP_NEUTRAL,B_FC_fc_crosses_for_c895f9,fc_crosses_for,crosses,FOR,FULL,TEAM_FORMATION_CONDITIONED,,4.75,4.75,-0.0747,0.3125,4.9841,-0.2341,2,2,DIRECT,EXACT_FORMATION,away,derived_formation,LOW,PIT_SAFE
mt_408750625,COMP_NEUTRAL,B_FC_formation_delta_crosses_for_289851,formation_delta_crosses_for,crosses,FOR,FULL,TEAM_FORMATION_CONDITIONED,,0.25,0.25,-1.5095,0.1875,4.9841,-4.7341,2,1,DERIVED,EXACT_FORMATION,away,derived_formation,LOW,PIT_SAFE
mt_408750625,COMP_NEUTRAL,B_FC_fc_corners_for_0d0fe6,fc_corners_for,corners,FOR,FULL,TEAM_FORMATION_CONDITIONED,,6.125,6.125,0.8779,0.8125,4.0803,2.0447,2,2,DIRECT,EXACT_FORMATION,away,derived_formation,LOW,PIT_SAFE
mt_408750625,COMP_NEUTRAL,B_FC_formation_delta_corners_for_e23c1f,formation_delta_corners_for,corners,FOR,FULL,TEAM_FORMATION_CONDITIONED,,0.4583,0.4583,-1.5552,0.1875,4.0803,-3.622,2,1,DERIVED,EXACT_FORMATION,away,derived_formation,LOW,PIT_SAFE
mt_408750625,COMP_NEUTRAL,B_FC_fc_corners_against_01cbd1,fc_corners_against,corners,AGAINST,FULL,TEAM_FORMATION_CONDITIONED,,3.75,3.75,0.2616,0.3125,3.1829,0.5671,2,2,DIRECT,EXACT_FORMATION,away,derived_formation,LOW,PIT_SAFE
mt_408750625,COMP_NEUTRAL,B_FC_formation_delta_corners_against_5a55c0,formation_delta_corners_against,corners,AGAINST,FULL,TEAM_FORMATION_CONDITIONED,,-0.9167,-0.9167,-1.8911,0.0625,3.1829,-4.0996,2,1,DERIVED,EXACT_FORMATION,away,derived_formation,LOW,PIT_SAFE
mt_408750625,COMP_NEUTRAL,B_FC_fc_touches_in_box_for_37137c,fc_touches_in_box_for,touches_in_box,FOR,FULL,TEAM_FORMATION_CONDITIONED,,19.875,19.875,0.0707,0.3125,19.0651,0.8099,2,2,DIRECT,EXACT_FORMATION,away,derived_formation,LOW,PIT_SAFE
mt_408750625,COMP_NEUTRAL,B_FC_formation_delta_touches_in_box_for_8dcd0e,formation_delta_touches_in_box_for,touches_in_box,FOR,FULL,TEAM_FORMATION_CONDITIONED,,-0.125,-0.125,-1.6745,0.0625,19.0651,-19.1901,2,1,DERIVED,EXACT_FORMATION,away,derived_formation,LOW,PIT_SAFE
mt_408750625,COMP_NEUTRAL,B_FC_fc_total_shots_for_cd100e,fc_total_shots_for,total_shots,FOR,FULL,TEAM_FORMATION_CONDITIONED,,10.625,10.625,0.3886,0.4167,8.322,2.303,2,2,DIRECT,EXACT_FORMATION,away,derived_formation,LOW,PIT_SAFE
mt_408750625,COMP_NEUTRAL,B_FC_formation_delta_total_shots_for_dfebde,formation_delta_total_shots_for,total_shots,FOR,FULL,TEAM_FORMATION_CONDITIONED,,0.125,0.125,-1.3831,0.25,8.322,-8.197,2,1,DERIVED,EXACT_FORMATION,away,derived_formation,LOW,PIT_SAFE
mt_408750625,COMP_NEUTRAL,B_FC_fc_possession_for_8e4cbf,fc_possession_for,possession,FOR,FULL,TEAM_FORMATION_CONDITIONED,,51.125,51.125,0.6786,0.5833,34.9369,16.1881,2,2,DIRECT,EXACT_FORMATION,away,derived_formation,LOW,PIT_SAFE
mt_408750625,COMP_NEUTRAL,B_FC_formation_delta_possession_for_f75b18,formation_delta_possession_for,possession,FOR,FULL,TEAM_FORMATION_CONDITIONED,,2.4583,2.4583,-1.3615,0.25,34.9369,-32.4786,2,1,DERIVED,EXACT_FORMATION,away,derived_formation,LOW,PIT_SAFE
mt_408750625,COMP_NEUTRAL,B_FC_fc_crosses_against_e5565e,fc_crosses_against,crosses,AGAINST,FULL,TEAM_FORMATION_CONDITIONED,,3.125,3.125,0.3207,0.5625,2.5895,0.5355,2,2,DIRECT,EXACT_FORMATION,away,derived_formation,LOW,PIT_SAFE
mt_408750625,COMP_NEUTRAL,B_FC_formation_delta_crosses_against_c28bb9,formation_delta_crosses_against,crosses,AGAINST,FULL,TEAM_FORMATION_CONDITIONED,,-0.375,-0.375,-1.7755,0.0625,2.5895,-2.9645,2,1,DERIVED,EXACT_FORMATION,away,derived_formation,LOW,PIT_SAFE
mt_408750625,COMP_NEUTRAL,B_FC_fc_clearances_for_d8fa64,fc_clearances_for,clearances,FOR,FULL,TEAM_FORMATION_CONDITIONED,,17.625,17.625,0.6059,0.5625,12.5105,5.1145,2,2,DIRECT,EXACT_FORMATION,away,derived_formation,LOW,PIT_SAFE
mt_408750625,COMP_NEUTRAL,B_FC_formation_delta_clearances_for_6c8747,formation_delta_clearances_for,clearances,FOR,FULL,TEAM_FORMATION_CONDITIONED,,-2.375,-2.375,-1.7634,0.0625,12.5105,-14.8855,2,1,DERIVED,EXACT_FORMATION,away,derived_formation,LOW,PIT_SAFE
mt_408750625,COMP_NEUTRAL,B_FC_fc_blocked_shots_for_180955,fc_blocked_shots_for,blocked_shots,FOR,FULL,TEAM_FORMATION_CONDITIONED,,3.125,3.125,0.3249,0.3125,2.6485,0.4765,2,2,DIRECT,EXACT_FORMATION,away,derived_formation,LOW,PIT_SAFE
mt_408750625,COMP_NEUTRAL,B_FC_formation_delta_blocked_shots_for_90a625,formation_delta_blocked_shots_for,blocked_shots,FOR,FULL,TEAM_FORMATION_CONDITIONED,,0.2917,0.2917,-1.6068,0.1875,2.6485,-2.3568,2,1,DERIVED,EXACT_FORMATION,away,derived_formation,LOW,PIT_SAFE
mt_408750625,COMP_NEUTRAL,B_FMX_fmx_crosses_for_868440,fmx_crosses_for,crosses,FOR,FULL,OPP_FORMATION_CONDITIONED,4-1-4-1,5.4722,5.4722,0.1556,0.5625,4.9841,0.4881,6,4,HIERARCHICAL,VENUE_OVERALL,away,derived_formation,MEDIUM,PIT_SAFE
mt_408750625,COMP_NEUTRAL,B_FMX_fmx_crosses_against_5b6fde,fmx_crosses_against,crosses,AGAINST,FULL,OPP_FORMATION_CONDITIONED,4-1-4-1,4.2075,4.2075,0.9691,0.8125,2.5895,1.618,6,4,HIERARCHICAL,VENUE_OVERALL,away,derived_formation,MEDIUM,PIT_SAFE
mt_408750625,COMP_NEUTRAL,B_FMX_fmx_corners_for_fa7f23,fmx_corners_for,corners,FOR,FULL,OPP_FORMATION_CONDITIONED,4-1-4-1,6.3443,6.3443,0.9721,0.9375,4.0803,2.264,6,4,HIERARCHICAL,VENUE_OVERALL,away,derived_formation,MEDIUM,PIT_SAFE
mt_408750625,COMP_NEUTRAL,B_FMX_fmx_corners_against_ee51c2,fmx_corners_against,corners,AGAINST,FULL,OPP_FORMATION_CONDITIONED,4-1-4-1,5.1678,5.1678,0.9156,0.9375,3.1829,1.9849,6,4,HIERARCHICAL,VENUE_OVERALL,away,derived_formation,MEDIUM,PIT_SAFE
mt_408750625,COMP_NEUTRAL,B_FMX_fmx_touches_in_box_for_d3baa9,fmx_touches_in_box_for,touches_in_box,FOR,FULL,OPP_FORMATION_CONDITIONED,4-1-4-1,25.3544,25.3544,0.5488,0.5625,19.0651,6.2893,6,4,HIERARCHICAL,VENUE_OVERALL,away,derived_formation,MEDIUM,PIT_SAFE
mt_408750625,COMP_NEUTRAL,B_FMX_fmx_clearances_for_b8398b,fmx_clearances_for,clearances,FOR,FULL,OPP_FORMATION_CONDITIONED,4-1-4-1,22.4402,22.4402,1.1763,0.9375,12.5105,9.9297,6,4,HIERARCHICAL,VENUE_OVERALL,away,derived_formation,MEDIUM,PIT_SAFE
mt_408750625,COMP_NEUTRAL,B_FMX_fmx_blocked_shots_for_b62119,fmx_blocked_shots_for,blocked_shots,FOR,FULL,OPP_FORMATION_CONDITIONED,4-1-4-1,3.7001,3.7001,0.717,0.8125,2.6485,1.0516,6,4,HIERARCHICAL,VENUE_OVERALL,away,derived_formation,MEDIUM,PIT_SAFE
mt_408750625,COMP_NEUTRAL,B_FMX_fmx_shots_inside_box_against_01af42,fmx_shots_inside_box_against,shots_inside_box,AGAINST,FULL,OPP_FORMATION_CONDITIONED,4-1-4-1,9.0697,9.0697,-0.0681,0.375,9.1496,-0.0799,6,4,HIERARCHICAL,VENUE_OVERALL,away,derived_formation,MEDIUM,PIT_SAFE
mt_584193286,COMP_NEUTRAL,A_ATK_crosses_for_90da49,crosses_for,crosses,FOR,FULL,UNCONDITIONED,TEAM_B,3.4571,3.4571,0.051,0.4375,3.3472,0.1099,8,5,SHRUNK,VENUE_OVERALL,home,thestatsapi,MEDIUM,PIT_SAFE
mt_584193286,COMP_NEUTRAL,A_ATK_total_shots_for_7a3001,total_shots_for,total_shots,FOR,FULL,UNCONDITIONED,TEAM_B,14.5429,14.5429,0.4627,0.4167,10.897,3.6459,8,5,SHRUNK,VENUE_OVERALL,home,thestatsapi,MEDIUM,PIT_SAFE
mt_584193286,COMP_NEUTRAL,A_ATK_shots_on_target_for_277f36,shots_on_target_for,shots_on_target,FOR,FULL,UNCONDITIONED,TEAM_B,4.6571,4.6571,-1.0,0.25,6.6362,-1.9791,8,5,SHRUNK,VENUE_OVERALL,home,thestatsapi,MEDIUM,PIT_SAFE
mt_584193286,COMP_NEUTRAL,A_ATK_shots_inside_box_for_4d01e6,shots_inside_box_for,shots_inside_box,FOR,FULL,UNCONDITIONED,TEAM_B,10.1857,10.1857,-1.0,0.25,12.0236,-1.8379,8,5,SHRUNK,VENUE_OVERALL,home,thestatsapi,MEDIUM,PIT_SAFE
mt_584193286,COMP_NEUTRAL,A_ATK_touches_in_box_for_9d3920,touches_in_box_for,touches_in_box,FOR,FULL,UNCONDITIONED,TEAM_B,29.3571,29.3571,0.2639,0.3125,25.4107,3.9464,8,5,SHRUNK,VENUE_OVERALL,home,thestatsapi,MEDIUM,PIT_SAFE
mt_584193286,COMP_NEUTRAL,A_ATK_corners_for_04993a,corners_for,corners,FOR,FULL,UNCONDITIONED,TEAM_B,4.6857,4.6857,-0.0268,0.3125,4.7649,-0.0792,8,5,SHRUNK,VENUE_OVERALL,home,thestatsapi,MEDIUM,PIT_SAFE
mt_584193286,COMP_NEUTRAL,A_ATK_possession_for_72bda6,possession_for,possession,FOR,FULL,UNCONDITIONED,TEAM_B,58.3571,58.3571,0.4929,0.5833,42.9543,15.4028,8,5,SHRUNK,VENUE_OVERALL,home,thestatsapi,MEDIUM,PIT_SAFE
mt_584193286,COMP_NEUTRAL,A_ATK_throw_ins_for_efbeb8,throw_ins_for,throw_ins,FOR,FULL,UNCONDITIONED,TEAM_B,19.2,19.2,1.0,0.75,17.5395,1.6605,8,5,SHRUNK,VENUE_OVERALL,home,thestatsapi,MEDIUM,PIT_SAFE
mt_584193286,COMP_NEUTRAL,A_ATK_final_third_entries_for_070ea6,final_third_entries_for,final_third_entries,FOR,FULL,UNCONDITIONED,TEAM_B,59.6286,59.6286,-1.0,0.25,67.1659,-7.5373,8,5,SHRUNK,VENUE_OVERALL,home,thestatsapi,MEDIUM,PIT_SAFE
mt_584193286,COMP_NEUTRAL,A_DEF_crosses_against_18a0ab,crosses_against,crosses,AGAINST,FULL,UNCONDITIONED,TEAM_B,2.5857,2.5857,0.1656,0.4375,2.3471,0.2386,8,5,SHRUNK,VENUE_OVERALL,home,thestatsapi,MEDIUM,PIT_SAFE
mt_584193286,COMP_NEUTRAL,A_DEF_total_shots_against_f82bf4,total_shots_against,total_shots,AGAINST,FULL,UNCONDITIONED,TEAM_B,9.0143,9.0143,1.0,0.75,8.4379,0.5764,8,5,SHRUNK,VENUE_OVERALL,home,thestatsapi,MEDIUM,PIT_SAFE
mt_584193286,COMP_NEUTRAL,A_DEF_shots_inside_box_against_d55da4,shots_inside_box_against,shots_inside_box,AGAINST,FULL,UNCONDITIONED,TEAM_B,5.1286,5.1286,-1.0387,0.125,5.8554,-0.7268,8,5,SHRUNK,VENUE_OVERALL,home,thestatsapi,MEDIUM,PIT_SAFE
mt_584193286,COMP_NEUTRAL,A_DEF_touches_in_box_against_370f0c,touches_in_box_against,touches_in_box,AGAINST,FULL,UNCONDITIONED,TEAM_B,16.4143,16.4143,-1.0,0.25,16.883,-0.4687,8,5,SHRUNK,VENUE_OVERALL,home,thestatsapi,MEDIUM,PIT_SAFE
mt_584193286,COMP_NEUTRAL,A_DEF_corners_against_969b6c,corners_against,corners,AGAINST,FULL,UNCONDITIONED,TEAM_B,3.9857,3.9857,0.6481,0.6875,2.8159,1.1698,8,5,SHRUNK,VENUE_OVERALL,home,thestatsapi,MEDIUM,PIT_SAFE
mt_584193286,COMP_NEUTRAL,A_DEF_blocked_shots_for_015c7b,blocked_shots_for,blocked_shots,FOR,FULL,UNCONDITIONED,TEAM_B,3.9714,3.9714,0.7158,0.8125,2.7707,1.2007,8,5,SHRUNK,VENUE_OVERALL,home,thestatsapi,MEDIUM,PIT_SAFE
mt_584193286,COMP_NEUTRAL,A_DEF_clearances_for_3a6f12,clearances_for,clearances,FOR,FULL,UNCONDITIONED,TEAM_B,15.5429,15.5429,0.8101,0.8125,10.0433,5.4996,8,5,SHRUNK,VENUE_OVERALL,home,thestatsapi,MEDIUM,PIT_SAFE
mt_584193286,COMP_NEUTRAL,A_DEF_interceptions_for_9b88fb,interceptions_for,interceptions,FOR,FULL,UNCONDITIONED,TEAM_B,10.7857,10.7857,1.0,0.75,9.1951,1.5907,8,5,SHRUNK,VENUE_OVERALL,home,thestatsapi,MEDIUM,PIT_SAFE
mt_584193286,COMP_NEUTRAL,A_DIS_fouls_for_b452ae,fouls_for,fouls,FOR,FULL,UNCONDITIONED,TEAM_B,13.2857,13.2857,1.0,0.75,11.0198,2.266,8,5,SHRUNK,VENUE_OVERALL,home,thestatsapi,MEDIUM,PIT_SAFE
mt_584193286,COMP_NEUTRAL,A_DIS_tackles_for_d8b4df,tackles_for,tackles,FOR,FULL,UNCONDITIONED,TEAM_B,19.9143,19.9143,1.0,0.75,19.8187,0.0956,8,5,SHRUNK,VENUE_OVERALL,home,thestatsapi,MEDIUM,PIT_SAFE
mt_584193286,COMP_NEUTRAL,A_DIS_yellow_cards_for_4af5a2,yellow_cards_for,yellow_cards,FOR,FULL,UNCONDITIONED,TEAM_B,1.8143,1.8143,1.0,0.75,1.5829,0.2314,8,5,SHRUNK,VENUE_OVERALL,home,thestatsapi,MEDIUM,PIT_SAFE
mt_584193286,COMP_NEUTRAL,A_DIS_fouls_against_92e384,fouls_against,fouls,AGAINST,FULL,UNCONDITIONED,TEAM_B,15.2429,15.2429,1.0,0.75,12.1676,3.0753,8,5,SHRUNK,VENUE_OVERALL,home,thestatsapi,MEDIUM,PIT_SAFE
mt_584193286,COMP_NEUTRAL,B_ATK_crosses_for_97a801,crosses_for,crosses,FOR,FULL,UNCONDITIONED,TEAM_A,5.1648,5.1648,0.8431,0.6875,3.3472,1.8176,7,4,SHRUNK,VENUE_OVERALL,away,thestatsapi,MEDIUM,PIT_SAFE
mt_584193286,COMP_NEUTRAL,B_ATK_total_shots_for_47f2d6,total_shots_for,total_shots,FOR,FULL,UNCONDITIONED,TEAM_A,18.4462,18.4462,0.958,0.9167,10.897,7.5492,7,4,SHRUNK,VENUE_OVERALL,away,thestatsapi,MEDIUM,PIT_SAFE
mt_584193286,COMP_NEUTRAL,B_ATK_shots_on_target_for_508e7a,shots_on_target_for,shots_on_target,FOR,FULL,UNCONDITIONED,TEAM_A,8.6154,8.6154,1.0,0.75,6.6362,1.9791,7,4,SHRUNK,VENUE_OVERALL,away,thestatsapi,MEDIUM,PIT_SAFE
mt_584193286,COMP_NEUTRAL,B_ATK_shots_inside_box_for_1fa028,shots_inside_box_for,shots_inside_box,FOR,FULL,UNCONDITIONED,TEAM_A,13.8615,13.8615,1.0,0.75,12.0236,1.8379,7,4,SHRUNK,VENUE_OVERALL,away,thestatsapi,MEDIUM,PIT_SAFE
mt_584193286,COMP_NEUTRAL,B_ATK_touches_in_box_for_599fd2,touches_in_box_for,touches_in_box,FOR,FULL,UNCONDITIONED,TEAM_A,36.8571,36.8571,0.7654,0.75,25.4107,11.4464,7,4,SHRUNK,VENUE_OVERALL,away,thestatsapi,MEDIUM,PIT_SAFE
mt_584193286,COMP_NEUTRAL,B_ATK_corners_for_6c68b2,corners_for,corners,FOR,FULL,UNCONDITIONED,TEAM_A,7.5692,7.5692,0.9496,0.6875,4.7649,2.8043,7,4,SHRUNK,VENUE_OVERALL,away,thestatsapi,MEDIUM,PIT_SAFE
mt_584193286,COMP_NEUTRAL,B_ATK_possession_for_b02940,possession_for,possession,FOR,FULL,UNCONDITIONED,TEAM_A,70.8154,70.8154,0.8916,0.75,42.9543,27.861,7,4,SHRUNK,VENUE_OVERALL,away,thestatsapi,MEDIUM,PIT_SAFE
mt_584193286,COMP_NEUTRAL,B_ATK_throw_ins_for_2953cd,throw_ins_for,throw_ins,FOR,FULL,UNCONDITIONED,TEAM_A,15.8791,15.8791,-1.0,0.25,17.5395,-1.6604,7,4,SHRUNK,VENUE_OVERALL,away,thestatsapi,MEDIUM,PIT_SAFE
mt_584193286,COMP_NEUTRAL,B_ATK_final_third_entries_for_267dae,final_third_entries_for,final_third_entries,FOR,FULL,UNCONDITIONED,TEAM_A,74.7033,74.7033,1.0,0.75,67.1659,7.5374,7,4,SHRUNK,VENUE_OVERALL,away,thestatsapi,MEDIUM,PIT_SAFE
mt_584193286,COMP_NEUTRAL,B_DEF_crosses_against_a68911,crosses_against,crosses,AGAINST,FULL,UNCONDITIONED,TEAM_A,3.2527,3.2527,0.6285,0.5625,2.3471,0.9056,7,4,SHRUNK,VENUE_OVERALL,away,thestatsapi,MEDIUM,PIT_SAFE
mt_584193286,COMP_NEUTRAL,B_DEF_total_shots_against_05639e,total_shots_against,total_shots,AGAINST,FULL,UNCONDITIONED,TEAM_A,7.8615,7.8615,-1.0,0.25,8.4379,-0.5764,7,4,SHRUNK,VENUE_OVERALL,away,thestatsapi,MEDIUM,PIT_SAFE
mt_584193286,COMP_NEUTRAL,B_DEF_shots_inside_box_against_3ee119,shots_inside_box_against,shots_inside_box,AGAINST,FULL,UNCONDITIONED,TEAM_A,5.1846,5.1846,-0.9587,0.375,5.8554,-0.6708,7,4,SHRUNK,VENUE_OVERALL,away,thestatsapi,MEDIUM,PIT_SAFE
mt_584193286,COMP_NEUTRAL,B_DEF_touches_in_box_against_74d7bc,touches_in_box_against,touches_in_box,AGAINST,FULL,UNCONDITIONED,TEAM_A,17.3516,17.3516,1.0,0.75,16.883,0.4687,7,4,SHRUNK,VENUE_OVERALL,away,thestatsapi,MEDIUM,PIT_SAFE
mt_584193286,COMP_NEUTRAL,B_DEF_corners_against_945505,corners_against,corners,AGAINST,FULL,UNCONDITIONED,TEAM_A,3.3077,3.3077,0.2725,0.4375,2.8159,0.4918,7,4,SHRUNK,VENUE_OVERALL,away,thestatsapi,MEDIUM,PIT_SAFE
mt_584193286,COMP_NEUTRAL,B_DEF_blocked_shots_for_a80fd4,blocked_shots_for,blocked_shots,FOR,FULL,UNCONDITIONED,TEAM_A,3.4615,3.4615,0.4118,0.4375,2.7707,0.6908,7,4,SHRUNK,VENUE_OVERALL,away,thestatsapi,MEDIUM,PIT_SAFE
mt_584193286,COMP_NEUTRAL,B_DEF_clearances_for_f8ca77,clearances_for,clearances,FOR,FULL,UNCONDITIONED,TEAM_A,10.8571,10.8571,0.1199,0.4375,10.0433,0.8138,7,4,SHRUNK,VENUE_OVERALL,away,thestatsapi,MEDIUM,PIT_SAFE
mt_584193286,COMP_NEUTRAL,B_DEF_interceptions_for_d5c167,interceptions_for,interceptions,FOR,FULL,UNCONDITIONED,TEAM_A,7.6044,7.6044,-1.0,0.25,9.1951,-1.5907,7,4,SHRUNK,VENUE_OVERALL,away,thestatsapi,MEDIUM,PIT_SAFE
mt_584193286,COMP_NEUTRAL,B_DIS_fouls_for_fd8b39,fouls_for,fouls,FOR,FULL,UNCONDITIONED,TEAM_A,8.7538,8.7538,-1.0,0.25,11.0198,-2.266,7,4,SHRUNK,VENUE_OVERALL,away,thestatsapi,MEDIUM,PIT_SAFE
mt_584193286,COMP_NEUTRAL,B_DIS_tackles_for_1100e8,tackles_for,tackles,FOR,FULL,UNCONDITIONED,TEAM_A,19.7231,19.7231,-1.0,0.25,19.8187,-0.0956,7,4,SHRUNK,VENUE_OVERALL,away,thestatsapi,MEDIUM,PIT_SAFE
mt_584193286,COMP_NEUTRAL,B_DIS_yellow_cards_for_79891f,yellow_cards_for,yellow_cards,FOR,FULL,UNCONDITIONED,TEAM_A,1.3516,1.3516,-1.0,0.25,1.5829,-0.2313,7,4,SHRUNK,VENUE_OVERALL,away,thestatsapi,MEDIUM,PIT_SAFE
mt_584193286,COMP_NEUTRAL,B_DIS_fouls_against_1dc31c,fouls_against,fouls,AGAINST,FULL,UNCONDITIONED,TEAM_A,9.0923,9.0923,-1.0,0.25,12.1676,-3.0753,7,4,SHRUNK,VENUE_OVERALL,away,thestatsapi,MEDIUM,PIT_SAFE
mt_584193286,COMP_NEUTRAL,ENV_corners_a02f1c,league_corners_env,league_corners_env,NEUTRAL,FULL,UNCONDITIONED,,9.1504,9.1504,,0.5,9.1504,0.0,0,0,DIRECT,COMPETITION_PRIOR,,derived,HIGH,PIT_SAFE
mt_584193286,COMP_NEUTRAL,ENV_total_shots_c7e65c,league_total_shots_env,league_total_shots_env,NEUTRAL,FULL,UNCONDITIONED,,24.5188,24.5188,,0.5,24.5188,0.0,0,0,DIRECT,COMPETITION_PRIOR,,derived,HIGH,PIT_SAFE
mt_584193286,COMP_NEUTRAL,ENV_fouls_e03325,league_fouls_env,league_fouls_env,NEUTRAL,FULL,UNCONDITIONED,,24.7744,24.7744,,0.5,24.7744,0.0,0,0,DIRECT,COMPETITION_PRIOR,,derived,HIGH,PIT_SAFE
mt_584193286,COMP_NEUTRAL,ENV_yellow_cards_74159c,league_yellow_cards_env,league_yellow_cards_env,NEUTRAL,FULL,UNCONDITIONED,,4.2636,4.2636,,0.5,4.2636,0.0,0,0,DIRECT,COMPETITION_PRIOR,,derived,HIGH,PIT_SAFE
mt_584193286,COMP_NEUTRAL,A_FC_fc_crosses_for_a30189,fc_crosses_for,crosses,FOR,FULL,TEAM_FORMATION_CONDITIONED,,3.2857,3.2857,-0.0285,0.3125,3.3472,-0.0615,1,1,DIRECT,EXACT_FORMATION,home,derived_formation,LOW,PIT_SAFE
mt_584193286,COMP_NEUTRAL,A_FC_formation_delta_crosses_for_17ab98,formation_delta_crosses_for,crosses,FOR,FULL,TEAM_FORMATION_CONDITIONED,,-0.2143,-0.2143,-1.6521,0.0625,3.3472,-3.5615,1,1,DERIVED,EXACT_FORMATION,home,derived_formation,LOW,PIT_SAFE
mt_584193286,COMP_NEUTRAL,A_FC_fc_corners_for_ab0126,fc_corners_for,corners,FOR,FULL,TEAM_FORMATION_CONDITIONED,,4.9286,4.9286,0.0554,0.4375,4.7649,0.1637,1,1,DIRECT,EXACT_FORMATION,home,derived_formation,LOW,PIT_SAFE
mt_584193286,COMP_NEUTRAL,A_FC_formation_delta_corners_for_659afb,formation_delta_corners_for,corners,FOR,FULL,TEAM_FORMATION_CONDITIONED,,0.1786,0.1786,-1.553,0.1875,4.7649,-4.5863,1,1,DERIVED,EXACT_FORMATION,home,derived_formation,LOW,PIT_SAFE
mt_584193286,COMP_NEUTRAL,A_FC_fc_corners_against_7a122c,fc_corners_against,corners,AGAINST,FULL,TEAM_FORMATION_CONDITIONED,,3.6786,3.6786,0.478,0.5625,2.8159,0.8627,1,1,DIRECT,EXACT_FORMATION,home,derived_formation,LOW,PIT_SAFE
mt_584193286,COMP_NEUTRAL,A_FC_formation_delta_corners_against_7279d6,formation_delta_corners_against,corners,AGAINST,FULL,TEAM_FORMATION_CONDITIONED,,-0.4464,-0.4464,-1.8074,0.0625,2.8159,-3.2623,1,1,DERIVED,EXACT_FORMATION,home,derived_formation,LOW,PIT_SAFE
mt_584193286,COMP_NEUTRAL,A_FC_fc_touches_in_box_for_615bd7,fc_touches_in_box_for,touches_in_box,FOR,FULL,TEAM_FORMATION_CONDITIONED,,30.4643,30.4643,0.3379,0.4375,25.4107,5.0536,1,1,DIRECT,EXACT_FORMATION,home,derived_formation,LOW,PIT_SAFE
mt_584193286,COMP_NEUTRAL,A_FC_formation_delta_touches_in_box_for_1d4346,formation_delta_touches_in_box_for,touches_in_box,FOR,FULL,TEAM_FORMATION_CONDITIONED,,0.0893,0.0893,-1.6933,0.1875,25.4107,-25.3214,1,1,DERIVED,EXACT_FORMATION,home,derived_formation,LOW,PIT_SAFE
mt_584193286,COMP_NEUTRAL,A_FC_fc_total_shots_for_7427ed,fc_total_shots_for,total_shots,FOR,FULL,TEAM_FORMATION_CONDITIONED,,14.6429,14.6429,0.4754,0.5833,10.897,3.7459,1,1,DIRECT,EXACT_FORMATION,home,derived_formation,LOW,PIT_SAFE
mt_584193286,COMP_NEUTRAL,A_FC_formation_delta_total_shots_for_420280,formation_delta_total_shots_for,total_shots,FOR,FULL,TEAM_FORMATION_CONDITIONED,,-0.1071,-0.1071,-1.3964,0.0833,10.897,-11.0041,1,1,DERIVED,EXACT_FORMATION,home,derived_formation,LOW,PIT_SAFE
mt_584193286,COMP_NEUTRAL,A_FC_fc_possession_for_d9ca43,fc_possession_for,possession,FOR,FULL,TEAM_FORMATION_CONDITIONED,,58.1786,58.1786,0.4872,0.4167,42.9543,15.2243,1,1,DIRECT,EXACT_FORMATION,home,derived_formation,LOW,PIT_SAFE
mt_584193286,COMP_NEUTRAL,A_FC_formation_delta_possession_for_487dd6,formation_delta_possession_for,possession,FOR,FULL,TEAM_FORMATION_CONDITIONED,,-1.1964,-1.1964,-1.4129,0.0833,42.9543,-44.1507,1,1,DERIVED,EXACT_FORMATION,home,derived_formation,LOW,PIT_SAFE
mt_584193286,COMP_NEUTRAL,A_FC_fc_crosses_against_721c81,fc_crosses_against,crosses,AGAINST,FULL,TEAM_FORMATION_CONDITIONED,,2.5357,2.5357,0.1309,0.3125,2.3471,0.1886,1,1,DIRECT,EXACT_FORMATION,home,derived_formation,LOW,PIT_SAFE
mt_584193286,COMP_NEUTRAL,A_FC_formation_delta_crosses_against_46616a,formation_delta_crosses_against,crosses,AGAINST,FULL,TEAM_FORMATION_CONDITIONED,,-0.0893,-0.0893,-1.6907,0.0625,2.3471,-2.4364,1,1,DERIVED,EXACT_FORMATION,home,derived_formation,LOW,PIT_SAFE
mt_584193286,COMP_NEUTRAL,A_FC_fc_clearances_for_a5dbb5,fc_clearances_for,clearances,FOR,FULL,TEAM_FORMATION_CONDITIONED,,13.0714,13.0714,0.4461,0.5625,10.0433,3.0281,1,1,DIRECT,EXACT_FORMATION,home,derived_formation,LOW,PIT_SAFE
mt_584193286,COMP_NEUTRAL,A_FC_formation_delta_clearances_for_35260d,formation_delta_clearances_for,clearances,FOR,FULL,TEAM_FORMATION_CONDITIONED,,-1.6786,-1.6786,-1.7267,0.0625,10.0433,-11.7219,1,1,DERIVED,EXACT_FORMATION,home,derived_formation,LOW,PIT_SAFE
mt_584193286,COMP_NEUTRAL,A_FC_fc_blocked_shots_for_ddffe4,fc_blocked_shots_for,blocked_shots,FOR,FULL,TEAM_FORMATION_CONDITIONED,,3.8571,3.8571,0.6477,0.6875,2.7707,1.0864,1,1,DIRECT,EXACT_FORMATION,home,derived_formation,LOW,PIT_SAFE
mt_584193286,COMP_NEUTRAL,A_FC_formation_delta_blocked_shots_for_ba13a9,formation_delta_blocked_shots_for,blocked_shots,FOR,FULL,TEAM_FORMATION_CONDITIONED,,-0.1429,-0.1429,-1.737,0.0625,2.7707,-2.9136,1,1,DERIVED,EXACT_FORMATION,home,derived_formation,LOW,PIT_SAFE
mt_584193286,COMP_NEUTRAL,A_FMX_fmx_crosses_for_45e69e,fmx_crosses_for,crosses,FOR,FULL,OPP_FORMATION_CONDITIONED,4-3-3,4.0371,4.0371,0.32,0.5625,3.3472,0.6899,8,5,HIERARCHICAL,VENUE_OVERALL,home,derived_formation,MEDIUM,PIT_SAFE
mt_584193286,COMP_NEUTRAL,A_FMX_fmx_crosses_against_9c9ac6,fmx_crosses_against,crosses,AGAINST,FULL,OPP_FORMATION_CONDITIONED,4-3-3,3.2718,3.2718,0.6417,0.6875,2.3471,0.9247,8,5,HIERARCHICAL,VENUE_OVERALL,home,derived_formation,MEDIUM,PIT_SAFE
mt_584193286,COMP_NEUTRAL,A_FMX_fmx_corners_for_a3b49c,fmx_corners_for,corners,FOR,FULL,OPP_FORMATION_CONDITIONED,4-3-3,5.2429,5.2429,0.1618,0.5625,4.7649,0.478,8,5,HIERARCHICAL,VENUE_OVERALL,home,derived_formation,MEDIUM,PIT_SAFE
mt_584193286,COMP_NEUTRAL,A_FMX_fmx_corners_against_a3c3ba,fmx_corners_against,corners,AGAINST,FULL,OPP_FORMATION_CONDITIONED,4-3-3,4.6409,4.6409,1.0111,0.9375,2.8159,1.825,8,5,HIERARCHICAL,VENUE_OVERALL,home,derived_formation,MEDIUM,PIT_SAFE
mt_584193286,COMP_NEUTRAL,A_FMX_fmx_touches_in_box_for_92db40,fmx_touches_in_box_for,touches_in_box,FOR,FULL,OPP_FORMATION_CONDITIONED,4-3-3,31.5501,31.5501,0.4105,0.5625,25.4107,6.1394,8,5,HIERARCHICAL,VENUE_OVERALL,home,derived_formation,MEDIUM,PIT_SAFE
mt_584193286,COMP_NEUTRAL,A_FMX_fmx_clearances_for_1d69de,fmx_clearances_for,clearances,FOR,FULL,OPP_FORMATION_CONDITIONED,4-3-3,18.3562,18.3562,1.2245,0.9375,10.0433,8.3129,8,5,HIERARCHICAL,VENUE_OVERALL,home,derived_formation,MEDIUM,PIT_SAFE
mt_584193286,COMP_NEUTRAL,A_FMX_fmx_blocked_shots_for_abae06,fmx_blocked_shots_for,blocked_shots,FOR,FULL,OPP_FORMATION_CONDITIONED,4-3-3,4.2576,4.2576,0.8864,0.9375,2.7707,1.4869,8,5,HIERARCHICAL,VENUE_OVERALL,home,derived_formation,MEDIUM,PIT_SAFE
mt_584193286,COMP_NEUTRAL,A_FMX_fmx_shots_inside_box_against_0031e4,fmx_shots_inside_box_against,shots_inside_box,AGAINST,FULL,OPP_FORMATION_CONDITIONED,4-3-3,6.5126,6.5126,0.9391,0.625,5.8554,0.6572,8,5,HIERARCHICAL,VENUE_OVERALL,home,derived_formation,MEDIUM,PIT_SAFE
mt_584193286,COMP_NEUTRAL,B_FC_fc_crosses_for_f856cb,fc_crosses_for,crosses,FOR,FULL,TEAM_FORMATION_CONDITIONED,,5.4286,5.4286,0.9655,0.8125,3.3472,2.0814,0,0,SHRUNK,TEAM_BASELINE,away,derived_formation,LOW,PIT_SAFE
mt_584193286,COMP_NEUTRAL,B_FC_formation_delta_crosses_for_0f962d,formation_delta_crosses_for,crosses,FOR,FULL,TEAM_FORMATION_CONDITIONED,,0.0,0.0,-1.5527,0.1875,3.3472,-3.3472,0,0,DERIVED,TEAM_BASELINE,away,derived_formation,LOW,PIT_SAFE
mt_584193286,COMP_NEUTRAL,B_FC_fc_corners_for_60c18b,fc_corners_for,corners,FOR,FULL,TEAM_FORMATION_CONDITIONED,,7.7143,7.7143,0.9987,0.8125,4.7649,2.9494,0,0,SHRUNK,TEAM_BASELINE,away,derived_formation,LOW,PIT_SAFE
mt_584193286,COMP_NEUTRAL,B_FC_formation_delta_corners_for_4448cc,formation_delta_corners_for,corners,FOR,FULL,TEAM_FORMATION_CONDITIONED,,0.0,0.0,-1.6134,0.0625,4.7649,-4.7649,0,0,DERIVED,TEAM_BASELINE,away,derived_formation,LOW,PIT_SAFE
mt_584193286,COMP_NEUTRAL,B_FC_fc_corners_against_6d5f22,fc_corners_against,corners,AGAINST,FULL,TEAM_FORMATION_CONDITIONED,,3.2857,3.2857,0.2603,0.3125,2.8159,0.4698,0,0,SHRUNK,TEAM_BASELINE,away,derived_formation,LOW,PIT_SAFE
mt_584193286,COMP_NEUTRAL,B_FC_formation_delta_corners_against_b871d3,formation_delta_corners_against,corners,AGAINST,FULL,TEAM_FORMATION_CONDITIONED,,0.0,0.0,-1.5601,0.1875,2.8159,-2.8159,0,0,DERIVED,TEAM_BASELINE,away,derived_formation,LOW,PIT_SAFE
mt_584193286,COMP_NEUTRAL,B_FC_fc_touches_in_box_for_4c5564,fc_touches_in_box_for,touches_in_box,FOR,FULL,TEAM_FORMATION_CONDITIONED,,36.8571,36.8571,0.7654,0.75,25.4107,11.4464,0,0,SHRUNK,TEAM_BASELINE,away,derived_formation,LOW,PIT_SAFE
mt_584193286,COMP_NEUTRAL,B_FC_formation_delta_touches_in_box_for_56c5d2,formation_delta_touches_in_box_for,touches_in_box,FOR,FULL,TEAM_FORMATION_CONDITIONED,,0.0,0.0,-1.6992,0.0625,25.4107,-25.4107,0,0,DERIVED,TEAM_BASELINE,away,derived_formation,LOW,PIT_SAFE
mt_584193286,COMP_NEUTRAL,B_FC_fc_total_shots_for_8995d9,fc_total_shots_for,total_shots,FOR,FULL,TEAM_FORMATION_CONDITIONED,,17.8571,17.8571,0.8832,0.75,10.897,6.9601,0,0,SHRUNK,TEAM_BASELINE,away,derived_formation,LOW,PIT_SAFE
mt_584193286,COMP_NEUTRAL,B_FC_formation_delta_total_shots_for_39629e,formation_delta_total_shots_for,total_shots,FOR,FULL,TEAM_FORMATION_CONDITIONED,,0.0,0.0,-1.3828,0.25,10.897,-10.897,0,0,DERIVED,TEAM_BASELINE,away,derived_formation,LOW,PIT_SAFE
mt_584193286,COMP_NEUTRAL,B_FC_fc_possession_for_ea81a2,fc_possession_for,possession,FOR,FULL,TEAM_FORMATION_CONDITIONED,,71.5714,71.5714,0.9158,0.9167,42.9543,28.617,0,0,SHRUNK,TEAM_BASELINE,away,derived_formation,LOW,PIT_SAFE
mt_584193286,COMP_NEUTRAL,B_FC_formation_delta_possession_for_4d3078,formation_delta_possession_for,possession,FOR,FULL,TEAM_FORMATION_CONDITIONED,,0.0,0.0,-1.3746,0.25,42.9543,-42.9543,0,0,DERIVED,TEAM_BASELINE,away,derived_formation,LOW,PIT_SAFE
mt_584193286,COMP_NEUTRAL,B_FC_fc_crosses_against_0f72f8,fc_crosses_against,crosses,AGAINST,FULL,TEAM_FORMATION_CONDITIONED,,3.2857,3.2857,0.6514,0.8125,2.3471,0.9386,0,0,SHRUNK,TEAM_BASELINE,away,derived_formation,LOW,PIT_SAFE
mt_584193286,COMP_NEUTRAL,B_FC_formation_delta_crosses_against_b6ef44,formation_delta_crosses_against,crosses,AGAINST,FULL,TEAM_FORMATION_CONDITIONED,,0.0,0.0,-1.6287,0.1875,2.3471,-2.3471,0,0,DERIVED,TEAM_BASELINE,away,derived_formation,LOW,PIT_SAFE
mt_584193286,COMP_NEUTRAL,B_FC_fc_clearances_for_d6d4f7,fc_clearances_for,clearances,FOR,FULL,TEAM_FORMATION_CONDITIONED,,9.5714,9.5714,-0.0695,0.3125,10.0433,-0.4719,0,0,SHRUNK,TEAM_BASELINE,away,derived_formation,LOW,PIT_SAFE
mt_584193286,COMP_NEUTRAL,B_FC_formation_delta_clearances_for_3fe500,formation_delta_clearances_for,clearances,FOR,FULL,TEAM_FORMATION_CONDITIONED,,0.0,0.0,-1.4794,0.1875,10.0433,-10.0433,0,0,DERIVED,TEAM_BASELINE,away,derived_formation,LOW,PIT_SAFE
mt_584193286,COMP_NEUTRAL,B_FC_fc_blocked_shots_for_d700bf,fc_blocked_shots_for,blocked_shots,FOR,FULL,TEAM_FORMATION_CONDITIONED,,3.0,3.0,0.1367,0.3125,2.7707,0.2293,0,0,SHRUNK,TEAM_BASELINE,away,derived_formation,LOW,PIT_SAFE
mt_584193286,COMP_NEUTRAL,B_FC_formation_delta_blocked_shots_for_0105fa,formation_delta_blocked_shots_for,blocked_shots,FOR,FULL,TEAM_FORMATION_CONDITIONED,,0.0,0.0,-1.6518,0.1875,2.7707,-2.7707,0,0,DERIVED,TEAM_BASELINE,away,derived_formation,LOW,PIT_SAFE
mt_584193286,COMP_NEUTRAL,B_FMX_fmx_crosses_for_39324b,fmx_crosses_for,crosses,FOR,FULL,OPP_FORMATION_CONDITIONED,4-2-3-1,5.6189,5.6189,1.0538,0.9375,3.3472,2.2717,7,4,HIERARCHICAL,VENUE_OVERALL,away,derived_formation,MEDIUM,PIT_SAFE
mt_584193286,COMP_NEUTRAL,B_FMX_fmx_crosses_against_466b35,fmx_crosses_against,crosses,AGAINST,FULL,OPP_FORMATION_CONDITIONED,4-2-3-1,3.9343,3.9343,1.1014,0.9375,2.3471,1.5872,7,4,HIERARCHICAL,VENUE_OVERALL,away,derived_formation,MEDIUM,PIT_SAFE
mt_584193286,COMP_NEUTRAL,B_FMX_fmx_corners_for_84c9b3,fmx_corners_for,corners,FOR,FULL,OPP_FORMATION_CONDITIONED,4-2-3-1,7.8,7.8,1.0277,0.9375,4.7649,3.0351,7,4,HIERARCHICAL,VENUE_OVERALL,away,derived_formation,MEDIUM,PIT_SAFE
mt_584193286,COMP_NEUTRAL,B_FMX_fmx_corners_against_62869b,fmx_corners_against,corners,AGAINST,FULL,OPP_FORMATION_CONDITIONED,4-2-3-1,4.0748,4.0748,0.6975,0.8125,2.8159,1.2589,7,4,HIERARCHICAL,VENUE_OVERALL,away,derived_formation,MEDIUM,PIT_SAFE
mt_584193286,COMP_NEUTRAL,B_FMX_fmx_touches_in_box_for_b44f10,fmx_touches_in_box_for,touches_in_box,FOR,FULL,OPP_FORMATION_CONDITIONED,4-2-3-1,38.1105,38.1105,0.8493,0.9375,25.4107,12.6998,7,4,HIERARCHICAL,VENUE_OVERALL,away,derived_formation,MEDIUM,PIT_SAFE
mt_584193286,COMP_NEUTRAL,B_FMX_fmx_clearances_for_6decb6,fmx_clearances_for,clearances,FOR,FULL,OPP_FORMATION_CONDITIONED,4-2-3-1,14.6259,14.6259,0.6751,0.6875,10.0433,4.5826,7,4,HIERARCHICAL,VENUE_OVERALL,away,derived_formation,MEDIUM,PIT_SAFE
mt_584193286,COMP_NEUTRAL,B_FMX_fmx_blocked_shots_for_7e95cc,fmx_blocked_shots_for,blocked_shots,FOR,FULL,OPP_FORMATION_CONDITIONED,4-2-3-1,3.761,3.761,0.5904,0.5625,2.7707,0.9903,7,4,HIERARCHICAL,VENUE_OVERALL,away,derived_formation,MEDIUM,PIT_SAFE
mt_584193286,COMP_NEUTRAL,B_FMX_fmx_shots_inside_box_against_9add1d,fmx_shots_inside_box_against,shots_inside_box,AGAINST,FULL,OPP_FORMATION_CONDITIONED,4-2-3-1,6.596,6.596,1.0583,0.875,5.8554,0.7406,7,4,HIERARCHICAL,VENUE_OVERALL,away,derived_formation,MEDIUM,PIT_SAFE
mt_257018883,COMP_NEUTRAL,A_ATK_crosses_for_3b2c2e,crosses_for,crosses,FOR,FULL,UNCONDITIONED,TEAM_B,5.9091,5.9091,1.0379,0.6875,3.3758,2.5333,6,4,SHRUNK,VENUE_OVERALL,home,thestatsapi,MEDIUM,PIT_SAFE
mt_257018883,COMP_NEUTRAL,A_ATK_total_shots_for_7adc7e,total_shots_for,total_shots,FOR,FULL,UNCONDITIONED,TEAM_B,12.9924,12.9924,0.9389,0.75,7.7015,5.2909,6,4,SHRUNK,VENUE_OVERALL,home,thestatsapi,MEDIUM,PIT_SAFE
mt_257018883,COMP_NEUTRAL,A_ATK_shots_on_target_for_f48fe6,shots_on_target_for,shots_on_target,FOR,FULL,UNCONDITIONED,TEAM_B,3.4848,3.4848,-1.0,0.25,3.7424,-0.2576,6,4,SHRUNK,VENUE_OVERALL,home,thestatsapi,MEDIUM,PIT_SAFE
mt_257018883,COMP_NEUTRAL,A_ATK_shots_inside_box_for_a31828,shots_inside_box_for,shots_inside_box,FOR,FULL,UNCONDITIONED,TEAM_B,8.7879,8.7879,1.0,0.75,7.594,1.194,6,4,SHRUNK,VENUE_OVERALL,home,thestatsapi,MEDIUM,PIT_SAFE
mt_257018883,COMP_NEUTRAL,A_ATK_touches_in_box_for_12cfbd,touches_in_box_for,touches_in_box,FOR,FULL,UNCONDITIONED,TEAM_B,23.5909,23.5909,0.8307,0.6875,15.3563,8.2346,6,4,SHRUNK,VENUE_OVERALL,home,thestatsapi,MEDIUM,PIT_SAFE
mt_257018883,COMP_NEUTRAL,A_ATK_corners_for_5853ea,corners_for,corners,FOR,FULL,UNCONDITIONED,TEAM_B,6.4697,6.4697,0.9819,0.6875,3.8144,2.6553,6,4,SHRUNK,VENUE_OVERALL,home,thestatsapi,MEDIUM,PIT_SAFE
mt_257018883,COMP_NEUTRAL,A_ATK_possession_for_a2dd7d,possession_for,possession,FOR,FULL,UNCONDITIONED,TEAM_B,56.803,56.803,0.8545,0.75,35.2777,21.5253,6,4,SHRUNK,VENUE_OVERALL,home,thestatsapi,MEDIUM,PIT_SAFE
mt_257018883,COMP_NEUTRAL,A_ATK_throw_ins_for_e5544c,throw_ins_for,throw_ins,FOR,FULL,UNCONDITIONED,TEAM_B,22.2803,22.2803,-1.0,0.25,22.8102,-0.5298,6,4,SHRUNK,VENUE_OVERALL,home,thestatsapi,MEDIUM,PIT_SAFE
mt_257018883,COMP_NEUTRAL,A_ATK_final_third_entries_for_654724,final_third_entries_for,final_third_entries,FOR,FULL,UNCONDITIONED,TEAM_B,67.6212,67.6212,1.0,0.75,62.1806,5.4406,6,4,SHRUNK,VENUE_OVERALL,home,thestatsapi,MEDIUM,PIT_SAFE
mt_257018883,COMP_NEUTRAL,A_DEF_crosses_against_6ee7ec,crosses_against,crosses,AGAINST,FULL,UNCONDITIONED,TEAM_B,2.553,2.553,-0.2113,0.4375,3.0133,-0.4603,6,4,SHRUNK,VENUE_OVERALL,home,thestatsapi,MEDIUM,PIT_SAFE
mt_257018883,COMP_NEUTRAL,A_DEF_total_shots_against_c4fc6f,total_shots_against,total_shots,AGAINST,FULL,UNCONDITIONED,TEAM_B,10.0379,10.0379,-1.0,0.25,10.6989,-0.661,6,4,SHRUNK,VENUE_OVERALL,home,thestatsapi,MEDIUM,PIT_SAFE
mt_257018883,COMP_NEUTRAL,A_DEF_shots_inside_box_against_c1a5d5,shots_inside_box_against,shots_inside_box,AGAINST,FULL,UNCONDITIONED,TEAM_B,5.0379,5.0379,-1.3144,0.125,6.5507,-1.5128,6,4,SHRUNK,VENUE_OVERALL,home,thestatsapi,MEDIUM,PIT_SAFE
mt_257018883,COMP_NEUTRAL,A_DEF_touches_in_box_against_59a734,touches_in_box_against,touches_in_box,AGAINST,FULL,UNCONDITIONED,TEAM_B,15.75,15.75,-1.0,0.25,16.505,-0.755,6,4,SHRUNK,VENUE_OVERALL,home,thestatsapi,MEDIUM,PIT_SAFE
mt_257018883,COMP_NEUTRAL,A_DEF_corners_against_7362f9,corners_against,corners,AGAINST,FULL,UNCONDITIONED,TEAM_B,3.0455,3.0455,-0.2407,0.4375,3.7112,-0.6657,6,4,SHRUNK,VENUE_OVERALL,home,thestatsapi,MEDIUM,PIT_SAFE
mt_257018883,COMP_NEUTRAL,A_DEF_blocked_shots_for_757f72,blocked_shots_for,blocked_shots,FOR,FULL,UNCONDITIONED,TEAM_B,3.6439,3.6439,0.8836,0.6875,2.2851,1.3588,6,4,SHRUNK,VENUE_OVERALL,home,thestatsapi,MEDIUM,PIT_SAFE
mt_257018883,COMP_NEUTRAL,A_DEF_clearances_for_0a5a1b,clearances_for,clearances,FOR,FULL,UNCONDITIONED,TEAM_B,14.7576,14.7576,0.1222,0.4375,13.7224,1.0352,6,4,SHRUNK,VENUE_OVERALL,home,thestatsapi,MEDIUM,PIT_SAFE
mt_257018883,COMP_NEUTRAL,A_DEF_interceptions_for_7f5a18,interceptions_for,interceptions,FOR,FULL,UNCONDITIONED,TEAM_B,9.197,9.197,-1.0,0.25,9.9585,-0.7615,6,4,SHRUNK,VENUE_OVERALL,home,thestatsapi,MEDIUM,PIT_SAFE
mt_257018883,COMP_NEUTRAL,A_DIS_fouls_for_04ac78,fouls_for,fouls,FOR,FULL,UNCONDITIONED,TEAM_B,13.0833,13.0833,1.0,0.75,12.7217,0.3616,6,4,SHRUNK,VENUE_OVERALL,home,thestatsapi,MEDIUM,PIT_SAFE
mt_257018883,COMP_NEUTRAL,A_DIS_tackles_for_0a37e9,tackles_for,tackles,FOR,FULL,UNCONDITIONED,TEAM_B,18.3636,18.3636,1.0,0.75,17.5618,0.8018,6,4,SHRUNK,VENUE_OVERALL,home,thestatsapi,MEDIUM,PIT_SAFE
mt_257018883,COMP_NEUTRAL,A_DIS_yellow_cards_for_e8ebcb,yellow_cards_for,yellow_cards,FOR,FULL,UNCONDITIONED,TEAM_B,2.1364,2.1364,-1.0,0.25,2.2082,-0.0718,6,4,SHRUNK,VENUE_OVERALL,home,thestatsapi,MEDIUM,PIT_SAFE
mt_257018883,COMP_NEUTRAL,A_DIS_fouls_against_c60373,fouls_against,fouls,AGAINST,FULL,UNCONDITIONED,TEAM_B,14.1061,14.1061,-1.0,0.25,14.9731,-0.867,6,4,SHRUNK,VENUE_OVERALL,home,thestatsapi,MEDIUM,PIT_SAFE
mt_257018883,COMP_NEUTRAL,B_ATK_crosses_for_8d3693,crosses_for,crosses,FOR,FULL,UNCONDITIONED,TEAM_A,2.78,2.78,-0.2441,0.4375,3.3758,-0.5958,4,2,SHRUNK,VENUE_OVERALL,away,thestatsapi,MEDIUM,PIT_SAFE
mt_257018883,COMP_NEUTRAL,B_ATK_total_shots_for_c54b45,total_shots_for,total_shots,FOR,FULL,UNCONDITIONED,TEAM_A,11.3,11.3,0.6386,0.5833,7.7015,3.5985,4,2,SHRUNK,VENUE_OVERALL,away,thestatsapi,MEDIUM,PIT_SAFE
mt_257018883,COMP_NEUTRAL,B_ATK_shots_on_target_for_ae38a9,shots_on_target_for,shots_on_target,FOR,FULL,UNCONDITIONED,TEAM_A,4.0,4.0,1.0,0.75,3.7424,0.2576,4,2,SHRUNK,VENUE_OVERALL,away,thestatsapi,MEDIUM,PIT_SAFE
mt_257018883,COMP_NEUTRAL,B_ATK_shots_inside_box_for_fb8bc0,shots_inside_box_for,shots_inside_box,FOR,FULL,UNCONDITIONED,TEAM_A,6.4,6.4,-1.0,0.25,7.594,-1.194,4,2,SHRUNK,VENUE_OVERALL,away,thestatsapi,MEDIUM,PIT_SAFE
mt_257018883,COMP_NEUTRAL,B_ATK_touches_in_box_for_f96d76,touches_in_box_for,touches_in_box,FOR,FULL,UNCONDITIONED,TEAM_A,16.3,16.3,0.0952,0.4375,15.3563,0.9437,4,2,SHRUNK,VENUE_OVERALL,away,thestatsapi,MEDIUM,PIT_SAFE
mt_257018883,COMP_NEUTRAL,B_ATK_corners_for_5c2ad9,corners_for,corners,FOR,FULL,UNCONDITIONED,TEAM_A,3.36,3.36,-0.168,0.4375,3.8144,-0.4544,4,2,SHRUNK,VENUE_OVERALL,away,thestatsapi,MEDIUM,PIT_SAFE
mt_257018883,COMP_NEUTRAL,B_ATK_possession_for_66189c,possession_for,possession,FOR,FULL,UNCONDITIONED,TEAM_A,50.28,50.28,0.5956,0.5833,35.2777,15.0023,4,2,SHRUNK,VENUE_OVERALL,away,thestatsapi,MEDIUM,PIT_SAFE
mt_257018883,COMP_NEUTRAL,B_ATK_throw_ins_for_cdf7ea,throw_ins_for,throw_ins,FOR,FULL,UNCONDITIONED,TEAM_A,23.34,23.34,1.0,0.75,22.8102,0.5298,4,2,SHRUNK,VENUE_OVERALL,away,thestatsapi,MEDIUM,PIT_SAFE
mt_257018883,COMP_NEUTRAL,B_ATK_final_third_entries_for_8b3975,final_third_entries_for,final_third_entries,FOR,FULL,UNCONDITIONED,TEAM_A,56.74,56.74,-1.0,0.25,62.1806,-5.4406,4,2,SHRUNK,VENUE_OVERALL,away,thestatsapi,MEDIUM,PIT_SAFE
mt_257018883,COMP_NEUTRAL,B_DEF_crosses_against_93b39f,crosses_against,crosses,AGAINST,FULL,UNCONDITIONED,TEAM_A,4.76,4.76,0.8019,0.6875,3.0133,1.7467,4,2,SHRUNK,VENUE_OVERALL,away,thestatsapi,MEDIUM,PIT_SAFE
mt_257018883,COMP_NEUTRAL,B_DEF_total_shots_against_1be63f,total_shots_against,total_shots,AGAINST,FULL,UNCONDITIONED,TEAM_A,11.36,11.36,1.0,0.75,10.6989,0.661,4,2,SHRUNK,VENUE_OVERALL,away,thestatsapi,MEDIUM,PIT_SAFE
mt_257018883,COMP_NEUTRAL,B_DEF_shots_inside_box_against_74547b,shots_inside_box_against,shots_inside_box,AGAINST,FULL,UNCONDITIONED,TEAM_A,6.34,6.34,-0.1831,0.375,6.5507,-0.2107,4,2,SHRUNK,VENUE_OVERALL,away,thestatsapi,MEDIUM,PIT_SAFE
mt_257018883,COMP_NEUTRAL,B_DEF_touches_in_box_against_769a8f,touches_in_box_against,touches_in_box,AGAINST,FULL,UNCONDITIONED,TEAM_A,17.26,17.26,1.0,0.75,16.505,0.755,4,2,SHRUNK,VENUE_OVERALL,away,thestatsapi,MEDIUM,PIT_SAFE
mt_257018883,COMP_NEUTRAL,B_DEF_corners_against_438fdc,corners_against,corners,AGAINST,FULL,UNCONDITIONED,TEAM_A,6.34,6.34,0.9504,0.6875,3.7112,2.6288,4,2,SHRUNK,VENUE_OVERALL,away,thestatsapi,MEDIUM,PIT_SAFE
mt_257018883,COMP_NEUTRAL,B_DEF_blocked_shots_for_bd85ce,blocked_shots_for,blocked_shots,FOR,FULL,UNCONDITIONED,TEAM_A,2.28,2.28,-0.0033,0.4375,2.2851,-0.0051,4,2,SHRUNK,VENUE_OVERALL,away,thestatsapi,MEDIUM,PIT_SAFE
mt_257018883,COMP_NEUTRAL,B_DEF_clearances_for_088a3c,clearances_for,clearances,FOR,FULL,UNCONDITIONED,TEAM_A,19.56,19.56,0.6893,0.8125,13.7224,5.8376,4,2,SHRUNK,VENUE_OVERALL,away,thestatsapi,MEDIUM,PIT_SAFE
mt_257018883,COMP_NEUTRAL,B_DEF_interceptions_for_8bf8ba,interceptions_for,interceptions,FOR,FULL,UNCONDITIONED,TEAM_A,10.72,10.72,1.0,0.75,9.9585,0.7615,4,2,SHRUNK,VENUE_OVERALL,away,thestatsapi,MEDIUM,PIT_SAFE
mt_257018883,COMP_NEUTRAL,B_DIS_fouls_for_1bed29,fouls_for,fouls,FOR,FULL,UNCONDITIONED,TEAM_A,12.36,12.36,-1.0,0.25,12.7217,-0.3617,4,2,SHRUNK,VENUE_OVERALL,away,thestatsapi,MEDIUM,PIT_SAFE
mt_257018883,COMP_NEUTRAL,B_DIS_tackles_for_31a3da,tackles_for,tackles,FOR,FULL,UNCONDITIONED,TEAM_A,16.76,16.76,-1.0,0.25,17.5618,-0.8018,4,2,SHRUNK,VENUE_OVERALL,away,thestatsapi,MEDIUM,PIT_SAFE
mt_257018883,COMP_NEUTRAL,B_DIS_yellow_cards_for_f3b633,yellow_cards_for,yellow_cards,FOR,FULL,UNCONDITIONED,TEAM_A,2.28,2.28,1.0,0.75,2.2082,0.0718,4,2,SHRUNK,VENUE_OVERALL,away,thestatsapi,MEDIUM,PIT_SAFE
mt_257018883,COMP_NEUTRAL,B_DIS_fouls_against_010de6,fouls_against,fouls,AGAINST,FULL,UNCONDITIONED,TEAM_A,15.84,15.84,1.0,0.75,14.9731,0.8669,4,2,SHRUNK,VENUE_OVERALL,away,thestatsapi,MEDIUM,PIT_SAFE
mt_257018883,COMP_NEUTRAL,ENV_corners_6147aa,league_corners_env,league_corners_env,NEUTRAL,FULL,UNCONDITIONED,,9.8846,9.8846,,0.5,9.8846,0.0,0,0,DIRECT,COMPETITION_PRIOR,,derived,HIGH,PIT_SAFE
mt_257018883,COMP_NEUTRAL,ENV_total_shots_2eee41,league_total_shots_env,league_total_shots_env,NEUTRAL,FULL,UNCONDITIONED,,23.6154,23.6154,,0.5,23.6154,0.0,0,0,DIRECT,COMPETITION_PRIOR,,derived,HIGH,PIT_SAFE
mt_257018883,COMP_NEUTRAL,ENV_fouls_5495f8,league_fouls_env,league_fouls_env,NEUTRAL,FULL,UNCONDITIONED,,25.7212,25.7212,,0.5,25.7212,0.0,0,0,DIRECT,COMPETITION_PRIOR,,derived,HIGH,PIT_SAFE
mt_257018883,COMP_NEUTRAL,ENV_yellow_cards_40fd2b,league_yellow_cards_env,league_yellow_cards_env,NEUTRAL,FULL,UNCONDITIONED,,4.0198,4.0198,,0.5,4.0198,0.0,0,0,DIRECT,COMPETITION_PRIOR,,derived,HIGH,PIT_SAFE
mt_257018883,COMP_NEUTRAL,A_FC_fc_crosses_for_5bdf0b,fc_crosses_for,crosses,FOR,FULL,TEAM_FORMATION_CONDITIONED,,6.0,6.0,1.0751,0.8125,3.3758,2.6242,0,0,SHRUNK,TEAM_BASELINE,home,derived_formation,LOW,PIT_SAFE
mt_257018883,COMP_NEUTRAL,A_FC_formation_delta_crosses_for_4083a9,formation_delta_crosses_for,crosses,FOR,FULL,TEAM_FORMATION_CONDITIONED,,0.0,0.0,-1.383,0.125,3.3758,-3.3758,0,0,DERIVED,TEAM_BASELINE,home,derived_formation,LOW,PIT_SAFE
mt_257018883,COMP_NEUTRAL,A_FC_fc_corners_for_c86388,fc_corners_for,corners,FOR,FULL,TEAM_FORMATION_CONDITIONED,,6.6667,6.6667,1.0548,0.8125,3.8144,2.8523,0,0,SHRUNK,TEAM_BASELINE,home,derived_formation,LOW,PIT_SAFE
mt_257018883,COMP_NEUTRAL,A_FC_formation_delta_corners_for_ec81ba,formation_delta_corners_for,corners,FOR,FULL,TEAM_FORMATION_CONDITIONED,,0.0,0.0,-1.4106,0.125,3.8144,-3.8144,0,0,DERIVED,TEAM_BASELINE,home,derived_formation,LOW,PIT_SAFE
mt_257018883,COMP_NEUTRAL,A_FC_fc_corners_against_cec210,fc_corners_against,corners,AGAINST,FULL,TEAM_FORMATION_CONDITIONED,,2.0,2.0,-0.6187,0.3125,3.7112,-1.7112,0,0,SHRUNK,TEAM_BASELINE,home,derived_formation,LOW,PIT_SAFE
mt_257018883,COMP_NEUTRAL,A_FC_formation_delta_corners_against_af31b9,formation_delta_corners_against,corners,AGAINST,FULL,TEAM_FORMATION_CONDITIONED,,0.0,0.0,-1.3418,0.125,3.7112,-3.7112,0,0,DERIVED,TEAM_BASELINE,home,derived_formation,LOW,PIT_SAFE
mt_257018883,COMP_NEUTRAL,A_FC_fc_touches_in_box_for_341e05,fc_touches_in_box_for,touches_in_box,FOR,FULL,TEAM_FORMATION_CONDITIONED,,24.0,24.0,0.872,0.8125,15.3563,8.6437,0,0,SHRUNK,TEAM_BASELINE,home,derived_formation,LOW,PIT_SAFE
mt_257018883,COMP_NEUTRAL,A_FC_formation_delta_touches_in_box_for_faf762,formation_delta_touches_in_box_for,touches_in_box,FOR,FULL,TEAM_FORMATION_CONDITIONED,,0.0,0.0,-1.5492,0.125,15.3563,-15.3563,0,0,DERIVED,TEAM_BASELINE,home,derived_formation,LOW,PIT_SAFE
mt_257018883,COMP_NEUTRAL,A_FC_fc_total_shots_for_173413,fc_total_shots_for,total_shots,FOR,FULL,TEAM_FORMATION_CONDITIONED,,13.1667,13.1667,0.9698,0.9167,7.7015,5.4652,0,0,SHRUNK,TEAM_BASELINE,home,derived_formation,LOW,PIT_SAFE
mt_257018883,COMP_NEUTRAL,A_FC_formation_delta_total_shots_for_fe4d5a,formation_delta_total_shots_for,total_shots,FOR,FULL,TEAM_FORMATION_CONDITIONED,,0.0,0.0,-1.3667,0.1667,7.7015,-7.7015,0,0,DERIVED,TEAM_BASELINE,home,derived_formation,LOW,PIT_SAFE
mt_257018883,COMP_NEUTRAL,A_FC_fc_possession_for_d0047f,fc_possession_for,possession,FOR,FULL,TEAM_FORMATION_CONDITIONED,,57.3333,57.3333,0.8756,0.9167,35.2777,22.0556,0,0,SHRUNK,TEAM_BASELINE,home,derived_formation,LOW,PIT_SAFE
mt_257018883,COMP_NEUTRAL,A_FC_formation_delta_possession_for_07770f,formation_delta_possession_for,possession,FOR,FULL,TEAM_FORMATION_CONDITIONED,,0.0,0.0,-1.4005,0.1667,35.2777,-35.2777,0,0,DERIVED,TEAM_BASELINE,home,derived_formation,LOW,PIT_SAFE
mt_257018883,COMP_NEUTRAL,A_FC_fc_crosses_against_02b430,fc_crosses_against,crosses,AGAINST,FULL,TEAM_FORMATION_CONDITIONED,,1.8333,1.8333,-0.5417,0.3125,3.0133,-1.18,0,0,SHRUNK,TEAM_BASELINE,home,derived_formation,LOW,PIT_SAFE
mt_257018883,COMP_NEUTRAL,A_FC_formation_delta_crosses_against_0c0b97,formation_delta_crosses_against,crosses,AGAINST,FULL,TEAM_FORMATION_CONDITIONED,,0.0,0.0,-1.3834,0.125,3.0133,-3.0133,0,0,DERIVED,TEAM_BASELINE,home,derived_formation,LOW,PIT_SAFE
mt_257018883,COMP_NEUTRAL,A_FC_fc_clearances_for_4640b9,fc_clearances_for,clearances,FOR,FULL,TEAM_FORMATION_CONDITIONED,,13.3333,13.3333,-0.0459,0.3125,13.7224,-0.3891,0,0,SHRUNK,TEAM_BASELINE,home,derived_formation,LOW,PIT_SAFE
mt_257018883,COMP_NEUTRAL,A_FC_formation_delta_clearances_for_448158,formation_delta_clearances_for,clearances,FOR,FULL,TEAM_FORMATION_CONDITIONED,,0.0,0.0,-1.6204,0.125,13.7224,-13.7224,0,0,DERIVED,TEAM_BASELINE,home,derived_formation,LOW,PIT_SAFE
mt_257018883,COMP_NEUTRAL,A_FC_fc_blocked_shots_for_e870ed,fc_blocked_shots_for,blocked_shots,FOR,FULL,TEAM_FORMATION_CONDITIONED,,3.8333,3.8333,1.0067,0.8125,2.2851,1.5482,0,0,SHRUNK,TEAM_BASELINE,home,derived_formation,LOW,PIT_SAFE
mt_257018883,COMP_NEUTRAL,A_FC_formation_delta_blocked_shots_for_5e618d,formation_delta_blocked_shots_for,blocked_shots,FOR,FULL,TEAM_FORMATION_CONDITIONED,,0.0,0.0,-1.4859,0.125,2.2851,-2.2851,0,0,DERIVED,TEAM_BASELINE,home,derived_formation,LOW,PIT_SAFE
mt_257018883,COMP_NEUTRAL,A_FMX_fmx_crosses_for_a2b7de,fmx_crosses_for,crosses,FOR,FULL,OPP_FORMATION_CONDITIONED,4-2-3-1,6.3756,6.3756,1.229,0.9375,3.3758,2.9999,6,4,HIERARCHICAL,VENUE_OVERALL,home,derived_formation,MEDIUM,PIT_SAFE
mt_257018883,COMP_NEUTRAL,A_FMX_fmx_crosses_against_24b11e,fmx_crosses_against,crosses,AGAINST,FULL,OPP_FORMATION_CONDITIONED,4-2-3-1,3.4687,3.4687,0.2091,0.5625,3.0133,0.4554,6,4,HIERARCHICAL,VENUE_OVERALL,home,derived_formation,MEDIUM,PIT_SAFE
mt_257018883,COMP_NEUTRAL,A_FMX_fmx_corners_for_510294,fmx_corners_for,corners,FOR,FULL,OPP_FORMATION_CONDITIONED,4-2-3-1,7.1071,7.1071,1.2177,0.9375,3.8144,3.2927,6,4,HIERARCHICAL,VENUE_OVERALL,home,derived_formation,MEDIUM,PIT_SAFE
mt_257018883,COMP_NEUTRAL,A_FMX_fmx_corners_against_ee29bb,fmx_corners_against,corners,AGAINST,FULL,OPP_FORMATION_CONDITIONED,4-2-3-1,4.0679,4.0679,0.129,0.5625,3.7112,0.3567,6,4,HIERARCHICAL,VENUE_OVERALL,home,derived_formation,MEDIUM,PIT_SAFE
mt_257018883,COMP_NEUTRAL,A_FMX_fmx_touches_in_box_for_bcb0f6,fmx_touches_in_box_for,touches_in_box,FOR,FULL,OPP_FORMATION_CONDITIONED,4-2-3-1,26.5537,26.5537,1.1296,0.9375,15.3563,11.1974,6,4,HIERARCHICAL,VENUE_OVERALL,home,derived_formation,MEDIUM,PIT_SAFE
mt_257018883,COMP_NEUTRAL,A_FMX_fmx_clearances_for_4e4fda,fmx_clearances_for,clearances,FOR,FULL,OPP_FORMATION_CONDITIONED,4-2-3-1,18.7487,18.7487,0.5935,0.5625,13.7224,5.0263,6,4,HIERARCHICAL,VENUE_OVERALL,home,derived_formation,MEDIUM,PIT_SAFE
mt_257018883,COMP_NEUTRAL,A_FMX_fmx_blocked_shots_for_86b86d,fmx_blocked_shots_for,blocked_shots,FOR,FULL,OPP_FORMATION_CONDITIONED,4-2-3-1,4.0626,4.0626,1.1558,0.9375,2.2851,1.7775,6,4,HIERARCHICAL,VENUE_OVERALL,home,derived_formation,MEDIUM,PIT_SAFE
mt_257018883,COMP_NEUTRAL,A_FMX_fmx_shots_inside_box_against_147d91,fmx_shots_inside_box_against,shots_inside_box,AGAINST,FULL,OPP_FORMATION_CONDITIONED,4-2-3-1,6.5522,6.5522,0.0013,0.625,6.5507,0.0015,6,4,HIERARCHICAL,VENUE_OVERALL,home,derived_formation,MEDIUM,PIT_SAFE
mt_257018883,COMP_NEUTRAL,B_FC_fc_crosses_for_6dc3b9,fc_crosses_for,crosses,FOR,FULL,TEAM_FORMATION_CONDITIONED,,2.0,2.0,-0.5636,0.3125,3.3758,-1.3758,0,0,SHRUNK,TEAM_BASELINE,away,derived_formation,LOW,PIT_SAFE
mt_257018883,COMP_NEUTRAL,B_FC_formation_delta_crosses_for_159a07,formation_delta_crosses_for,crosses,FOR,FULL,TEAM_FORMATION_CONDITIONED,,0.0,0.0,-1.383,0.125,3.3758,-3.3758,0,0,DERIVED,TEAM_BASELINE,away,derived_formation,LOW,PIT_SAFE
mt_257018883,COMP_NEUTRAL,B_FC_fc_corners_for_e0852f,fc_corners_for,corners,FOR,FULL,TEAM_FORMATION_CONDITIONED,,2.25,2.25,-0.5785,0.3125,3.8144,-1.5644,0,0,SHRUNK,TEAM_BASELINE,away,derived_formation,LOW,PIT_SAFE
mt_257018883,COMP_NEUTRAL,B_FC_formation_delta_corners_for_3b93d2,formation_delta_corners_for,corners,FOR,FULL,TEAM_FORMATION_CONDITIONED,,0.0,0.0,-1.4106,0.125,3.8144,-3.8144,0,0,DERIVED,TEAM_BASELINE,away,derived_formation,LOW,PIT_SAFE
mt_257018883,COMP_NEUTRAL,B_FC_fc_corners_against_26cb33,fc_corners_against,corners,AGAINST,FULL,TEAM_FORMATION_CONDITIONED,,7.0,7.0,1.1891,0.8125,3.7112,3.2888,0,0,SHRUNK,TEAM_BASELINE,away,derived_formation,LOW,PIT_SAFE
mt_257018883,COMP_NEUTRAL,B_FC_formation_delta_corners_against_78d4ec,formation_delta_corners_against,corners,AGAINST,FULL,TEAM_FORMATION_CONDITIONED,,0.0,0.0,-1.3418,0.125,3.7112,-3.7112,0,0,DERIVED,TEAM_BASELINE,away,derived_formation,LOW,PIT_SAFE
mt_257018883,COMP_NEUTRAL,B_FC_fc_touches_in_box_for_605e44,fc_touches_in_box_for,touches_in_box,FOR,FULL,TEAM_FORMATION_CONDITIONED,,11.5,11.5,-0.389,0.3125,15.3563,-3.8563,0,0,SHRUNK,TEAM_BASELINE,away,derived_formation,LOW,PIT_SAFE
mt_257018883,COMP_NEUTRAL,B_FC_formation_delta_touches_in_box_for_c90464,formation_delta_touches_in_box_for,touches_in_box,FOR,FULL,TEAM_FORMATION_CONDITIONED,,0.0,0.0,-1.5492,0.125,15.3563,-15.3563,0,0,DERIVED,TEAM_BASELINE,away,derived_formation,LOW,PIT_SAFE
mt_257018883,COMP_NEUTRAL,B_FC_fc_total_shots_for_bf4256,fc_total_shots_for,total_shots,FOR,FULL,TEAM_FORMATION_CONDITIONED,,8.75,8.75,0.1861,0.4167,7.7015,1.0485,0,0,SHRUNK,TEAM_BASELINE,away,derived_formation,LOW,PIT_SAFE
mt_257018883,COMP_NEUTRAL,B_FC_formation_delta_total_shots_for_62eb07,formation_delta_total_shots_for,total_shots,FOR,FULL,TEAM_FORMATION_CONDITIONED,,0.0,0.0,-1.3667,0.1667,7.7015,-7.7015,0,0,DERIVED,TEAM_BASELINE,away,derived_formation,LOW,PIT_SAFE
mt_257018883,COMP_NEUTRAL,B_FC_fc_possession_for_5c7fe9,fc_possession_for,possession,FOR,FULL,TEAM_FORMATION_CONDITIONED,,47.25,47.25,0.4753,0.4167,35.2777,11.9723,0,0,SHRUNK,TEAM_BASELINE,away,derived_formation,LOW,PIT_SAFE
mt_257018883,COMP_NEUTRAL,B_FC_formation_delta_possession_for_95d395,formation_delta_possession_for,possession,FOR,FULL,TEAM_FORMATION_CONDITIONED,,0.0,0.0,-1.4005,0.1667,35.2777,-35.2777,0,0,DERIVED,TEAM_BASELINE,away,derived_formation,LOW,PIT_SAFE
mt_257018883,COMP_NEUTRAL,B_FC_fc_crosses_against_74f65c,fc_crosses_against,crosses,AGAINST,FULL,TEAM_FORMATION_CONDITIONED,,5.75,5.75,1.2564,0.9375,3.0133,2.7367,0,0,SHRUNK,TEAM_BASELINE,away,derived_formation,LOW,PIT_SAFE
mt_257018883,COMP_NEUTRAL,B_FC_formation_delta_crosses_against_1ee03f,formation_delta_crosses_against,crosses,AGAINST,FULL,TEAM_FORMATION_CONDITIONED,,0.0,0.0,-1.3834,0.125,3.0133,-3.0133,0,0,DERIVED,TEAM_BASELINE,away,derived_formation,LOW,PIT_SAFE
mt_257018883,COMP_NEUTRAL,B_FC_fc_clearances_for_cf1288,fc_clearances_for,clearances,FOR,FULL,TEAM_FORMATION_CONDITIONED,,19.5,19.5,0.6822,0.6875,13.7224,5.7776,0,0,SHRUNK,TEAM_BASELINE,away,derived_formation,LOW,PIT_SAFE
mt_257018883,COMP_NEUTRAL,B_FC_formation_delta_clearances_for_e92944,formation_delta_clearances_for,clearances,FOR,FULL,TEAM_FORMATION_CONDITIONED,,0.0,0.0,-1.6204,0.125,13.7224,-13.7224,0,0,DERIVED,TEAM_BASELINE,away,derived_formation,LOW,PIT_SAFE
mt_257018883,COMP_NEUTRAL,B_FC_fc_blocked_shots_for_3a9d13,fc_blocked_shots_for,blocked_shots,FOR,FULL,TEAM_FORMATION_CONDITIONED,,1.5,1.5,-0.5105,0.3125,2.2851,-0.7851,0,0,SHRUNK,TEAM_BASELINE,away,derived_formation,LOW,PIT_SAFE
mt_257018883,COMP_NEUTRAL,B_FC_formation_delta_blocked_shots_for_6b20aa,formation_delta_blocked_shots_for,blocked_shots,FOR,FULL,TEAM_FORMATION_CONDITIONED,,0.0,0.0,-1.4859,0.125,2.2851,-2.2851,0,0,DERIVED,TEAM_BASELINE,away,derived_formation,LOW,PIT_SAFE
mt_257018883,COMP_NEUTRAL,B_FMX_fmx_crosses_for_a455a8,fmx_crosses_for,crosses,FOR,FULL,OPP_FORMATION_CONDITIONED,4-1-4-1,3.9413,3.9413,0.2317,0.5625,3.3758,0.5655,4,2,HIERARCHICAL,VENUE_OVERALL,away,derived_formation,LOW,PIT_SAFE
mt_257018883,COMP_NEUTRAL,B_FMX_fmx_crosses_against_c44aa9,fmx_crosses_against,crosses,AGAINST,FULL,OPP_FORMATION_CONDITIONED,4-1-4-1,5.7413,5.7413,1.2525,0.8125,3.0133,2.728,4,2,HIERARCHICAL,VENUE_OVERALL,away,derived_formation,LOW,PIT_SAFE
mt_257018883,COMP_NEUTRAL,B_FMX_fmx_corners_for_6e4bd7,fmx_corners_for,corners,FOR,FULL,OPP_FORMATION_CONDITIONED,4-1-4-1,4.6615,4.6615,0.3133,0.5625,3.8144,0.8471,4,2,HIERARCHICAL,VENUE_OVERALL,away,derived_formation,LOW,PIT_SAFE
mt_257018883,COMP_NEUTRAL,B_FMX_fmx_corners_against_252079,fmx_corners_against,corners,AGAINST,FULL,OPP_FORMATION_CONDITIONED,4-1-4-1,7.2365,7.2365,1.2746,0.9375,3.7112,3.5253,4,2,HIERARCHICAL,VENUE_OVERALL,away,derived_formation,LOW,PIT_SAFE
mt_257018883,COMP_NEUTRAL,B_FMX_fmx_touches_in_box_for_471426,fmx_touches_in_box_for,touches_in_box,FOR,FULL,OPP_FORMATION_CONDITIONED,4-1-4-1,20.906,20.906,0.5599,0.5625,15.3563,5.5497,4,2,HIERARCHICAL,VENUE_OVERALL,away,derived_formation,LOW,PIT_SAFE
mt_257018883,COMP_NEUTRAL,B_FMX_fmx_clearances_for_ca27a1,fmx_clearances_for,clearances,FOR,FULL,OPP_FORMATION_CONDITIONED,4-1-4-1,23.8796,23.8796,1.1994,0.9375,13.7224,10.1572,4,2,HIERARCHICAL,VENUE_OVERALL,away,derived_formation,LOW,PIT_SAFE
mt_257018883,COMP_NEUTRAL,B_FMX_fmx_blocked_shots_for_e973f9,fmx_blocked_shots_for,blocked_shots,FOR,FULL,OPP_FORMATION_CONDITIONED,4-1-4-1,2.9611,2.9611,0.4396,0.5625,2.2851,0.676,4,2,HIERARCHICAL,VENUE_OVERALL,away,derived_formation,LOW,PIT_SAFE
mt_257018883,COMP_NEUTRAL,B_FMX_fmx_shots_inside_box_against_c34082,fmx_shots_inside_box_against,shots_inside_box,AGAINST,FULL,OPP_FORMATION_CONDITIONED,4-1-4-1,8.2728,8.2728,1.4962,0.875,6.5507,1.7221,4,2,HIERARCHICAL,VENUE_OVERALL,away,derived_formation,LOW,PIT_SAFE
mt_012238074,COMP_NEUTRAL,A_ATK_crosses_for_6954d1,crosses_for,crosses,FOR,FULL,UNCONDITIONED,TEAM_B,4.0769,4.0769,0.5096,0.4375,3.1225,0.9544,7,4,SHRUNK,VENUE_OVERALL,home,thestatsapi,MEDIUM,PIT_SAFE
mt_012238074,COMP_NEUTRAL,A_ATK_total_shots_for_2fb6e5,total_shots_for,total_shots,FOR,FULL,UNCONDITIONED,TEAM_B,10.6462,10.6462,0.5588,0.4167,7.5533,3.0929,7,4,SHRUNK,VENUE_OVERALL,home,thestatsapi,MEDIUM,PIT_SAFE
mt_012238074,COMP_NEUTRAL,A_ATK_shots_on_target_for_33019b,shots_on_target_for,shots_on_target,FOR,FULL,UNCONDITIONED,TEAM_B,4.2,4.2,-1.0,0.25,4.3077,-0.1077,7,4,SHRUNK,VENUE_OVERALL,home,thestatsapi,MEDIUM,PIT_SAFE
mt_012238074,COMP_NEUTRAL,A_ATK_shots_inside_box_for_82eb8f,shots_inside_box_for,shots_inside_box,FOR,FULL,UNCONDITIONED,TEAM_B,7.2154,7.2154,-1.0,0.25,8.0616,-0.8462,7,4,SHRUNK,VENUE_OVERALL,home,thestatsapi,MEDIUM,PIT_SAFE
mt_012238074,COMP_NEUTRAL,A_ATK_touches_in_box_for_d530ef,touches_in_box_for,touches_in_box,FOR,FULL,UNCONDITIONED,TEAM_B,,,,,,,0,0,DIRECT,ALL_VENUES,home,thestatsapi,LOW,UNAVAILABLE
mt_012238074,COMP_NEUTRAL,A_ATK_corners_for_a2bf90,corners_for,corners,FOR,FULL,UNCONDITIONED,TEAM_B,4.7538,4.7538,0.5131,0.5625,3.6671,1.0867,7,4,SHRUNK,VENUE_OVERALL,home,thestatsapi,MEDIUM,PIT_SAFE
mt_012238074,COMP_NEUTRAL,A_ATK_possession_for_7a910a,possession_for,possession,FOR,FULL,UNCONDITIONED,TEAM_B,49.2,49.2,0.6276,0.4167,34.5704,14.6296,7,4,SHRUNK,VENUE_OVERALL,home,thestatsapi,MEDIUM,PIT_SAFE
mt_012238074,COMP_NEUTRAL,A_ATK_throw_ins_for_64bb00,throw_ins_for,throw_ins,FOR,FULL,UNCONDITIONED,TEAM_B,24.0462,24.0462,1.0,0.75,23.7077,0.3385,7,4,SHRUNK,VENUE_OVERALL,home,thestatsapi,MEDIUM,PIT_SAFE
mt_012238074,COMP_NEUTRAL,A_ATK_final_third_entries_for_a1b13d,final_third_entries_for,final_third_entries,FOR,FULL,UNCONDITIONED,TEAM_B,51.7538,51.7538,-1.0,0.25,52.4923,-0.7385,7,4,SHRUNK,VENUE_OVERALL,home,thestatsapi,MEDIUM,PIT_SAFE
mt_012238074,COMP_NEUTRAL,A_DEF_crosses_against_93b00d,crosses_against,crosses,AGAINST,FULL,UNCONDITIONED,TEAM_B,3.4154,3.4154,0.1298,0.4375,3.1514,0.264,7,4,SHRUNK,VENUE_OVERALL,home,thestatsapi,MEDIUM,PIT_SAFE
mt_012238074,COMP_NEUTRAL,A_DEF_total_shots_against_292364,total_shots_against,total_shots,AGAINST,FULL,UNCONDITIONED,TEAM_B,9.9385,9.9385,-1.0,0.25,13.8077,-3.8692,7,4,SHRUNK,VENUE_OVERALL,home,thestatsapi,MEDIUM,PIT_SAFE
mt_012238074,COMP_NEUTRAL,A_DEF_shots_inside_box_against_09704e,shots_inside_box_against,shots_inside_box,AGAINST,FULL,UNCONDITIONED,TEAM_B,6.5692,6.5692,-1.2251,0.125,9.2882,-2.719,7,4,SHRUNK,VENUE_OVERALL,home,thestatsapi,MEDIUM,PIT_SAFE
mt_012238074,COMP_NEUTRAL,A_DEF_touches_in_box_against_18e5e0,touches_in_box_against,touches_in_box,AGAINST,FULL,UNCONDITIONED,TEAM_B,,,,,,,0,0,DIRECT,ALL_VENUES,home,thestatsapi,LOW,UNAVAILABLE
mt_012238074,COMP_NEUTRAL,A_DEF_corners_against_287f69,corners_against,corners,AGAINST,FULL,UNCONDITIONED,TEAM_B,5.1538,5.1538,0.3774,0.4375,4.1609,0.9929,7,4,SHRUNK,VENUE_OVERALL,home,thestatsapi,MEDIUM,PIT_SAFE
mt_012238074,COMP_NEUTRAL,A_DEF_blocked_shots_for_a6014d,blocked_shots_for,blocked_shots,FOR,FULL,UNCONDITIONED,TEAM_B,2.5538,2.5538,0.0161,0.3125,2.5285,0.0253,7,4,SHRUNK,VENUE_OVERALL,home,thestatsapi,MEDIUM,PIT_SAFE
mt_012238074,COMP_NEUTRAL,A_DEF_clearances_for_5ea86e,clearances_for,clearances,FOR,FULL,UNCONDITIONED,TEAM_B,20.7846,20.7846,0.4668,0.5625,16.4271,4.3575,7,4,SHRUNK,VENUE_OVERALL,home,thestatsapi,MEDIUM,PIT_SAFE
mt_012238074,COMP_NEUTRAL,A_DEF_interceptions_for_5b410b,interceptions_for,interceptions,FOR,FULL,UNCONDITIONED,TEAM_B,11.5231,11.5231,1.0,0.75,10.4461,1.077,7,4,SHRUNK,VENUE_OVERALL,home,thestatsapi,MEDIUM,PIT_SAFE
mt_012238074,COMP_NEUTRAL,A_DIS_fouls_for_4cc063,fouls_for,fouls,FOR,FULL,UNCONDITIONED,TEAM_B,8.5538,8.5538,-1.0,0.25,9.7923,-1.2385,7,4,SHRUNK,VENUE_OVERALL,home,thestatsapi,MEDIUM,PIT_SAFE
mt_012238074,COMP_NEUTRAL,A_DIS_tackles_for_ec6525,tackles_for,tackles,FOR,FULL,UNCONDITIONED,TEAM_B,14.6615,14.6615,-1.0,0.25,15.5615,-0.9,7,4,SHRUNK,VENUE_OVERALL,home,thestatsapi,MEDIUM,PIT_SAFE
mt_012238074,COMP_NEUTRAL,A_DIS_yellow_cards_for_9b7a35,yellow_cards_for,yellow_cards,FOR,FULL,UNCONDITIONED,TEAM_B,1.4462,1.4462,-1.0,0.25,1.7,-0.2538,7,4,SHRUNK,VENUE_OVERALL,home,thestatsapi,MEDIUM,PIT_SAFE
mt_012238074,COMP_NEUTRAL,A_DIS_fouls_against_ddee70,fouls_against,fouls,AGAINST,FULL,UNCONDITIONED,TEAM_B,11.0769,11.0769,-1.0,0.25,11.0846,-0.0077,7,4,SHRUNK,VENUE_OVERALL,home,thestatsapi,MEDIUM,PIT_SAFE
mt_012238074,COMP_NEUTRAL,B_ATK_crosses_for_09de31,crosses_for,crosses,FOR,FULL,UNCONDITIONED,TEAM_A,4.0923,4.0923,0.5178,0.5625,3.1225,0.9697,7,4,SHRUNK,VENUE_OVERALL,away,thestatsapi,MEDIUM,PIT_SAFE
mt_012238074,COMP_NEUTRAL,B_ATK_total_shots_for_7fd9ce,total_shots_for,total_shots,FOR,FULL,UNCONDITIONED,TEAM_A,13.0308,13.0308,0.9896,0.9167,7.5533,5.4775,7,4,SHRUNK,VENUE_OVERALL,away,thestatsapi,MEDIUM,PIT_SAFE
mt_012238074,COMP_NEUTRAL,B_ATK_shots_on_target_for_c5c3c9,shots_on_target_for,shots_on_target,FOR,FULL,UNCONDITIONED,TEAM_A,4.4154,4.4154,1.0,0.75,4.3077,0.1077,7,4,SHRUNK,VENUE_OVERALL,away,thestatsapi,MEDIUM,PIT_SAFE
mt_012238074,COMP_NEUTRAL,B_ATK_shots_inside_box_for_ad999f,shots_inside_box_for,shots_inside_box,FOR,FULL,UNCONDITIONED,TEAM_A,8.9077,8.9077,1.0,0.75,8.0616,0.8461,7,4,SHRUNK,VENUE_OVERALL,away,thestatsapi,MEDIUM,PIT_SAFE
mt_012238074,COMP_NEUTRAL,B_ATK_touches_in_box_for_2f1b1f,touches_in_box_for,touches_in_box,FOR,FULL,UNCONDITIONED,TEAM_A,,,,,,,0,0,DIRECT,ALL_VENUES,away,thestatsapi,LOW,UNAVAILABLE
mt_012238074,COMP_NEUTRAL,B_ATK_corners_for_869723,corners_for,corners,FOR,FULL,UNCONDITIONED,TEAM_A,4.5385,4.5385,0.4115,0.4375,3.6671,0.8714,7,4,SHRUNK,VENUE_OVERALL,away,thestatsapi,MEDIUM,PIT_SAFE
mt_012238074,COMP_NEUTRAL,B_ATK_possession_for_57d4c1,possession_for,possession,FOR,FULL,UNCONDITIONED,TEAM_A,49.6154,49.6154,0.6454,0.5833,34.5704,15.045,7,4,SHRUNK,VENUE_OVERALL,away,thestatsapi,MEDIUM,PIT_SAFE
mt_012238074,COMP_NEUTRAL,B_ATK_throw_ins_for_5554c2,throw_ins_for,throw_ins,FOR,FULL,UNCONDITIONED,TEAM_A,23.3692,23.3692,-1.0,0.25,23.7077,-0.3385,7,4,SHRUNK,VENUE_OVERALL,away,thestatsapi,MEDIUM,PIT_SAFE
mt_012238074,COMP_NEUTRAL,B_ATK_final_third_entries_for_e06696,final_third_entries_for,final_third_entries,FOR,FULL,UNCONDITIONED,TEAM_A,53.2308,53.2308,1.0,0.75,52.4923,0.7385,7,4,SHRUNK,VENUE_OVERALL,away,thestatsapi,MEDIUM,PIT_SAFE
mt_012238074,COMP_NEUTRAL,B_DEF_crosses_against_d0e763,crosses_against,crosses,AGAINST,FULL,UNCONDITIONED,TEAM_A,4.7538,4.7538,0.7877,0.6875,3.1514,1.6024,7,4,SHRUNK,VENUE_OVERALL,away,thestatsapi,MEDIUM,PIT_SAFE
mt_012238074,COMP_NEUTRAL,B_DEF_total_shots_against_5535d9,total_shots_against,total_shots,AGAINST,FULL,UNCONDITIONED,TEAM_A,17.6769,17.6769,1.0,0.75,13.8077,3.8692,7,4,SHRUNK,VENUE_OVERALL,away,thestatsapi,MEDIUM,PIT_SAFE
mt_012238074,COMP_NEUTRAL,B_DEF_shots_inside_box_against_92e7c9,shots_inside_box_against,shots_inside_box,AGAINST,FULL,UNCONDITIONED,TEAM_A,11.0615,11.0615,0.799,0.625,9.2882,1.7733,7,4,SHRUNK,VENUE_OVERALL,away,thestatsapi,MEDIUM,PIT_SAFE
mt_012238074,COMP_NEUTRAL,B_DEF_touches_in_box_against_f5a72b,touches_in_box_against,touches_in_box,AGAINST,FULL,UNCONDITIONED,TEAM_A,,,,,,,0,0,DIRECT,ALL_VENUES,away,thestatsapi,LOW,UNAVAILABLE
mt_012238074,COMP_NEUTRAL,B_DEF_corners_against_96cd3b,corners_against,corners,AGAINST,FULL,UNCONDITIONED,TEAM_A,5.8,5.8,0.623,0.5625,4.1609,1.6391,7,4,SHRUNK,VENUE_OVERALL,away,thestatsapi,MEDIUM,PIT_SAFE
mt_012238074,COMP_NEUTRAL,B_DEF_blocked_shots_for_4172cf,blocked_shots_for,blocked_shots,FOR,FULL,UNCONDITIONED,TEAM_A,3.9231,3.9231,0.8851,0.8125,2.5285,1.3946,7,4,SHRUNK,VENUE_OVERALL,away,thestatsapi,MEDIUM,PIT_SAFE
mt_012238074,COMP_NEUTRAL,B_DEF_clearances_for_ca4697,clearances_for,clearances,FOR,FULL,UNCONDITIONED,TEAM_A,20.4,20.4,0.4256,0.4375,16.4271,3.9729,7,4,SHRUNK,VENUE_OVERALL,away,thestatsapi,MEDIUM,PIT_SAFE
mt_012238074,COMP_NEUTRAL,B_DEF_interceptions_for_82761d,interceptions_for,interceptions,FOR,FULL,UNCONDITIONED,TEAM_A,9.3692,9.3692,-1.0,0.25,10.4461,-1.077,7,4,SHRUNK,VENUE_OVERALL,away,thestatsapi,MEDIUM,PIT_SAFE
mt_012238074,COMP_NEUTRAL,B_DIS_fouls_for_d3ece8,fouls_for,fouls,FOR,FULL,UNCONDITIONED,TEAM_A,11.0308,11.0308,1.0,0.75,9.7923,1.2385,7,4,SHRUNK,VENUE_OVERALL,away,thestatsapi,MEDIUM,PIT_SAFE
mt_012238074,COMP_NEUTRAL,B_DIS_tackles_for_abe6ae,tackles_for,tackles,FOR,FULL,UNCONDITIONED,TEAM_A,16.4615,16.4615,1.0,0.75,15.5615,0.9,7,4,SHRUNK,VENUE_OVERALL,away,thestatsapi,MEDIUM,PIT_SAFE
mt_012238074,COMP_NEUTRAL,B_DIS_yellow_cards_for_bfd893,yellow_cards_for,yellow_cards,FOR,FULL,UNCONDITIONED,TEAM_A,1.9538,1.9538,1.0,0.75,1.7,0.2538,7,4,SHRUNK,VENUE_OVERALL,away,thestatsapi,MEDIUM,PIT_SAFE
mt_012238074,COMP_NEUTRAL,B_DIS_fouls_against_0e5d6f,fouls_against,fouls,AGAINST,FULL,UNCONDITIONED,TEAM_A,11.0923,11.0923,1.0,0.75,11.0846,0.0077,7,4,SHRUNK,VENUE_OVERALL,away,thestatsapi,MEDIUM,PIT_SAFE
mt_012238074,COMP_NEUTRAL,ENV_corners_51f86e,league_corners_env,league_corners_env,NEUTRAL,FULL,UNCONDITIONED,,10.8681,10.8681,,0.5,10.8681,0.0,0,0,DIRECT,COMPETITION_PRIOR,,derived,HIGH,PIT_SAFE
mt_012238074,COMP_NEUTRAL,ENV_total_shots_b5ee6a,league_total_shots_env,league_total_shots_env,NEUTRAL,FULL,UNCONDITIONED,,25.6374,25.6374,,0.5,25.6374,0.0,0,0,DIRECT,COMPETITION_PRIOR,,derived,HIGH,PIT_SAFE
mt_012238074,COMP_NEUTRAL,ENV_fouls_b5dcf0,league_fouls_env,league_fouls_env,NEUTRAL,FULL,UNCONDITIONED,,22.0714,22.0714,,0.5,22.0714,0.0,0,0,DIRECT,COMPETITION_PRIOR,,derived,HIGH,PIT_SAFE
mt_012238074,COMP_NEUTRAL,ENV_yellow_cards_bcf94d,league_yellow_cards_env,league_yellow_cards_env,NEUTRAL,FULL,UNCONDITIONED,,4.4556,4.4556,,0.5,4.4556,0.0,0,0,DIRECT,COMPETITION_PRIOR,,derived,HIGH,PIT_SAFE
mt_012238074,COMP_NEUTRAL,A_FC_fc_crosses_for_4be2b3,fc_crosses_for,crosses,FOR,FULL,TEAM_FORMATION_CONDITIONED,,4.4286,4.4286,0.6974,0.6875,3.1225,1.3061,0,0,SHRUNK,TEAM_BASELINE,home,derived_formation,LOW,PIT_SAFE
mt_012238074,COMP_NEUTRAL,A_FC_formation_delta_crosses_for_d60197,formation_delta_crosses_for,crosses,FOR,FULL,TEAM_FORMATION_CONDITIONED,,0.0,0.0,-1.6673,0.1875,3.1225,-3.1225,0,0,DERIVED,TEAM_BASELINE,home,derived_formation,LOW,PIT_SAFE
mt_012238074,COMP_NEUTRAL,A_FC_fc_corners_for_dd21a4,fc_corners_for,corners,FOR,FULL,TEAM_FORMATION_CONDITIONED,,5.0,5.0,0.6294,0.6875,3.6671,1.3329,0,0,SHRUNK,TEAM_BASELINE,home,derived_formation,LOW,PIT_SAFE
mt_012238074,COMP_NEUTRAL,A_FC_formation_delta_corners_for_efd0cf,formation_delta_corners_for,corners,FOR,FULL,TEAM_FORMATION_CONDITIONED,,0.0,0.0,-1.7317,0.0625,3.6671,-3.6671,0,0,DERIVED,TEAM_BASELINE,home,derived_formation,LOW,PIT_SAFE
mt_012238074,COMP_NEUTRAL,A_FC_fc_corners_against_9b06c7,fc_corners_against,corners,AGAINST,FULL,TEAM_FORMATION_CONDITIONED,,4.7143,4.7143,0.2103,0.3125,4.1609,0.5534,0,0,SHRUNK,TEAM_BASELINE,home,derived_formation,LOW,PIT_SAFE
mt_012238074,COMP_NEUTRAL,A_FC_formation_delta_corners_against_95ba3b,formation_delta_corners_against,corners,AGAINST,FULL,TEAM_FORMATION_CONDITIONED,,0.0,0.0,-1.5814,0.1875,4.1609,-4.1609,0,0,DERIVED,TEAM_BASELINE,home,derived_formation,LOW,PIT_SAFE
mt_012238074,COMP_NEUTRAL,A_FC_fc_total_shots_for_bf641c,fc_total_shots_for,total_shots,FOR,FULL,TEAM_FORMATION_CONDITIONED,,10.8571,10.8571,0.5969,0.5833,7.5533,3.3038,0,0,SHRUNK,TEAM_BASELINE,home,derived_formation,LOW,PIT_SAFE
mt_012238074,COMP_NEUTRAL,A_FC_formation_delta_total_shots_for_d4fa0b,formation_delta_total_shots_for,total_shots,FOR,FULL,TEAM_FORMATION_CONDITIONED,,0.0,0.0,-1.3646,0.25,7.5533,-7.5533,0,0,DERIVED,TEAM_BASELINE,home,derived_formation,LOW,PIT_SAFE
mt_012238074,COMP_NEUTRAL,A_FC_fc_possession_for_600f6e,fc_possession_for,possession,FOR,FULL,TEAM_FORMATION_CONDITIONED,,52.8571,52.8571,0.7845,0.9167,34.5704,18.2867,0,0,SHRUNK,TEAM_BASELINE,home,derived_formation,LOW,PIT_SAFE
mt_012238074,COMP_NEUTRAL,A_FC_formation_delta_possession_for_4ab80f,formation_delta_possession_for,possession,FOR,FULL,TEAM_FORMATION_CONDITIONED,,0.0,0.0,-1.4831,0.0833,34.5704,-34.5704,0,0,DERIVED,TEAM_BASELINE,home,derived_formation,LOW,PIT_SAFE
mt_012238074,COMP_NEUTRAL,A_FC_fc_crosses_against_856e78,fc_crosses_against,crosses,AGAINST,FULL,TEAM_FORMATION_CONDITIONED,,3.1429,3.1429,-0.0042,0.3125,3.1514,-0.0085,0,0,SHRUNK,TEAM_BASELINE,home,derived_formation,LOW,PIT_SAFE
mt_012238074,COMP_NEUTRAL,A_FC_formation_delta_crosses_against_ba2b31,formation_delta_crosses_against,crosses,AGAINST,FULL,TEAM_FORMATION_CONDITIONED,,0.0,0.0,-1.5492,0.1875,3.1514,-3.1514,0,0,DERIVED,TEAM_BASELINE,home,derived_formation,LOW,PIT_SAFE
mt_012238074,COMP_NEUTRAL,A_FC_fc_clearances_for_406ca7,fc_clearances_for,clearances,FOR,FULL,TEAM_FORMATION_CONDITIONED,,19.8571,19.8571,0.3674,0.3125,16.4271,3.43,0,0,SHRUNK,TEAM_BASELINE,home,derived_formation,LOW,PIT_SAFE
mt_012238074,COMP_NEUTRAL,A_FC_formation_delta_clearances_for_453aad,formation_delta_clearances_for,clearances,FOR,FULL,TEAM_FORMATION_CONDITIONED,,0.0,0.0,-1.7598,0.0625,16.4271,-16.4271,0,0,DERIVED,TEAM_BASELINE,home,derived_formation,LOW,PIT_SAFE
mt_012238074,COMP_NEUTRAL,A_FC_fc_blocked_shots_for_f48da9,fc_blocked_shots_for,blocked_shots,FOR,FULL,TEAM_FORMATION_CONDITIONED,,2.5714,2.5714,0.0273,0.4375,2.5285,0.0429,0,0,SHRUNK,TEAM_BASELINE,home,derived_formation,LOW,PIT_SAFE
mt_012238074,COMP_NEUTRAL,A_FC_formation_delta_blocked_shots_for_917707,formation_delta_blocked_shots_for,blocked_shots,FOR,FULL,TEAM_FORMATION_CONDITIONED,,0.0,0.0,-1.6047,0.1875,2.5285,-2.5285,0,0,DERIVED,TEAM_BASELINE,home,derived_formation,LOW,PIT_SAFE
mt_012238074,COMP_NEUTRAL,A_FMX_fmx_crosses_for_cec018,fmx_crosses_for,crosses,FOR,FULL,OPP_FORMATION_CONDITIONED,4-2-3-1,4.6556,4.6556,0.8186,0.9375,3.1225,1.533,7,4,HIERARCHICAL,VENUE_OVERALL,home,derived_formation,MEDIUM,PIT_SAFE
mt_012238074,COMP_NEUTRAL,A_FMX_fmx_crosses_against_cead66,fmx_crosses_against,crosses,AGAINST,FULL,OPP_FORMATION_CONDITIONED,4-2-3-1,3.9853,3.9853,0.4099,0.5625,3.1514,0.8339,7,4,HIERARCHICAL,VENUE_OVERALL,home,derived_formation,MEDIUM,PIT_SAFE
mt_012238074,COMP_NEUTRAL,A_FMX_fmx_corners_for_46d29b,fmx_corners_for,corners,FOR,FULL,OPP_FORMATION_CONDITIONED,4-2-3-1,5.598,5.598,0.9118,0.9375,3.6671,1.9308,7,4,HIERARCHICAL,VENUE_OVERALL,home,derived_formation,MEDIUM,PIT_SAFE
mt_012238074,COMP_NEUTRAL,A_FMX_fmx_corners_against_1606b8,fmx_corners_against,corners,AGAINST,FULL,OPP_FORMATION_CONDITIONED,4-2-3-1,5.8398,5.8398,0.6381,0.8125,4.1609,1.6789,7,4,HIERARCHICAL,VENUE_OVERALL,home,derived_formation,MEDIUM,PIT_SAFE
mt_012238074,COMP_NEUTRAL,A_FMX_fmx_clearances_for_65fe99,fmx_clearances_for,clearances,FOR,FULL,OPP_FORMATION_CONDITIONED,4-2-3-1,22.6614,22.6614,0.6679,0.6875,16.4271,6.2343,7,4,HIERARCHICAL,VENUE_OVERALL,home,derived_formation,MEDIUM,PIT_SAFE
mt_012238074,COMP_NEUTRAL,A_FMX_fmx_blocked_shots_for_a11a43,fmx_blocked_shots_for,blocked_shots,FOR,FULL,OPP_FORMATION_CONDITIONED,4-2-3-1,3.2559,3.2559,0.4617,0.5625,2.5285,0.7274,7,4,HIERARCHICAL,VENUE_OVERALL,home,derived_formation,MEDIUM,PIT_SAFE
mt_012238074,COMP_NEUTRAL,A_FMX_fmx_shots_inside_box_against_375c6e,fmx_shots_inside_box_against,shots_inside_box,AGAINST,FULL,OPP_FORMATION_CONDITIONED,4-2-3-1,7.6731,7.6731,-0.7277,0.375,9.2882,-1.6151,7,4,HIERARCHICAL,VENUE_OVERALL,home,derived_formation,MEDIUM,PIT_SAFE
mt_012238074,COMP_NEUTRAL,B_FC_fc_crosses_for_838b89,fc_crosses_for,crosses,FOR,FULL,TEAM_FORMATION_CONDITIONED,,3.3214,3.3214,0.1062,0.3125,3.1225,0.1989,2,2,DIRECT,EXACT_FORMATION,away,derived_formation,LOW,PIT_SAFE
mt_012238074,COMP_NEUTRAL,B_FC_formation_delta_crosses_for_b78e0c,formation_delta_crosses_for,crosses,FOR,FULL,TEAM_FORMATION_CONDITIONED,,-0.1071,-0.1071,-1.7245,0.0625,3.1225,-3.2296,2,1,DERIVED,EXACT_FORMATION,away,derived_formation,LOW,PIT_SAFE
mt_012238074,COMP_NEUTRAL,B_FC_fc_corners_for_05ac23,fc_corners_for,corners,FOR,FULL,TEAM_FORMATION_CONDITIONED,,4.0179,4.0179,0.1656,0.3125,3.6671,0.3508,2,2,DIRECT,EXACT_FORMATION,away,derived_formation,LOW,PIT_SAFE
mt_012238074,COMP_NEUTRAL,B_FC_formation_delta_corners_for_d8a477,formation_delta_corners_for,corners,FOR,FULL,TEAM_FORMATION_CONDITIONED,,0.1607,0.1607,-1.6558,0.1875,3.6671,-3.5065,2,1,DERIVED,EXACT_FORMATION,away,derived_formation,LOW,PIT_SAFE
mt_012238074,COMP_NEUTRAL,B_FC_fc_corners_against_e6add5,fc_corners_against,corners,AGAINST,FULL,TEAM_FORMATION_CONDITIONED,,5.8214,5.8214,0.6311,0.6875,4.1609,1.6605,2,2,DIRECT,EXACT_FORMATION,away,derived_formation,LOW,PIT_SAFE
mt_012238074,COMP_NEUTRAL,B_FC_formation_delta_corners_against_2c8378,formation_delta_corners_against,corners,AGAINST,FULL,TEAM_FORMATION_CONDITIONED,,-0.6071,-0.6071,-1.8122,0.0625,4.1609,-4.768,2,1,DERIVED,EXACT_FORMATION,away,derived_formation,LOW,PIT_SAFE
mt_012238074,COMP_NEUTRAL,B_FC_fc_total_shots_for_6557aa,fc_total_shots_for,total_shots,FOR,FULL,TEAM_FORMATION_CONDITIONED,,11.1786,11.1786,0.655,0.75,7.5533,3.6253,2,2,DIRECT,EXACT_FORMATION,away,derived_formation,LOW,PIT_SAFE
mt_012238074,COMP_NEUTRAL,B_FC_formation_delta_total_shots_for_2b9c76,formation_delta_total_shots_for,total_shots,FOR,FULL,TEAM_FORMATION_CONDITIONED,,-0.3929,-0.3929,-1.4356,0.0833,7.5533,-7.9462,2,1,DERIVED,EXACT_FORMATION,away,derived_formation,LOW,PIT_SAFE
mt_012238074,COMP_NEUTRAL,B_FC_fc_possession_for_af40f5,fc_possession_for,possession,FOR,FULL,TEAM_FORMATION_CONDITIONED,,52.375,52.375,0.7638,0.75,34.5704,17.8046,2,2,DIRECT,EXACT_FORMATION,away,derived_formation,LOW,PIT_SAFE
mt_012238074,COMP_NEUTRAL,B_FC_formation_delta_possession_for_e4a9d1,formation_delta_possession_for,possession,FOR,FULL,TEAM_FORMATION_CONDITIONED,,3.375,3.375,-1.3383,0.25,34.5704,-31.1954,2,1,DERIVED,EXACT_FORMATION,away,derived_formation,LOW,PIT_SAFE
mt_012238074,COMP_NEUTRAL,B_FC_fc_crosses_against_6ca024,fc_crosses_against,crosses,AGAINST,FULL,TEAM_FORMATION_CONDITIONED,,4.9643,4.9643,0.8912,0.8125,3.1514,1.8129,2,2,DIRECT,EXACT_FORMATION,away,derived_formation,LOW,PIT_SAFE
mt_012238074,COMP_NEUTRAL,B_FC_formation_delta_crosses_against_601b64,formation_delta_crosses_against,crosses,AGAINST,FULL,TEAM_FORMATION_CONDITIONED,,-0.3214,-0.3214,-1.7072,0.0625,3.1514,-3.4728,2,1,DERIVED,EXACT_FORMATION,away,derived_formation,LOW,PIT_SAFE
mt_012238074,COMP_NEUTRAL,B_FC_fc_clearances_for_36f900,fc_clearances_for,clearances,FOR,FULL,TEAM_FORMATION_CONDITIONED,,23.9821,23.9821,0.8093,0.9375,16.4271,7.555,2,2,DIRECT,EXACT_FORMATION,away,derived_formation,LOW,PIT_SAFE
mt_012238074,COMP_NEUTRAL,B_FC_formation_delta_clearances_for_871a26,formation_delta_clearances_for,clearances,FOR,FULL,TEAM_FORMATION_CONDITIONED,,0.8393,0.8393,-1.6699,0.1875,16.4271,-15.5878,2,1,DERIVED,EXACT_FORMATION,away,derived_formation,LOW,PIT_SAFE
mt_012238074,COMP_NEUTRAL,B_FC_fc_blocked_shots_for_4bab26,fc_blocked_shots_for,blocked_shots,FOR,FULL,TEAM_FORMATION_CONDITIONED,,3.5536,3.5536,0.6506,0.6875,2.5285,1.0251,2,2,DIRECT,EXACT_FORMATION,away,derived_formation,LOW,PIT_SAFE
mt_012238074,COMP_NEUTRAL,B_FC_formation_delta_blocked_shots_for_7a017b,formation_delta_blocked_shots_for,blocked_shots,FOR,FULL,TEAM_FORMATION_CONDITIONED,,-0.0179,-0.0179,-1.6161,0.0625,2.5285,-2.5464,2,1,DERIVED,EXACT_FORMATION,away,derived_formation,LOW,PIT_SAFE
mt_012238074,COMP_NEUTRAL,B_FMX_fmx_crosses_for_a2b21d,fmx_crosses_for,crosses,FOR,FULL,OPP_FORMATION_CONDITIONED,4-3-3,4.5127,4.5127,0.7423,0.8125,3.1225,1.3901,7,4,HIERARCHICAL,VENUE_OVERALL,away,derived_formation,MEDIUM,PIT_SAFE
mt_012238074,COMP_NEUTRAL,B_FMX_fmx_crosses_against_7fe6d3,fmx_crosses_against,crosses,AGAINST,FULL,OPP_FORMATION_CONDITIONED,4-3-3,5.271,5.271,1.042,0.9375,3.1514,2.1196,7,4,HIERARCHICAL,VENUE_OVERALL,away,derived_formation,MEDIUM,PIT_SAFE
mt_012238074,COMP_NEUTRAL,B_FMX_fmx_corners_for_f76fde,fmx_corners_for,corners,FOR,FULL,OPP_FORMATION_CONDITIONED,4-3-3,5.2683,5.2683,0.7561,0.8125,3.6671,1.6012,7,4,HIERARCHICAL,VENUE_OVERALL,away,derived_formation,MEDIUM,PIT_SAFE
mt_012238074,COMP_NEUTRAL,B_FMX_fmx_corners_against_435bc9,fmx_corners_against,corners,AGAINST,FULL,OPP_FORMATION_CONDITIONED,4-3-3,6.565,6.565,0.9137,0.9375,4.1609,2.4041,7,4,HIERARCHICAL,VENUE_OVERALL,away,derived_formation,MEDIUM,PIT_SAFE
mt_012238074,COMP_NEUTRAL,B_FMX_fmx_clearances_for_27563f,fmx_clearances_for,clearances,FOR,FULL,OPP_FORMATION_CONDITIONED,4-3-3,22.8922,22.8922,0.6926,0.8125,16.4271,6.4651,7,4,HIERARCHICAL,VENUE_OVERALL,away,derived_formation,MEDIUM,PIT_SAFE
mt_012238074,COMP_NEUTRAL,B_FMX_fmx_blocked_shots_for_8cbe92,fmx_blocked_shots_for,blocked_shots,FOR,FULL,OPP_FORMATION_CONDITIONED,4-3-3,4.3878,4.3878,1.18,0.9375,2.5285,1.8593,7,4,HIERARCHICAL,VENUE_OVERALL,away,derived_formation,MEDIUM,PIT_SAFE
mt_012238074,COMP_NEUTRAL,B_FMX_fmx_shots_inside_box_against_afa0af,fmx_shots_inside_box_against,shots_inside_box,AGAINST,FULL,OPP_FORMATION_CONDITIONED,4-3-3,11.8489,11.8489,1.1538,0.875,9.2882,2.5607,7,4,HIERARCHICAL,VENUE_OVERALL,away,derived_formation,MEDIUM,PIT_SAFE
mt_196560601,COMP_NEUTRAL,A_ATK_crosses_for_327f99,crosses_for,crosses,FOR,FULL,UNCONDITIONED,TEAM_B,4.0769,4.0769,0.4772,0.4375,3.2011,0.8758,7,4,SHRUNK,VENUE_OVERALL,home,thestatsapi,MEDIUM,PIT_SAFE
mt_196560601,COMP_NEUTRAL,A_ATK_total_shots_for_43d09e,total_shots_for,total_shots,FOR,FULL,UNCONDITIONED,TEAM_B,12.6462,12.6462,0.8141,0.75,8.3119,4.3343,7,4,SHRUNK,VENUE_OVERALL,home,thestatsapi,MEDIUM,PIT_SAFE
mt_196560601,COMP_NEUTRAL,A_ATK_shots_on_target_for_08105e,shots_on_target_for,shots_on_target,FOR,FULL,UNCONDITIONED,TEAM_B,3.7538,3.7538,-1.0,0.25,3.7615,-0.0077,7,4,SHRUNK,VENUE_OVERALL,home,thestatsapi,MEDIUM,PIT_SAFE
mt_196560601,COMP_NEUTRAL,A_ATK_shots_inside_box_for_005c60,shots_inside_box_for,shots_inside_box,FOR,FULL,UNCONDITIONED,TEAM_B,9.2308,9.2308,1.0,0.75,8.1769,1.0539,7,4,SHRUNK,VENUE_OVERALL,home,thestatsapi,MEDIUM,PIT_SAFE
mt_196560601,COMP_NEUTRAL,A_ATK_touches_in_box_for_cd9d20,touches_in_box_for,touches_in_box,FOR,FULL,UNCONDITIONED,TEAM_B,25.9385,25.9385,0.6396,0.6875,19.4096,6.5289,7,4,SHRUNK,VENUE_OVERALL,home,thestatsapi,MEDIUM,PIT_SAFE
mt_196560601,COMP_NEUTRAL,A_ATK_corners_for_b1bb20,corners_for,corners,FOR,FULL,UNCONDITIONED,TEAM_B,5.8923,5.8923,0.8137,0.6875,3.9674,1.9249,7,4,SHRUNK,VENUE_OVERALL,home,thestatsapi,MEDIUM,PIT_SAFE
mt_196560601,COMP_NEUTRAL,A_ATK_possession_for_78319d,possession_for,possession,FOR,FULL,UNCONDITIONED,TEAM_B,44.5538,44.5538,0.7148,0.75,30.1086,14.4452,7,4,SHRUNK,VENUE_OVERALL,home,thestatsapi,MEDIUM,PIT_SAFE
mt_196560601,COMP_NEUTRAL,A_ATK_throw_ins_for_4521f4,throw_ins_for,throw_ins,FOR,FULL,UNCONDITIONED,TEAM_B,18.0462,18.0462,-1.0,0.25,18.2154,-0.1692,7,4,SHRUNK,VENUE_OVERALL,home,thestatsapi,MEDIUM,PIT_SAFE
mt_196560601,COMP_NEUTRAL,A_ATK_final_third_entries_for_5c0f75,final_third_entries_for,final_third_entries,FOR,FULL,UNCONDITIONED,TEAM_B,50.3538,50.3538,1.0,0.75,48.6384,1.7154,7,4,SHRUNK,VENUE_OVERALL,home,thestatsapi,MEDIUM,PIT_SAFE
mt_196560601,COMP_NEUTRAL,A_DEF_crosses_against_f93a30,crosses_against,crosses,AGAINST,FULL,UNCONDITIONED,TEAM_B,3.8,3.8,0.1956,0.4375,3.3935,0.4065,7,4,SHRUNK,VENUE_OVERALL,home,thestatsapi,MEDIUM,PIT_SAFE
mt_196560601,COMP_NEUTRAL,A_DEF_total_shots_against_3048e6,total_shots_against,total_shots,AGAINST,FULL,UNCONDITIONED,TEAM_B,14.8308,14.8308,-1.0,0.25,16.4693,-1.6385,7,4,SHRUNK,VENUE_OVERALL,home,thestatsapi,MEDIUM,PIT_SAFE
mt_196560601,COMP_NEUTRAL,A_DEF_shots_inside_box_against_02f627,shots_inside_box_against,shots_inside_box,AGAINST,FULL,UNCONDITIONED,TEAM_B,10.0,10.0,-1.3009,0.125,12.077,-2.077,7,4,SHRUNK,VENUE_OVERALL,home,thestatsapi,MEDIUM,PIT_SAFE
mt_196560601,COMP_NEUTRAL,A_DEF_touches_in_box_against_10aa16,touches_in_box_against,touches_in_box,AGAINST,FULL,UNCONDITIONED,TEAM_B,31.3385,31.3385,-1.0,0.25,33.6769,-2.3384,7,4,SHRUNK,VENUE_OVERALL,home,thestatsapi,MEDIUM,PIT_SAFE
mt_196560601,COMP_NEUTRAL,A_DEF_corners_against_153890,corners_against,corners,AGAINST,FULL,UNCONDITIONED,TEAM_B,6.5077,6.5077,0.4163,0.3125,5.2108,1.2969,7,4,SHRUNK,VENUE_OVERALL,home,thestatsapi,MEDIUM,PIT_SAFE
mt_196560601,COMP_NEUTRAL,A_DEF_blocked_shots_for_7ced90,blocked_shots_for,blocked_shots,FOR,FULL,UNCONDITIONED,TEAM_B,4.1077,4.1077,0.7379,0.6875,2.8497,1.258,7,4,SHRUNK,VENUE_OVERALL,home,thestatsapi,MEDIUM,PIT_SAFE
mt_196560601,COMP_NEUTRAL,A_DEF_clearances_for_5ccb50,clearances_for,clearances,FOR,FULL,UNCONDITIONED,TEAM_B,20.9385,20.9385,0.2591,0.4375,17.8662,3.0724,7,4,SHRUNK,VENUE_OVERALL,home,thestatsapi,MEDIUM,PIT_SAFE
mt_196560601,COMP_NEUTRAL,A_DEF_interceptions_for_c9840e,interceptions_for,interceptions,FOR,FULL,UNCONDITIONED,TEAM_B,8.1385,8.1385,1.0,0.75,7.5846,0.5539,7,4,SHRUNK,VENUE_OVERALL,home,thestatsapi,MEDIUM,PIT_SAFE
mt_196560601,COMP_NEUTRAL,A_DIS_fouls_for_c3e541,fouls_for,fouls,FOR,FULL,UNCONDITIONED,TEAM_B,12.0615,12.0615,1.0,0.75,11.2231,0.8384,7,4,SHRUNK,VENUE_OVERALL,home,thestatsapi,MEDIUM,PIT_SAFE
mt_196560601,COMP_NEUTRAL,A_DIS_tackles_for_a40bc2,tackles_for,tackles,FOR,FULL,UNCONDITIONED,TEAM_B,17.8769,17.8769,-1.0,0.25,19.6461,-1.7692,7,4,SHRUNK,VENUE_OVERALL,home,thestatsapi,MEDIUM,PIT_SAFE
mt_196560601,COMP_NEUTRAL,A_DIS_yellow_cards_for_d6793e,yellow_cards_for,yellow_cards,FOR,FULL,UNCONDITIONED,TEAM_B,2.4769,2.4769,1.0,0.75,2.4385,0.0385,7,4,SHRUNK,VENUE_OVERALL,home,thestatsapi,MEDIUM,PIT_SAFE
mt_196560601,COMP_NEUTRAL,A_DIS_fouls_against_f87a35,fouls_against,fouls,AGAINST,FULL,UNCONDITIONED,TEAM_B,13.2769,13.2769,1.0,0.75,12.1692,1.1077,7,4,SHRUNK,VENUE_OVERALL,home,thestatsapi,MEDIUM,PIT_SAFE
mt_196560601,COMP_NEUTRAL,B_ATK_crosses_for_be7d16,crosses_for,crosses,FOR,FULL,UNCONDITIONED,TEAM_A,4.1231,4.1231,0.5024,0.5625,3.2011,0.922,7,4,SHRUNK,VENUE_OVERALL,away,thestatsapi,MEDIUM,PIT_SAFE
mt_196560601,COMP_NEUTRAL,B_ATK_total_shots_for_169381,total_shots_for,total_shots,FOR,FULL,UNCONDITIONED,TEAM_A,10.1385,10.1385,0.3431,0.4167,8.3119,1.8266,7,4,SHRUNK,VENUE_OVERALL,away,thestatsapi,MEDIUM,PIT_SAFE
mt_196560601,COMP_NEUTRAL,B_ATK_shots_on_target_for_f5ed1a,shots_on_target_for,shots_on_target,FOR,FULL,UNCONDITIONED,TEAM_A,3.7692,3.7692,1.0,0.75,3.7615,0.0077,7,4,SHRUNK,VENUE_OVERALL,away,thestatsapi,MEDIUM,PIT_SAFE
mt_196560601,COMP_NEUTRAL,B_ATK_shots_inside_box_for_2ca900,shots_inside_box_for,shots_inside_box,FOR,FULL,UNCONDITIONED,TEAM_A,7.1231,7.1231,-1.0,0.25,8.1769,-1.0538,7,4,SHRUNK,VENUE_OVERALL,away,thestatsapi,MEDIUM,PIT_SAFE
mt_196560601,COMP_NEUTRAL,B_ATK_touches_in_box_for_f8a69a,touches_in_box_for,touches_in_box,FOR,FULL,UNCONDITIONED,TEAM_A,19.9077,19.9077,0.0488,0.3125,19.4096,0.4981,7,4,SHRUNK,VENUE_OVERALL,away,thestatsapi,MEDIUM,PIT_SAFE
mt_196560601,COMP_NEUTRAL,B_ATK_corners_for_a86603,corners_for,corners,FOR,FULL,UNCONDITIONED,TEAM_A,3.7538,3.7538,-0.0903,0.3125,3.9674,-0.2136,7,4,SHRUNK,VENUE_OVERALL,away,thestatsapi,MEDIUM,PIT_SAFE
mt_196560601,COMP_NEUTRAL,B_ATK_possession_for_e776c8,possession_for,possession,FOR,FULL,UNCONDITIONED,TEAM_A,45.1538,45.1538,0.7445,0.9167,30.1086,15.0452,7,4,SHRUNK,VENUE_OVERALL,away,thestatsapi,MEDIUM,PIT_SAFE
mt_196560601,COMP_NEUTRAL,B_ATK_throw_ins_for_bc6c5b,throw_ins_for,throw_ins,FOR,FULL,UNCONDITIONED,TEAM_A,18.3846,18.3846,1.0,0.75,18.2154,0.1692,7,4,SHRUNK,VENUE_OVERALL,away,thestatsapi,MEDIUM,PIT_SAFE
mt_196560601,COMP_NEUTRAL,B_ATK_final_third_entries_for_2a73b2,final_third_entries_for,final_third_entries,FOR,FULL,UNCONDITIONED,TEAM_A,46.9231,46.9231,-1.0,0.25,48.6384,-1.7154,7,4,SHRUNK,VENUE_OVERALL,away,thestatsapi,MEDIUM,PIT_SAFE
mt_196560601,COMP_NEUTRAL,B_DEF_crosses_against_1143ee,crosses_against,crosses,AGAINST,FULL,UNCONDITIONED,TEAM_A,5.0615,5.0615,0.8028,0.8125,3.3935,1.668,7,4,SHRUNK,VENUE_OVERALL,away,thestatsapi,MEDIUM,PIT_SAFE
mt_196560601,COMP_NEUTRAL,B_DEF_total_shots_against_80fdc2,total_shots_against,total_shots,AGAINST,FULL,UNCONDITIONED,TEAM_A,18.1077,18.1077,1.0,0.75,16.4693,1.6384,7,4,SHRUNK,VENUE_OVERALL,away,thestatsapi,MEDIUM,PIT_SAFE
mt_196560601,COMP_NEUTRAL,B_DEF_shots_inside_box_against_922487,shots_inside_box_against,shots_inside_box,AGAINST,FULL,UNCONDITIONED,TEAM_A,13.2615,13.2615,0.7418,0.625,12.077,1.1845,7,4,SHRUNK,VENUE_OVERALL,away,thestatsapi,MEDIUM,PIT_SAFE
mt_196560601,COMP_NEUTRAL,B_DEF_touches_in_box_against_3719db,touches_in_box_against,touches_in_box,AGAINST,FULL,UNCONDITIONED,TEAM_A,36.0154,36.0154,1.0,0.75,33.6769,2.3385,7,4,SHRUNK,VENUE_OVERALL,away,thestatsapi,MEDIUM,PIT_SAFE
mt_196560601,COMP_NEUTRAL,B_DEF_corners_against_52ad6d,corners_against,corners,AGAINST,FULL,UNCONDITIONED,TEAM_A,7.0308,7.0308,0.5842,0.5625,5.2108,1.82,7,4,SHRUNK,VENUE_OVERALL,away,thestatsapi,MEDIUM,PIT_SAFE
mt_196560601,COMP_NEUTRAL,B_DEF_blocked_shots_for_10130a,blocked_shots_for,blocked_shots,FOR,FULL,UNCONDITIONED,TEAM_A,2.5077,2.5077,-0.2006,0.3125,2.8497,-0.342,7,4,SHRUNK,VENUE_OVERALL,away,thestatsapi,MEDIUM,PIT_SAFE
mt_196560601,COMP_NEUTRAL,B_DEF_clearances_for_c72679,clearances_for,clearances,FOR,FULL,UNCONDITIONED,TEAM_A,27.1231,27.1231,0.7807,0.8125,17.8662,9.2569,7,4,SHRUNK,VENUE_OVERALL,away,thestatsapi,MEDIUM,PIT_SAFE
mt_196560601,COMP_NEUTRAL,B_DEF_interceptions_for_e4fa52,interceptions_for,interceptions,FOR,FULL,UNCONDITIONED,TEAM_A,7.0308,7.0308,-1.0,0.25,7.5846,-0.5538,7,4,SHRUNK,VENUE_OVERALL,away,thestatsapi,MEDIUM,PIT_SAFE
mt_196560601,COMP_NEUTRAL,B_DIS_fouls_for_6949cc,fouls_for,fouls,FOR,FULL,UNCONDITIONED,TEAM_A,10.3846,10.3846,-1.0,0.25,11.2231,-0.8384,7,4,SHRUNK,VENUE_OVERALL,away,thestatsapi,MEDIUM,PIT_SAFE
mt_196560601,COMP_NEUTRAL,B_DIS_tackles_for_fdb937,tackles_for,tackles,FOR,FULL,UNCONDITIONED,TEAM_A,21.4154,21.4154,1.0,0.75,19.6461,1.7693,7,4,SHRUNK,VENUE_OVERALL,away,thestatsapi,MEDIUM,PIT_SAFE
mt_196560601,COMP_NEUTRAL,B_DIS_yellow_cards_for_a363d5,yellow_cards_for,yellow_cards,FOR,FULL,UNCONDITIONED,TEAM_A,2.4,2.4,-1.0,0.25,2.4385,-0.0385,7,4,SHRUNK,VENUE_OVERALL,away,thestatsapi,MEDIUM,PIT_SAFE
mt_196560601,COMP_NEUTRAL,B_DIS_fouls_against_3a79a1,fouls_against,fouls,AGAINST,FULL,UNCONDITIONED,TEAM_A,11.0615,11.0615,-1.0,0.25,12.1692,-1.1077,7,4,SHRUNK,VENUE_OVERALL,away,thestatsapi,MEDIUM,PIT_SAFE
mt_196560601,COMP_NEUTRAL,ENV_corners_17e455,league_corners_env,league_corners_env,NEUTRAL,FULL,UNCONDITIONED,,11.1141,11.1141,,0.5,11.1141,0.0,0,0,DIRECT,COMPETITION_PRIOR,,derived,HIGH,PIT_SAFE
mt_196560601,COMP_NEUTRAL,ENV_total_shots_6f4b8c,league_total_shots_env,league_total_shots_env,NEUTRAL,FULL,UNCONDITIONED,,26.7651,26.7651,,0.5,26.7651,0.0,0,0,DIRECT,COMPETITION_PRIOR,,derived,HIGH,PIT_SAFE
mt_196560601,COMP_NEUTRAL,ENV_fouls_ce539a,league_fouls_env,league_fouls_env,NEUTRAL,FULL,UNCONDITIONED,,22.7315,22.7315,,0.5,22.7315,0.0,0,0,DIRECT,COMPETITION_PRIOR,,derived,HIGH,PIT_SAFE
mt_196560601,COMP_NEUTRAL,ENV_yellow_cards_ff32b3,league_yellow_cards_env,league_yellow_cards_env,NEUTRAL,FULL,UNCONDITIONED,,5.0,5.0,,0.5,5.0,0.0,0,0,DIRECT,COMPETITION_PRIOR,,derived,HIGH,PIT_SAFE
mt_196560601,COMP_NEUTRAL,A_FC_fc_crosses_for_c71070,fc_crosses_for,crosses,FOR,FULL,TEAM_FORMATION_CONDITIONED,,3.7347,3.7347,0.2908,0.3125,3.2011,0.5336,1,1,DIRECT,EXACT_FORMATION,home,derived_formation,LOW,PIT_SAFE
mt_196560601,COMP_NEUTRAL,A_FC_formation_delta_crosses_for_fb4e09,formation_delta_crosses_for,crosses,FOR,FULL,TEAM_FORMATION_CONDITIONED,,-0.1224,-0.1224,-1.8109,0.0625,3.2011,-3.3235,1,1,DERIVED,EXACT_FORMATION,home,derived_formation,LOW,PIT_SAFE
mt_196560601,COMP_NEUTRAL,A_FC_fc_corners_for_4fb29a,fc_corners_for,corners,FOR,FULL,TEAM_FORMATION_CONDITIONED,,6.3061,6.3061,0.9886,0.8125,3.9674,2.3387,1,1,DIRECT,EXACT_FORMATION,home,derived_formation,LOW,PIT_SAFE
mt_196560601,COMP_NEUTRAL,A_FC_formation_delta_corners_for_b3b67e,formation_delta_corners_for,corners,FOR,FULL,TEAM_FORMATION_CONDITIONED,,0.449,0.449,-1.4872,0.1875,3.9674,-3.5184,1,1,DERIVED,EXACT_FORMATION,home,derived_formation,LOW,PIT_SAFE
mt_196560601,COMP_NEUTRAL,A_FC_fc_corners_against_634b2f,fc_corners_against,corners,AGAINST,FULL,TEAM_FORMATION_CONDITIONED,,6.5714,6.5714,0.4367,0.4375,5.2108,1.3606,1,1,DIRECT,EXACT_FORMATION,home,derived_formation,LOW,PIT_SAFE
mt_196560601,COMP_NEUTRAL,A_FC_formation_delta_corners_against_5e1d27,formation_delta_corners_against,corners,AGAINST,FULL,TEAM_FORMATION_CONDITIONED,,-0.4286,-0.4286,-1.8103,0.0625,5.2108,-5.6394,1,1,DERIVED,EXACT_FORMATION,home,derived_formation,LOW,PIT_SAFE
mt_196560601,COMP_NEUTRAL,A_FC_fc_touches_in_box_for_f6e05f,fc_touches_in_box_for,touches_in_box,FOR,FULL,TEAM_FORMATION_CONDITIONED,,27.9796,27.9796,0.8396,0.8125,19.4096,8.57,1,1,DIRECT,EXACT_FORMATION,home,derived_formation,LOW,PIT_SAFE
mt_196560601,COMP_NEUTRAL,A_FC_formation_delta_touches_in_box_for_53936a,formation_delta_touches_in_box_for,touches_in_box,FOR,FULL,TEAM_FORMATION_CONDITIONED,,2.8367,2.8367,-1.6236,0.1875,19.4096,-16.5729,1,1,DERIVED,EXACT_FORMATION,home,derived_formation,LOW,PIT_SAFE
mt_196560601,COMP_NEUTRAL,A_FC_fc_total_shots_for_bd1acf,fc_total_shots_for,total_shots,FOR,FULL,TEAM_FORMATION_CONDITIONED,,13.7755,13.7755,1.0262,0.9167,8.3119,5.4636,1,1,DIRECT,EXACT_FORMATION,home,derived_formation,LOW,PIT_SAFE
mt_196560601,COMP_NEUTRAL,A_FC_formation_delta_total_shots_for_d33db5,formation_delta_total_shots_for,total_shots,FOR,FULL,TEAM_FORMATION_CONDITIONED,,1.2041,1.2041,-1.335,0.25,8.3119,-7.1078,1,1,DERIVED,EXACT_FORMATION,home,derived_formation,LOW,PIT_SAFE
mt_196560601,COMP_NEUTRAL,A_FC_fc_possession_for_86b2c4,fc_possession_for,possession,FOR,FULL,TEAM_FORMATION_CONDITIONED,,43.3469,43.3469,0.6551,0.4167,30.1086,13.2383,1,1,DIRECT,EXACT_FORMATION,home,derived_formation,LOW,PIT_SAFE
mt_196560601,COMP_NEUTRAL,A_FC_formation_delta_possession_for_eabead,formation_delta_possession_for,possession,FOR,FULL,TEAM_FORMATION_CONDITIONED,,2.7755,2.7755,-1.3526,0.25,30.1086,-27.3331,1,1,DERIVED,EXACT_FORMATION,home,derived_formation,LOW,PIT_SAFE
mt_196560601,COMP_NEUTRAL,A_FC_fc_crosses_against_64470a,fc_crosses_against,crosses,AGAINST,FULL,TEAM_FORMATION_CONDITIONED,,3.4898,3.4898,0.0463,0.3125,3.3935,0.0963,1,1,DIRECT,EXACT_FORMATION,home,derived_formation,LOW,PIT_SAFE
mt_196560601,COMP_NEUTRAL,A_FC_formation_delta_crosses_against_bc206c,formation_delta_crosses_against,crosses,AGAINST,FULL,TEAM_FORMATION_CONDITIONED,,-0.0816,-0.0816,-1.6725,0.0625,3.3935,-3.4751,1,1,DERIVED,EXACT_FORMATION,home,derived_formation,LOW,PIT_SAFE
mt_196560601,COMP_NEUTRAL,A_FC_fc_clearances_for_aa89df,fc_clearances_for,clearances,FOR,FULL,TEAM_FORMATION_CONDITIONED,,19.5918,19.5918,0.1455,0.3125,17.8662,1.7256,1,1,DIRECT,EXACT_FORMATION,home,derived_formation,LOW,PIT_SAFE
mt_196560601,COMP_NEUTRAL,A_FC_formation_delta_clearances_for_9739d4,formation_delta_clearances_for,clearances,FOR,FULL,TEAM_FORMATION_CONDITIONED,,-2.2653,-2.2653,-1.6978,0.0625,17.8662,-20.1315,1,1,DERIVED,EXACT_FORMATION,home,derived_formation,LOW,PIT_SAFE
mt_196560601,COMP_NEUTRAL,A_FC_fc_blocked_shots_for_58055c,fc_blocked_shots_for,blocked_shots,FOR,FULL,TEAM_FORMATION_CONDITIONED,,5.0816,5.0816,1.3092,0.9375,2.8497,2.2319,1,1,DIRECT,EXACT_FORMATION,home,derived_formation,LOW,PIT_SAFE
mt_196560601,COMP_NEUTRAL,A_FC_formation_delta_blocked_shots_for_2dd037,formation_delta_blocked_shots_for,blocked_shots,FOR,FULL,TEAM_FORMATION_CONDITIONED,,0.6531,0.6531,-1.2884,0.1875,2.8497,-2.1966,1,1,DERIVED,EXACT_FORMATION,home,derived_formation,LOW,PIT_SAFE
mt_196560601,COMP_NEUTRAL,A_FMX_fmx_crosses_for_a5dd89,fmx_crosses_for,crosses,FOR,FULL,OPP_FORMATION_CONDITIONED,4-2-3-1,4.6206,4.6206,0.7735,0.8125,3.2011,1.4195,7,4,HIERARCHICAL,VENUE_OVERALL,home,derived_formation,MEDIUM,PIT_SAFE
mt_196560601,COMP_NEUTRAL,A_FMX_fmx_crosses_against_771dd5,fmx_crosses_against,crosses,AGAINST,FULL,OPP_FORMATION_CONDITIONED,4-2-3-1,4.3789,4.3789,0.4742,0.5625,3.3935,0.9854,7,4,HIERARCHICAL,VENUE_OVERALL,home,derived_formation,MEDIUM,PIT_SAFE
mt_196560601,COMP_NEUTRAL,A_FMX_fmx_corners_for_a14734,fmx_corners_for,corners,FOR,FULL,OPP_FORMATION_CONDITIONED,4-2-3-1,6.5755,6.5755,1.1024,0.9375,3.9674,2.6081,7,4,HIERARCHICAL,VENUE_OVERALL,home,derived_formation,MEDIUM,PIT_SAFE
mt_196560601,COMP_NEUTRAL,A_FMX_fmx_corners_against_b43f15,fmx_corners_against,corners,AGAINST,FULL,OPP_FORMATION_CONDITIONED,4-2-3-1,7.1909,7.1909,0.6356,0.8125,5.2108,1.9801,7,4,HIERARCHICAL,VENUE_OVERALL,home,derived_formation,MEDIUM,PIT_SAFE
mt_196560601,COMP_NEUTRAL,A_FMX_fmx_touches_in_box_for_34c192,fmx_touches_in_box_for,touches_in_box,FOR,FULL,OPP_FORMATION_CONDITIONED,4-2-3-1,29.5448,29.5448,0.9929,0.9375,19.4096,10.1352,7,4,HIERARCHICAL,VENUE_OVERALL,home,derived_formation,MEDIUM,PIT_SAFE
mt_196560601,COMP_NEUTRAL,A_FMX_fmx_clearances_for_94da1d,fmx_clearances_for,clearances,FOR,FULL,OPP_FORMATION_CONDITIONED,4-2-3-1,23.7925,23.7925,0.4998,0.5625,17.8662,5.9263,7,4,HIERARCHICAL,VENUE_OVERALL,home,derived_formation,MEDIUM,PIT_SAFE
mt_196560601,COMP_NEUTRAL,A_FMX_fmx_blocked_shots_for_f52b64,fmx_blocked_shots_for,blocked_shots,FOR,FULL,OPP_FORMATION_CONDITIONED,4-2-3-1,4.6234,4.6234,1.0404,0.8125,2.8497,1.7737,7,4,HIERARCHICAL,VENUE_OVERALL,home,derived_formation,MEDIUM,PIT_SAFE
mt_196560601,COMP_NEUTRAL,A_FMX_fmx_shots_inside_box_against_c3b928,fmx_shots_inside_box_against,shots_inside_box,AGAINST,FULL,OPP_FORMATION_CONDITIONED,4-2-3-1,11.0948,11.0948,-0.6152,0.375,12.077,-0.9823,7,4,HIERARCHICAL,VENUE_OVERALL,home,derived_formation,MEDIUM,PIT_SAFE
mt_196560601,COMP_NEUTRAL,B_FC_fc_crosses_for_401109,fc_crosses_for,crosses,FOR,FULL,TEAM_FORMATION_CONDITIONED,,4.25,4.25,0.5715,0.6875,3.2011,1.0489,2,2,DIRECT,EXACT_FORMATION,away,derived_formation,LOW,PIT_SAFE
mt_196560601,COMP_NEUTRAL,B_FC_formation_delta_crosses_for_08ff52,formation_delta_crosses_for,crosses,FOR,FULL,TEAM_FORMATION_CONDITIONED,,0.25,0.25,-1.608,0.1875,3.2011,-2.9511,2,1,DERIVED,EXACT_FORMATION,away,derived_formation,LOW,PIT_SAFE
mt_196560601,COMP_NEUTRAL,B_FC_fc_corners_for_a84ff5,fc_corners_for,corners,FOR,FULL,TEAM_FORMATION_CONDITIONED,,4.0,4.0,0.0138,0.4375,3.9674,0.0326,2,2,DIRECT,EXACT_FORMATION,away,derived_formation,LOW,PIT_SAFE
mt_196560601,COMP_NEUTRAL,B_FC_formation_delta_corners_for_06a3bf,formation_delta_corners_for,corners,FOR,FULL,TEAM_FORMATION_CONDITIONED,,0.0,0.0,-1.677,0.0625,3.9674,-3.9674,2,1,DERIVED,EXACT_FORMATION,away,derived_formation,LOW,PIT_SAFE
mt_196560601,COMP_NEUTRAL,B_FC_fc_corners_against_50de14,fc_corners_against,corners,AGAINST,FULL,TEAM_FORMATION_CONDITIONED,,7.125,7.125,0.6144,0.6875,5.2108,1.9142,2,2,DIRECT,EXACT_FORMATION,away,derived_formation,LOW,PIT_SAFE
mt_196560601,COMP_NEUTRAL,B_FC_formation_delta_corners_against_abddb4,formation_delta_corners_against,corners,AGAINST,FULL,TEAM_FORMATION_CONDITIONED,,0.125,0.125,-1.6326,0.1875,5.2108,-5.0858,2,1,DERIVED,EXACT_FORMATION,away,derived_formation,LOW,PIT_SAFE
mt_196560601,COMP_NEUTRAL,B_FC_fc_touches_in_box_for_b3cd93,fc_touches_in_box_for,touches_in_box,FOR,FULL,TEAM_FORMATION_CONDITIONED,,22.5536,22.5536,0.308,0.4375,19.4096,3.144,2,2,DIRECT,EXACT_FORMATION,away,derived_formation,LOW,PIT_SAFE
mt_196560601,COMP_NEUTRAL,B_FC_formation_delta_touches_in_box_for_44064d,formation_delta_touches_in_box_for,touches_in_box,FOR,FULL,TEAM_FORMATION_CONDITIONED,,1.9821,1.9821,-1.7073,0.0625,19.4096,-17.4275,2,1,DERIVED,EXACT_FORMATION,away,derived_formation,LOW,PIT_SAFE
mt_196560601,COMP_NEUTRAL,B_FC_fc_total_shots_for_dfeb64,fc_total_shots_for,total_shots,FOR,FULL,TEAM_FORMATION_CONDITIONED,,11.4107,11.4107,0.582,0.5833,8.3119,3.0988,2,2,DIRECT,EXACT_FORMATION,away,derived_formation,LOW,PIT_SAFE
mt_196560601,COMP_NEUTRAL,B_FC_formation_delta_total_shots_for_d87859,formation_delta_total_shots_for,total_shots,FOR,FULL,TEAM_FORMATION_CONDITIONED,,0.6964,0.6964,-1.4303,0.0833,8.3119,-7.6155,2,1,DERIVED,EXACT_FORMATION,away,derived_formation,LOW,PIT_SAFE
mt_196560601,COMP_NEUTRAL,B_FC_fc_possession_for_cb94a4,fc_possession_for,possession,FOR,FULL,TEAM_FORMATION_CONDITIONED,,44.4821,44.4821,0.7113,0.5833,30.1086,14.3735,2,2,DIRECT,EXACT_FORMATION,away,derived_formation,LOW,PIT_SAFE
mt_196560601,COMP_NEUTRAL,B_FC_formation_delta_possession_for_6a36a2,formation_delta_possession_for,possession,FOR,FULL,TEAM_FORMATION_CONDITIONED,,0.3393,0.3393,-1.4731,0.0833,30.1086,-29.7693,2,1,DERIVED,EXACT_FORMATION,away,derived_formation,LOW,PIT_SAFE
mt_196560601,COMP_NEUTRAL,B_FC_fc_crosses_against_23c381,fc_crosses_against,crosses,AGAINST,FULL,TEAM_FORMATION_CONDITIONED,,5.0,5.0,0.7732,0.6875,3.3935,1.6065,2,2,DIRECT,EXACT_FORMATION,away,derived_formation,LOW,PIT_SAFE
mt_196560601,COMP_NEUTRAL,B_FC_formation_delta_crosses_against_72c2d7,formation_delta_crosses_against,crosses,AGAINST,FULL,TEAM_FORMATION_CONDITIONED,,0.0,0.0,-1.6333,0.1875,3.3935,-3.3935,2,1,DERIVED,EXACT_FORMATION,away,derived_formation,LOW,PIT_SAFE
mt_196560601,COMP_NEUTRAL,B_FC_fc_clearances_for_b322e1,fc_clearances_for,clearances,FOR,FULL,TEAM_FORMATION_CONDITIONED,,26.3571,26.3571,0.7161,0.6875,17.8662,8.4909,2,2,DIRECT,EXACT_FORMATION,away,derived_formation,LOW,PIT_SAFE
mt_196560601,COMP_NEUTRAL,B_FC_formation_delta_clearances_for_0283a2,formation_delta_clearances_for,clearances,FOR,FULL,TEAM_FORMATION_CONDITIONED,,-1.7857,-1.7857,-1.6574,0.1875,17.8662,-19.6518,2,1,DERIVED,EXACT_FORMATION,away,derived_formation,LOW,PIT_SAFE
mt_196560601,COMP_NEUTRAL,B_FC_fc_blocked_shots_for_0e5356,fc_blocked_shots_for,blocked_shots,FOR,FULL,TEAM_FORMATION_CONDITIONED,,2.6607,2.6607,-0.1108,0.4375,2.8497,-0.189,2,2,DIRECT,EXACT_FORMATION,away,derived_formation,LOW,PIT_SAFE
mt_196560601,COMP_NEUTRAL,B_FC_formation_delta_blocked_shots_for_dcabf0,formation_delta_blocked_shots_for,blocked_shots,FOR,FULL,TEAM_FORMATION_CONDITIONED,,-0.0536,-0.0536,-1.703,0.0625,2.8497,-2.9033,2,1,DERIVED,EXACT_FORMATION,away,derived_formation,LOW,PIT_SAFE
mt_196560601,COMP_NEUTRAL,B_FMX_fmx_crosses_for_fee4eb,fmx_crosses_for,crosses,FOR,FULL,OPP_FORMATION_CONDITIONED,4-3-3,4.6756,4.6756,0.8034,0.9375,3.2011,1.4745,7,4,HIERARCHICAL,VENUE_OVERALL,away,derived_formation,MEDIUM,PIT_SAFE
mt_196560601,COMP_NEUTRAL,B_FMX_fmx_crosses_against_8adc86,fmx_crosses_against,crosses,AGAINST,FULL,OPP_FORMATION_CONDITIONED,4-3-3,5.4997,5.4997,1.0137,0.9375,3.3935,2.1062,7,4,HIERARCHICAL,VENUE_OVERALL,away,derived_formation,MEDIUM,PIT_SAFE
mt_196560601,COMP_NEUTRAL,B_FMX_fmx_corners_for_d294fc,fmx_corners_for,corners,FOR,FULL,OPP_FORMATION_CONDITIONED,4-3-3,4.7623,4.7623,0.336,0.5625,3.9674,0.7949,7,4,HIERARCHICAL,VENUE_OVERALL,away,derived_formation,MEDIUM,PIT_SAFE
mt_196560601,COMP_NEUTRAL,B_FMX_fmx_corners_against_1d1342,fmx_corners_against,corners,AGAINST,FULL,OPP_FORMATION_CONDITIONED,4-3-3,7.5645,7.5645,0.7555,0.9375,5.2108,2.3537,7,4,HIERARCHICAL,VENUE_OVERALL,away,derived_formation,MEDIUM,PIT_SAFE
mt_196560601,COMP_NEUTRAL,B_FMX_fmx_touches_in_box_for_f35d2d,fmx_touches_in_box_for,touches_in_box,FOR,FULL,OPP_FORMATION_CONDITIONED,4-3-3,24.5338,24.5338,0.502,0.5625,19.4096,5.1242,7,4,HIERARCHICAL,VENUE_OVERALL,away,derived_formation,MEDIUM,PIT_SAFE
mt_196560601,COMP_NEUTRAL,B_FMX_fmx_clearances_for_f75918,fmx_clearances_for,clearances,FOR,FULL,OPP_FORMATION_CONDITIONED,4-3-3,29.1772,29.1772,0.9539,0.9375,17.8662,11.311,7,4,HIERARCHICAL,VENUE_OVERALL,away,derived_formation,MEDIUM,PIT_SAFE
mt_196560601,COMP_NEUTRAL,B_FMX_fmx_blocked_shots_for_995062,fmx_blocked_shots_for,blocked_shots,FOR,FULL,OPP_FORMATION_CONDITIONED,4-3-3,3.2168,3.2168,0.2153,0.5625,2.8497,0.3671,7,4,HIERARCHICAL,VENUE_OVERALL,away,derived_formation,MEDIUM,PIT_SAFE
mt_196560601,COMP_NEUTRAL,B_FMX_fmx_shots_inside_box_against_c327cd,fmx_shots_inside_box_against,shots_inside_box,AGAINST,FULL,OPP_FORMATION_CONDITIONED,4-3-3,13.9519,13.9519,1.1743,0.875,12.077,1.8749,7,4,HIERARCHICAL,VENUE_OVERALL,away,derived_formation,MEDIUM,PIT_SAFE
mt_257078632,COMP_NEUTRAL,A_ATK_crosses_for_847d69,crosses_for,crosses,FOR,FULL,UNCONDITIONED,TEAM_B,3.5714,3.5714,0.6027,0.6875,2.5932,0.9782,8,5,SHRUNK,VENUE_OVERALL,home,thestatsapi,MEDIUM,PIT_SAFE
mt_257078632,COMP_NEUTRAL,A_ATK_total_shots_for_8b5dec,total_shots_for,total_shots,FOR,FULL,UNCONDITIONED,TEAM_B,11.5429,11.5429,0.4018,0.5833,8.897,2.6459,8,5,SHRUNK,VENUE_OVERALL,home,thestatsapi,MEDIUM,PIT_SAFE
mt_257078632,COMP_NEUTRAL,A_ATK_shots_on_target_for_7f35c8,shots_on_target_for,shots_on_target,FOR,FULL,UNCONDITIONED,TEAM_B,4.3571,4.3571,-1.0,0.25,5.1905,-0.8334,8,5,SHRUNK,VENUE_OVERALL,home,thestatsapi,MEDIUM,PIT_SAFE
mt_257078632,COMP_NEUTRAL,A_ATK_shots_inside_box_for_e528be,shots_inside_box_for,shots_inside_box,FOR,FULL,UNCONDITIONED,TEAM_B,7.6714,7.6714,-1.0,0.25,8.7881,-1.1167,8,5,SHRUNK,VENUE_OVERALL,home,thestatsapi,MEDIUM,PIT_SAFE
mt_257078632,COMP_NEUTRAL,A_ATK_touches_in_box_for_488858,touches_in_box_for,touches_in_box,FOR,FULL,UNCONDITIONED,TEAM_B,21.1286,21.1286,0.0247,0.4375,20.7974,0.3312,8,5,SHRUNK,VENUE_OVERALL,home,thestatsapi,MEDIUM,PIT_SAFE
mt_257078632,COMP_NEUTRAL,A_ATK_corners_for_6cc6dd,corners_for,corners,FOR,FULL,UNCONDITIONED,TEAM_B,4.6286,4.6286,0.3875,0.4375,3.7319,0.8967,8,5,SHRUNK,VENUE_OVERALL,home,thestatsapi,MEDIUM,PIT_SAFE
mt_257078632,COMP_NEUTRAL,A_ATK_possession_for_1511c4,possession_for,possession,FOR,FULL,UNCONDITIONED,TEAM_B,48.7714,48.7714,0.524,0.5833,35.3756,13.3958,8,5,SHRUNK,VENUE_OVERALL,home,thestatsapi,MEDIUM,PIT_SAFE
mt_257078632,COMP_NEUTRAL,A_ATK_throw_ins_for_447de0,throw_ins_for,throw_ins,FOR,FULL,UNCONDITIONED,TEAM_B,23.0714,23.0714,1.0,0.75,19.7083,3.3631,8,5,SHRUNK,VENUE_OVERALL,home,thestatsapi,MEDIUM,PIT_SAFE
mt_257078632,COMP_NEUTRAL,A_ATK_final_third_entries_for_4e14c7,final_third_entries_for,final_third_entries,FOR,FULL,UNCONDITIONED,TEAM_B,60.3857,60.3857,-1.0,0.25,62.5797,-2.194,8,5,SHRUNK,VENUE_OVERALL,home,thestatsapi,MEDIUM,PIT_SAFE
mt_257078632,COMP_NEUTRAL,A_DEF_crosses_against_482ed6,crosses_against,crosses,AGAINST,FULL,UNCONDITIONED,TEAM_B,2.9857,2.9857,0.4869,0.5625,2.2776,0.7081,8,5,SHRUNK,VENUE_OVERALL,home,thestatsapi,MEDIUM,PIT_SAFE
mt_257078632,COMP_NEUTRAL,A_DEF_total_shots_against_b2a5e3,total_shots_against,total_shots,AGAINST,FULL,UNCONDITIONED,TEAM_B,8.2857,8.2857,-1.0,0.25,9.0476,-0.7619,8,5,SHRUNK,VENUE_OVERALL,home,thestatsapi,MEDIUM,PIT_SAFE
mt_257078632,COMP_NEUTRAL,A_DEF_shots_inside_box_against_e7b94b,shots_inside_box_against,shots_inside_box,AGAINST,FULL,UNCONDITIONED,TEAM_B,5.3714,5.3714,-1.2694,0.125,6.3151,-0.9436,8,5,SHRUNK,VENUE_OVERALL,home,thestatsapi,MEDIUM,PIT_SAFE
mt_257078632,COMP_NEUTRAL,A_DEF_touches_in_box_against_ba1794,touches_in_box_against,touches_in_box,AGAINST,FULL,UNCONDITIONED,TEAM_B,15.2143,15.2143,-1.0,0.25,16.2857,-1.0714,8,5,SHRUNK,VENUE_OVERALL,home,thestatsapi,MEDIUM,PIT_SAFE
mt_257078632,COMP_NEUTRAL,A_DEF_corners_against_d0f9c4,corners_against,corners,AGAINST,FULL,UNCONDITIONED,TEAM_B,4.3857,4.3857,0.3994,0.3125,3.5602,0.8255,8,5,SHRUNK,VENUE_OVERALL,home,thestatsapi,MEDIUM,PIT_SAFE
mt_257078632,COMP_NEUTRAL,A_DEF_blocked_shots_for_82362b,blocked_shots_for,blocked_shots,FOR,FULL,UNCONDITIONED,TEAM_B,2.6286,2.6286,-0.0776,0.4375,2.7743,-0.1457,8,5,SHRUNK,VENUE_OVERALL,home,thestatsapi,MEDIUM,PIT_SAFE
mt_257078632,COMP_NEUTRAL,A_DEF_clearances_for_177cd3,clearances_for,clearances,FOR,FULL,UNCONDITIONED,TEAM_B,19.9429,19.9429,0.7588,0.8125,13.3887,6.5542,8,5,SHRUNK,VENUE_OVERALL,home,thestatsapi,MEDIUM,PIT_SAFE
mt_257078632,COMP_NEUTRAL,A_DEF_interceptions_for_785892,interceptions_for,interceptions,FOR,FULL,UNCONDITIONED,TEAM_B,9.3857,9.3857,1.0,0.75,8.9548,0.4309,8,5,SHRUNK,VENUE_OVERALL,home,thestatsapi,MEDIUM,PIT_SAFE
mt_257078632,COMP_NEUTRAL,A_DIS_fouls_for_45c0b8,fouls_for,fouls,FOR,FULL,UNCONDITIONED,TEAM_B,13.0,13.0,1.0,0.75,11.5178,1.4822,8,5,SHRUNK,VENUE_OVERALL,home,thestatsapi,MEDIUM,PIT_SAFE
mt_257078632,COMP_NEUTRAL,A_DIS_tackles_for_1d096a,tackles_for,tackles,FOR,FULL,UNCONDITIONED,TEAM_B,14.7,14.7,-1.0,0.25,14.719,-0.0191,8,5,SHRUNK,VENUE_OVERALL,home,thestatsapi,MEDIUM,PIT_SAFE
mt_257078632,COMP_NEUTRAL,A_DIS_yellow_cards_for_3d04fc,yellow_cards_for,yellow_cards,FOR,FULL,UNCONDITIONED,TEAM_B,2.2527,2.2527,1.0,0.75,1.7513,0.5013,7,4,SHRUNK,VENUE_OVERALL,home,thestatsapi,MEDIUM,PIT_SAFE
mt_257078632,COMP_NEUTRAL,A_DIS_fouls_against_cde8b7,fouls_against,fouls,AGAINST,FULL,UNCONDITIONED,TEAM_B,10.9286,10.9286,-1.0,0.25,12.494,-1.5655,8,5,SHRUNK,VENUE_OVERALL,home,thestatsapi,MEDIUM,PIT_SAFE
mt_257078632,COMP_NEUTRAL,B_ATK_crosses_for_97b8c6,crosses_for,crosses,FOR,FULL,UNCONDITIONED,TEAM_A,3.1667,3.1667,0.3534,0.4375,2.5932,0.5735,6,4,SHRUNK,VENUE_OVERALL,away,thestatsapi,MEDIUM,PIT_SAFE
mt_257078632,COMP_NEUTRAL,B_ATK_total_shots_for_4d17e9,total_shots_for,total_shots,FOR,FULL,UNCONDITIONED,TEAM_A,15.631,15.631,1.0227,0.9167,8.897,6.734,6,4,SHRUNK,VENUE_OVERALL,away,thestatsapi,MEDIUM,PIT_SAFE
mt_257078632,COMP_NEUTRAL,B_ATK_shots_on_target_for_d88a6b,shots_on_target_for,shots_on_target,FOR,FULL,UNCONDITIONED,TEAM_A,6.0238,6.0238,1.0,0.75,5.1905,0.8333,6,4,SHRUNK,VENUE_OVERALL,away,thestatsapi,MEDIUM,PIT_SAFE
mt_257078632,COMP_NEUTRAL,B_ATK_shots_inside_box_for_bf826f,shots_inside_box_for,shots_inside_box,FOR,FULL,UNCONDITIONED,TEAM_A,9.9048,9.9048,1.0,0.75,8.7881,1.1167,6,4,SHRUNK,VENUE_OVERALL,away,thestatsapi,MEDIUM,PIT_SAFE
mt_257078632,COMP_NEUTRAL,B_ATK_touches_in_box_for_aa5344,touches_in_box_for,touches_in_box,FOR,FULL,UNCONDITIONED,TEAM_A,33.8452,33.8452,0.973,0.8125,20.7974,13.0478,6,4,SHRUNK,VENUE_OVERALL,away,thestatsapi,MEDIUM,PIT_SAFE
mt_257078632,COMP_NEUTRAL,B_ATK_corners_for_4353b0,corners_for,corners,FOR,FULL,UNCONDITIONED,TEAM_A,5.4643,5.4643,0.7487,0.8125,3.7319,1.7324,6,4,SHRUNK,VENUE_OVERALL,away,thestatsapi,MEDIUM,PIT_SAFE
mt_257078632,COMP_NEUTRAL,B_ATK_possession_for_984a6e,possession_for,possession,FOR,FULL,UNCONDITIONED,TEAM_A,58.7738,58.7738,0.9152,0.9167,35.3756,23.3982,6,4,SHRUNK,VENUE_OVERALL,away,thestatsapi,MEDIUM,PIT_SAFE
mt_257078632,COMP_NEUTRAL,B_ATK_throw_ins_for_111196,throw_ins_for,throw_ins,FOR,FULL,UNCONDITIONED,TEAM_A,16.3452,16.3452,-1.0,0.25,19.7083,-3.3631,6,4,SHRUNK,VENUE_OVERALL,away,thestatsapi,MEDIUM,PIT_SAFE
mt_257078632,COMP_NEUTRAL,B_ATK_final_third_entries_for_d5fa02,final_third_entries_for,final_third_entries,FOR,FULL,UNCONDITIONED,TEAM_A,64.7738,64.7738,1.0,0.75,62.5797,2.194,6,4,SHRUNK,VENUE_OVERALL,away,thestatsapi,MEDIUM,PIT_SAFE
mt_257078632,COMP_NEUTRAL,B_DEF_crosses_against_557421,crosses_against,crosses,AGAINST,FULL,UNCONDITIONED,TEAM_A,2.8929,2.8929,0.4231,0.4375,2.2776,0.6153,6,4,SHRUNK,VENUE_OVERALL,away,thestatsapi,MEDIUM,PIT_SAFE
mt_257078632,COMP_NEUTRAL,B_DEF_total_shots_against_cff105,total_shots_against,total_shots,AGAINST,FULL,UNCONDITIONED,TEAM_A,9.8095,9.8095,1.0,0.75,9.0476,0.7619,6,4,SHRUNK,VENUE_OVERALL,away,thestatsapi,MEDIUM,PIT_SAFE
mt_257078632,COMP_NEUTRAL,B_DEF_shots_inside_box_against_e5a3bc,shots_inside_box_against,shots_inside_box,AGAINST,FULL,UNCONDITIONED,TEAM_A,5.9762,5.9762,-0.4558,0.375,6.3151,-0.3388,6,4,SHRUNK,VENUE_OVERALL,away,thestatsapi,MEDIUM,PIT_SAFE
mt_257078632,COMP_NEUTRAL,B_DEF_touches_in_box_against_671a4d,touches_in_box_against,touches_in_box,AGAINST,FULL,UNCONDITIONED,TEAM_A,17.3571,17.3571,1.0,0.75,16.2857,1.0714,6,4,SHRUNK,VENUE_OVERALL,away,thestatsapi,MEDIUM,PIT_SAFE
mt_257078632,COMP_NEUTRAL,B_DEF_corners_against_8eaeb4,corners_against,corners,AGAINST,FULL,UNCONDITIONED,TEAM_A,4.5238,4.5238,0.4662,0.5625,3.5602,0.9636,6,4,SHRUNK,VENUE_OVERALL,away,thestatsapi,MEDIUM,PIT_SAFE
mt_257078632,COMP_NEUTRAL,B_DEF_blocked_shots_for_364151,blocked_shots_for,blocked_shots,FOR,FULL,UNCONDITIONED,TEAM_A,4.6905,4.6905,1.0208,0.8125,2.7743,1.9162,6,4,SHRUNK,VENUE_OVERALL,away,thestatsapi,MEDIUM,PIT_SAFE
mt_257078632,COMP_NEUTRAL,B_DEF_clearances_for_ba9c1f,clearances_for,clearances,FOR,FULL,UNCONDITIONED,TEAM_A,14.4048,14.4048,0.1176,0.3125,13.3887,1.0161,6,4,SHRUNK,VENUE_OVERALL,away,thestatsapi,MEDIUM,PIT_SAFE
mt_257078632,COMP_NEUTRAL,B_DEF_interceptions_for_bf18c4,interceptions_for,interceptions,FOR,FULL,UNCONDITIONED,TEAM_A,8.5238,8.5238,-1.0,0.25,8.9548,-0.431,6,4,SHRUNK,VENUE_OVERALL,away,thestatsapi,MEDIUM,PIT_SAFE
mt_257078632,COMP_NEUTRAL,B_DIS_fouls_for_eca300,fouls_for,fouls,FOR,FULL,UNCONDITIONED,TEAM_A,10.0357,10.0357,-1.0,0.25,11.5178,-1.4821,6,4,SHRUNK,VENUE_OVERALL,away,thestatsapi,MEDIUM,PIT_SAFE
mt_257078632,COMP_NEUTRAL,B_DIS_tackles_for_de6ca8,tackles_for,tackles,FOR,FULL,UNCONDITIONED,TEAM_A,14.7381,14.7381,1.0,0.75,14.719,0.0191,6,4,SHRUNK,VENUE_OVERALL,away,thestatsapi,MEDIUM,PIT_SAFE
mt_257078632,COMP_NEUTRAL,B_DIS_yellow_cards_for_b8e12f,yellow_cards_for,yellow_cards,FOR,FULL,UNCONDITIONED,TEAM_A,1.25,1.25,-1.0,0.25,1.7513,-0.5013,6,4,SHRUNK,VENUE_OVERALL,away,thestatsapi,MEDIUM,PIT_SAFE
mt_257078632,COMP_NEUTRAL,B_DIS_fouls_against_f2efef,fouls_against,fouls,AGAINST,FULL,UNCONDITIONED,TEAM_A,14.0595,14.0595,1.0,0.75,12.494,1.5655,6,4,SHRUNK,VENUE_OVERALL,away,thestatsapi,MEDIUM,PIT_SAFE
mt_257078632,COMP_NEUTRAL,ENV_corners_833431,league_corners_env,league_corners_env,NEUTRAL,FULL,UNCONDITIONED,,9.4054,9.4054,,0.5,9.4054,0.0,0,0,DIRECT,COMPETITION_PRIOR,,derived,HIGH,PIT_SAFE
mt_257078632,COMP_NEUTRAL,ENV_total_shots_f591fb,league_total_shots_env,league_total_shots_env,NEUTRAL,FULL,UNCONDITIONED,,23.5135,23.5135,,0.5,23.5135,0.0,0,0,DIRECT,COMPETITION_PRIOR,,derived,HIGH,PIT_SAFE
mt_257078632,COMP_NEUTRAL,ENV_fouls_1df8c9,league_fouls_env,league_fouls_env,NEUTRAL,FULL,UNCONDITIONED,,25.1757,25.1757,,0.5,25.1757,0.0,0,0,DIRECT,COMPETITION_PRIOR,,derived,HIGH,PIT_SAFE
mt_257078632,COMP_NEUTRAL,ENV_yellow_cards_fba5e7,league_yellow_cards_env,league_yellow_cards_env,NEUTRAL,FULL,UNCONDITIONED,,4.9371,4.9371,,0.5,4.9371,0.0,0,0,DIRECT,COMPETITION_PRIOR,,derived,HIGH,PIT_SAFE
mt_257078632,COMP_NEUTRAL,A_FC_fc_crosses_for_8a7b2b,fc_crosses_for,crosses,FOR,FULL,TEAM_FORMATION_CONDITIONED,,3.25,3.25,0.4047,0.5625,2.5932,0.6568,2,2,DIRECT,EXACT_FORMATION,home,derived_formation,LOW,PIT_SAFE
mt_257078632,COMP_NEUTRAL,A_FC_formation_delta_crosses_for_aafc0f,formation_delta_crosses_for,crosses,FOR,FULL,TEAM_FORMATION_CONDITIONED,,-0.25,-0.25,-1.7518,0.0625,2.5932,-2.8432,2,1,DERIVED,EXACT_FORMATION,home,derived_formation,LOW,PIT_SAFE
mt_257078632,COMP_NEUTRAL,A_FC_fc_corners_for_73735c,fc_corners_for,corners,FOR,FULL,TEAM_FORMATION_CONDITIONED,,3.9375,3.9375,0.0888,0.3125,3.7319,0.2056,2,2,DIRECT,EXACT_FORMATION,home,derived_formation,LOW,PIT_SAFE
mt_257078632,COMP_NEUTRAL,A_FC_formation_delta_corners_for_6a9582,formation_delta_corners_for,corners,FOR,FULL,TEAM_FORMATION_CONDITIONED,,-0.3125,-0.3125,-1.7478,0.0625,3.7319,-4.0444,2,1,DERIVED,EXACT_FORMATION,home,derived_formation,LOW,PIT_SAFE
mt_257078632,COMP_NEUTRAL,A_FC_fc_corners_against_0007b5,fc_corners_against,corners,AGAINST,FULL,TEAM_FORMATION_CONDITIONED,,4.4062,4.4062,0.4093,0.4375,3.5602,0.846,2,2,DIRECT,EXACT_FORMATION,home,derived_formation,LOW,PIT_SAFE
mt_257078632,COMP_NEUTRAL,A_FC_formation_delta_corners_against_eb545f,formation_delta_corners_against,corners,AGAINST,FULL,TEAM_FORMATION_CONDITIONED,,0.0312,0.0312,-1.7073,0.1875,3.5602,-3.529,2,1,DERIVED,EXACT_FORMATION,home,derived_formation,LOW,PIT_SAFE
mt_257078632,COMP_NEUTRAL,A_FC_fc_touches_in_box_for_e66aca,fc_touches_in_box_for,touches_in_box,FOR,FULL,TEAM_FORMATION_CONDITIONED,,20.5938,20.5938,-0.0152,0.3125,20.7974,-0.2036,2,2,DIRECT,EXACT_FORMATION,home,derived_formation,LOW,PIT_SAFE
mt_257078632,COMP_NEUTRAL,A_FC_formation_delta_touches_in_box_for_01cb90,formation_delta_touches_in_box_for,touches_in_box,FOR,FULL,TEAM_FORMATION_CONDITIONED,,-1.0312,-1.0312,-1.6279,0.0625,20.7974,-21.8286,2,1,DERIVED,EXACT_FORMATION,home,derived_formation,LOW,PIT_SAFE
mt_257078632,COMP_NEUTRAL,A_FC_fc_total_shots_for_e7d356,fc_total_shots_for,total_shots,FOR,FULL,TEAM_FORMATION_CONDITIONED,,11.0625,11.0625,0.3289,0.4167,8.897,2.1655,2,2,DIRECT,EXACT_FORMATION,home,derived_formation,LOW,PIT_SAFE
mt_257078632,COMP_NEUTRAL,A_FC_formation_delta_total_shots_for_3f0336,formation_delta_total_shots_for,total_shots,FOR,FULL,TEAM_FORMATION_CONDITIONED,,-0.1875,-0.1875,-1.3796,0.0833,8.897,-9.0845,2,1,DERIVED,EXACT_FORMATION,home,derived_formation,LOW,PIT_SAFE
mt_257078632,COMP_NEUTRAL,A_FC_fc_possession_for_ce8615,fc_possession_for,possession,FOR,FULL,TEAM_FORMATION_CONDITIONED,,48.0625,48.0625,0.4962,0.4167,35.3756,12.6869,2,2,DIRECT,EXACT_FORMATION,home,derived_formation,LOW,PIT_SAFE
mt_257078632,COMP_NEUTRAL,A_FC_formation_delta_possession_for_1dba62,formation_delta_possession_for,possession,FOR,FULL,TEAM_FORMATION_CONDITIONED,,-0.6875,-0.6875,-1.4105,0.0833,35.3756,-36.0631,2,1,DERIVED,EXACT_FORMATION,home,derived_formation,LOW,PIT_SAFE
mt_257078632,COMP_NEUTRAL,A_FC_fc_crosses_against_a6e642,fc_crosses_against,crosses,AGAINST,FULL,TEAM_FORMATION_CONDITIONED,,2.1562,2.1562,-0.0835,0.3125,2.2776,-0.1214,2,2,DIRECT,EXACT_FORMATION,home,derived_formation,LOW,PIT_SAFE
mt_257078632,COMP_NEUTRAL,A_FC_formation_delta_crosses_against_f12504,formation_delta_crosses_against,crosses,AGAINST,FULL,TEAM_FORMATION_CONDITIONED,,-0.2188,-0.2188,-1.7168,0.0625,2.2776,-2.4964,2,1,DERIVED,EXACT_FORMATION,home,derived_formation,LOW,PIT_SAFE
mt_257078632,COMP_NEUTRAL,A_FC_fc_clearances_for_170ff0,fc_clearances_for,clearances,FOR,FULL,TEAM_FORMATION_CONDITIONED,,18.0,18.0,0.5339,0.5625,13.3887,4.6113,2,2,DIRECT,EXACT_FORMATION,home,derived_formation,LOW,PIT_SAFE
mt_257078632,COMP_NEUTRAL,A_FC_formation_delta_clearances_for_d2c57c,formation_delta_clearances_for,clearances,FOR,FULL,TEAM_FORMATION_CONDITIONED,,-2.0,-2.0,-1.7817,0.0625,13.3887,-15.3887,2,1,DERIVED,EXACT_FORMATION,home,derived_formation,LOW,PIT_SAFE
mt_257078632,COMP_NEUTRAL,A_FC_fc_blocked_shots_for_00cd27,fc_blocked_shots_for,blocked_shots,FOR,FULL,TEAM_FORMATION_CONDITIONED,,2.375,2.375,-0.2127,0.3125,2.7743,-0.3993,2,2,DIRECT,EXACT_FORMATION,home,derived_formation,LOW,PIT_SAFE
mt_257078632,COMP_NEUTRAL,A_FC_formation_delta_blocked_shots_for_8f1d49,formation_delta_blocked_shots_for,blocked_shots,FOR,FULL,TEAM_FORMATION_CONDITIONED,,-0.125,-0.125,-1.5446,0.0625,2.7743,-2.8993,2,1,DERIVED,EXACT_FORMATION,home,derived_formation,LOW,PIT_SAFE
mt_257078632,COMP_NEUTRAL,A_FMX_fmx_crosses_for_1670a3,fmx_crosses_for,crosses,FOR,FULL,OPP_FORMATION_CONDITIONED,4-3-3,4.2055,4.2055,0.9934,0.9375,2.5932,1.6123,8,5,HIERARCHICAL,VENUE_OVERALL,home,derived_formation,MEDIUM,PIT_SAFE
mt_257078632,COMP_NEUTRAL,A_FMX_fmx_crosses_against_ba3d65,fmx_crosses_against,crosses,AGAINST,FULL,OPP_FORMATION_CONDITIONED,4-3-3,3.6034,3.6034,0.9117,0.8125,2.2776,1.3258,8,5,HIERARCHICAL,VENUE_OVERALL,home,derived_formation,MEDIUM,PIT_SAFE
mt_257078632,COMP_NEUTRAL,A_FMX_fmx_corners_for_34305f,fmx_corners_for,corners,FOR,FULL,OPP_FORMATION_CONDITIONED,4-3-3,5.1517,5.1517,0.6136,0.6875,3.7319,1.4198,8,5,HIERARCHICAL,VENUE_OVERALL,home,derived_formation,MEDIUM,PIT_SAFE
mt_257078632,COMP_NEUTRAL,A_FMX_fmx_corners_against_044be0,fmx_corners_against,corners,AGAINST,FULL,OPP_FORMATION_CONDITIONED,4-3-3,4.9986,4.9986,0.6959,0.8125,3.5602,1.4384,8,5,HIERARCHICAL,VENUE_OVERALL,home,derived_formation,MEDIUM,PIT_SAFE
mt_257078632,COMP_NEUTRAL,A_FMX_fmx_touches_in_box_for_850864,fmx_touches_in_box_for,touches_in_box,FOR,FULL,OPP_FORMATION_CONDITIONED,4-3-3,23.9126,23.9126,0.2323,0.5625,20.7974,3.1152,8,5,HIERARCHICAL,VENUE_OVERALL,home,derived_formation,MEDIUM,PIT_SAFE
mt_257078632,COMP_NEUTRAL,A_FMX_fmx_clearances_for_9da002,fmx_clearances_for,clearances,FOR,FULL,OPP_FORMATION_CONDITIONED,4-3-3,22.5223,22.5223,1.0575,0.9375,13.3887,9.1336,8,5,HIERARCHICAL,VENUE_OVERALL,home,derived_formation,MEDIUM,PIT_SAFE
mt_257078632,COMP_NEUTRAL,A_FMX_fmx_blocked_shots_for_feaca7,fmx_blocked_shots_for,blocked_shots,FOR,FULL,OPP_FORMATION_CONDITIONED,4-3-3,3.0452,3.0452,0.1443,0.5625,2.7743,0.2709,8,5,HIERARCHICAL,VENUE_OVERALL,home,derived_formation,MEDIUM,PIT_SAFE
mt_257078632,COMP_NEUTRAL,A_FMX_fmx_shots_inside_box_against_711e25,fmx_shots_inside_box_against,shots_inside_box,AGAINST,FULL,OPP_FORMATION_CONDITIONED,4-3-3,6.5188,6.5188,0.2741,0.625,6.3151,0.2037,8,5,HIERARCHICAL,VENUE_OVERALL,home,derived_formation,MEDIUM,PIT_SAFE
mt_257078632,COMP_NEUTRAL,B_FC_fc_crosses_for_9819e7,fc_crosses_for,crosses,FOR,FULL,TEAM_FORMATION_CONDITIONED,,2.8333,2.8333,0.148,0.3125,2.5932,0.2401,0,0,SHRUNK,TEAM_BASELINE,away,derived_formation,LOW,PIT_SAFE
mt_257078632,COMP_NEUTRAL,B_FC_formation_delta_crosses_for_cc9079,formation_delta_crosses_for,crosses,FOR,FULL,TEAM_FORMATION_CONDITIONED,,0.0,0.0,-1.5977,0.1875,2.5932,-2.5932,0,0,DERIVED,TEAM_BASELINE,away,derived_formation,LOW,PIT_SAFE
mt_257078632,COMP_NEUTRAL,B_FC_fc_corners_for_74367d,fc_corners_for,corners,FOR,FULL,TEAM_FORMATION_CONDITIONED,,5.0,5.0,0.548,0.5625,3.7319,1.2681,0,0,SHRUNK,TEAM_BASELINE,away,derived_formation,LOW,PIT_SAFE
mt_257078632,COMP_NEUTRAL,B_FC_formation_delta_corners_for_8eb021,formation_delta_corners_for,corners,FOR,FULL,TEAM_FORMATION_CONDITIONED,,0.0,0.0,-1.6128,0.1875,3.7319,-3.7319,0,0,DERIVED,TEAM_BASELINE,away,derived_formation,LOW,PIT_SAFE
mt_257078632,COMP_NEUTRAL,B_FC_fc_corners_against_573f9f,fc_corners_against,corners,AGAINST,FULL,TEAM_FORMATION_CONDITIONED,,4.8333,4.8333,0.6159,0.6875,3.5602,1.2731,0,0,SHRUNK,TEAM_BASELINE,away,derived_formation,LOW,PIT_SAFE
mt_257078632,COMP_NEUTRAL,B_FC_formation_delta_corners_against_8ac4f8,formation_delta_corners_against,corners,AGAINST,FULL,TEAM_FORMATION_CONDITIONED,,0.0,0.0,-1.7224,0.0625,3.5602,-3.5602,0,0,DERIVED,TEAM_BASELINE,away,derived_formation,LOW,PIT_SAFE
mt_257078632,COMP_NEUTRAL,B_FC_fc_touches_in_box_for_801b2f,fc_touches_in_box_for,touches_in_box,FOR,FULL,TEAM_FORMATION_CONDITIONED,,32.8333,32.8333,0.8976,0.6875,20.7974,12.0359,0,0,SHRUNK,TEAM_BASELINE,away,derived_formation,LOW,PIT_SAFE
mt_257078632,COMP_NEUTRAL,B_FC_formation_delta_touches_in_box_for_d0836e,formation_delta_touches_in_box_for,touches_in_box,FOR,FULL,TEAM_FORMATION_CONDITIONED,,0.0,0.0,-1.551,0.1875,20.7974,-20.7974,0,0,DERIVED,TEAM_BASELINE,away,derived_formation,LOW,PIT_SAFE
mt_257078632,COMP_NEUTRAL,B_FC_fc_total_shots_for_bf1583,fc_total_shots_for,total_shots,FOR,FULL,TEAM_FORMATION_CONDITIONED,,15.3333,15.3333,0.9775,0.75,8.897,6.4363,0,0,SHRUNK,TEAM_BASELINE,away,derived_formation,LOW,PIT_SAFE
mt_257078632,COMP_NEUTRAL,B_FC_formation_delta_total_shots_for_102249,formation_delta_total_shots_for,total_shots,FOR,FULL,TEAM_FORMATION_CONDITIONED,,0.0,0.0,-1.3512,0.25,8.897,-8.897,0,0,DERIVED,TEAM_BASELINE,away,derived_formation,LOW,PIT_SAFE
mt_257078632,COMP_NEUTRAL,B_FC_fc_possession_for_53b535,fc_possession_for,possession,FOR,FULL,TEAM_FORMATION_CONDITIONED,,57.3333,57.3333,0.8588,0.75,35.3756,21.9577,0,0,SHRUNK,TEAM_BASELINE,away,derived_formation,LOW,PIT_SAFE
mt_257078632,COMP_NEUTRAL,B_FC_formation_delta_possession_for_3fe84d,formation_delta_possession_for,possession,FOR,FULL,TEAM_FORMATION_CONDITIONED,,0.0,0.0,-1.3836,0.25,35.3756,-35.3756,0,0,DERIVED,TEAM_BASELINE,away,derived_formation,LOW,PIT_SAFE
mt_257078632,COMP_NEUTRAL,B_FC_fc_crosses_against_23c414,fc_crosses_against,crosses,AGAINST,FULL,TEAM_FORMATION_CONDITIONED,,3.0,3.0,0.4968,0.6875,2.2776,0.7224,0,0,SHRUNK,TEAM_BASELINE,away,derived_formation,LOW,PIT_SAFE
mt_257078632,COMP_NEUTRAL,B_FC_formation_delta_crosses_against_d4b76c,formation_delta_crosses_against,crosses,AGAINST,FULL,TEAM_FORMATION_CONDITIONED,,0.0,0.0,-1.5663,0.1875,2.2776,-2.2776,0,0,DERIVED,TEAM_BASELINE,away,derived_formation,LOW,PIT_SAFE
mt_257078632,COMP_NEUTRAL,B_FC_fc_clearances_for_5e57fd,fc_clearances_for,clearances,FOR,FULL,TEAM_FORMATION_CONDITIONED,,15.6667,15.6667,0.2637,0.4375,13.3887,2.278,0,0,SHRUNK,TEAM_BASELINE,away,derived_formation,LOW,PIT_SAFE
mt_257078632,COMP_NEUTRAL,B_FC_formation_delta_clearances_for_771a8f,formation_delta_clearances_for,clearances,FOR,FULL,TEAM_FORMATION_CONDITIONED,,0.0,0.0,-1.5501,0.1875,13.3887,-13.3887,0,0,DERIVED,TEAM_BASELINE,away,derived_formation,LOW,PIT_SAFE
mt_257078632,COMP_NEUTRAL,B_FC_fc_blocked_shots_for_d0a107,fc_blocked_shots_for,blocked_shots,FOR,FULL,TEAM_FORMATION_CONDITIONED,,4.6667,4.6667,1.0082,0.6875,2.7743,1.8924,0,0,SHRUNK,TEAM_BASELINE,away,derived_formation,LOW,PIT_SAFE
mt_257078632,COMP_NEUTRAL,B_FC_formation_delta_blocked_shots_for_dfc5d4,formation_delta_blocked_shots_for,blocked_shots,FOR,FULL,TEAM_FORMATION_CONDITIONED,,0.0,0.0,-1.478,0.1875,2.7743,-2.7743,0,0,DERIVED,TEAM_BASELINE,away,derived_formation,LOW,PIT_SAFE
mt_257078632,COMP_NEUTRAL,B_FMX_fmx_crosses_for_45aa7b,fmx_crosses_for,crosses,FOR,FULL,OPP_FORMATION_CONDITIONED,4-2-3-1,3.9684,3.9684,0.8473,0.8125,2.5932,1.3752,6,4,HIERARCHICAL,VENUE_OVERALL,away,derived_formation,MEDIUM,PIT_SAFE
mt_257078632,COMP_NEUTRAL,B_FMX_fmx_crosses_against_8d4a35,fmx_crosses_against,crosses,AGAINST,FULL,OPP_FORMATION_CONDITIONED,4-2-3-1,3.8017,3.8017,1.0481,0.9375,2.2776,1.5241,6,4,HIERARCHICAL,VENUE_OVERALL,away,derived_formation,MEDIUM,PIT_SAFE
mt_257078632,COMP_NEUTRAL,B_FMX_fmx_corners_for_5990d2,fmx_corners_for,corners,FOR,FULL,OPP_FORMATION_CONDITIONED,4-2-3-1,5.9858,5.9858,0.974,0.9375,3.7319,2.2539,6,4,HIERARCHICAL,VENUE_OVERALL,away,derived_formation,MEDIUM,PIT_SAFE
mt_257078632,COMP_NEUTRAL,B_FMX_fmx_corners_against_87e7cd,fmx_corners_against,corners,AGAINST,FULL,OPP_FORMATION_CONDITIONED,4-2-3-1,5.3025,5.3025,0.8429,0.9375,3.5602,1.7423,6,4,HIERARCHICAL,VENUE_OVERALL,away,derived_formation,MEDIUM,PIT_SAFE
mt_257078632,COMP_NEUTRAL,B_FMX_fmx_touches_in_box_for_50ddd3,fmx_touches_in_box_for,touches_in_box,FOR,FULL,OPP_FORMATION_CONDITIONED,4-2-3-1,35.0971,35.0971,1.0664,0.9375,20.7974,14.2997,6,4,HIERARCHICAL,VENUE_OVERALL,away,derived_formation,MEDIUM,PIT_SAFE
mt_257078632,COMP_NEUTRAL,B_FMX_fmx_clearances_for_3fbb85,fmx_clearances_for,clearances,FOR,FULL,OPP_FORMATION_CONDITIONED,4-2-3-1,18.5732,18.5732,0.6002,0.6875,13.3887,5.1845,6,4,HIERARCHICAL,VENUE_OVERALL,away,derived_formation,MEDIUM,PIT_SAFE
mt_257078632,COMP_NEUTRAL,B_FMX_fmx_blocked_shots_for_890624,fmx_blocked_shots_for,blocked_shots,FOR,FULL,OPP_FORMATION_CONDITIONED,4-2-3-1,4.9137,4.9137,1.1397,0.9375,2.7743,2.1394,6,4,HIERARCHICAL,VENUE_OVERALL,away,derived_formation,MEDIUM,PIT_SAFE
mt_257078632,COMP_NEUTRAL,B_FMX_fmx_shots_inside_box_against_083ab6,fmx_shots_inside_box_against,shots_inside_box,AGAINST,FULL,OPP_FORMATION_CONDITIONED,4-2-3-1,7.3938,7.3938,1.4511,0.875,6.3151,1.0787,6,4,HIERARCHICAL,VENUE_OVERALL,away,derived_formation,MEDIUM,PIT_SAFE
mt_361806747,COMP_NEUTRAL,A_ATK_crosses_for_45624e,crosses_for,crosses,FOR,FULL,UNCONDITIONED,TEAM_B,6.1074,6.1074,0.8073,0.6875,3.998,2.1094,5,3,SHRUNK,VENUE_OVERALL,home,thestatsapi,MEDIUM,PIT_SAFE
mt_361806747,COMP_NEUTRAL,A_ATK_total_shots_for_1f4438,total_shots_for,total_shots,FOR,FULL,UNCONDITIONED,TEAM_B,15.4215,15.4215,0.9535,0.75,8.9867,6.4348,5,3,SHRUNK,VENUE_OVERALL,home,thestatsapi,MEDIUM,PIT_SAFE
mt_361806747,COMP_NEUTRAL,A_ATK_shots_on_target_for_f576fc,shots_on_target_for,shots_on_target,FOR,FULL,UNCONDITIONED,TEAM_B,4.6033,4.6033,1.0,0.75,4.4091,0.1942,5,3,SHRUNK,VENUE_OVERALL,home,thestatsapi,MEDIUM,PIT_SAFE
mt_361806747,COMP_NEUTRAL,A_ATK_shots_inside_box_for_7c1da4,shots_inside_box_for,shots_inside_box,FOR,FULL,UNCONDITIONED,TEAM_B,8.3471,8.3471,1.0,0.75,7.9504,0.3967,5,3,SHRUNK,VENUE_OVERALL,home,thestatsapi,MEDIUM,PIT_SAFE
mt_361806747,COMP_NEUTRAL,A_ATK_touches_in_box_for_1a0313,touches_in_box_for,touches_in_box,FOR,FULL,UNCONDITIONED,TEAM_B,23.3554,23.3554,0.6665,0.6875,16.5843,6.7711,5,3,SHRUNK,VENUE_OVERALL,home,thestatsapi,MEDIUM,PIT_SAFE
mt_361806747,COMP_NEUTRAL,A_ATK_corners_for_1f184b,corners_for,corners,FOR,FULL,UNCONDITIONED,TEAM_B,5.7934,5.7934,0.6189,0.6875,4.2583,1.5351,5,3,SHRUNK,VENUE_OVERALL,home,thestatsapi,MEDIUM,PIT_SAFE
mt_361806747,COMP_NEUTRAL,A_ATK_possession_for_0ec191,possession_for,possession,FOR,FULL,UNCONDITIONED,TEAM_B,54.2727,54.2727,0.9371,0.75,32.359,21.9137,5,3,SHRUNK,VENUE_OVERALL,home,thestatsapi,MEDIUM,PIT_SAFE
mt_361806747,COMP_NEUTRAL,A_ATK_throw_ins_for_dac82b,throw_ins_for,throw_ins,FOR,FULL,UNCONDITIONED,TEAM_B,18.124,18.124,-1.0,0.25,18.6075,-0.4835,5,3,SHRUNK,VENUE_OVERALL,home,thestatsapi,MEDIUM,PIT_SAFE
mt_361806747,COMP_NEUTRAL,A_ATK_final_third_entries_for_4bee80,final_third_entries_for,final_third_entries,FOR,FULL,UNCONDITIONED,TEAM_B,56.4545,56.4545,1.0,0.75,53.7644,2.6901,5,3,SHRUNK,VENUE_OVERALL,home,thestatsapi,MEDIUM,PIT_SAFE
mt_361806747,COMP_NEUTRAL,A_DEF_crosses_against_490cc3,crosses_against,crosses,AGAINST,FULL,UNCONDITIONED,TEAM_B,2.4959,2.4959,-0.3987,0.4375,3.6816,-1.1857,5,3,SHRUNK,VENUE_OVERALL,home,thestatsapi,MEDIUM,PIT_SAFE
mt_361806747,COMP_NEUTRAL,A_DEF_total_shots_against_52d49a,total_shots_against,total_shots,AGAINST,FULL,UNCONDITIONED,TEAM_B,10.0165,10.0165,-1.0,0.25,13.8719,-3.8554,5,3,SHRUNK,VENUE_OVERALL,home,thestatsapi,MEDIUM,PIT_SAFE
mt_361806747,COMP_NEUTRAL,A_DEF_shots_inside_box_against_19900b,shots_inside_box_against,shots_inside_box,AGAINST,FULL,UNCONDITIONED,TEAM_B,6.5289,6.5289,-1.2625,0.125,9.889,-3.3601,5,3,SHRUNK,VENUE_OVERALL,home,thestatsapi,MEDIUM,PIT_SAFE
mt_361806747,COMP_NEUTRAL,A_DEF_touches_in_box_against_687a08,touches_in_box_against,touches_in_box,AGAINST,FULL,UNCONDITIONED,TEAM_B,17.562,17.562,-1.0,0.25,25.4091,-7.8471,5,3,SHRUNK,VENUE_OVERALL,home,thestatsapi,MEDIUM,PIT_SAFE
mt_361806747,COMP_NEUTRAL,A_DEF_corners_against_2a148e,corners_against,corners,AGAINST,FULL,UNCONDITIONED,TEAM_B,3.595,3.595,-0.1299,0.4375,3.9661,-0.3711,5,3,SHRUNK,VENUE_OVERALL,home,thestatsapi,MEDIUM,PIT_SAFE
mt_361806747,COMP_NEUTRAL,A_DEF_blocked_shots_for_ad63ac,blocked_shots_for,blocked_shots,FOR,FULL,UNCONDITIONED,TEAM_B,4.0413,4.0413,0.9163,0.6875,2.5011,1.5402,5,3,SHRUNK,VENUE_OVERALL,home,thestatsapi,MEDIUM,PIT_SAFE
mt_361806747,COMP_NEUTRAL,A_DEF_clearances_for_eb1283,clearances_for,clearances,FOR,FULL,UNCONDITIONED,TEAM_B,17.0826,17.0826,0.1749,0.4375,15.341,1.7416,5,3,SHRUNK,VENUE_OVERALL,home,thestatsapi,MEDIUM,PIT_SAFE
mt_361806747,COMP_NEUTRAL,A_DEF_interceptions_for_ec559a,interceptions_for,interceptions,FOR,FULL,UNCONDITIONED,TEAM_B,7.9587,7.9587,-1.0,0.25,8.1984,-0.2397,5,3,SHRUNK,VENUE_OVERALL,home,thestatsapi,MEDIUM,PIT_SAFE
mt_361806747,COMP_NEUTRAL,A_DIS_fouls_for_f943a9,fouls_for,fouls,FOR,FULL,UNCONDITIONED,TEAM_B,16.124,16.124,1.0,0.75,13.3595,2.7645,5,3,SHRUNK,VENUE_OVERALL,home,thestatsapi,MEDIUM,PIT_SAFE
mt_361806747,COMP_NEUTRAL,A_DIS_tackles_for_ad0301,tackles_for,tackles,FOR,FULL,UNCONDITIONED,TEAM_B,16.8264,16.8264,1.0,0.75,15.6983,1.1281,5,3,SHRUNK,VENUE_OVERALL,home,thestatsapi,MEDIUM,PIT_SAFE
mt_361806747,COMP_NEUTRAL,A_DIS_yellow_cards_for_c9798c,yellow_cards_for,yellow_cards,FOR,FULL,UNCONDITIONED,TEAM_B,3.0826,3.0826,1.0,0.75,3.0785,0.0041,5,3,SHRUNK,VENUE_OVERALL,home,thestatsapi,MEDIUM,PIT_SAFE
mt_361806747,COMP_NEUTRAL,A_DIS_fouls_against_037a13,fouls_against,fouls,AGAINST,FULL,UNCONDITIONED,TEAM_B,10.0248,10.0248,-1.0,0.25,12.0951,-2.0702,5,3,SHRUNK,VENUE_OVERALL,home,thestatsapi,MEDIUM,PIT_SAFE
mt_361806747,COMP_NEUTRAL,B_ATK_crosses_for_9680f1,crosses_for,crosses,FOR,FULL,UNCONDITIONED,TEAM_A,3.8017,3.8017,-0.0751,0.4375,3.998,-0.1963,5,3,SHRUNK,VENUE_OVERALL,away,thestatsapi,MEDIUM,PIT_SAFE
mt_361806747,COMP_NEUTRAL,B_ATK_total_shots_for_ccaf29,total_shots_for,total_shots,FOR,FULL,UNCONDITIONED,TEAM_A,11.7273,11.7273,0.4061,0.5833,8.9867,2.7406,5,3,SHRUNK,VENUE_OVERALL,away,thestatsapi,MEDIUM,PIT_SAFE
mt_361806747,COMP_NEUTRAL,B_ATK_shots_on_target_for_51f69b,shots_on_target_for,shots_on_target,FOR,FULL,UNCONDITIONED,TEAM_A,4.2149,4.2149,-1.0,0.25,4.4091,-0.1942,5,3,SHRUNK,VENUE_OVERALL,away,thestatsapi,MEDIUM,PIT_SAFE
mt_361806747,COMP_NEUTRAL,B_ATK_shots_inside_box_for_10c329,shots_inside_box_for,shots_inside_box,FOR,FULL,UNCONDITIONED,TEAM_A,7.5537,7.5537,-1.0,0.25,7.9504,-0.3967,5,3,SHRUNK,VENUE_OVERALL,away,thestatsapi,MEDIUM,PIT_SAFE
mt_361806747,COMP_NEUTRAL,B_ATK_touches_in_box_for_9ac6c7,touches_in_box_for,touches_in_box,FOR,FULL,UNCONDITIONED,TEAM_A,18.0248,18.0248,0.1418,0.4375,16.5843,1.4405,5,3,SHRUNK,VENUE_OVERALL,away,thestatsapi,MEDIUM,PIT_SAFE
mt_361806747,COMP_NEUTRAL,B_ATK_corners_for_8de927,corners_for,corners,FOR,FULL,UNCONDITIONED,TEAM_A,4.876,4.876,0.2491,0.4375,4.2583,0.6178,5,3,SHRUNK,VENUE_OVERALL,away,thestatsapi,MEDIUM,PIT_SAFE
mt_361806747,COMP_NEUTRAL,B_ATK_possession_for_104e73,possession_for,possession,FOR,FULL,UNCONDITIONED,TEAM_A,43.9669,43.9669,0.4964,0.5833,32.359,11.6079,5,3,SHRUNK,VENUE_OVERALL,away,thestatsapi,MEDIUM,PIT_SAFE
mt_361806747,COMP_NEUTRAL,B_ATK_throw_ins_for_f1fd5c,throw_ins_for,throw_ins,FOR,FULL,UNCONDITIONED,TEAM_A,19.0909,19.0909,1.0,0.75,18.6075,0.4835,5,3,SHRUNK,VENUE_OVERALL,away,thestatsapi,MEDIUM,PIT_SAFE
mt_361806747,COMP_NEUTRAL,B_ATK_final_third_entries_for_b9f529,final_third_entries_for,final_third_entries,FOR,FULL,UNCONDITIONED,TEAM_A,51.0744,51.0744,-1.0,0.25,53.7644,-2.69,5,3,SHRUNK,VENUE_OVERALL,away,thestatsapi,MEDIUM,PIT_SAFE
mt_361806747,COMP_NEUTRAL,B_DEF_crosses_against_80ae01,crosses_against,crosses,AGAINST,FULL,UNCONDITIONED,TEAM_A,6.5702,6.5702,0.9714,0.6875,3.6816,2.8886,5,3,SHRUNK,VENUE_OVERALL,away,thestatsapi,MEDIUM,PIT_SAFE
mt_361806747,COMP_NEUTRAL,B_DEF_total_shots_against_dc3b4b,total_shots_against,total_shots,AGAINST,FULL,UNCONDITIONED,TEAM_A,17.7273,17.7273,1.0,0.75,13.8719,3.8554,5,3,SHRUNK,VENUE_OVERALL,away,thestatsapi,MEDIUM,PIT_SAFE
mt_361806747,COMP_NEUTRAL,B_DEF_shots_inside_box_against_7597f9,shots_inside_box_against,shots_inside_box,AGAINST,FULL,UNCONDITIONED,TEAM_A,11.843,11.843,0.7342,0.625,9.889,1.954,5,3,SHRUNK,VENUE_OVERALL,away,thestatsapi,MEDIUM,PIT_SAFE
mt_361806747,COMP_NEUTRAL,B_DEF_touches_in_box_against_d64f7b,touches_in_box_against,touches_in_box,AGAINST,FULL,UNCONDITIONED,TEAM_A,33.2562,33.2562,1.0,0.75,25.4091,7.8471,5,3,SHRUNK,VENUE_OVERALL,away,thestatsapi,MEDIUM,PIT_SAFE
mt_361806747,COMP_NEUTRAL,B_DEF_corners_against_ae6734,corners_against,corners,AGAINST,FULL,UNCONDITIONED,TEAM_A,6.1736,6.1736,0.7728,0.6875,3.9661,2.2075,5,3,SHRUNK,VENUE_OVERALL,away,thestatsapi,MEDIUM,PIT_SAFE
mt_361806747,COMP_NEUTRAL,B_DEF_blocked_shots_for_ce4253,blocked_shots_for,blocked_shots,FOR,FULL,UNCONDITIONED,TEAM_A,2.4545,2.4545,-0.0277,0.4375,2.5011,-0.0466,5,3,SHRUNK,VENUE_OVERALL,away,thestatsapi,MEDIUM,PIT_SAFE
mt_361806747,COMP_NEUTRAL,B_DEF_clearances_for_df39a1,clearances_for,clearances,FOR,FULL,UNCONDITIONED,TEAM_A,21.6529,21.6529,0.6339,0.6875,15.341,6.3119,5,3,SHRUNK,VENUE_OVERALL,away,thestatsapi,MEDIUM,PIT_SAFE
mt_361806747,COMP_NEUTRAL,B_DEF_interceptions_for_e42bde,interceptions_for,interceptions,FOR,FULL,UNCONDITIONED,TEAM_A,8.438,8.438,1.0,0.75,8.1984,0.2396,5,3,SHRUNK,VENUE_OVERALL,away,thestatsapi,MEDIUM,PIT_SAFE
mt_361806747,COMP_NEUTRAL,B_DIS_fouls_for_c21e64,fouls_for,fouls,FOR,FULL,UNCONDITIONED,TEAM_A,10.595,10.595,-1.0,0.25,13.3595,-2.7645,5,3,SHRUNK,VENUE_OVERALL,away,thestatsapi,MEDIUM,PIT_SAFE
mt_361806747,COMP_NEUTRAL,B_DIS_tackles_for_3d38fe,tackles_for,tackles,FOR,FULL,UNCONDITIONED,TEAM_A,14.5702,14.5702,-1.0,0.25,15.6983,-1.1281,5,3,SHRUNK,VENUE_OVERALL,away,thestatsapi,MEDIUM,PIT_SAFE
mt_361806747,COMP_NEUTRAL,B_DIS_yellow_cards_for_9b9632,yellow_cards_for,yellow_cards,FOR,FULL,UNCONDITIONED,TEAM_A,3.0744,3.0744,-1.0,0.25,3.0785,-0.0041,5,3,SHRUNK,VENUE_OVERALL,away,thestatsapi,MEDIUM,PIT_SAFE
mt_361806747,COMP_NEUTRAL,B_DIS_fouls_against_97a783,fouls_against,fouls,AGAINST,FULL,UNCONDITIONED,TEAM_A,14.1653,14.1653,1.0,0.75,12.0951,2.0702,5,3,SHRUNK,VENUE_OVERALL,away,thestatsapi,MEDIUM,PIT_SAFE
mt_361806747,COMP_NEUTRAL,ENV_corners_245e1a,league_corners_env,league_corners_env,NEUTRAL,FULL,UNCONDITIONED,,9.5528,9.5528,,0.5,9.5528,0.0,0,0,DIRECT,COMPETITION_PRIOR,,derived,HIGH,PIT_SAFE
mt_361806747,COMP_NEUTRAL,ENV_total_shots_4b0f7a,league_total_shots_env,league_total_shots_env,NEUTRAL,FULL,UNCONDITIONED,,24.8293,24.8293,,0.5,24.8293,0.0,0,0,DIRECT,COMPETITION_PRIOR,,derived,HIGH,PIT_SAFE
mt_361806747,COMP_NEUTRAL,ENV_fouls_51177d,league_fouls_env,league_fouls_env,NEUTRAL,FULL,UNCONDITIONED,,25.9024,25.9024,,0.5,25.9024,0.0,0,0,DIRECT,COMPETITION_PRIOR,,derived,HIGH,PIT_SAFE
mt_361806747,COMP_NEUTRAL,ENV_yellow_cards_383918,league_yellow_cards_env,league_yellow_cards_env,NEUTRAL,FULL,UNCONDITIONED,,4.9837,4.9837,,0.5,4.9837,0.0,0,0,DIRECT,COMPETITION_PRIOR,,derived,HIGH,PIT_SAFE
mt_361806747,COMP_NEUTRAL,A_FC_fc_crosses_for_dc55ff,fc_crosses_for,crosses,FOR,FULL,TEAM_FORMATION_CONDITIONED,,7.4286,7.4286,1.313,0.9375,3.998,3.4306,1,1,DIRECT,EXACT_FORMATION,home,derived_formation,LOW,PIT_SAFE
mt_361806747,COMP_NEUTRAL,A_FC_formation_delta_crosses_for_669f1b,formation_delta_crosses_for,crosses,FOR,FULL,TEAM_FORMATION_CONDITIONED,,0.4286,0.4286,-1.3661,0.1875,3.998,-3.5694,1,1,DERIVED,EXACT_FORMATION,home,derived_formation,LOW,PIT_SAFE
mt_361806747,COMP_NEUTRAL,A_FC_fc_corners_for_b8aec6,fc_corners_for,corners,FOR,FULL,TEAM_FORMATION_CONDITIONED,,6.4571,6.4571,0.8865,0.8125,4.2583,2.1988,1,1,DIRECT,EXACT_FORMATION,home,derived_formation,LOW,PIT_SAFE
mt_361806747,COMP_NEUTRAL,A_FC_formation_delta_corners_for_dd7ccb,formation_delta_corners_for,corners,FOR,FULL,TEAM_FORMATION_CONDITIONED,,0.2571,0.2571,-1.6132,0.1875,4.2583,-4.0011,1,1,DERIVED,EXACT_FORMATION,home,derived_formation,LOW,PIT_SAFE
mt_361806747,COMP_NEUTRAL,A_FC_fc_corners_against_d0e56a,fc_corners_against,corners,AGAINST,FULL,TEAM_FORMATION_CONDITIONED,,2.7143,2.7143,-0.4382,0.3125,3.9661,-1.2518,1,1,DIRECT,EXACT_FORMATION,home,derived_formation,LOW,PIT_SAFE
mt_361806747,COMP_NEUTRAL,A_FC_formation_delta_corners_against_a90c05,formation_delta_corners_against,corners,AGAINST,FULL,TEAM_FORMATION_CONDITIONED,,-0.2857,-0.2857,-1.4885,0.0625,3.9661,-4.2518,1,1,DERIVED,EXACT_FORMATION,home,derived_formation,LOW,PIT_SAFE
mt_361806747,COMP_NEUTRAL,A_FC_fc_touches_in_box_for_da650d,fc_touches_in_box_for,touches_in_box,FOR,FULL,TEAM_FORMATION_CONDITIONED,,25.1714,25.1714,0.8453,0.8125,16.5843,8.5871,1,1,DIRECT,EXACT_FORMATION,home,derived_formation,LOW,PIT_SAFE
mt_361806747,COMP_NEUTRAL,A_FC_formation_delta_touches_in_box_for_43fb36,formation_delta_touches_in_box_for,touches_in_box,FOR,FULL,TEAM_FORMATION_CONDITIONED,,-0.0286,-0.0286,-1.6353,0.0625,16.5843,-16.6129,1,1,DERIVED,EXACT_FORMATION,home,derived_formation,LOW,PIT_SAFE
mt_361806747,COMP_NEUTRAL,A_FC_fc_total_shots_for_ac443c,fc_total_shots_for,total_shots,FOR,FULL,TEAM_FORMATION_CONDITIONED,,16.6857,16.6857,1.1408,0.9167,8.9867,7.699,1,1,DIRECT,EXACT_FORMATION,home,derived_formation,LOW,PIT_SAFE
mt_361806747,COMP_NEUTRAL,A_FC_formation_delta_total_shots_for_9a79ef,formation_delta_total_shots_for,total_shots,FOR,FULL,TEAM_FORMATION_CONDITIONED,,-0.1143,-0.1143,-1.3486,0.0833,8.9867,-9.101,1,1,DERIVED,EXACT_FORMATION,home,derived_formation,LOW,PIT_SAFE
mt_361806747,COMP_NEUTRAL,A_FC_fc_possession_for_f1d544,fc_possession_for,possession,FOR,FULL,TEAM_FORMATION_CONDITIONED,,54.6571,54.6571,0.9536,0.9167,32.359,22.2981,1,1,DIRECT,EXACT_FORMATION,home,derived_formation,LOW,PIT_SAFE
mt_361806747,COMP_NEUTRAL,A_FC_formation_delta_possession_for_e8ad7c,formation_delta_possession_for,possession,FOR,FULL,TEAM_FORMATION_CONDITIONED,,0.0571,0.0571,-1.3814,0.25,32.359,-32.3019,1,1,DERIVED,EXACT_FORMATION,home,derived_formation,LOW,PIT_SAFE
mt_361806747,COMP_NEUTRAL,A_FC_fc_crosses_against_a1a95c,fc_crosses_against,crosses,AGAINST,FULL,TEAM_FORMATION_CONDITIONED,,1.8571,1.8571,-0.6136,0.3125,3.6816,-1.8245,1,1,DIRECT,EXACT_FORMATION,home,derived_formation,LOW,PIT_SAFE
mt_361806747,COMP_NEUTRAL,A_FC_formation_delta_crosses_against_da53b2,formation_delta_crosses_against,crosses,AGAINST,FULL,TEAM_FORMATION_CONDITIONED,,-0.1429,-0.1429,-1.2861,0.0625,3.6816,-3.8245,1,1,DERIVED,EXACT_FORMATION,home,derived_formation,LOW,PIT_SAFE
mt_361806747,COMP_NEUTRAL,A_FC_fc_clearances_for_098b45,fc_clearances_for,clearances,FOR,FULL,TEAM_FORMATION_CONDITIONED,,14.4571,14.4571,-0.0888,0.3125,15.341,-0.8839,1,1,DIRECT,EXACT_FORMATION,home,derived_formation,LOW,PIT_SAFE
mt_361806747,COMP_NEUTRAL,A_FC_formation_delta_clearances_for_94656a,formation_delta_clearances_for,clearances,FOR,FULL,TEAM_FORMATION_CONDITIONED,,-1.7429,-1.7429,-1.7157,0.0625,15.341,-17.0839,1,1,DERIVED,EXACT_FORMATION,home,derived_formation,LOW,PIT_SAFE
mt_361806747,COMP_NEUTRAL,A_FC_fc_blocked_shots_for_64c922,fc_blocked_shots_for,blocked_shots,FOR,FULL,TEAM_FORMATION_CONDITIONED,,4.1714,4.1714,0.9937,0.8125,2.5011,1.6704,1,1,DIRECT,EXACT_FORMATION,home,derived_formation,LOW,PIT_SAFE
mt_361806747,COMP_NEUTRAL,A_FC_formation_delta_blocked_shots_for_ea9c60,formation_delta_blocked_shots_for,blocked_shots,FOR,FULL,TEAM_FORMATION_CONDITIONED,,-0.0286,-0.0286,-1.5049,0.0625,2.5011,-2.5297,1,1,DERIVED,EXACT_FORMATION,home,derived_formation,LOW,PIT_SAFE
mt_361806747,COMP_NEUTRAL,A_FMX_fmx_crosses_for_99e32a,fmx_crosses_for,crosses,FOR,FULL,OPP_FORMATION_CONDITIONED,4-4-2,6.7918,6.7918,1.0692,0.8125,3.998,2.7938,5,3,HIERARCHICAL,VENUE_OVERALL,home,derived_formation,MEDIUM,PIT_SAFE
mt_361806747,COMP_NEUTRAL,A_FMX_fmx_crosses_against_24a4a9,fmx_crosses_against,crosses,AGAINST,FULL,OPP_FORMATION_CONDITIONED,4-4-2,3.6528,3.6528,-0.0097,0.5625,3.6816,-0.0288,5,3,HIERARCHICAL,VENUE_OVERALL,home,derived_formation,MEDIUM,PIT_SAFE
mt_361806747,COMP_NEUTRAL,A_FMX_fmx_corners_for_74f68d,fmx_corners_for,corners,FOR,FULL,OPP_FORMATION_CONDITIONED,4-4-2,6.5824,6.5824,0.937,0.9375,4.2583,2.3241,5,3,HIERARCHICAL,VENUE_OVERALL,home,derived_formation,MEDIUM,PIT_SAFE
mt_361806747,COMP_NEUTRAL,A_FMX_fmx_corners_against_e2f05d,fmx_corners_against,corners,AGAINST,FULL,OPP_FORMATION_CONDITIONED,4-4-2,4.6465,4.6465,0.2382,0.5625,3.9661,0.6804,5,3,HIERARCHICAL,VENUE_OVERALL,home,derived_formation,MEDIUM,PIT_SAFE
mt_361806747,COMP_NEUTRAL,A_FMX_fmx_touches_in_box_for_bef381,fmx_touches_in_box_for,touches_in_box,FOR,FULL,OPP_FORMATION_CONDITIONED,4-4-2,27.4222,27.4222,1.0668,0.9375,16.5843,10.8379,5,3,HIERARCHICAL,VENUE_OVERALL,home,derived_formation,MEDIUM,PIT_SAFE
mt_361806747,COMP_NEUTRAL,A_FMX_fmx_clearances_for_be004e,fmx_clearances_for,clearances,FOR,FULL,OPP_FORMATION_CONDITIONED,4-4-2,21.3029,21.3029,0.5987,0.5625,15.341,5.9619,5,3,HIERARCHICAL,VENUE_OVERALL,home,derived_formation,MEDIUM,PIT_SAFE
mt_361806747,COMP_NEUTRAL,A_FMX_fmx_blocked_shots_for_2bb7f2,fmx_blocked_shots_for,blocked_shots,FOR,FULL,OPP_FORMATION_CONDITIONED,4-4-2,4.4908,4.4908,1.1837,0.9375,2.5011,1.9897,5,3,HIERARCHICAL,VENUE_OVERALL,home,derived_formation,MEDIUM,PIT_SAFE
mt_361806747,COMP_NEUTRAL,A_FMX_fmx_shots_inside_box_against_1beb56,fmx_shots_inside_box_against,shots_inside_box,AGAINST,FULL,OPP_FORMATION_CONDITIONED,4-4-2,8.1187,8.1187,-0.6652,0.375,9.889,-1.7703,5,3,HIERARCHICAL,VENUE_OVERALL,home,derived_formation,MEDIUM,PIT_SAFE
mt_361806747,COMP_NEUTRAL,B_FC_fc_crosses_for_5c48f0,fc_crosses_for,crosses,FOR,FULL,TEAM_FORMATION_CONDITIONED,,2.8,2.8,-0.4585,0.3125,3.998,-1.198,0,0,SHRUNK,TEAM_BASELINE,away,derived_formation,LOW,PIT_SAFE
mt_361806747,COMP_NEUTRAL,B_FC_formation_delta_crosses_for_31c0d8,formation_delta_crosses_for,crosses,FOR,FULL,TEAM_FORMATION_CONDITIONED,,0.0,0.0,-1.5301,0.0625,3.998,-3.998,0,0,DERIVED,TEAM_BASELINE,away,derived_formation,LOW,PIT_SAFE
mt_361806747,COMP_NEUTRAL,B_FC_fc_corners_for_87c719,fc_corners_for,corners,FOR,FULL,TEAM_FORMATION_CONDITIONED,,4.4,4.4,0.0572,0.3125,4.2583,0.1418,0,0,SHRUNK,TEAM_BASELINE,away,derived_formation,LOW,PIT_SAFE
mt_361806747,COMP_NEUTRAL,B_FC_formation_delta_corners_for_91a5b7,formation_delta_corners_for,corners,FOR,FULL,TEAM_FORMATION_CONDITIONED,,0.0,0.0,-1.7168,0.0625,4.2583,-4.2583,0,0,DERIVED,TEAM_BASELINE,away,derived_formation,LOW,PIT_SAFE
mt_361806747,COMP_NEUTRAL,B_FC_fc_corners_against_2f1ba0,fc_corners_against,corners,AGAINST,FULL,TEAM_FORMATION_CONDITIONED,,7.8,7.8,1.3422,0.9375,3.9661,3.8339,0,0,SHRUNK,TEAM_BASELINE,away,derived_formation,LOW,PIT_SAFE
mt_361806747,COMP_NEUTRAL,B_FC_formation_delta_corners_against_f7ae1b,formation_delta_corners_against,corners,AGAINST,FULL,TEAM_FORMATION_CONDITIONED,,0.0,0.0,-1.3885,0.1875,3.9661,-3.9661,0,0,DERIVED,TEAM_BASELINE,away,derived_formation,LOW,PIT_SAFE
mt_361806747,COMP_NEUTRAL,B_FC_fc_touches_in_box_for_ef666d,fc_touches_in_box_for,touches_in_box,FOR,FULL,TEAM_FORMATION_CONDITIONED,,16.2,16.2,-0.0378,0.3125,16.5843,-0.3843,0,0,SHRUNK,TEAM_BASELINE,away,derived_formation,LOW,PIT_SAFE
mt_361806747,COMP_NEUTRAL,B_FC_formation_delta_touches_in_box_for_49f311,formation_delta_touches_in_box_for,touches_in_box,FOR,FULL,TEAM_FORMATION_CONDITIONED,,0.0,0.0,-1.6325,0.1875,16.5843,-16.5843,0,0,DERIVED,TEAM_BASELINE,away,derived_formation,LOW,PIT_SAFE
mt_361806747,COMP_NEUTRAL,B_FC_fc_total_shots_for_aeba1a,fc_total_shots_for,total_shots,FOR,FULL,TEAM_FORMATION_CONDITIONED,,10.2,10.2,0.1798,0.4167,8.9867,1.2133,0,0,SHRUNK,TEAM_BASELINE,away,derived_formation,LOW,PIT_SAFE
mt_361806747,COMP_NEUTRAL,B_FC_formation_delta_total_shots_for_897f02,formation_delta_total_shots_for,total_shots,FOR,FULL,TEAM_FORMATION_CONDITIONED,,0.0,0.0,-1.3317,0.25,8.9867,-8.9867,0,0,DERIVED,TEAM_BASELINE,away,derived_formation,LOW,PIT_SAFE
mt_361806747,COMP_NEUTRAL,B_FC_fc_possession_for_e1dc2a,fc_possession_for,possession,FOR,FULL,TEAM_FORMATION_CONDITIONED,,41.2,41.2,0.3781,0.4167,32.359,8.841,0,0,SHRUNK,TEAM_BASELINE,away,derived_formation,LOW,PIT_SAFE
mt_361806747,COMP_NEUTRAL,B_FC_formation_delta_possession_for_7d201b,formation_delta_possession_for,possession,FOR,FULL,TEAM_FORMATION_CONDITIONED,,0.0,0.0,-1.3838,0.0833,32.359,-32.359,0,0,DERIVED,TEAM_BASELINE,away,derived_formation,LOW,PIT_SAFE
mt_361806747,COMP_NEUTRAL,B_FC_fc_crosses_against_7ff12e,fc_crosses_against,crosses,AGAINST,FULL,TEAM_FORMATION_CONDITIONED,,7.8,7.8,1.385,0.9375,3.6816,4.1184,0,0,SHRUNK,TEAM_BASELINE,away,derived_formation,LOW,PIT_SAFE
mt_361806747,COMP_NEUTRAL,B_FC_formation_delta_crosses_against_e9ca80,formation_delta_crosses_against,crosses,AGAINST,FULL,TEAM_FORMATION_CONDITIONED,,0.0,0.0,-1.2381,0.1875,3.6816,-3.6816,0,0,DERIVED,TEAM_BASELINE,away,derived_formation,LOW,PIT_SAFE
mt_361806747,COMP_NEUTRAL,B_FC_fc_clearances_for_61dba6,fc_clearances_for,clearances,FOR,FULL,TEAM_FORMATION_CONDITIONED,,24.4,24.4,0.9098,0.8125,15.341,9.059,0,0,SHRUNK,TEAM_BASELINE,away,derived_formation,LOW,PIT_SAFE
mt_361806747,COMP_NEUTRAL,B_FC_formation_delta_clearances_for_539eca,formation_delta_clearances_for,clearances,FOR,FULL,TEAM_FORMATION_CONDITIONED,,0.0,0.0,-1.5406,0.1875,15.341,-15.341,0,0,DERIVED,TEAM_BASELINE,away,derived_formation,LOW,PIT_SAFE
mt_361806747,COMP_NEUTRAL,B_FC_fc_blocked_shots_for_04deb8,fc_blocked_shots_for,blocked_shots,FOR,FULL,TEAM_FORMATION_CONDITIONED,,1.8,1.8,-0.4171,0.3125,2.5011,-0.7011,0,0,SHRUNK,TEAM_BASELINE,away,derived_formation,LOW,PIT_SAFE
mt_361806747,COMP_NEUTRAL,B_FC_formation_delta_blocked_shots_for_479b4c,formation_delta_blocked_shots_for,blocked_shots,FOR,FULL,TEAM_FORMATION_CONDITIONED,,0.0,0.0,-1.4879,0.1875,2.5011,-2.5011,0,0,DERIVED,TEAM_BASELINE,away,derived_formation,LOW,PIT_SAFE
mt_361806747,COMP_NEUTRAL,B_FMX_fmx_crosses_for_6ddee2,fmx_crosses_for,crosses,FOR,FULL,OPP_FORMATION_CONDITIONED,4-2-3-1,4.6261,4.6261,0.2404,0.5625,3.998,0.6281,5,3,HIERARCHICAL,VENUE_OVERALL,away,derived_formation,MEDIUM,PIT_SAFE
mt_361806747,COMP_NEUTRAL,B_FMX_fmx_crosses_against_305810,fmx_crosses_against,crosses,AGAINST,FULL,OPP_FORMATION_CONDITIONED,4-2-3-1,7.2196,7.2196,1.1898,0.8125,3.6816,3.538,5,3,HIERARCHICAL,VENUE_OVERALL,away,derived_formation,MEDIUM,PIT_SAFE
mt_361806747,COMP_NEUTRAL,B_FMX_fmx_corners_for_7e1ed4,fmx_corners_for,corners,FOR,FULL,OPP_FORMATION_CONDITIONED,4-2-3-1,5.7,5.7,0.5813,0.5625,4.2583,1.4417,5,3,HIERARCHICAL,VENUE_OVERALL,away,derived_formation,MEDIUM,PIT_SAFE
mt_361806747,COMP_NEUTRAL,B_FMX_fmx_corners_against_97fb49,fmx_corners_against,corners,AGAINST,FULL,OPP_FORMATION_CONDITIONED,4-2-3-1,7.085,7.085,1.0919,0.8125,3.9661,3.1189,5,3,HIERARCHICAL,VENUE_OVERALL,away,derived_formation,MEDIUM,PIT_SAFE
mt_361806747,COMP_NEUTRAL,B_FMX_fmx_touches_in_box_for_e13352,fmx_touches_in_box_for,touches_in_box,FOR,FULL,OPP_FORMATION_CONDITIONED,4-2-3-1,22.5292,22.5292,0.5852,0.5625,16.5843,5.9449,5,3,HIERARCHICAL,VENUE_OVERALL,away,derived_formation,MEDIUM,PIT_SAFE
mt_361806747,COMP_NEUTRAL,B_FMX_fmx_clearances_for_3bfa32,fmx_clearances_for,clearances,FOR,FULL,OPP_FORMATION_CONDITIONED,4-2-3-1,25.5756,25.5756,1.0278,0.9375,15.341,10.2346,5,3,HIERARCHICAL,VENUE_OVERALL,away,derived_formation,MEDIUM,PIT_SAFE
mt_361806747,COMP_NEUTRAL,B_FMX_fmx_blocked_shots_for_4bdd65,fmx_blocked_shots_for,blocked_shots,FOR,FULL,OPP_FORMATION_CONDITIONED,4-2-3-1,3.079,3.079,0.3438,0.5625,2.5011,0.5779,5,3,HIERARCHICAL,VENUE_OVERALL,away,derived_formation,MEDIUM,PIT_SAFE
mt_361806747,COMP_NEUTRAL,B_FMX_fmx_shots_inside_box_against_d16be7,fmx_shots_inside_box_against,shots_inside_box,AGAINST,FULL,OPP_FORMATION_CONDITIONED,4-2-3-1,13.0652,13.0652,1.1935,0.875,9.889,3.1762,5,3,HIERARCHICAL,VENUE_OVERALL,away,derived_formation,MEDIUM,PIT_SAFE
mt_257018652,COMP_NEUTRAL,A_ATK_crosses_for_bac684,crosses_for,crosses,FOR,FULL,UNCONDITIONED,TEAM_B,4.0923,4.0923,0.7295,0.8125,2.8479,1.2444,7,4,SHRUNK,VENUE_OVERALL,home,thestatsapi,MEDIUM,PIT_SAFE
mt_257018652,COMP_NEUTRAL,A_ATK_total_shots_for_329093,total_shots_for,total_shots,FOR,FULL,UNCONDITIONED,TEAM_B,14.5538,14.5538,1.0746,0.75,8.0132,6.5406,7,4,SHRUNK,VENUE_OVERALL,home,thestatsapi,MEDIUM,PIT_SAFE
mt_257018652,COMP_NEUTRAL,A_ATK_shots_on_target_for_5269a5,shots_on_target_for,shots_on_target,FOR,FULL,UNCONDITIONED,TEAM_B,5.8154,5.8154,1.0,0.75,4.9923,0.8231,7,4,SHRUNK,VENUE_OVERALL,home,thestatsapi,MEDIUM,PIT_SAFE
mt_257018652,COMP_NEUTRAL,A_ATK_shots_inside_box_for_d8c547,shots_inside_box_for,shots_inside_box,FOR,FULL,UNCONDITIONED,TEAM_B,10.6308,10.6308,1.0,0.75,8.3385,2.2923,7,4,SHRUNK,VENUE_OVERALL,home,thestatsapi,MEDIUM,PIT_SAFE
mt_257018652,COMP_NEUTRAL,A_ATK_touches_in_box_for_fffefa,touches_in_box_for,touches_in_box,FOR,FULL,UNCONDITIONED,TEAM_B,27.2462,27.2462,0.7915,0.6875,18.3482,8.898,7,4,SHRUNK,VENUE_OVERALL,home,thestatsapi,MEDIUM,PIT_SAFE
mt_257018652,COMP_NEUTRAL,A_ATK_corners_for_38403d,corners_for,corners,FOR,FULL,UNCONDITIONED,TEAM_B,4.6615,4.6615,0.3875,0.3125,3.8021,0.8594,7,4,SHRUNK,VENUE_OVERALL,home,thestatsapi,MEDIUM,PIT_SAFE
mt_257018652,COMP_NEUTRAL,A_ATK_possession_for_c92fb8,possession_for,possession,FOR,FULL,UNCONDITIONED,TEAM_B,47.6308,47.6308,0.6919,0.5833,31.9795,15.6513,7,4,SHRUNK,VENUE_OVERALL,home,thestatsapi,MEDIUM,PIT_SAFE
mt_257018652,COMP_NEUTRAL,A_ATK_throw_ins_for_33d295,throw_ins_for,throw_ins,FOR,FULL,UNCONDITIONED,TEAM_B,15.6308,15.6308,-1.0,0.25,17.7692,-2.1384,7,4,SHRUNK,VENUE_OVERALL,home,thestatsapi,MEDIUM,PIT_SAFE
mt_257018652,COMP_NEUTRAL,A_ATK_final_third_entries_for_2dfb9f,final_third_entries_for,final_third_entries,FOR,FULL,UNCONDITIONED,TEAM_B,43.2769,43.2769,-1.0,0.25,46.0846,-2.8077,7,4,SHRUNK,VENUE_OVERALL,home,thestatsapi,MEDIUM,PIT_SAFE
mt_257018652,COMP_NEUTRAL,A_DEF_crosses_against_4d01e8,crosses_against,crosses,AGAINST,FULL,UNCONDITIONED,TEAM_B,4.3846,4.3846,0.6155,0.6875,3.2262,1.1584,7,4,SHRUNK,VENUE_OVERALL,home,thestatsapi,MEDIUM,PIT_SAFE
mt_257018652,COMP_NEUTRAL,A_DEF_total_shots_against_d5ad0f,total_shots_against,total_shots,AGAINST,FULL,UNCONDITIONED,TEAM_B,13.3538,13.3538,1.0,0.75,12.5846,0.7692,7,4,SHRUNK,VENUE_OVERALL,home,thestatsapi,MEDIUM,PIT_SAFE
mt_257018652,COMP_NEUTRAL,A_DEF_shots_inside_box_against_a2cb71,shots_inside_box_against,shots_inside_box,AGAINST,FULL,UNCONDITIONED,TEAM_B,8.0923,8.0923,-0.4056,0.375,8.3497,-0.2574,7,4,SHRUNK,VENUE_OVERALL,home,thestatsapi,MEDIUM,PIT_SAFE
mt_257018652,COMP_NEUTRAL,A_DEF_touches_in_box_against_1ce3ce,touches_in_box_against,touches_in_box,AGAINST,FULL,UNCONDITIONED,TEAM_B,24.0923,24.0923,1.0,0.75,22.4385,1.6538,7,4,SHRUNK,VENUE_OVERALL,home,thestatsapi,MEDIUM,PIT_SAFE
mt_257018652,COMP_NEUTRAL,A_DEF_corners_against_a9faf6,corners_against,corners,AGAINST,FULL,UNCONDITIONED,TEAM_B,6.0615,6.0615,0.9621,0.6875,3.7074,2.3541,7,4,SHRUNK,VENUE_OVERALL,home,thestatsapi,MEDIUM,PIT_SAFE
mt_257018652,COMP_NEUTRAL,A_DEF_blocked_shots_for_12f918,blocked_shots_for,blocked_shots,FOR,FULL,UNCONDITIONED,TEAM_B,3.7231,3.7231,0.8512,0.8125,2.4371,1.286,7,4,SHRUNK,VENUE_OVERALL,home,thestatsapi,MEDIUM,PIT_SAFE
mt_257018652,COMP_NEUTRAL,A_DEF_clearances_for_ab7be0,clearances_for,clearances,FOR,FULL,UNCONDITIONED,TEAM_B,20.6462,20.6462,0.5124,0.5625,15.9088,4.7374,7,4,SHRUNK,VENUE_OVERALL,home,thestatsapi,MEDIUM,PIT_SAFE
mt_257018652,COMP_NEUTRAL,A_DEF_interceptions_for_b80976,interceptions_for,interceptions,FOR,FULL,UNCONDITIONED,TEAM_B,9.7077,9.7077,1.0,0.75,9.2308,0.477,7,4,SHRUNK,VENUE_OVERALL,home,thestatsapi,MEDIUM,PIT_SAFE
mt_257018652,COMP_NEUTRAL,A_DIS_fouls_for_75c2b2,fouls_for,fouls,FOR,FULL,UNCONDITIONED,TEAM_B,11.0769,11.0769,-1.0,0.25,12.5539,-1.477,7,4,SHRUNK,VENUE_OVERALL,home,thestatsapi,MEDIUM,PIT_SAFE
mt_257018652,COMP_NEUTRAL,A_DIS_tackles_for_ecc84a,tackles_for,tackles,FOR,FULL,UNCONDITIONED,TEAM_B,20.8308,20.8308,1.0,0.75,19.9616,0.8692,7,4,SHRUNK,VENUE_OVERALL,home,thestatsapi,MEDIUM,PIT_SAFE
mt_257018652,COMP_NEUTRAL,A_DIS_yellow_cards_for_5c7e8a,yellow_cards_for,yellow_cards,FOR,FULL,UNCONDITIONED,TEAM_B,2.0659,2.0659,-1.0,0.25,2.1253,-0.0594,7,4,SHRUNK,VENUE_OVERALL,home,thestatsapi,MEDIUM,PIT_SAFE
mt_257018652,COMP_NEUTRAL,A_DIS_fouls_against_146334,fouls_against,fouls,AGAINST,FULL,UNCONDITIONED,TEAM_B,11.9231,11.9231,-1.0,0.25,12.5385,-0.6154,7,4,SHRUNK,VENUE_OVERALL,home,thestatsapi,MEDIUM,PIT_SAFE
mt_257018652,COMP_NEUTRAL,B_ATK_crosses_for_536e9f,crosses_for,crosses,FOR,FULL,UNCONDITIONED,TEAM_A,3.1385,3.1385,0.1704,0.3125,2.8479,0.2906,7,4,SHRUNK,VENUE_OVERALL,away,thestatsapi,MEDIUM,PIT_SAFE
mt_257018652,COMP_NEUTRAL,B_ATK_total_shots_for_69ef6d,total_shots_for,total_shots,FOR,FULL,UNCONDITIONED,TEAM_A,9.9538,9.9538,0.3188,0.5833,8.0132,1.9406,7,4,SHRUNK,VENUE_OVERALL,away,thestatsapi,MEDIUM,PIT_SAFE
mt_257018652,COMP_NEUTRAL,B_ATK_shots_on_target_for_c6c909,shots_on_target_for,shots_on_target,FOR,FULL,UNCONDITIONED,TEAM_A,4.1692,4.1692,-1.0,0.25,4.9923,-0.8231,7,4,SHRUNK,VENUE_OVERALL,away,thestatsapi,MEDIUM,PIT_SAFE
mt_257018652,COMP_NEUTRAL,B_ATK_shots_inside_box_for_baa458,shots_inside_box_for,shots_inside_box,FOR,FULL,UNCONDITIONED,TEAM_A,6.0462,6.0462,-1.0,0.25,8.3385,-2.2923,7,4,SHRUNK,VENUE_OVERALL,away,thestatsapi,MEDIUM,PIT_SAFE
mt_257018652,COMP_NEUTRAL,B_ATK_touches_in_box_for_fa9d21,touches_in_box_for,touches_in_box,FOR,FULL,UNCONDITIONED,TEAM_A,20.4308,20.4308,0.1852,0.4375,18.3482,2.0826,7,4,SHRUNK,VENUE_OVERALL,away,thestatsapi,MEDIUM,PIT_SAFE
mt_257018652,COMP_NEUTRAL,B_ATK_corners_for_94ef19,corners_for,corners,FOR,FULL,UNCONDITIONED,TEAM_A,5.2308,5.2308,0.6443,0.6875,3.8021,1.4287,7,4,SHRUNK,VENUE_OVERALL,away,thestatsapi,MEDIUM,PIT_SAFE
mt_257018652,COMP_NEUTRAL,B_ATK_possession_for_17b0ff,possession_for,possession,FOR,FULL,UNCONDITIONED,TEAM_A,49.2462,49.2462,0.7633,0.9167,31.9795,17.2667,7,4,SHRUNK,VENUE_OVERALL,away,thestatsapi,MEDIUM,PIT_SAFE
mt_257018652,COMP_NEUTRAL,B_ATK_throw_ins_for_470868,throw_ins_for,throw_ins,FOR,FULL,UNCONDITIONED,TEAM_A,19.9077,19.9077,1.0,0.75,17.7692,2.1384,7,4,SHRUNK,VENUE_OVERALL,away,thestatsapi,MEDIUM,PIT_SAFE
mt_257018652,COMP_NEUTRAL,B_ATK_final_third_entries_for_56f952,final_third_entries_for,final_third_entries,FOR,FULL,UNCONDITIONED,TEAM_A,48.8923,48.8923,1.0,0.75,46.0846,2.8077,7,4,SHRUNK,VENUE_OVERALL,away,thestatsapi,MEDIUM,PIT_SAFE
mt_257018652,COMP_NEUTRAL,B_DEF_crosses_against_545070,crosses_against,crosses,AGAINST,FULL,UNCONDITIONED,TEAM_A,3.9385,3.9385,0.3784,0.3125,3.2262,0.7123,7,4,SHRUNK,VENUE_OVERALL,away,thestatsapi,MEDIUM,PIT_SAFE
mt_257018652,COMP_NEUTRAL,B_DEF_total_shots_against_e766d2,total_shots_against,total_shots,AGAINST,FULL,UNCONDITIONED,TEAM_A,11.8154,11.8154,-1.0,0.25,12.5846,-0.7692,7,4,SHRUNK,VENUE_OVERALL,away,thestatsapi,MEDIUM,PIT_SAFE
mt_257018652,COMP_NEUTRAL,B_DEF_shots_inside_box_against_155fe1,shots_inside_box_against,shots_inside_box,AGAINST,FULL,UNCONDITIONED,TEAM_A,7.4462,7.4462,-1.4238,0.125,8.3497,-0.9035,7,4,SHRUNK,VENUE_OVERALL,away,thestatsapi,MEDIUM,PIT_SAFE
mt_257018652,COMP_NEUTRAL,B_DEF_touches_in_box_against_3386b3,touches_in_box_against,touches_in_box,AGAINST,FULL,UNCONDITIONED,TEAM_A,20.7846,20.7846,-1.0,0.25,22.4385,-1.6539,7,4,SHRUNK,VENUE_OVERALL,away,thestatsapi,MEDIUM,PIT_SAFE
mt_257018652,COMP_NEUTRAL,B_DEF_corners_against_952b0c,corners_against,corners,AGAINST,FULL,UNCONDITIONED,TEAM_A,3.2923,3.2923,-0.1696,0.3125,3.7074,-0.4151,7,4,SHRUNK,VENUE_OVERALL,away,thestatsapi,MEDIUM,PIT_SAFE
mt_257018652,COMP_NEUTRAL,B_DEF_blocked_shots_for_13205c,blocked_shots_for,blocked_shots,FOR,FULL,UNCONDITIONED,TEAM_A,2.6462,2.6462,0.1384,0.4375,2.4371,0.2091,7,4,SHRUNK,VENUE_OVERALL,away,thestatsapi,MEDIUM,PIT_SAFE
mt_257018652,COMP_NEUTRAL,B_DEF_clearances_for_585614,clearances_for,clearances,FOR,FULL,UNCONDITIONED,TEAM_A,20.0,20.0,0.4425,0.375,15.9088,4.0912,7,4,SHRUNK,VENUE_OVERALL,away,thestatsapi,MEDIUM,PIT_SAFE
mt_257018652,COMP_NEUTRAL,B_DEF_interceptions_for_55dff9,interceptions_for,interceptions,FOR,FULL,UNCONDITIONED,TEAM_A,8.7538,8.7538,-1.0,0.25,9.2308,-0.477,7,4,SHRUNK,VENUE_OVERALL,away,thestatsapi,MEDIUM,PIT_SAFE
mt_257018652,COMP_NEUTRAL,B_DIS_fouls_for_2475f7,fouls_for,fouls,FOR,FULL,UNCONDITIONED,TEAM_A,14.0308,14.0308,1.0,0.75,12.5539,1.4769,7,4,SHRUNK,VENUE_OVERALL,away,thestatsapi,MEDIUM,PIT_SAFE
mt_257018652,COMP_NEUTRAL,B_DIS_tackles_for_7cbd15,tackles_for,tackles,FOR,FULL,UNCONDITIONED,TEAM_A,19.0923,19.0923,-1.0,0.25,19.9616,-0.8693,7,4,SHRUNK,VENUE_OVERALL,away,thestatsapi,MEDIUM,PIT_SAFE
mt_257018652,COMP_NEUTRAL,B_DIS_yellow_cards_for_5bae80,yellow_cards_for,yellow_cards,FOR,FULL,UNCONDITIONED,TEAM_A,2.1846,2.1846,1.0,0.75,2.1253,0.0593,7,4,SHRUNK,VENUE_OVERALL,away,thestatsapi,MEDIUM,PIT_SAFE
mt_257018652,COMP_NEUTRAL,B_DIS_fouls_against_77c695,fouls_against,fouls,AGAINST,FULL,UNCONDITIONED,TEAM_A,13.1538,13.1538,1.0,0.75,12.5385,0.6153,7,4,SHRUNK,VENUE_OVERALL,away,thestatsapi,MEDIUM,PIT_SAFE
mt_257018652,COMP_NEUTRAL,ENV_corners_a02f1c,league_corners_env,league_corners_env,NEUTRAL,FULL,UNCONDITIONED,,9.1567,9.1567,,0.5,9.1567,0.0,0,0,DIRECT,COMPETITION_PRIOR,,derived,HIGH,PIT_SAFE
mt_257018652,COMP_NEUTRAL,ENV_total_shots_c7e65c,league_total_shots_env,league_total_shots_env,NEUTRAL,FULL,UNCONDITIONED,,24.5746,24.5746,,0.5,24.5746,0.0,0,0,DIRECT,COMPETITION_PRIOR,,derived,HIGH,PIT_SAFE
mt_257018652,COMP_NEUTRAL,ENV_fouls_e03325,league_fouls_env,league_fouls_env,NEUTRAL,FULL,UNCONDITIONED,,24.7537,24.7537,,0.5,24.7537,0.0,0,0,DIRECT,COMPETITION_PRIOR,,derived,HIGH,PIT_SAFE
mt_257018652,COMP_NEUTRAL,ENV_yellow_cards_74159c,league_yellow_cards_env,league_yellow_cards_env,NEUTRAL,FULL,UNCONDITIONED,,4.2462,4.2462,,0.5,4.2462,0.0,0,0,DIRECT,COMPETITION_PRIOR,,derived,HIGH,PIT_SAFE
mt_257018652,COMP_NEUTRAL,A_FC_fc_crosses_for_4fcfc5,fc_crosses_for,crosses,FOR,FULL,TEAM_FORMATION_CONDITIONED,,4.0,4.0,0.6754,0.6875,2.8479,1.1521,0,0,SHRUNK,TEAM_BASELINE,home,derived_formation,LOW,PIT_SAFE
mt_257018652,COMP_NEUTRAL,A_FC_formation_delta_crosses_for_ae35b1,formation_delta_crosses_for,crosses,FOR,FULL,TEAM_FORMATION_CONDITIONED,,0.0,0.0,-1.6694,0.125,2.8479,-2.8479,0,0,DERIVED,TEAM_BASELINE,home,derived_formation,LOW,PIT_SAFE
mt_257018652,COMP_NEUTRAL,A_FC_fc_corners_for_60a136,fc_corners_for,corners,FOR,FULL,TEAM_FORMATION_CONDITIONED,,4.7143,4.7143,0.4114,0.4375,3.8021,0.9122,0,0,SHRUNK,TEAM_BASELINE,home,derived_formation,LOW,PIT_SAFE
mt_257018652,COMP_NEUTRAL,A_FC_formation_delta_corners_for_5700bd,formation_delta_corners_for,corners,FOR,FULL,TEAM_FORMATION_CONDITIONED,,0.0,0.0,-1.7146,0.125,3.8021,-3.8021,0,0,DERIVED,TEAM_BASELINE,home,derived_formation,LOW,PIT_SAFE
mt_257018652,COMP_NEUTRAL,A_FC_fc_corners_against_c70437,fc_corners_against,corners,AGAINST,FULL,TEAM_FORMATION_CONDITIONED,,6.2857,6.2857,1.0538,0.8125,3.7074,2.5783,0,0,SHRUNK,TEAM_BASELINE,home,derived_formation,LOW,PIT_SAFE
mt_257018652,COMP_NEUTRAL,A_FC_formation_delta_corners_against_f09621,formation_delta_corners_against,corners,AGAINST,FULL,TEAM_FORMATION_CONDITIONED,,0.0,0.0,-1.5152,0.125,3.7074,-3.7074,0,0,DERIVED,TEAM_BASELINE,home,derived_formation,LOW,PIT_SAFE
mt_257018652,COMP_NEUTRAL,A_FC_fc_touches_in_box_for_88da66,fc_touches_in_box_for,touches_in_box,FOR,FULL,TEAM_FORMATION_CONDITIONED,,28.1429,28.1429,0.8712,0.8125,18.3482,9.7947,0,0,SHRUNK,TEAM_BASELINE,home,derived_formation,LOW,PIT_SAFE
mt_257018652,COMP_NEUTRAL,A_FC_formation_delta_touches_in_box_for_af285f,formation_delta_touches_in_box_for,touches_in_box,FOR,FULL,TEAM_FORMATION_CONDITIONED,,0.0,0.0,-1.632,0.125,18.3482,-18.3482,0,0,DERIVED,TEAM_BASELINE,home,derived_formation,LOW,PIT_SAFE
mt_257018652,COMP_NEUTRAL,A_FC_fc_total_shots_for_967f3a,fc_total_shots_for,total_shots,FOR,FULL,TEAM_FORMATION_CONDITIONED,,14.8571,14.8571,1.1244,0.9167,8.0132,6.8439,0,0,SHRUNK,TEAM_BASELINE,home,derived_formation,LOW,PIT_SAFE
mt_257018652,COMP_NEUTRAL,A_FC_formation_delta_total_shots_for_fb4fae,formation_delta_total_shots_for,total_shots,FOR,FULL,TEAM_FORMATION_CONDITIONED,,0.0,0.0,-1.3165,0.1667,8.0132,-8.0132,0,0,DERIVED,TEAM_BASELINE,home,derived_formation,LOW,PIT_SAFE
mt_257018652,COMP_NEUTRAL,A_FC_fc_possession_for_f7d736,fc_possession_for,possession,FOR,FULL,TEAM_FORMATION_CONDITIONED,,47.7143,47.7143,0.6956,0.75,31.9795,15.7348,0,0,SHRUNK,TEAM_BASELINE,home,derived_formation,LOW,PIT_SAFE
mt_257018652,COMP_NEUTRAL,A_FC_formation_delta_possession_for_2aff3d,formation_delta_possession_for,possession,FOR,FULL,TEAM_FORMATION_CONDITIONED,,0.0,0.0,-1.4137,0.1667,31.9795,-31.9795,0,0,DERIVED,TEAM_BASELINE,home,derived_formation,LOW,PIT_SAFE
mt_257018652,COMP_NEUTRAL,A_FC_fc_crosses_against_c0b31a,fc_crosses_against,crosses,AGAINST,FULL,TEAM_FORMATION_CONDITIONED,,4.1429,4.1429,0.487,0.5625,3.2262,0.9167,0,0,SHRUNK,TEAM_BASELINE,home,derived_formation,LOW,PIT_SAFE
mt_257018652,COMP_NEUTRAL,A_FC_formation_delta_crosses_against_cdf911,formation_delta_crosses_against,crosses,AGAINST,FULL,TEAM_FORMATION_CONDITIONED,,0.0,0.0,-1.714,0.125,3.2262,-3.2262,0,0,DERIVED,TEAM_BASELINE,home,derived_formation,LOW,PIT_SAFE
mt_257018652,COMP_NEUTRAL,A_FC_fc_clearances_for_174b26,fc_clearances_for,clearances,FOR,FULL,TEAM_FORMATION_CONDITIONED,,20.0,20.0,0.4425,0.375,15.9088,4.0912,0,0,SHRUNK,TEAM_BASELINE,home,derived_formation,LOW,PIT_SAFE
mt_257018652,COMP_NEUTRAL,A_FC_formation_delta_clearances_for_72c751,formation_delta_clearances_for,clearances,FOR,FULL,TEAM_FORMATION_CONDITIONED,,0.0,0.0,-1.7206,0.125,15.9088,-15.9088,0,0,DERIVED,TEAM_BASELINE,home,derived_formation,LOW,PIT_SAFE
mt_257018652,COMP_NEUTRAL,A_FC_fc_blocked_shots_for_6daa94,fc_blocked_shots_for,blocked_shots,FOR,FULL,TEAM_FORMATION_CONDITIONED,,3.7143,3.7143,0.8454,0.6875,2.4371,1.2772,0,0,SHRUNK,TEAM_BASELINE,home,derived_formation,LOW,PIT_SAFE
mt_257018652,COMP_NEUTRAL,A_FC_formation_delta_blocked_shots_for_1ed005,formation_delta_blocked_shots_for,blocked_shots,FOR,FULL,TEAM_FORMATION_CONDITIONED,,0.0,0.0,-1.6132,0.125,2.4371,-2.4371,0,0,DERIVED,TEAM_BASELINE,home,derived_formation,LOW,PIT_SAFE
mt_257018652,COMP_NEUTRAL,A_FMX_fmx_crosses_for_89f998,fmx_crosses_for,crosses,FOR,FULL,OPP_FORMATION_CONDITIONED,3-4-3,4.6113,4.6113,1.0337,0.9375,2.8479,1.7634,7,4,HIERARCHICAL,VENUE_OVERALL,home,derived_formation,MEDIUM,PIT_SAFE
mt_257018652,COMP_NEUTRAL,A_FMX_fmx_crosses_against_cb6676,fmx_crosses_against,crosses,AGAINST,FULL,OPP_FORMATION_CONDITIONED,3-4-3,4.842,4.842,0.8585,0.9375,3.2262,1.6158,7,4,HIERARCHICAL,VENUE_OVERALL,home,derived_formation,MEDIUM,PIT_SAFE
mt_257018652,COMP_NEUTRAL,A_FMX_fmx_corners_for_764d6a,fmx_corners_for,corners,FOR,FULL,OPP_FORMATION_CONDITIONED,3-4-3,5.2624,5.2624,0.6585,0.8125,3.8021,1.4603,7,4,HIERARCHICAL,VENUE_OVERALL,home,derived_formation,MEDIUM,PIT_SAFE
mt_257018652,COMP_NEUTRAL,A_FMX_fmx_corners_against_0ce3cb,fmx_corners_against,corners,AGAINST,FULL,OPP_FORMATION_CONDITIONED,3-4-3,6.5042,6.5042,1.1431,0.9375,3.7074,2.7968,7,4,HIERARCHICAL,VENUE_OVERALL,home,derived_formation,MEDIUM,PIT_SAFE
mt_257018652,COMP_NEUTRAL,A_FMX_fmx_touches_in_box_for_01312a,fmx_touches_in_box_for,touches_in_box,FOR,FULL,OPP_FORMATION_CONDITIONED,3-4-3,29.8621,29.8621,1.0241,0.9375,18.3482,11.5139,7,4,HIERARCHICAL,VENUE_OVERALL,home,derived_formation,MEDIUM,PIT_SAFE
mt_257018652,COMP_NEUTRAL,A_FMX_fmx_clearances_for_8de6ce,fmx_clearances_for,clearances,FOR,FULL,OPP_FORMATION_CONDITIONED,3-4-3,23.0483,23.0483,0.7722,0.9375,15.9088,7.1395,7,4,HIERARCHICAL,VENUE_OVERALL,home,derived_formation,MEDIUM,PIT_SAFE
mt_257018652,COMP_NEUTRAL,A_FMX_fmx_blocked_shots_for_2a23c2,fmx_blocked_shots_for,blocked_shots,FOR,FULL,OPP_FORMATION_CONDITIONED,3-4-3,4.0584,4.0584,1.0731,0.9375,2.4371,1.6213,7,4,HIERARCHICAL,VENUE_OVERALL,home,derived_formation,MEDIUM,PIT_SAFE
mt_257018652,COMP_NEUTRAL,A_FMX_fmx_shots_inside_box_against_782ee5,fmx_shots_inside_box_against,shots_inside_box,AGAINST,FULL,OPP_FORMATION_CONDITIONED,3-4-3,9.095,9.095,1.1745,0.875,8.3497,0.7453,7,4,HIERARCHICAL,VENUE_OVERALL,home,derived_formation,MEDIUM,PIT_SAFE
mt_257018652,COMP_NEUTRAL,B_FC_fc_crosses_for_c1ec9b,fc_crosses_for,crosses,FOR,FULL,TEAM_FORMATION_CONDITIONED,,3.1429,3.1429,0.1729,0.4375,2.8479,0.295,0,0,SHRUNK,TEAM_BASELINE,away,derived_formation,LOW,PIT_SAFE
mt_257018652,COMP_NEUTRAL,B_FC_formation_delta_crosses_for_ce587a,formation_delta_crosses_for,crosses,FOR,FULL,TEAM_FORMATION_CONDITIONED,,0.0,0.0,-1.6694,0.125,2.8479,-2.8479,0,0,DERIVED,TEAM_BASELINE,away,derived_formation,LOW,PIT_SAFE
mt_257018652,COMP_NEUTRAL,B_FC_fc_corners_for_4806f2,fc_corners_for,corners,FOR,FULL,TEAM_FORMATION_CONDITIONED,,4.8571,4.8571,0.4758,0.5625,3.8021,1.055,0,0,SHRUNK,TEAM_BASELINE,away,derived_formation,LOW,PIT_SAFE
mt_257018652,COMP_NEUTRAL,B_FC_formation_delta_corners_for_b81ac9,formation_delta_corners_for,corners,FOR,FULL,TEAM_FORMATION_CONDITIONED,,0.0,0.0,-1.7146,0.125,3.8021,-3.8021,0,0,DERIVED,TEAM_BASELINE,away,derived_formation,LOW,PIT_SAFE
mt_257018652,COMP_NEUTRAL,B_FC_fc_corners_against_704fb2,fc_corners_against,corners,AGAINST,FULL,TEAM_FORMATION_CONDITIONED,,3.4286,3.4286,-0.1139,0.4375,3.7074,-0.2788,0,0,SHRUNK,TEAM_BASELINE,away,derived_formation,LOW,PIT_SAFE
mt_257018652,COMP_NEUTRAL,B_FC_formation_delta_corners_against_832b37,formation_delta_corners_against,corners,AGAINST,FULL,TEAM_FORMATION_CONDITIONED,,0.0,0.0,-1.5152,0.125,3.7074,-3.7074,0,0,DERIVED,TEAM_BASELINE,away,derived_formation,LOW,PIT_SAFE
mt_257018652,COMP_NEUTRAL,B_FC_fc_touches_in_box_for_d11205,fc_touches_in_box_for,touches_in_box,FOR,FULL,TEAM_FORMATION_CONDITIONED,,17.7143,17.7143,-0.0564,0.3125,18.3482,-0.6339,0,0,SHRUNK,TEAM_BASELINE,away,derived_formation,LOW,PIT_SAFE
mt_257018652,COMP_NEUTRAL,B_FC_formation_delta_touches_in_box_for_9ebc3d,formation_delta_touches_in_box_for,touches_in_box,FOR,FULL,TEAM_FORMATION_CONDITIONED,,0.0,0.0,-1.632,0.125,18.3482,-18.3482,0,0,DERIVED,TEAM_BASELINE,away,derived_formation,LOW,PIT_SAFE
mt_257018652,COMP_NEUTRAL,B_FC_fc_total_shots_for_c03aef,fc_total_shots_for,total_shots,FOR,FULL,TEAM_FORMATION_CONDITIONED,,8.7143,8.7143,0.1152,0.4167,8.0132,0.7011,0,0,SHRUNK,TEAM_BASELINE,away,derived_formation,LOW,PIT_SAFE
mt_257018652,COMP_NEUTRAL,B_FC_formation_delta_total_shots_for_ac9a1f,formation_delta_total_shots_for,total_shots,FOR,FULL,TEAM_FORMATION_CONDITIONED,,0.0,0.0,-1.3165,0.1667,8.0132,-8.0132,0,0,DERIVED,TEAM_BASELINE,away,derived_formation,LOW,PIT_SAFE
mt_257018652,COMP_NEUTRAL,B_FC_fc_possession_for_3918a7,fc_possession_for,possession,FOR,FULL,TEAM_FORMATION_CONDITIONED,,47.2857,47.2857,0.6766,0.4167,31.9795,15.3062,0,0,SHRUNK,TEAM_BASELINE,away,derived_formation,LOW,PIT_SAFE
mt_257018652,COMP_NEUTRAL,B_FC_formation_delta_possession_for_224a34,formation_delta_possession_for,possession,FOR,FULL,TEAM_FORMATION_CONDITIONED,,0.0,0.0,-1.4137,0.1667,31.9795,-31.9795,0,0,DERIVED,TEAM_BASELINE,away,derived_formation,LOW,PIT_SAFE
mt_257018652,COMP_NEUTRAL,B_FC_fc_crosses_against_8f1def,fc_crosses_against,crosses,AGAINST,FULL,TEAM_FORMATION_CONDITIONED,,4.0,4.0,0.4111,0.4375,3.2262,0.7738,0,0,SHRUNK,TEAM_BASELINE,away,derived_formation,LOW,PIT_SAFE
mt_257018652,COMP_NEUTRAL,B_FC_formation_delta_crosses_against_7de84d,formation_delta_crosses_against,crosses,AGAINST,FULL,TEAM_FORMATION_CONDITIONED,,0.0,0.0,-1.714,0.125,3.2262,-3.2262,0,0,DERIVED,TEAM_BASELINE,away,derived_formation,LOW,PIT_SAFE
mt_257018652,COMP_NEUTRAL,B_FC_fc_clearances_for_d2c20e,fc_clearances_for,clearances,FOR,FULL,TEAM_FORMATION_CONDITIONED,,20.8571,20.8571,0.5352,0.6875,15.9088,4.9483,0,0,SHRUNK,TEAM_BASELINE,away,derived_formation,LOW,PIT_SAFE
mt_257018652,COMP_NEUTRAL,B_FC_formation_delta_clearances_for_4ca293,formation_delta_clearances_for,clearances,FOR,FULL,TEAM_FORMATION_CONDITIONED,,0.0,0.0,-1.7206,0.125,15.9088,-15.9088,0,0,DERIVED,TEAM_BASELINE,away,derived_formation,LOW,PIT_SAFE
mt_257018652,COMP_NEUTRAL,B_FC_fc_blocked_shots_for_98de02,fc_blocked_shots_for,blocked_shots,FOR,FULL,TEAM_FORMATION_CONDITIONED,,2.2857,2.2857,-0.1002,0.3125,2.4371,-0.1514,0,0,SHRUNK,TEAM_BASELINE,away,derived_formation,LOW,PIT_SAFE
mt_257018652,COMP_NEUTRAL,B_FC_formation_delta_blocked_shots_for_03e4ec,formation_delta_blocked_shots_for,blocked_shots,FOR,FULL,TEAM_FORMATION_CONDITIONED,,0.0,0.0,-1.6132,0.125,2.4371,-2.4371,0,0,DERIVED,TEAM_BASELINE,away,derived_formation,LOW,PIT_SAFE
mt_257018652,COMP_NEUTRAL,B_FMX_fmx_crosses_for_51f223,fmx_crosses_for,crosses,FOR,FULL,OPP_FORMATION_CONDITIONED,3-4-2-1,3.7981,3.7981,0.557,0.5625,2.8479,0.9502,7,4,HIERARCHICAL,VENUE_OVERALL,away,derived_formation,MEDIUM,PIT_SAFE
mt_257018652,COMP_NEUTRAL,B_FMX_fmx_crosses_against_c60bff,fmx_crosses_against,crosses,AGAINST,FULL,OPP_FORMATION_CONDITIONED,3-4-2-1,4.5014,4.5014,0.6775,0.8125,3.2262,1.2752,7,4,HIERARCHICAL,VENUE_OVERALL,away,derived_formation,MEDIUM,PIT_SAFE
mt_257018652,COMP_NEUTRAL,B_FMX_fmx_corners_for_1c9c2d,fmx_corners_for,corners,FOR,FULL,OPP_FORMATION_CONDITIONED,3-4-2-1,5.691,5.691,0.8518,0.9375,3.8021,1.8889,7,4,HIERARCHICAL,VENUE_OVERALL,away,derived_formation,MEDIUM,PIT_SAFE
mt_257018652,COMP_NEUTRAL,B_FMX_fmx_corners_against_dec050,fmx_corners_against,corners,AGAINST,FULL,OPP_FORMATION_CONDITIONED,3-4-2-1,4.0866,4.0866,0.155,0.5625,3.7074,0.3792,7,4,HIERARCHICAL,VENUE_OVERALL,away,derived_formation,MEDIUM,PIT_SAFE
mt_257018652,COMP_NEUTRAL,B_FMX_fmx_touches_in_box_for_8d7268,fmx_touches_in_box_for,touches_in_box,FOR,FULL,OPP_FORMATION_CONDITIONED,3-4-2-1,23.3896,23.3896,0.4484,0.5625,18.3482,5.0414,7,4,HIERARCHICAL,VENUE_OVERALL,away,derived_formation,MEDIUM,PIT_SAFE
mt_257018652,COMP_NEUTRAL,B_FMX_fmx_clearances_for_2ab58f,fmx_clearances_for,clearances,FOR,FULL,OPP_FORMATION_CONDITIONED,3-4-2-1,22.7187,22.7187,0.7365,0.8125,15.9088,6.8099,7,4,HIERARCHICAL,VENUE_OVERALL,away,derived_formation,MEDIUM,PIT_SAFE
mt_257018652,COMP_NEUTRAL,B_FMX_fmx_blocked_shots_for_1dad7d,fmx_blocked_shots_for,blocked_shots,FOR,FULL,OPP_FORMATION_CONDITIONED,3-4-2-1,3.0694,3.0694,0.4185,0.5625,2.4371,0.6323,7,4,HIERARCHICAL,VENUE_OVERALL,away,derived_formation,MEDIUM,PIT_SAFE
mt_257018652,COMP_NEUTRAL,B_FMX_fmx_shots_inside_box_against_dae06a,fmx_shots_inside_box_against,shots_inside_box,AGAINST,FULL,OPP_FORMATION_CONDITIONED,3-4-2-1,8.7653,8.7653,0.6549,0.625,8.3497,0.4156,7,4,HIERARCHICAL,VENUE_OVERALL,away,derived_formation,MEDIUM,PIT_SAFE
mt_362652308,COMP_NEUTRAL,A_ATK_crosses_for_17010f,crosses_for,crosses,FOR,FULL,UNCONDITIONED,TEAM_B,3.9,3.9,0.1279,0.3125,3.5974,0.3026,4,2,SHRUNK,VENUE_OVERALL,home,thestatsapi,MEDIUM,PIT_SAFE
mt_362652308,COMP_NEUTRAL,A_ATK_total_shots_for_196377,total_shots_for,total_shots,FOR,FULL,UNCONDITIONED,TEAM_B,10.26,10.26,0.5194,0.4167,7.3015,2.9585,4,2,SHRUNK,VENUE_OVERALL,home,thestatsapi,MEDIUM,PIT_SAFE
mt_362652308,COMP_NEUTRAL,A_ATK_shots_on_target_for_f55331,shots_on_target_for,shots_on_target,FOR,FULL,UNCONDITIONED,TEAM_B,3.16,3.16,-1.0,0.25,3.6833,-0.5233,4,2,SHRUNK,VENUE_OVERALL,home,thestatsapi,MEDIUM,PIT_SAFE
mt_362652308,COMP_NEUTRAL,A_ATK_shots_inside_box_for_bf18a9,shots_inside_box_for,shots_inside_box,FOR,FULL,UNCONDITIONED,TEAM_B,5.9,5.9,-1.0,0.25,7.3095,-1.4095,4,2,SHRUNK,VENUE_OVERALL,home,thestatsapi,MEDIUM,PIT_SAFE
mt_362652308,COMP_NEUTRAL,A_ATK_touches_in_box_for_f1a0e9,touches_in_box_for,touches_in_box,FOR,FULL,UNCONDITIONED,TEAM_B,17.8,17.8,0.1214,0.3125,16.4967,1.3033,4,2,SHRUNK,VENUE_OVERALL,home,thestatsapi,MEDIUM,PIT_SAFE
mt_362652308,COMP_NEUTRAL,A_ATK_corners_for_16eea9,corners_for,corners,FOR,FULL,UNCONDITIONED,TEAM_B,4.1,4.1,0.1628,0.4375,3.6859,0.4141,4,2,SHRUNK,VENUE_OVERALL,home,thestatsapi,MEDIUM,PIT_SAFE
mt_362652308,COMP_NEUTRAL,A_ATK_possession_for_bc799c,possession_for,possession,FOR,FULL,UNCONDITIONED,TEAM_B,53.2,53.2,0.5732,0.4167,37.2265,15.9735,4,2,SHRUNK,VENUE_OVERALL,home,thestatsapi,MEDIUM,PIT_SAFE
mt_362652308,COMP_NEUTRAL,A_ATK_throw_ins_for_7bd914,throw_ins_for,throw_ins,FOR,FULL,UNCONDITIONED,TEAM_B,23.84,23.84,1.0,0.75,22.0357,1.8043,4,2,SHRUNK,VENUE_OVERALL,home,thestatsapi,MEDIUM,PIT_SAFE
mt_362652308,COMP_NEUTRAL,A_ATK_final_third_entries_for_1130e4,final_third_entries_for,final_third_entries,FOR,FULL,UNCONDITIONED,TEAM_B,61.06,61.06,-1.0,0.25,62.9515,-1.8915,4,2,SHRUNK,VENUE_OVERALL,home,thestatsapi,MEDIUM,PIT_SAFE
mt_362652308,COMP_NEUTRAL,A_DEF_crosses_against_f216d4,crosses_against,crosses,AGAINST,FULL,UNCONDITIONED,TEAM_B,2.46,2.46,0.1372,0.4375,2.2645,0.1955,4,2,SHRUNK,VENUE_OVERALL,home,thestatsapi,MEDIUM,PIT_SAFE
mt_362652308,COMP_NEUTRAL,A_DEF_total_shots_against_595d5b,total_shots_against,total_shots,AGAINST,FULL,UNCONDITIONED,TEAM_B,10.6,10.6,1.0,0.75,10.2504,0.3496,4,2,SHRUNK,VENUE_OVERALL,home,thestatsapi,MEDIUM,PIT_SAFE
mt_362652308,COMP_NEUTRAL,A_DEF_shots_inside_box_against_927a22,shots_inside_box_against,shots_inside_box,AGAINST,FULL,UNCONDITIONED,TEAM_B,5.04,5.04,-1.0098,0.125,5.9516,-0.9116,4,2,SHRUNK,VENUE_OVERALL,home,thestatsapi,MEDIUM,PIT_SAFE
mt_362652308,COMP_NEUTRAL,A_DEF_touches_in_box_against_f416e3,touches_in_box_against,touches_in_box,AGAINST,FULL,UNCONDITIONED,TEAM_B,17.78,17.78,1.0,0.75,15.1297,2.6503,4,2,SHRUNK,VENUE_OVERALL,home,thestatsapi,MEDIUM,PIT_SAFE
mt_362652308,COMP_NEUTRAL,A_DEF_corners_against_80951c,corners_against,corners,AGAINST,FULL,UNCONDITIONED,TEAM_B,3.52,3.52,0.4069,0.5625,2.7802,0.7398,4,2,SHRUNK,VENUE_OVERALL,home,thestatsapi,MEDIUM,PIT_SAFE
mt_362652308,COMP_NEUTRAL,A_DEF_blocked_shots_for_47e484,blocked_shots_for,blocked_shots,FOR,FULL,UNCONDITIONED,TEAM_B,2.96,2.96,0.486,0.5625,2.2147,0.7453,4,2,SHRUNK,VENUE_OVERALL,home,thestatsapi,MEDIUM,PIT_SAFE
mt_362652308,COMP_NEUTRAL,A_DEF_clearances_for_579947,clearances_for,clearances,FOR,FULL,UNCONDITIONED,TEAM_B,21.16,21.16,0.8259,0.8125,14.129,7.031,4,2,SHRUNK,VENUE_OVERALL,home,thestatsapi,MEDIUM,PIT_SAFE
mt_362652308,COMP_NEUTRAL,A_DEF_interceptions_for_f43b72,interceptions_for,interceptions,FOR,FULL,UNCONDITIONED,TEAM_B,9.96,9.96,1.0,0.75,9.604,0.356,4,2,SHRUNK,VENUE_OVERALL,home,thestatsapi,MEDIUM,PIT_SAFE
mt_362652308,COMP_NEUTRAL,A_DIS_fouls_for_4ce59d,fouls_for,fouls,FOR,FULL,UNCONDITIONED,TEAM_B,14.0,14.0,1.0,0.75,13.0454,0.9546,4,2,SHRUNK,VENUE_OVERALL,home,thestatsapi,MEDIUM,PIT_SAFE
mt_362652308,COMP_NEUTRAL,A_DIS_tackles_for_e7184b,tackles_for,tackles,FOR,FULL,UNCONDITIONED,TEAM_B,15.02,15.02,1.0,0.75,13.948,1.072,4,2,SHRUNK,VENUE_OVERALL,home,thestatsapi,MEDIUM,PIT_SAFE
mt_362652308,COMP_NEUTRAL,A_DIS_yellow_cards_for_9389e2,yellow_cards_for,yellow_cards,FOR,FULL,UNCONDITIONED,TEAM_B,3.36,3.36,1.0,0.75,2.7709,0.5891,4,2,SHRUNK,VENUE_OVERALL,home,thestatsapi,MEDIUM,PIT_SAFE
mt_362652308,COMP_NEUTRAL,A_DIS_fouls_against_b7deb3,fouls_against,fouls,AGAINST,FULL,UNCONDITIONED,TEAM_B,14.9,14.9,1.0,0.75,14.5285,0.3715,4,2,SHRUNK,VENUE_OVERALL,home,thestatsapi,MEDIUM,PIT_SAFE
mt_362652308,COMP_NEUTRAL,B_ATK_crosses_for_82cff1,crosses_for,crosses,FOR,FULL,UNCONDITIONED,TEAM_A,5.2727,5.2727,0.7081,0.8125,3.5974,1.6753,5,3,SHRUNK,VENUE_OVERALL,away,thestatsapi,MEDIUM,PIT_SAFE
mt_362652308,COMP_NEUTRAL,B_ATK_total_shots_for_990270,total_shots_for,total_shots,FOR,FULL,UNCONDITIONED,TEAM_A,12.9421,12.9421,0.9903,0.9167,7.3015,5.6406,5,3,SHRUNK,VENUE_OVERALL,away,thestatsapi,MEDIUM,PIT_SAFE
mt_362652308,COMP_NEUTRAL,B_ATK_shots_on_target_for_97255a,shots_on_target_for,shots_on_target,FOR,FULL,UNCONDITIONED,TEAM_A,4.2066,4.2066,1.0,0.75,3.6833,0.5233,5,3,SHRUNK,VENUE_OVERALL,away,thestatsapi,MEDIUM,PIT_SAFE
mt_362652308,COMP_NEUTRAL,B_ATK_shots_inside_box_for_08648e,shots_inside_box_for,shots_inside_box,FOR,FULL,UNCONDITIONED,TEAM_A,8.719,8.719,1.0,0.75,7.3095,1.4095,5,3,SHRUNK,VENUE_OVERALL,away,thestatsapi,MEDIUM,PIT_SAFE
mt_362652308,COMP_NEUTRAL,B_ATK_touches_in_box_for_d77a1f,touches_in_box_for,touches_in_box,FOR,FULL,UNCONDITIONED,TEAM_A,24.405,24.405,0.7365,0.8125,16.4967,7.9083,5,3,SHRUNK,VENUE_OVERALL,away,thestatsapi,MEDIUM,PIT_SAFE
mt_362652308,COMP_NEUTRAL,B_ATK_corners_for_ac57d1,corners_for,corners,FOR,FULL,UNCONDITIONED,TEAM_A,5.405,5.405,0.6757,0.5625,3.6859,1.7191,5,3,SHRUNK,VENUE_OVERALL,away,thestatsapi,MEDIUM,PIT_SAFE
mt_362652308,COMP_NEUTRAL,B_ATK_possession_for_5b1e55,possession_for,possession,FOR,FULL,UNCONDITIONED,TEAM_A,60.8017,60.8017,0.846,0.9167,37.2265,23.5752,5,3,SHRUNK,VENUE_OVERALL,away,thestatsapi,MEDIUM,PIT_SAFE
mt_362652308,COMP_NEUTRAL,B_ATK_throw_ins_for_a8c9de,throw_ins_for,throw_ins,FOR,FULL,UNCONDITIONED,TEAM_A,20.2314,20.2314,-1.0,0.25,22.0357,-1.8043,5,3,SHRUNK,VENUE_OVERALL,away,thestatsapi,MEDIUM,PIT_SAFE
mt_362652308,COMP_NEUTRAL,B_ATK_final_third_entries_for_dbe2df,final_third_entries_for,final_third_entries,FOR,FULL,UNCONDITIONED,TEAM_A,64.843,64.843,1.0,0.75,62.9515,1.8915,5,3,SHRUNK,VENUE_OVERALL,away,thestatsapi,MEDIUM,PIT_SAFE
mt_362652308,COMP_NEUTRAL,B_DEF_crosses_against_11c85f,crosses_against,crosses,AGAINST,FULL,UNCONDITIONED,TEAM_A,3.1074,3.1074,0.5916,0.6875,2.2645,0.8429,5,3,SHRUNK,VENUE_OVERALL,away,thestatsapi,MEDIUM,PIT_SAFE
mt_362652308,COMP_NEUTRAL,B_DEF_total_shots_against_a67162,total_shots_against,total_shots,AGAINST,FULL,UNCONDITIONED,TEAM_A,9.9008,9.9008,-1.0,0.25,10.2504,-0.3496,5,3,SHRUNK,VENUE_OVERALL,away,thestatsapi,MEDIUM,PIT_SAFE
mt_362652308,COMP_NEUTRAL,B_DEF_shots_inside_box_against_13cf77,shots_inside_box_against,shots_inside_box,AGAINST,FULL,UNCONDITIONED,TEAM_A,5.0579,5.0579,-0.99,0.375,5.9516,-0.8937,5,3,SHRUNK,VENUE_OVERALL,away,thestatsapi,MEDIUM,PIT_SAFE
mt_362652308,COMP_NEUTRAL,B_DEF_touches_in_box_against_d98163,touches_in_box_against,touches_in_box,AGAINST,FULL,UNCONDITIONED,TEAM_A,12.4793,12.4793,-1.0,0.25,15.1297,-2.6504,5,3,SHRUNK,VENUE_OVERALL,away,thestatsapi,MEDIUM,PIT_SAFE
mt_362652308,COMP_NEUTRAL,B_DEF_corners_against_73fae3,corners_against,corners,AGAINST,FULL,UNCONDITIONED,TEAM_A,3.6364,3.6364,0.4709,0.6875,2.7802,0.8562,5,3,SHRUNK,VENUE_OVERALL,away,thestatsapi,MEDIUM,PIT_SAFE
mt_362652308,COMP_NEUTRAL,B_DEF_blocked_shots_for_eefdad,blocked_shots_for,blocked_shots,FOR,FULL,UNCONDITIONED,TEAM_A,2.8595,2.8595,0.4205,0.4375,2.2147,0.6448,5,3,SHRUNK,VENUE_OVERALL,away,thestatsapi,MEDIUM,PIT_SAFE
mt_362652308,COMP_NEUTRAL,B_DEF_clearances_for_500c29,clearances_for,clearances,FOR,FULL,UNCONDITIONED,TEAM_A,14.0413,14.0413,-0.0103,0.4375,14.129,-0.0877,5,3,SHRUNK,VENUE_OVERALL,away,thestatsapi,MEDIUM,PIT_SAFE
mt_362652308,COMP_NEUTRAL,B_DEF_interceptions_for_58b2e2,interceptions_for,interceptions,FOR,FULL,UNCONDITIONED,TEAM_A,9.2479,9.2479,-1.0,0.25,9.604,-0.3561,5,3,SHRUNK,VENUE_OVERALL,away,thestatsapi,MEDIUM,PIT_SAFE
mt_362652308,COMP_NEUTRAL,B_DIS_fouls_for_771c44,fouls_for,fouls,FOR,FULL,UNCONDITIONED,TEAM_A,12.0909,12.0909,-1.0,0.25,13.0454,-0.9545,5,3,SHRUNK,VENUE_OVERALL,away,thestatsapi,MEDIUM,PIT_SAFE
mt_362652308,COMP_NEUTRAL,B_DIS_tackles_for_7b144c,tackles_for,tackles,FOR,FULL,UNCONDITIONED,TEAM_A,12.876,12.876,-1.0,0.25,13.948,-1.072,5,3,SHRUNK,VENUE_OVERALL,away,thestatsapi,MEDIUM,PIT_SAFE
mt_362652308,COMP_NEUTRAL,B_DIS_yellow_cards_for_823f6e,yellow_cards_for,yellow_cards,FOR,FULL,UNCONDITIONED,TEAM_A,2.1818,2.1818,-1.0,0.25,2.7709,-0.5891,5,3,SHRUNK,VENUE_OVERALL,away,thestatsapi,MEDIUM,PIT_SAFE
mt_362652308,COMP_NEUTRAL,B_DIS_fouls_against_0a6321,fouls_against,fouls,AGAINST,FULL,UNCONDITIONED,TEAM_A,14.157,14.157,-1.0,0.25,14.5285,-0.3715,5,3,SHRUNK,VENUE_OVERALL,away,thestatsapi,MEDIUM,PIT_SAFE
mt_362652308,COMP_NEUTRAL,ENV_corners_6147aa,league_corners_env,league_corners_env,NEUTRAL,FULL,UNCONDITIONED,,9.9245,9.9245,,0.5,9.9245,0.0,0,0,DIRECT,COMPETITION_PRIOR,,derived,HIGH,PIT_SAFE
mt_362652308,COMP_NEUTRAL,ENV_total_shots_2eee41,league_total_shots_env,league_total_shots_env,NEUTRAL,FULL,UNCONDITIONED,,23.717,23.717,,0.5,23.717,0.0,0,0,DIRECT,COMPETITION_PRIOR,,derived,HIGH,PIT_SAFE
mt_362652308,COMP_NEUTRAL,ENV_fouls_5495f8,league_fouls_env,league_fouls_env,NEUTRAL,FULL,UNCONDITIONED,,25.783,25.783,,0.5,25.783,0.0,0,0,DIRECT,COMPETITION_PRIOR,,derived,HIGH,PIT_SAFE
mt_362652308,COMP_NEUTRAL,ENV_yellow_cards_40fd2b,league_yellow_cards_env,league_yellow_cards_env,NEUTRAL,FULL,UNCONDITIONED,,4.0,4.0,,0.5,4.0,0.0,0,0,DIRECT,COMPETITION_PRIOR,,derived,HIGH,PIT_SAFE
mt_362652308,COMP_NEUTRAL,A_FC_fc_crosses_for_7c4525,fc_crosses_for,crosses,FOR,FULL,TEAM_FORMATION_CONDITIONED,,4.1429,4.1429,0.2306,0.4375,3.5974,0.5455,1,1,DIRECT,EXACT_FORMATION,home,derived_formation,LOW,PIT_SAFE
mt_362652308,COMP_NEUTRAL,A_FC_formation_delta_crosses_for_0fcfe0,formation_delta_crosses_for,crosses,FOR,FULL,TEAM_FORMATION_CONDITIONED,,-0.3571,-0.3571,-1.6716,0.1875,3.5974,-3.9545,1,1,DERIVED,EXACT_FORMATION,home,derived_formation,LOW,PIT_SAFE
mt_362652308,COMP_NEUTRAL,A_FC_fc_corners_for_45c065,fc_corners_for,corners,FOR,FULL,TEAM_FORMATION_CONDITIONED,,3.7857,3.7857,0.0392,0.3125,3.6859,0.0998,1,1,DIRECT,EXACT_FORMATION,home,derived_formation,LOW,PIT_SAFE
mt_362652308,COMP_NEUTRAL,A_FC_formation_delta_corners_for_79185e,formation_delta_corners_for,corners,FOR,FULL,TEAM_FORMATION_CONDITIONED,,-0.4643,-0.4643,-1.6313,0.1875,3.6859,-4.1502,1,1,DERIVED,EXACT_FORMATION,home,derived_formation,LOW,PIT_SAFE
mt_362652308,COMP_NEUTRAL,A_FC_fc_corners_against_7b73ac,fc_corners_against,corners,AGAINST,FULL,TEAM_FORMATION_CONDITIONED,,2.1429,2.1429,-0.3505,0.3125,2.7802,-0.6373,1,1,DIRECT,EXACT_FORMATION,home,derived_formation,LOW,PIT_SAFE
mt_362652308,COMP_NEUTRAL,A_FC_formation_delta_corners_against_1f47e6,formation_delta_corners_against,corners,AGAINST,FULL,TEAM_FORMATION_CONDITIONED,,-0.3571,-0.3571,-1.7253,0.0625,2.7802,-3.1373,1,1,DERIVED,EXACT_FORMATION,home,derived_formation,LOW,PIT_SAFE
mt_362652308,COMP_NEUTRAL,A_FC_fc_touches_in_box_for_3c7f9d,fc_touches_in_box_for,touches_in_box,FOR,FULL,TEAM_FORMATION_CONDITIONED,,19.6429,19.6429,0.293,0.4375,16.4967,3.1462,1,1,DIRECT,EXACT_FORMATION,home,derived_formation,LOW,PIT_SAFE
mt_362652308,COMP_NEUTRAL,A_FC_formation_delta_touches_in_box_for_d3bf13,formation_delta_touches_in_box_for,touches_in_box,FOR,FULL,TEAM_FORMATION_CONDITIONED,,-1.6071,-1.6071,-1.6861,0.0625,16.4967,-18.1038,1,1,DERIVED,EXACT_FORMATION,home,derived_formation,LOW,PIT_SAFE
mt_362652308,COMP_NEUTRAL,A_FC_fc_total_shots_for_abeb4d,fc_total_shots_for,total_shots,FOR,FULL,TEAM_FORMATION_CONDITIONED,,10.5,10.5,0.5616,0.5833,7.3015,3.1985,1,1,DIRECT,EXACT_FORMATION,home,derived_formation,LOW,PIT_SAFE
mt_362652308,COMP_NEUTRAL,A_FC_formation_delta_total_shots_for_b0e53b,formation_delta_total_shots_for,total_shots,FOR,FULL,TEAM_FORMATION_CONDITIONED,,-0.75,-0.75,-1.4136,0.0833,7.3015,-8.0515,1,1,DERIVED,EXACT_FORMATION,home,derived_formation,LOW,PIT_SAFE
mt_362652308,COMP_NEUTRAL,A_FC_fc_possession_for_cefcd4,fc_possession_for,possession,FOR,FULL,TEAM_FORMATION_CONDITIONED,,56.1429,56.1429,0.6788,0.5833,37.2265,18.9164,1,1,DIRECT,EXACT_FORMATION,home,derived_formation,LOW,PIT_SAFE
mt_362652308,COMP_NEUTRAL,A_FC_formation_delta_possession_for_b86135,formation_delta_possession_for,possession,FOR,FULL,TEAM_FORMATION_CONDITIONED,,-0.3571,-0.3571,-1.3486,0.25,37.2265,-37.5836,1,1,DERIVED,EXACT_FORMATION,home,derived_formation,LOW,PIT_SAFE
mt_362652308,COMP_NEUTRAL,A_FC_fc_crosses_against_3d1896,fc_crosses_against,crosses,AGAINST,FULL,TEAM_FORMATION_CONDITIONED,,1.5714,1.5714,-0.4865,0.3125,2.2645,-0.6931,1,1,DIRECT,EXACT_FORMATION,home,derived_formation,LOW,PIT_SAFE
mt_362652308,COMP_NEUTRAL,A_FC_formation_delta_crosses_against_9906ba,formation_delta_crosses_against,crosses,AGAINST,FULL,TEAM_FORMATION_CONDITIONED,,0.0714,0.0714,-1.5393,0.0625,2.2645,-2.1931,1,1,DERIVED,EXACT_FORMATION,home,derived_formation,LOW,PIT_SAFE
mt_362652308,COMP_NEUTRAL,A_FC_fc_clearances_for_bf1742,fc_clearances_for,clearances,FOR,FULL,TEAM_FORMATION_CONDITIONED,,19.2857,19.2857,0.6057,0.6875,14.129,5.1567,1,1,DIRECT,EXACT_FORMATION,home,derived_formation,LOW,PIT_SAFE
mt_362652308,COMP_NEUTRAL,A_FC_formation_delta_clearances_for_7bf012,formation_delta_clearances_for,clearances,FOR,FULL,TEAM_FORMATION_CONDITIONED,,0.2857,0.2857,-1.6261,0.0625,14.129,-13.8433,1,1,DERIVED,EXACT_FORMATION,home,derived_formation,LOW,PIT_SAFE
mt_362652308,COMP_NEUTRAL,A_FC_fc_blocked_shots_for_017a80,fc_blocked_shots_for,blocked_shots,FOR,FULL,TEAM_FORMATION_CONDITIONED,,3.0,3.0,0.5121,0.6875,2.2147,0.7853,1,1,DIRECT,EXACT_FORMATION,home,derived_formation,LOW,PIT_SAFE
mt_362652308,COMP_NEUTRAL,A_FC_formation_delta_blocked_shots_for_ac33fe,formation_delta_blocked_shots_for,blocked_shots,FOR,FULL,TEAM_FORMATION_CONDITIONED,,-0.5,-0.5,-1.7704,0.0625,2.2147,-2.7147,1,1,DERIVED,EXACT_FORMATION,home,derived_formation,LOW,PIT_SAFE
mt_362652308,COMP_NEUTRAL,A_FMX_fmx_crosses_for_42bcd1,fmx_crosses_for,crosses,FOR,FULL,OPP_FORMATION_CONDITIONED,4-4-2,5.0208,5.0208,0.6017,0.5625,3.5974,1.4234,4,2,HIERARCHICAL,VENUE_OVERALL,home,derived_formation,LOW,PIT_SAFE
mt_362652308,COMP_NEUTRAL,A_FMX_fmx_crosses_against_10618b,fmx_crosses_against,crosses,AGAINST,FULL,OPP_FORMATION_CONDITIONED,4-4-2,3.6708,3.6708,0.987,0.8125,2.2645,1.4062,4,2,HIERARCHICAL,VENUE_OVERALL,home,derived_formation,LOW,PIT_SAFE
mt_362652308,COMP_NEUTRAL,A_FMX_fmx_corners_for_5c23df,fmx_corners_for,corners,FOR,FULL,OPP_FORMATION_CONDITIONED,4-4-2,5.433,5.433,0.6867,0.8125,3.6859,1.7471,4,2,HIERARCHICAL,VENUE_OVERALL,home,derived_formation,LOW,PIT_SAFE
mt_362652308,COMP_NEUTRAL,A_FMX_fmx_corners_against_622690,fmx_corners_against,corners,AGAINST,FULL,OPP_FORMATION_CONDITIONED,4-4-2,4.808,4.808,1.1152,0.9375,2.7802,2.0278,4,2,HIERARCHICAL,VENUE_OVERALL,home,derived_formation,LOW,PIT_SAFE
mt_362652308,COMP_NEUTRAL,A_FMX_fmx_touches_in_box_for_9f8358,fmx_touches_in_box_for,touches_in_box,FOR,FULL,OPP_FORMATION_CONDITIONED,4-4-2,23.3719,23.3719,0.6403,0.6875,16.4967,6.8752,4,2,HIERARCHICAL,VENUE_OVERALL,home,derived_formation,LOW,PIT_SAFE
mt_362652308,COMP_NEUTRAL,A_FMX_fmx_clearances_for_45c455,fmx_clearances_for,clearances,FOR,FULL,OPP_FORMATION_CONDITIONED,4-4-2,24.8585,24.8585,1.2604,0.9375,14.129,10.7295,4,2,HIERARCHICAL,VENUE_OVERALL,home,derived_formation,LOW,PIT_SAFE
mt_362652308,COMP_NEUTRAL,A_FMX_fmx_blocked_shots_for_6ebf2a,fmx_blocked_shots_for,blocked_shots,FOR,FULL,OPP_FORMATION_CONDITIONED,4-4-2,3.6889,3.6889,0.9614,0.9375,2.2147,1.4742,4,2,HIERARCHICAL,VENUE_OVERALL,home,derived_formation,LOW,PIT_SAFE
mt_362652308,COMP_NEUTRAL,A_FMX_fmx_shots_inside_box_against_343275,fmx_shots_inside_box_against,shots_inside_box,AGAINST,FULL,OPP_FORMATION_CONDITIONED,4-4-2,6.8689,6.8689,1.0161,0.875,5.9516,0.9173,4,2,HIERARCHICAL,VENUE_OVERALL,home,derived_formation,LOW,PIT_SAFE
mt_362652308,COMP_NEUTRAL,B_FC_fc_crosses_for_ab07d6,fc_crosses_for,crosses,FOR,FULL,TEAM_FORMATION_CONDITIONED,,5.2286,5.2286,0.6895,0.6875,3.5974,1.6312,1,1,DIRECT,EXACT_FORMATION,away,derived_formation,LOW,PIT_SAFE
mt_362652308,COMP_NEUTRAL,B_FC_formation_delta_crosses_for_3e78ec,formation_delta_crosses_for,crosses,FOR,FULL,TEAM_FORMATION_CONDITIONED,,-0.3714,-0.3714,-1.6776,0.0625,3.5974,-3.9688,1,1,DERIVED,EXACT_FORMATION,away,derived_formation,LOW,PIT_SAFE
mt_362652308,COMP_NEUTRAL,B_FC_fc_corners_for_5bd637,fc_corners_for,corners,FOR,FULL,TEAM_FORMATION_CONDITIONED,,5.4286,5.4286,0.685,0.6875,3.6859,1.7427,1,1,DIRECT,EXACT_FORMATION,away,derived_formation,LOW,PIT_SAFE
mt_362652308,COMP_NEUTRAL,B_FC_formation_delta_corners_for_c3d52e,formation_delta_corners_for,corners,FOR,FULL,TEAM_FORMATION_CONDITIONED,,-0.5714,-0.5714,-1.6734,0.0625,3.6859,-4.2573,1,1,DERIVED,EXACT_FORMATION,away,derived_formation,LOW,PIT_SAFE
mt_362652308,COMP_NEUTRAL,B_FC_fc_corners_against_46b07d,fc_corners_against,corners,AGAINST,FULL,TEAM_FORMATION_CONDITIONED,,3.4571,3.4571,0.3723,0.4375,2.7802,0.6769,1,1,DIRECT,EXACT_FORMATION,away,derived_formation,LOW,PIT_SAFE
mt_362652308,COMP_NEUTRAL,B_FC_formation_delta_corners_against_f21fff,formation_delta_corners_against,corners,AGAINST,FULL,TEAM_FORMATION_CONDITIONED,,0.2571,0.2571,-1.3875,0.1875,2.7802,-2.5231,1,1,DERIVED,EXACT_FORMATION,away,derived_formation,LOW,PIT_SAFE
mt_362652308,COMP_NEUTRAL,B_FC_fc_touches_in_box_for_cec43a,fc_touches_in_box_for,touches_in_box,FOR,FULL,TEAM_FORMATION_CONDITIONED,,22.4,22.4,0.5498,0.5625,16.4967,5.9033,1,1,DIRECT,EXACT_FORMATION,away,derived_formation,LOW,PIT_SAFE
mt_362652308,COMP_NEUTRAL,B_FC_formation_delta_touches_in_box_for_1b8667,formation_delta_touches_in_box_for,touches_in_box,FOR,FULL,TEAM_FORMATION_CONDITIONED,,-1.4,-1.4,-1.6668,0.1875,16.4967,-17.8967,1,1,DERIVED,EXACT_FORMATION,away,derived_formation,LOW,PIT_SAFE
mt_362652308,COMP_NEUTRAL,B_FC_fc_total_shots_for_31f328,fc_total_shots_for,total_shots,FOR,FULL,TEAM_FORMATION_CONDITIONED,,11.4286,11.4286,0.7246,0.75,7.3015,4.127,1,1,DIRECT,EXACT_FORMATION,away,derived_formation,LOW,PIT_SAFE
mt_362652308,COMP_NEUTRAL,B_FC_formation_delta_total_shots_for_e7aa98,formation_delta_total_shots_for,total_shots,FOR,FULL,TEAM_FORMATION_CONDITIONED,,-0.5714,-0.5714,-1.3823,0.25,7.3015,-7.8729,1,1,DERIVED,EXACT_FORMATION,away,derived_formation,LOW,PIT_SAFE
mt_362652308,COMP_NEUTRAL,B_FC_fc_possession_for_76aa7f,fc_possession_for,possession,FOR,FULL,TEAM_FORMATION_CONDITIONED,,57.2857,57.2857,0.7198,0.75,37.2265,20.0592,1,1,DIRECT,EXACT_FORMATION,away,derived_formation,LOW,PIT_SAFE
mt_362652308,COMP_NEUTRAL,B_FC_formation_delta_possession_for_1a59e0,formation_delta_possession_for,possession,FOR,FULL,TEAM_FORMATION_CONDITIONED,,-3.7143,-3.7143,-1.4691,0.0833,37.2265,-40.9408,1,1,DERIVED,EXACT_FORMATION,away,derived_formation,LOW,PIT_SAFE
mt_362652308,COMP_NEUTRAL,B_FC_fc_crosses_against_0ae90e,fc_crosses_against,crosses,AGAINST,FULL,TEAM_FORMATION_CONDITIONED,,2.9714,2.9714,0.4961,0.5625,2.2645,0.7069,1,1,DIRECT,EXACT_FORMATION,away,derived_formation,LOW,PIT_SAFE
mt_362652308,COMP_NEUTRAL,B_FC_formation_delta_crosses_against_7c193e,formation_delta_crosses_against,crosses,AGAINST,FULL,TEAM_FORMATION_CONDITIONED,,0.1714,0.1714,-1.4691,0.1875,2.2645,-2.0931,1,1,DERIVED,EXACT_FORMATION,away,derived_formation,LOW,PIT_SAFE
mt_362652308,COMP_NEUTRAL,B_FC_fc_clearances_for_11c8fb,fc_clearances_for,clearances,FOR,FULL,TEAM_FORMATION_CONDITIONED,,13.8571,13.8571,-0.0319,0.3125,14.129,-0.2719,1,1,DIRECT,EXACT_FORMATION,away,derived_formation,LOW,PIT_SAFE
mt_362652308,COMP_NEUTRAL,B_FC_formation_delta_clearances_for_747755,formation_delta_clearances_for,clearances,FOR,FULL,TEAM_FORMATION_CONDITIONED,,0.8571,0.8571,-1.559,0.1875,14.129,-13.2719,1,1,DERIVED,EXACT_FORMATION,away,derived_formation,LOW,PIT_SAFE
mt_362652308,COMP_NEUTRAL,B_FC_fc_blocked_shots_for_28fdb9,fc_blocked_shots_for,blocked_shots,FOR,FULL,TEAM_FORMATION_CONDITIONED,,2.5429,2.5429,0.214,0.3125,2.2147,0.3282,1,1,DIRECT,EXACT_FORMATION,away,derived_formation,LOW,PIT_SAFE
mt_362652308,COMP_NEUTRAL,B_FC_formation_delta_blocked_shots_for_38e94d,formation_delta_blocked_shots_for,blocked_shots,FOR,FULL,TEAM_FORMATION_CONDITIONED,,-0.2571,-0.2571,-1.612,0.1875,2.2147,-2.4718,1,1,DERIVED,EXACT_FORMATION,away,derived_formation,LOW,PIT_SAFE
mt_362652308,COMP_NEUTRAL,B_FMX_fmx_crosses_for_221d63,fmx_crosses_for,crosses,FOR,FULL,OPP_FORMATION_CONDITIONED,4-4-2,5.9429,5.9429,0.9914,0.9375,3.5974,2.3455,5,3,HIERARCHICAL,VENUE_OVERALL,away,derived_formation,MEDIUM,PIT_SAFE
mt_362652308,COMP_NEUTRAL,B_FMX_fmx_crosses_against_97d331,fmx_crosses_against,crosses,AGAINST,FULL,OPP_FORMATION_CONDITIONED,4-4-2,4.0926,4.0926,1.2831,0.9375,2.2645,1.8281,5,3,HIERARCHICAL,VENUE_OVERALL,away,derived_formation,MEDIUM,PIT_SAFE
mt_362652308,COMP_NEUTRAL,B_FMX_fmx_corners_for_c09d6d,fmx_corners_for,corners,FOR,FULL,OPP_FORMATION_CONDITIONED,4-4-2,6.3705,6.3705,1.0552,0.9375,3.6859,2.6846,5,3,HIERARCHICAL,VENUE_OVERALL,away,derived_formation,MEDIUM,PIT_SAFE
mt_362652308,COMP_NEUTRAL,B_FMX_fmx_corners_against_4c7fe4,fmx_corners_against,corners,AGAINST,FULL,OPP_FORMATION_CONDITIONED,4-4-2,4.7769,4.7769,1.0981,0.8125,2.7802,1.9967,5,3,HIERARCHICAL,VENUE_OVERALL,away,derived_formation,MEDIUM,PIT_SAFE
mt_362652308,COMP_NEUTRAL,B_FMX_fmx_touches_in_box_for_dd6877,fmx_touches_in_box_for,touches_in_box,FOR,FULL,OPP_FORMATION_CONDITIONED,4-4-2,27.361,27.361,1.0118,0.9375,16.4967,10.8643,5,3,HIERARCHICAL,VENUE_OVERALL,away,derived_formation,MEDIUM,PIT_SAFE
mt_362652308,COMP_NEUTRAL,B_FMX_fmx_clearances_for_34089c,fmx_clearances_for,clearances,FOR,FULL,OPP_FORMATION_CONDITIONED,4-4-2,18.6864,18.6864,0.5353,0.5625,14.129,4.5574,5,3,HIERARCHICAL,VENUE_OVERALL,away,derived_formation,MEDIUM,PIT_SAFE
mt_362652308,COMP_NEUTRAL,B_FMX_fmx_blocked_shots_for_960cf0,fmx_blocked_shots_for,blocked_shots,FOR,FULL,OPP_FORMATION_CONDITIONED,4-4-2,3.4237,3.4237,0.7884,0.8125,2.2147,1.209,5,3,HIERARCHICAL,VENUE_OVERALL,away,derived_formation,MEDIUM,PIT_SAFE
mt_362652308,COMP_NEUTRAL,B_FMX_fmx_shots_inside_box_against_ab337b,fmx_shots_inside_box_against,shots_inside_box,AGAINST,FULL,OPP_FORMATION_CONDITIONED,4-4-2,6.8397,6.8397,0.9837,0.625,5.9516,0.8881,5,3,HIERARCHICAL,VENUE_OVERALL,away,derived_formation,MEDIUM,PIT_SAFE
mt_743352721,COMP_NEUTRAL,A_ATK_crosses_for_58a64f,crosses_for,crosses,FOR,FULL,UNCONDITIONED,TEAM_B,3.2308,3.2308,0.4231,0.5625,2.5486,0.6822,7,4,SHRUNK,VENUE_OVERALL,home,thestatsapi,MEDIUM,PIT_SAFE
mt_743352721,COMP_NEUTRAL,A_ATK_total_shots_for_8cf798,total_shots_for,total_shots,FOR,FULL,UNCONDITIONED,TEAM_B,14.6769,14.6769,0.7288,0.9167,9.6881,4.9888,7,4,SHRUNK,VENUE_OVERALL,home,thestatsapi,MEDIUM,PIT_SAFE
mt_743352721,COMP_NEUTRAL,A_ATK_shots_on_target_for_623dcc,shots_on_target_for,shots_on_target,FOR,FULL,UNCONDITIONED,TEAM_B,5.9077,5.9077,1.0,0.75,5.6923,0.2154,7,4,SHRUNK,VENUE_OVERALL,home,thestatsapi,MEDIUM,PIT_SAFE
mt_743352721,COMP_NEUTRAL,A_ATK_shots_inside_box_for_09cf56,shots_inside_box_for,shots_inside_box,FOR,FULL,UNCONDITIONED,TEAM_B,10.4154,10.4154,1.0,0.75,10.2538,0.1616,7,4,SHRUNK,VENUE_OVERALL,home,thestatsapi,MEDIUM,PIT_SAFE
mt_743352721,COMP_NEUTRAL,A_ATK_touches_in_box_for_3a553f,touches_in_box_for,touches_in_box,FOR,FULL,UNCONDITIONED,TEAM_B,,,,,,,0,0,DIRECT,ALL_VENUES,home,thestatsapi,LOW,UNAVAILABLE
mt_743352721,COMP_NEUTRAL,A_ATK_corners_for_a7155d,corners_for,corners,FOR,FULL,UNCONDITIONED,TEAM_B,7.7692,7.7692,0.9474,0.6875,4.7208,3.0484,7,4,SHRUNK,VENUE_OVERALL,home,thestatsapi,MEDIUM,PIT_SAFE
mt_743352721,COMP_NEUTRAL,A_ATK_possession_for_15047b,possession_for,possession,FOR,FULL,UNCONDITIONED,TEAM_B,57.3692,57.3692,0.6174,0.4167,39.765,17.6042,7,4,SHRUNK,VENUE_OVERALL,home,thestatsapi,MEDIUM,PIT_SAFE
mt_743352721,COMP_NEUTRAL,A_ATK_throw_ins_for_b57f7e,throw_ins_for,throw_ins,FOR,FULL,UNCONDITIONED,TEAM_B,21.4308,21.4308,1.0,0.75,20.2308,1.2,7,4,SHRUNK,VENUE_OVERALL,home,thestatsapi,MEDIUM,PIT_SAFE
mt_743352721,COMP_NEUTRAL,A_ATK_final_third_entries_for_30ff02,final_third_entries_for,final_third_entries,FOR,FULL,UNCONDITIONED,TEAM_B,61.0923,61.0923,1.0,0.75,58.7231,2.3693,7,4,SHRUNK,VENUE_OVERALL,home,thestatsapi,MEDIUM,PIT_SAFE
mt_743352721,COMP_NEUTRAL,A_DEF_crosses_against_8ac82a,crosses_against,crosses,AGAINST,FULL,UNCONDITIONED,TEAM_B,3.1385,3.1385,0.1635,0.4375,2.8737,0.2648,7,4,SHRUNK,VENUE_OVERALL,home,thestatsapi,MEDIUM,PIT_SAFE
mt_743352721,COMP_NEUTRAL,A_DEF_total_shots_against_f20799,total_shots_against,total_shots,AGAINST,FULL,UNCONDITIONED,TEAM_B,11.2308,11.2308,-1.0,0.25,11.6154,-0.3846,7,4,SHRUNK,VENUE_OVERALL,home,thestatsapi,MEDIUM,PIT_SAFE
mt_743352721,COMP_NEUTRAL,A_DEF_shots_inside_box_against_79d805,shots_inside_box_against,shots_inside_box,AGAINST,FULL,UNCONDITIONED,TEAM_B,7.5538,7.5538,-0.2687,0.375,7.7508,-0.197,7,4,SHRUNK,VENUE_OVERALL,home,thestatsapi,MEDIUM,PIT_SAFE
mt_743352721,COMP_NEUTRAL,A_DEF_touches_in_box_against_b9bfd8,touches_in_box_against,touches_in_box,AGAINST,FULL,UNCONDITIONED,TEAM_B,,,,,,,0,0,DIRECT,ALL_VENUES,home,thestatsapi,LOW,UNAVAILABLE
mt_743352721,COMP_NEUTRAL,A_DEF_corners_against_a5fe2c,corners_against,corners,AGAINST,FULL,UNCONDITIONED,TEAM_B,4.8,4.8,0.3504,0.3125,4.0083,0.7917,7,4,SHRUNK,VENUE_OVERALL,home,thestatsapi,MEDIUM,PIT_SAFE
mt_743352721,COMP_NEUTRAL,A_DEF_blocked_shots_for_0397ed,blocked_shots_for,blocked_shots,FOR,FULL,UNCONDITIONED,TEAM_B,3.6308,3.6308,0.3756,0.4375,2.9485,0.6823,7,4,SHRUNK,VENUE_OVERALL,home,thestatsapi,MEDIUM,PIT_SAFE
mt_743352721,COMP_NEUTRAL,A_DEF_clearances_for_51543b,clearances_for,clearances,FOR,FULL,UNCONDITIONED,TEAM_B,15.4769,15.4769,0.2165,0.4375,13.7303,1.7466,7,4,SHRUNK,VENUE_OVERALL,home,thestatsapi,MEDIUM,PIT_SAFE
mt_743352721,COMP_NEUTRAL,A_DEF_interceptions_for_97d581,interceptions_for,interceptions,FOR,FULL,UNCONDITIONED,TEAM_B,8.6308,8.6308,-1.0,0.25,8.8077,-0.1769,7,4,SHRUNK,VENUE_OVERALL,home,thestatsapi,MEDIUM,PIT_SAFE
mt_743352721,COMP_NEUTRAL,A_DIS_fouls_for_450966,fouls_for,fouls,FOR,FULL,UNCONDITIONED,TEAM_B,10.1385,10.1385,1.0,0.75,10.077,0.0616,7,4,SHRUNK,VENUE_OVERALL,home,thestatsapi,MEDIUM,PIT_SAFE
mt_743352721,COMP_NEUTRAL,A_DIS_tackles_for_551658,tackles_for,tackles,FOR,FULL,UNCONDITIONED,TEAM_B,15.6,15.6,-1.0,0.25,16.4307,-0.8308,7,4,SHRUNK,VENUE_OVERALL,home,thestatsapi,MEDIUM,PIT_SAFE
mt_743352721,COMP_NEUTRAL,A_DIS_yellow_cards_for_4aa215,yellow_cards_for,yellow_cards,FOR,FULL,UNCONDITIONED,TEAM_B,1.7538,1.7538,-1.0,0.25,2.2923,-0.5385,7,4,SHRUNK,VENUE_OVERALL,home,thestatsapi,MEDIUM,PIT_SAFE
mt_743352721,COMP_NEUTRAL,A_DIS_fouls_against_4d9980,fouls_against,fouls,AGAINST,FULL,UNCONDITIONED,TEAM_B,11.3077,11.3077,-1.0,0.25,11.4,-0.0923,7,4,SHRUNK,VENUE_OVERALL,home,thestatsapi,MEDIUM,PIT_SAFE
mt_743352721,COMP_NEUTRAL,B_ATK_crosses_for_924e69,crosses_for,crosses,FOR,FULL,UNCONDITIONED,TEAM_A,3.6462,3.6462,0.6807,0.6875,2.5486,1.0976,7,4,SHRUNK,VENUE_OVERALL,away,thestatsapi,MEDIUM,PIT_SAFE
mt_743352721,COMP_NEUTRAL,B_ATK_total_shots_for_b90fb7,total_shots_for,total_shots,FOR,FULL,UNCONDITIONED,TEAM_A,14.5538,14.5538,0.7109,0.5833,9.6881,4.8657,7,4,SHRUNK,VENUE_OVERALL,away,thestatsapi,MEDIUM,PIT_SAFE
mt_743352721,COMP_NEUTRAL,B_ATK_shots_on_target_for_05eb9e,shots_on_target_for,shots_on_target,FOR,FULL,UNCONDITIONED,TEAM_A,5.4769,5.4769,-1.0,0.25,5.6923,-0.2154,7,4,SHRUNK,VENUE_OVERALL,away,thestatsapi,MEDIUM,PIT_SAFE
mt_743352721,COMP_NEUTRAL,B_ATK_shots_inside_box_for_8614de,shots_inside_box_for,shots_inside_box,FOR,FULL,UNCONDITIONED,TEAM_A,10.0923,10.0923,-1.0,0.25,10.2538,-0.1616,7,4,SHRUNK,VENUE_OVERALL,away,thestatsapi,MEDIUM,PIT_SAFE
mt_743352721,COMP_NEUTRAL,B_ATK_touches_in_box_for_410ddf,touches_in_box_for,touches_in_box,FOR,FULL,UNCONDITIONED,TEAM_A,,,,,,,1,1,DIRECT,ALL_VENUES,away,thestatsapi,LOW,UNAVAILABLE
mt_743352721,COMP_NEUTRAL,B_ATK_corners_for_0908df,corners_for,corners,FOR,FULL,UNCONDITIONED,TEAM_A,4.7231,4.7231,0.0007,0.4375,4.7208,0.0023,7,4,SHRUNK,VENUE_OVERALL,away,thestatsapi,MEDIUM,PIT_SAFE
mt_743352721,COMP_NEUTRAL,B_ATK_possession_for_925f5d,possession_for,possession,FOR,FULL,UNCONDITIONED,TEAM_A,62.3231,62.3231,0.7911,0.9167,39.765,22.5581,7,4,SHRUNK,VENUE_OVERALL,away,thestatsapi,MEDIUM,PIT_SAFE
mt_743352721,COMP_NEUTRAL,B_ATK_throw_ins_for_a77bd3,throw_ins_for,throw_ins,FOR,FULL,UNCONDITIONED,TEAM_A,19.0308,19.0308,-1.0,0.25,20.2308,-1.2,7,4,SHRUNK,VENUE_OVERALL,away,thestatsapi,MEDIUM,PIT_SAFE
mt_743352721,COMP_NEUTRAL,B_ATK_final_third_entries_for_1694d2,final_third_entries_for,final_third_entries,FOR,FULL,UNCONDITIONED,TEAM_A,56.3538,56.3538,-1.0,0.25,58.7231,-2.3693,7,4,SHRUNK,VENUE_OVERALL,away,thestatsapi,MEDIUM,PIT_SAFE
mt_743352721,COMP_NEUTRAL,B_DEF_crosses_against_dc4d67,crosses_against,crosses,AGAINST,FULL,UNCONDITIONED,TEAM_A,3.6769,3.6769,0.4958,0.5625,2.8737,0.8032,7,4,SHRUNK,VENUE_OVERALL,away,thestatsapi,MEDIUM,PIT_SAFE
mt_743352721,COMP_NEUTRAL,B_DEF_total_shots_against_df5c2f,total_shots_against,total_shots,AGAINST,FULL,UNCONDITIONED,TEAM_A,12.0,12.0,1.0,0.75,11.6154,0.3846,7,4,SHRUNK,VENUE_OVERALL,away,thestatsapi,MEDIUM,PIT_SAFE
mt_743352721,COMP_NEUTRAL,B_DEF_shots_inside_box_against_8eae7a,shots_inside_box_against,shots_inside_box,AGAINST,FULL,UNCONDITIONED,TEAM_A,6.7077,6.7077,-1.4225,0.125,7.7508,-1.0431,7,4,SHRUNK,VENUE_OVERALL,away,thestatsapi,MEDIUM,PIT_SAFE
mt_743352721,COMP_NEUTRAL,B_DEF_touches_in_box_against_e931aa,touches_in_box_against,touches_in_box,AGAINST,FULL,UNCONDITIONED,TEAM_A,,,,,,,1,1,DIRECT,ALL_VENUES,away,thestatsapi,LOW,UNAVAILABLE
mt_743352721,COMP_NEUTRAL,B_DEF_corners_against_e467bc,corners_against,corners,AGAINST,FULL,UNCONDITIONED,TEAM_A,5.1692,5.1692,0.5137,0.5625,4.0083,1.1609,7,4,SHRUNK,VENUE_OVERALL,away,thestatsapi,MEDIUM,PIT_SAFE
mt_743352721,COMP_NEUTRAL,B_DEF_blocked_shots_for_0882d7,blocked_shots_for,blocked_shots,FOR,FULL,UNCONDITIONED,TEAM_A,4.2308,4.2308,0.7059,0.8125,2.9485,1.2823,7,4,SHRUNK,VENUE_OVERALL,away,thestatsapi,MEDIUM,PIT_SAFE
mt_743352721,COMP_NEUTRAL,B_DEF_clearances_for_b84ba0,clearances_for,clearances,FOR,FULL,UNCONDITIONED,TEAM_A,18.7692,18.7692,0.6246,0.6875,13.7303,5.0389,7,4,SHRUNK,VENUE_OVERALL,away,thestatsapi,MEDIUM,PIT_SAFE
mt_743352721,COMP_NEUTRAL,B_DEF_interceptions_for_f4a350,interceptions_for,interceptions,FOR,FULL,UNCONDITIONED,TEAM_A,8.9846,8.9846,1.0,0.75,8.8077,0.1769,7,4,SHRUNK,VENUE_OVERALL,away,thestatsapi,MEDIUM,PIT_SAFE
mt_743352721,COMP_NEUTRAL,B_DIS_fouls_for_58f6bb,fouls_for,fouls,FOR,FULL,UNCONDITIONED,TEAM_A,10.0154,10.0154,-1.0,0.25,10.077,-0.0616,7,4,SHRUNK,VENUE_OVERALL,away,thestatsapi,MEDIUM,PIT_SAFE
mt_743352721,COMP_NEUTRAL,B_DIS_tackles_for_ff43e6,tackles_for,tackles,FOR,FULL,UNCONDITIONED,TEAM_A,17.2615,17.2615,1.0,0.75,16.4307,0.8308,7,4,SHRUNK,VENUE_OVERALL,away,thestatsapi,MEDIUM,PIT_SAFE
mt_743352721,COMP_NEUTRAL,B_DIS_yellow_cards_for_53a211,yellow_cards_for,yellow_cards,FOR,FULL,UNCONDITIONED,TEAM_A,2.8308,2.8308,1.0,0.75,2.2923,0.5385,7,4,SHRUNK,VENUE_OVERALL,away,thestatsapi,MEDIUM,PIT_SAFE
mt_743352721,COMP_NEUTRAL,B_DIS_fouls_against_319c1b,fouls_against,fouls,AGAINST,FULL,UNCONDITIONED,TEAM_A,11.4923,11.4923,1.0,0.75,11.4,0.0923,7,4,SHRUNK,VENUE_OVERALL,away,thestatsapi,MEDIUM,PIT_SAFE
mt_743352721,COMP_NEUTRAL,ENV_corners_51f86e,league_corners_env,league_corners_env,NEUTRAL,FULL,UNCONDITIONED,,10.8681,10.8681,,0.5,10.8681,0.0,0,0,DIRECT,COMPETITION_PRIOR,,derived,HIGH,PIT_SAFE
mt_743352721,COMP_NEUTRAL,ENV_total_shots_b5ee6a,league_total_shots_env,league_total_shots_env,NEUTRAL,FULL,UNCONDITIONED,,25.6374,25.6374,,0.5,25.6374,0.0,0,0,DIRECT,COMPETITION_PRIOR,,derived,HIGH,PIT_SAFE
mt_743352721,COMP_NEUTRAL,ENV_fouls_b5dcf0,league_fouls_env,league_fouls_env,NEUTRAL,FULL,UNCONDITIONED,,22.0714,22.0714,,0.5,22.0714,0.0,0,0,DIRECT,COMPETITION_PRIOR,,derived,HIGH,PIT_SAFE
mt_743352721,COMP_NEUTRAL,ENV_yellow_cards_bcf94d,league_yellow_cards_env,league_yellow_cards_env,NEUTRAL,FULL,UNCONDITIONED,,4.4556,4.4556,,0.5,4.4556,0.0,0,0,DIRECT,COMPETITION_PRIOR,,derived,HIGH,PIT_SAFE
mt_743352721,COMP_NEUTRAL,A_FC_fc_crosses_for_af255f,fc_crosses_for,crosses,FOR,FULL,TEAM_FORMATION_CONDITIONED,,2.8367,2.8367,0.1787,0.3125,2.5486,0.2881,1,1,DIRECT,EXACT_FORMATION,home,derived_formation,LOW,PIT_SAFE
mt_743352721,COMP_NEUTRAL,A_FC_formation_delta_crosses_for_5d44bd,formation_delta_crosses_for,crosses,FOR,FULL,TEAM_FORMATION_CONDITIONED,,-0.3061,-0.3061,-1.7705,0.0625,2.5486,-2.8547,1,1,DERIVED,EXACT_FORMATION,home,derived_formation,LOW,PIT_SAFE
mt_743352721,COMP_NEUTRAL,A_FC_fc_corners_for_1c87da,fc_corners_for,corners,FOR,FULL,TEAM_FORMATION_CONDITIONED,,7.9388,7.9388,1.0001,0.8125,4.7208,3.218,1,1,DIRECT,EXACT_FORMATION,home,derived_formation,LOW,PIT_SAFE
mt_743352721,COMP_NEUTRAL,A_FC_formation_delta_corners_for_a04a2a,formation_delta_corners_for,corners,FOR,FULL,TEAM_FORMATION_CONDITIONED,,-0.4898,-0.4898,-1.6194,0.0625,4.7208,-5.2106,1,1,DERIVED,EXACT_FORMATION,home,derived_formation,LOW,PIT_SAFE
mt_743352721,COMP_NEUTRAL,A_FC_fc_corners_against_0d2325,fc_corners_against,corners,AGAINST,FULL,TEAM_FORMATION_CONDITIONED,,4.9184,4.9184,0.4028,0.4375,4.0083,0.9101,1,1,DIRECT,EXACT_FORMATION,home,derived_formation,LOW,PIT_SAFE
mt_743352721,COMP_NEUTRAL,A_FC_formation_delta_corners_against_804807,formation_delta_corners_against,corners,AGAINST,FULL,TEAM_FORMATION_CONDITIONED,,0.3469,0.3469,-1.6203,0.1875,4.0083,-3.6614,1,1,DERIVED,EXACT_FORMATION,home,derived_formation,LOW,PIT_SAFE
mt_743352721,COMP_NEUTRAL,A_FC_fc_total_shots_for_ede1b0,fc_total_shots_for,total_shots,FOR,FULL,TEAM_FORMATION_CONDITIONED,,14.2449,14.2449,0.6657,0.4167,9.6881,4.5568,1,1,DIRECT,EXACT_FORMATION,home,derived_formation,LOW,PIT_SAFE
mt_743352721,COMP_NEUTRAL,A_FC_formation_delta_total_shots_for_dd37c4,formation_delta_total_shots_for,total_shots,FOR,FULL,TEAM_FORMATION_CONDITIONED,,-0.0408,-0.0408,-1.4214,0.0833,9.6881,-9.7289,1,1,DERIVED,EXACT_FORMATION,home,derived_formation,LOW,PIT_SAFE
mt_743352721,COMP_NEUTRAL,A_FC_fc_possession_for_6872ae,fc_possession_for,possession,FOR,FULL,TEAM_FORMATION_CONDITIONED,,58.5918,58.5918,0.6603,0.5833,39.765,18.8268,1,1,DIRECT,EXACT_FORMATION,home,derived_formation,LOW,PIT_SAFE
mt_743352721,COMP_NEUTRAL,A_FC_formation_delta_possession_for_4089ca,formation_delta_possession_for,possession,FOR,FULL,TEAM_FORMATION_CONDITIONED,,-1.2653,-1.2653,-1.4389,0.0833,39.765,-41.0303,1,1,DERIVED,EXACT_FORMATION,home,derived_formation,LOW,PIT_SAFE
mt_743352721,COMP_NEUTRAL,A_FC_fc_crosses_against_2ab79a,fc_crosses_against,crosses,AGAINST,FULL,TEAM_FORMATION_CONDITIONED,,3.1224,3.1224,0.1535,0.3125,2.8737,0.2487,1,1,DIRECT,EXACT_FORMATION,home,derived_formation,LOW,PIT_SAFE
mt_743352721,COMP_NEUTRAL,A_FC_formation_delta_crosses_against_817678,formation_delta_crosses_against,crosses,AGAINST,FULL,TEAM_FORMATION_CONDITIONED,,-0.0204,-0.0204,-1.7868,0.0625,2.8737,-2.8941,1,1,DERIVED,EXACT_FORMATION,home,derived_formation,LOW,PIT_SAFE
mt_743352721,COMP_NEUTRAL,A_FC_fc_clearances_for_90d666,fc_clearances_for,clearances,FOR,FULL,TEAM_FORMATION_CONDITIONED,,15.3061,15.3061,0.1953,0.3125,13.7303,1.5758,1,1,DIRECT,EXACT_FORMATION,home,derived_formation,LOW,PIT_SAFE
mt_743352721,COMP_NEUTRAL,A_FC_formation_delta_clearances_for_d6be24,formation_delta_clearances_for,clearances,FOR,FULL,TEAM_FORMATION_CONDITIONED,,0.449,0.449,-1.6463,0.1875,13.7303,-13.2813,1,1,DERIVED,EXACT_FORMATION,home,derived_formation,LOW,PIT_SAFE
mt_743352721,COMP_NEUTRAL,A_FC_fc_blocked_shots_for_93e009,fc_blocked_shots_for,blocked_shots,FOR,FULL,TEAM_FORMATION_CONDITIONED,,2.9796,2.9796,0.0171,0.3125,2.9485,0.0311,1,1,DIRECT,EXACT_FORMATION,home,derived_formation,LOW,PIT_SAFE
mt_743352721,COMP_NEUTRAL,A_FC_formation_delta_blocked_shots_for_94d8c1,formation_delta_blocked_shots_for,blocked_shots,FOR,FULL,TEAM_FORMATION_CONDITIONED,,-0.1633,-0.1633,-1.7132,0.0625,2.9485,-3.1118,1,1,DERIVED,EXACT_FORMATION,home,derived_formation,LOW,PIT_SAFE
mt_743352721,COMP_NEUTRAL,A_FMX_fmx_crosses_for_48323b,fmx_crosses_for,crosses,FOR,FULL,OPP_FORMATION_CONDITIONED,4-3-3,3.8534,3.8534,0.8092,0.8125,2.5486,1.3048,7,4,HIERARCHICAL,VENUE_OVERALL,home,derived_formation,MEDIUM,PIT_SAFE
mt_743352721,COMP_NEUTRAL,A_FMX_fmx_crosses_against_b09077,fmx_crosses_against,crosses,AGAINST,FULL,OPP_FORMATION_CONDITIONED,4-3-3,3.7875,3.7875,0.5641,0.6875,2.8737,0.9138,7,4,HIERARCHICAL,VENUE_OVERALL,home,derived_formation,MEDIUM,PIT_SAFE
mt_743352721,COMP_NEUTRAL,A_FMX_fmx_corners_for_96848f,fmx_corners_for,corners,FOR,FULL,OPP_FORMATION_CONDITIONED,4-3-3,8.2793,8.2793,1.1059,0.9375,4.7208,3.5585,7,4,HIERARCHICAL,VENUE_OVERALL,home,derived_formation,MEDIUM,PIT_SAFE
mt_743352721,COMP_NEUTRAL,A_FMX_fmx_corners_against_26857d,fmx_corners_against,corners,AGAINST,FULL,OPP_FORMATION_CONDITIONED,4-3-3,5.565,5.565,0.6889,0.8125,4.0083,1.5567,7,4,HIERARCHICAL,VENUE_OVERALL,home,derived_formation,MEDIUM,PIT_SAFE
mt_743352721,COMP_NEUTRAL,A_FMX_fmx_clearances_for_e40bba,fmx_clearances_for,clearances,FOR,FULL,OPP_FORMATION_CONDITIONED,4-3-3,18.101,18.101,0.5418,0.5625,13.7303,4.3707,7,4,HIERARCHICAL,VENUE_OVERALL,home,derived_formation,MEDIUM,PIT_SAFE
mt_743352721,COMP_NEUTRAL,A_FMX_fmx_blocked_shots_for_f6f928,fmx_blocked_shots_for,blocked_shots,FOR,FULL,OPP_FORMATION_CONDITIONED,4-3-3,4.113,4.113,0.6411,0.5625,2.9485,1.1645,7,4,HIERARCHICAL,VENUE_OVERALL,home,derived_formation,MEDIUM,PIT_SAFE
mt_743352721,COMP_NEUTRAL,A_FMX_fmx_shots_inside_box_against_fabab4,fmx_shots_inside_box_against,shots_inside_box,AGAINST,FULL,OPP_FORMATION_CONDITIONED,4-3-3,8.7281,8.7281,1.3326,0.875,7.7508,0.9772,7,4,HIERARCHICAL,VENUE_OVERALL,home,derived_formation,MEDIUM,PIT_SAFE
mt_743352721,COMP_NEUTRAL,B_FC_fc_crosses_for_12dd76,fc_crosses_for,crosses,FOR,FULL,TEAM_FORMATION_CONDITIONED,,3.0,3.0,0.2799,0.4375,2.5486,0.4514,1,1,DIRECT,EXACT_FORMATION,away,derived_formation,LOW,PIT_SAFE
mt_743352721,COMP_NEUTRAL,B_FC_formation_delta_crosses_for_8c0c6c,formation_delta_crosses_for,crosses,FOR,FULL,TEAM_FORMATION_CONDITIONED,,0.0,0.0,-1.5806,0.1875,2.5486,-2.5486,1,1,DERIVED,EXACT_FORMATION,away,derived_formation,LOW,PIT_SAFE
mt_743352721,COMP_NEUTRAL,B_FC_fc_corners_for_ff5587,fc_corners_for,corners,FOR,FULL,TEAM_FORMATION_CONDITIONED,,4.1224,4.1224,-0.186,0.3125,4.7208,-0.5984,1,1,DIRECT,EXACT_FORMATION,away,derived_formation,LOW,PIT_SAFE
mt_743352721,COMP_NEUTRAL,B_FC_formation_delta_corners_for_e96f62,formation_delta_corners_for,corners,FOR,FULL,TEAM_FORMATION_CONDITIONED,,-0.0204,-0.0204,-1.4735,0.1875,4.7208,-4.7412,1,1,DERIVED,EXACT_FORMATION,away,derived_formation,LOW,PIT_SAFE
mt_743352721,COMP_NEUTRAL,B_FC_fc_corners_against_9d3952,fc_corners_against,corners,AGAINST,FULL,TEAM_FORMATION_CONDITIONED,,5.3673,5.3673,0.6014,0.6875,4.0083,1.359,1,1,DIRECT,EXACT_FORMATION,away,derived_formation,LOW,PIT_SAFE
mt_743352721,COMP_NEUTRAL,B_FC_formation_delta_corners_against_95eb69,formation_delta_corners_against,corners,AGAINST,FULL,TEAM_FORMATION_CONDITIONED,,-0.0612,-0.0612,-1.8009,0.0625,4.0083,-4.0695,1,1,DERIVED,EXACT_FORMATION,away,derived_formation,LOW,PIT_SAFE
mt_743352721,COMP_NEUTRAL,B_FC_fc_total_shots_for_96f398,fc_total_shots_for,total_shots,FOR,FULL,TEAM_FORMATION_CONDITIONED,,14.6327,14.6327,0.7224,0.75,9.6881,4.9446,1,1,DIRECT,EXACT_FORMATION,away,derived_formation,LOW,PIT_SAFE
mt_743352721,COMP_NEUTRAL,B_FC_formation_delta_total_shots_for_cfe71c,formation_delta_total_shots_for,total_shots,FOR,FULL,TEAM_FORMATION_CONDITIONED,,0.0612,0.0612,-1.4065,0.25,9.6881,-9.6269,1,1,DERIVED,EXACT_FORMATION,away,derived_formation,LOW,PIT_SAFE
mt_743352721,COMP_NEUTRAL,B_FC_fc_possession_for_931f77,fc_possession_for,possession,FOR,FULL,TEAM_FORMATION_CONDITIONED,,61.2857,61.2857,0.7547,0.75,39.765,21.5207,1,1,DIRECT,EXACT_FORMATION,away,derived_formation,LOW,PIT_SAFE
mt_743352721,COMP_NEUTRAL,B_FC_formation_delta_possession_for_00019e,formation_delta_possession_for,possession,FOR,FULL,TEAM_FORMATION_CONDITIONED,,0.2857,0.2857,-1.3845,0.25,39.765,-39.4793,1,1,DERIVED,EXACT_FORMATION,away,derived_formation,LOW,PIT_SAFE
mt_743352721,COMP_NEUTRAL,B_FC_fc_crosses_against_6ad306,fc_crosses_against,crosses,AGAINST,FULL,TEAM_FORMATION_CONDITIONED,,4.551,4.551,1.0355,0.9375,2.8737,1.6773,1,1,DIRECT,EXACT_FORMATION,away,derived_formation,LOW,PIT_SAFE
mt_743352721,COMP_NEUTRAL,B_FC_formation_delta_crosses_against_49ec6a,formation_delta_crosses_against,crosses,AGAINST,FULL,TEAM_FORMATION_CONDITIONED,,0.4082,0.4082,-1.5222,0.1875,2.8737,-2.4655,1,1,DERIVED,EXACT_FORMATION,away,derived_formation,LOW,PIT_SAFE
mt_743352721,COMP_NEUTRAL,B_FC_fc_clearances_for_83cb98,fc_clearances_for,clearances,FOR,FULL,TEAM_FORMATION_CONDITIONED,,20.4898,20.4898,0.8379,0.8125,13.7303,6.7595,1,1,DIRECT,EXACT_FORMATION,away,derived_formation,LOW,PIT_SAFE
mt_743352721,COMP_NEUTRAL,B_FC_formation_delta_clearances_for_16518c,formation_delta_clearances_for,clearances,FOR,FULL,TEAM_FORMATION_CONDITIONED,,-0.0816,-0.0816,-1.7121,0.0625,13.7303,-13.8119,1,1,DERIVED,EXACT_FORMATION,away,derived_formation,LOW,PIT_SAFE
mt_743352721,COMP_NEUTRAL,B_FC_fc_blocked_shots_for_013f61,fc_blocked_shots_for,blocked_shots,FOR,FULL,TEAM_FORMATION_CONDITIONED,,4.1224,4.1224,0.6463,0.6875,2.9485,1.1739,1,1,DIRECT,EXACT_FORMATION,away,derived_formation,LOW,PIT_SAFE
mt_743352721,COMP_NEUTRAL,B_FC_formation_delta_blocked_shots_for_9b098a,formation_delta_blocked_shots_for,blocked_shots,FOR,FULL,TEAM_FORMATION_CONDITIONED,,-0.0204,-0.0204,-1.6345,0.1875,2.9485,-2.9689,1,1,DERIVED,EXACT_FORMATION,away,derived_formation,LOW,PIT_SAFE
mt_743352721,COMP_NEUTRAL,B_FMX_fmx_crosses_for_7f1e28,fmx_crosses_for,crosses,FOR,FULL,OPP_FORMATION_CONDITIONED,4-2-3-1,4.1281,4.1281,0.9796,0.9375,2.5486,1.5795,7,4,HIERARCHICAL,VENUE_OVERALL,away,derived_formation,MEDIUM,PIT_SAFE
mt_743352721,COMP_NEUTRAL,B_FMX_fmx_crosses_against_ea67cf,fmx_crosses_against,crosses,AGAINST,FULL,OPP_FORMATION_CONDITIONED,4-2-3-1,4.3259,4.3259,0.8965,0.8125,2.8737,1.4522,7,4,HIERARCHICAL,VENUE_OVERALL,away,derived_formation,MEDIUM,PIT_SAFE
mt_743352721,COMP_NEUTRAL,B_FMX_fmx_corners_for_b7a6a5,fmx_corners_for,corners,FOR,FULL,OPP_FORMATION_CONDITIONED,4-2-3-1,5.4441,5.4441,0.2248,0.5625,4.7208,0.7233,7,4,HIERARCHICAL,VENUE_OVERALL,away,derived_formation,MEDIUM,PIT_SAFE
mt_743352721,COMP_NEUTRAL,B_FMX_fmx_corners_against_6b5ee5,fmx_corners_against,corners,AGAINST,FULL,OPP_FORMATION_CONDITIONED,4-2-3-1,5.9606,5.9606,0.864,0.9375,4.0083,1.9523,7,4,HIERARCHICAL,VENUE_OVERALL,away,derived_formation,MEDIUM,PIT_SAFE
mt_743352721,COMP_NEUTRAL,B_FMX_fmx_clearances_for_2a7809,fmx_clearances_for,clearances,FOR,FULL,OPP_FORMATION_CONDITIONED,4-2-3-1,21.3317,21.3317,0.9422,0.9375,13.7303,7.6014,7,4,HIERARCHICAL,VENUE_OVERALL,away,derived_formation,MEDIUM,PIT_SAFE
mt_743352721,COMP_NEUTRAL,B_FMX_fmx_blocked_shots_for_612844,fmx_blocked_shots_for,blocked_shots,FOR,FULL,OPP_FORMATION_CONDITIONED,4-2-3-1,4.6954,4.6954,0.9617,0.9375,2.9485,1.7469,7,4,HIERARCHICAL,VENUE_OVERALL,away,derived_formation,MEDIUM,PIT_SAFE
mt_743352721,COMP_NEUTRAL,B_FMX_fmx_shots_inside_box_against_327663,fmx_shots_inside_box_against,shots_inside_box,AGAINST,FULL,OPP_FORMATION_CONDITIONED,4-2-3-1,8.0138,8.0138,0.3586,0.625,7.7508,0.263,7,4,HIERARCHICAL,VENUE_OVERALL,away,derived_formation,MEDIUM,PIT_SAFE
mt_629493933,COMP_NEUTRAL,A_ATK_crosses_for_a3c2fe,crosses_for,crosses,FOR,FULL,UNCONDITIONED,TEAM_B,2.7077,2.7077,0.2159,0.3125,2.4092,0.2985,7,4,SHRUNK,VENUE_OVERALL,home,thestatsapi,MEDIUM,PIT_SAFE
mt_629493933,COMP_NEUTRAL,A_ATK_total_shots_for_26db29,total_shots_for,total_shots,FOR,FULL,UNCONDITIONED,TEAM_B,9.8462,9.8462,0.8993,0.9167,6.0117,3.8345,7,4,SHRUNK,VENUE_OVERALL,home,thestatsapi,MEDIUM,PIT_SAFE
mt_629493933,COMP_NEUTRAL,A_ATK_shots_on_target_for_90ef5f,shots_on_target_for,shots_on_target,FOR,FULL,UNCONDITIONED,TEAM_B,3.9846,3.9846,1.0,0.75,3.5538,0.4308,7,4,SHRUNK,VENUE_OVERALL,home,thestatsapi,MEDIUM,PIT_SAFE
mt_629493933,COMP_NEUTRAL,A_ATK_shots_inside_box_for_d8670d,shots_inside_box_for,shots_inside_box,FOR,FULL,UNCONDITIONED,TEAM_B,6.3538,6.3538,1.0,0.75,5.9692,0.3846,7,4,SHRUNK,VENUE_OVERALL,home,thestatsapi,MEDIUM,PIT_SAFE
mt_629493933,COMP_NEUTRAL,A_ATK_touches_in_box_for_559bb9,touches_in_box_for,touches_in_box,FOR,FULL,UNCONDITIONED,TEAM_B,19.4615,19.4615,0.5308,0.5625,14.7422,4.7193,7,4,SHRUNK,VENUE_OVERALL,home,thestatsapi,MEDIUM,PIT_SAFE
mt_629493933,COMP_NEUTRAL,A_ATK_corners_for_b50747,corners_for,corners,FOR,FULL,UNCONDITIONED,TEAM_B,2.8154,2.8154,-0.0916,0.3125,2.9966,-0.1812,7,4,SHRUNK,VENUE_OVERALL,home,thestatsapi,MEDIUM,PIT_SAFE
mt_629493933,COMP_NEUTRAL,A_ATK_possession_for_588cdb,possession_for,possession,FOR,FULL,UNCONDITIONED,TEAM_B,44.5231,44.5231,0.8421,0.9167,27.7807,16.7424,7,4,SHRUNK,VENUE_OVERALL,home,thestatsapi,MEDIUM,PIT_SAFE
mt_629493933,COMP_NEUTRAL,A_ATK_throw_ins_for_4c6165,throw_ins_for,throw_ins,FOR,FULL,UNCONDITIONED,TEAM_B,18.0462,18.0462,1.0,0.75,17.0923,0.9538,7,4,SHRUNK,VENUE_OVERALL,home,thestatsapi,MEDIUM,PIT_SAFE
mt_629493933,COMP_NEUTRAL,A_ATK_final_third_entries_for_28124b,final_third_entries_for,final_third_entries,FOR,FULL,UNCONDITIONED,TEAM_B,42.1692,42.1692,-1.0,0.25,43.4769,-1.3077,7,4,SHRUNK,VENUE_OVERALL,home,thestatsapi,MEDIUM,PIT_SAFE
mt_629493933,COMP_NEUTRAL,A_DEF_crosses_against_5ce367,crosses_against,crosses,AGAINST,FULL,UNCONDITIONED,TEAM_B,4.4154,4.4154,0.5032,0.4375,3.3766,1.0388,7,4,SHRUNK,VENUE_OVERALL,home,thestatsapi,MEDIUM,PIT_SAFE
mt_629493933,COMP_NEUTRAL,A_DEF_total_shots_against_ba1a2f,total_shots_against,total_shots,AGAINST,FULL,UNCONDITIONED,TEAM_B,14.5538,14.5538,-1.0,0.25,15.3385,-0.7847,7,4,SHRUNK,VENUE_OVERALL,home,thestatsapi,MEDIUM,PIT_SAFE
mt_629493933,COMP_NEUTRAL,A_DEF_shots_inside_box_against_8bcd45,shots_inside_box_against,shots_inside_box,AGAINST,FULL,UNCONDITIONED,TEAM_B,10.1846,10.1846,-1.3696,0.125,11.0133,-0.8287,7,4,SHRUNK,VENUE_OVERALL,home,thestatsapi,MEDIUM,PIT_SAFE
mt_629493933,COMP_NEUTRAL,A_DEF_touches_in_box_against_21c9a0,touches_in_box_against,touches_in_box,AGAINST,FULL,UNCONDITIONED,TEAM_B,33.7231,33.7231,1.0,0.75,32.8847,0.8385,7,4,SHRUNK,VENUE_OVERALL,home,thestatsapi,MEDIUM,PIT_SAFE
mt_629493933,COMP_NEUTRAL,A_DEF_corners_against_008cff,corners_against,corners,AGAINST,FULL,UNCONDITIONED,TEAM_B,8.2308,8.2308,0.6851,0.8125,5.888,2.3428,7,4,SHRUNK,VENUE_OVERALL,home,thestatsapi,MEDIUM,PIT_SAFE
mt_629493933,COMP_NEUTRAL,A_DEF_blocked_shots_for_447e7f,blocked_shots_for,blocked_shots,FOR,FULL,UNCONDITIONED,TEAM_B,2.1846,2.1846,0.4614,0.5625,1.6872,0.4974,7,4,SHRUNK,VENUE_OVERALL,home,thestatsapi,MEDIUM,PIT_SAFE
mt_629493933,COMP_NEUTRAL,A_DEF_clearances_for_2101fd,clearances_for,clearances,FOR,FULL,UNCONDITIONED,TEAM_B,24.0615,24.0615,0.3862,0.4375,19.6355,4.426,7,4,SHRUNK,VENUE_OVERALL,home,thestatsapi,MEDIUM,PIT_SAFE
mt_629493933,COMP_NEUTRAL,A_DEF_interceptions_for_343fbf,interceptions_for,interceptions,FOR,FULL,UNCONDITIONED,TEAM_B,8.2769,8.2769,-1.0,0.25,8.623,-0.3461,7,4,SHRUNK,VENUE_OVERALL,home,thestatsapi,MEDIUM,PIT_SAFE
mt_629493933,COMP_NEUTRAL,A_DIS_fouls_for_f5eb2d,fouls_for,fouls,FOR,FULL,UNCONDITIONED,TEAM_B,12.7692,12.7692,-1.0,0.25,13.0615,-0.2923,7,4,SHRUNK,VENUE_OVERALL,home,thestatsapi,MEDIUM,PIT_SAFE
mt_629493933,COMP_NEUTRAL,A_DIS_tackles_for_e5a6b7,tackles_for,tackles,FOR,FULL,UNCONDITIONED,TEAM_B,21.3385,21.3385,1.0,0.75,19.1769,2.1616,7,4,SHRUNK,VENUE_OVERALL,home,thestatsapi,MEDIUM,PIT_SAFE
mt_629493933,COMP_NEUTRAL,A_DIS_yellow_cards_for_3f97b2,yellow_cards_for,yellow_cards,FOR,FULL,UNCONDITIONED,TEAM_B,2.6154,2.6154,-1.0,0.25,2.8462,-0.2308,7,4,SHRUNK,VENUE_OVERALL,home,thestatsapi,MEDIUM,PIT_SAFE
mt_629493933,COMP_NEUTRAL,A_DIS_fouls_against_da60a6,fouls_against,fouls,AGAINST,FULL,UNCONDITIONED,TEAM_B,9.9692,9.9692,-1.0,0.25,10.2308,-0.2615,7,4,SHRUNK,VENUE_OVERALL,home,thestatsapi,MEDIUM,PIT_SAFE
mt_629493933,COMP_NEUTRAL,B_ATK_crosses_for_e40f43,crosses_for,crosses,FOR,FULL,UNCONDITIONED,TEAM_A,3.2462,3.2462,0.6053,0.6875,2.4092,0.837,7,4,SHRUNK,VENUE_OVERALL,away,thestatsapi,MEDIUM,PIT_SAFE
mt_629493933,COMP_NEUTRAL,B_ATK_total_shots_for_6e7061,total_shots_for,total_shots,FOR,FULL,UNCONDITIONED,TEAM_A,8.9385,8.9385,0.6864,0.5833,6.0117,2.9268,7,4,SHRUNK,VENUE_OVERALL,away,thestatsapi,MEDIUM,PIT_SAFE
mt_629493933,COMP_NEUTRAL,B_ATK_shots_on_target_for_b706b8,shots_on_target_for,shots_on_target,FOR,FULL,UNCONDITIONED,TEAM_A,3.1231,3.1231,-1.0,0.25,3.5538,-0.4307,7,4,SHRUNK,VENUE_OVERALL,away,thestatsapi,MEDIUM,PIT_SAFE
mt_629493933,COMP_NEUTRAL,B_ATK_shots_inside_box_for_29d8a0,shots_inside_box_for,shots_inside_box,FOR,FULL,UNCONDITIONED,TEAM_A,5.5846,5.5846,-1.0,0.25,5.9692,-0.3846,7,4,SHRUNK,VENUE_OVERALL,away,thestatsapi,MEDIUM,PIT_SAFE
mt_629493933,COMP_NEUTRAL,B_ATK_touches_in_box_for_892182,touches_in_box_for,touches_in_box,FOR,FULL,UNCONDITIONED,TEAM_A,17.2923,17.2923,0.2868,0.4375,14.7422,2.5501,7,4,SHRUNK,VENUE_OVERALL,away,thestatsapi,MEDIUM,PIT_SAFE
mt_629493933,COMP_NEUTRAL,B_ATK_corners_for_9b0c39,corners_for,corners,FOR,FULL,UNCONDITIONED,TEAM_A,4.7692,4.7692,0.8958,0.8125,2.9966,1.7726,7,4,SHRUNK,VENUE_OVERALL,away,thestatsapi,MEDIUM,PIT_SAFE
mt_629493933,COMP_NEUTRAL,B_ATK_possession_for_66dd6a,possession_for,possession,FOR,FULL,UNCONDITIONED,TEAM_A,40.6308,40.6308,0.6463,0.5833,27.7807,12.8501,7,4,SHRUNK,VENUE_OVERALL,away,thestatsapi,MEDIUM,PIT_SAFE
mt_629493933,COMP_NEUTRAL,B_ATK_throw_ins_for_3fa115,throw_ins_for,throw_ins,FOR,FULL,UNCONDITIONED,TEAM_A,16.1385,16.1385,-1.0,0.25,17.0923,-0.9538,7,4,SHRUNK,VENUE_OVERALL,away,thestatsapi,MEDIUM,PIT_SAFE
mt_629493933,COMP_NEUTRAL,B_ATK_final_third_entries_for_69e3d1,final_third_entries_for,final_third_entries,FOR,FULL,UNCONDITIONED,TEAM_A,44.7846,44.7846,1.0,0.75,43.4769,1.3077,7,4,SHRUNK,VENUE_OVERALL,away,thestatsapi,MEDIUM,PIT_SAFE
mt_629493933,COMP_NEUTRAL,B_DEF_crosses_against_2f0616,crosses_against,crosses,AGAINST,FULL,UNCONDITIONED,TEAM_A,4.4615,4.4615,0.5256,0.5625,3.3766,1.0849,7,4,SHRUNK,VENUE_OVERALL,away,thestatsapi,MEDIUM,PIT_SAFE
mt_629493933,COMP_NEUTRAL,B_DEF_total_shots_against_28b92b,total_shots_against,total_shots,AGAINST,FULL,UNCONDITIONED,TEAM_A,16.1231,16.1231,1.0,0.75,15.3385,0.7846,7,4,SHRUNK,VENUE_OVERALL,away,thestatsapi,MEDIUM,PIT_SAFE
mt_629493933,COMP_NEUTRAL,B_DEF_shots_inside_box_against_1e1c19,shots_inside_box_against,shots_inside_box,AGAINST,FULL,UNCONDITIONED,TEAM_A,10.8,10.8,-0.3525,0.375,11.0133,-0.2133,7,4,SHRUNK,VENUE_OVERALL,away,thestatsapi,MEDIUM,PIT_SAFE
mt_629493933,COMP_NEUTRAL,B_DEF_touches_in_box_against_000d51,touches_in_box_against,touches_in_box,AGAINST,FULL,UNCONDITIONED,TEAM_A,32.0462,32.0462,-1.0,0.25,32.8847,-0.8385,7,4,SHRUNK,VENUE_OVERALL,away,thestatsapi,MEDIUM,PIT_SAFE
mt_629493933,COMP_NEUTRAL,B_DEF_corners_against_658892,corners_against,corners,AGAINST,FULL,UNCONDITIONED,TEAM_A,6.9846,6.9846,0.3207,0.3125,5.888,1.0966,7,4,SHRUNK,VENUE_OVERALL,away,thestatsapi,MEDIUM,PIT_SAFE
mt_629493933,COMP_NEUTRAL,B_DEF_blocked_shots_for_8adff8,blocked_shots_for,blocked_shots,FOR,FULL,UNCONDITIONED,TEAM_A,2.2769,2.2769,0.5471,0.6875,1.6872,0.5897,7,4,SHRUNK,VENUE_OVERALL,away,thestatsapi,MEDIUM,PIT_SAFE
mt_629493933,COMP_NEUTRAL,B_DEF_clearances_for_6b61a6,clearances_for,clearances,FOR,FULL,UNCONDITIONED,TEAM_A,26.1846,26.1846,0.5715,0.5625,19.6355,6.5491,7,4,SHRUNK,VENUE_OVERALL,away,thestatsapi,MEDIUM,PIT_SAFE
mt_629493933,COMP_NEUTRAL,B_DEF_interceptions_for_e93279,interceptions_for,interceptions,FOR,FULL,UNCONDITIONED,TEAM_A,8.9692,8.9692,1.0,0.75,8.623,0.3462,7,4,SHRUNK,VENUE_OVERALL,away,thestatsapi,MEDIUM,PIT_SAFE
mt_629493933,COMP_NEUTRAL,B_DIS_fouls_for_ac3934,fouls_for,fouls,FOR,FULL,UNCONDITIONED,TEAM_A,13.3538,13.3538,1.0,0.75,13.0615,0.2923,7,4,SHRUNK,VENUE_OVERALL,away,thestatsapi,MEDIUM,PIT_SAFE
mt_629493933,COMP_NEUTRAL,B_DIS_tackles_for_c5429c,tackles_for,tackles,FOR,FULL,UNCONDITIONED,TEAM_A,17.0154,17.0154,-1.0,0.25,19.1769,-2.1615,7,4,SHRUNK,VENUE_OVERALL,away,thestatsapi,MEDIUM,PIT_SAFE
mt_629493933,COMP_NEUTRAL,B_DIS_yellow_cards_for_37ceb5,yellow_cards_for,yellow_cards,FOR,FULL,UNCONDITIONED,TEAM_A,3.0769,3.0769,1.0,0.75,2.8462,0.2308,7,4,SHRUNK,VENUE_OVERALL,away,thestatsapi,MEDIUM,PIT_SAFE
mt_629493933,COMP_NEUTRAL,B_DIS_fouls_against_044206,fouls_against,fouls,AGAINST,FULL,UNCONDITIONED,TEAM_A,10.4923,10.4923,1.0,0.75,10.2308,0.2615,7,4,SHRUNK,VENUE_OVERALL,away,thestatsapi,MEDIUM,PIT_SAFE
mt_629493933,COMP_NEUTRAL,ENV_corners_17e455,league_corners_env,league_corners_env,NEUTRAL,FULL,UNCONDITIONED,,11.1141,11.1141,,0.5,11.1141,0.0,0,0,DIRECT,COMPETITION_PRIOR,,derived,HIGH,PIT_SAFE
mt_629493933,COMP_NEUTRAL,ENV_total_shots_6f4b8c,league_total_shots_env,league_total_shots_env,NEUTRAL,FULL,UNCONDITIONED,,26.7651,26.7651,,0.5,26.7651,0.0,0,0,DIRECT,COMPETITION_PRIOR,,derived,HIGH,PIT_SAFE
mt_629493933,COMP_NEUTRAL,ENV_fouls_ce539a,league_fouls_env,league_fouls_env,NEUTRAL,FULL,UNCONDITIONED,,22.7315,22.7315,,0.5,22.7315,0.0,0,0,DIRECT,COMPETITION_PRIOR,,derived,HIGH,PIT_SAFE
mt_629493933,COMP_NEUTRAL,ENV_yellow_cards_ff32b3,league_yellow_cards_env,league_yellow_cards_env,NEUTRAL,FULL,UNCONDITIONED,,5.0,5.0,,0.5,5.0,0.0,0,0,DIRECT,COMPETITION_PRIOR,,derived,HIGH,PIT_SAFE
mt_629493933,COMP_NEUTRAL,A_FC_fc_crosses_for_951969,fc_crosses_for,crosses,FOR,FULL,TEAM_FORMATION_CONDITIONED,,2.9184,2.9184,0.3683,0.5625,2.4092,0.5092,1,1,DIRECT,EXACT_FORMATION,home,derived_formation,LOW,PIT_SAFE
mt_629493933,COMP_NEUTRAL,A_FC_formation_delta_crosses_for_9ed1fc,formation_delta_crosses_for,crosses,FOR,FULL,TEAM_FORMATION_CONDITIONED,,0.3469,0.3469,-1.4914,0.1875,2.4092,-2.0623,1,1,DERIVED,EXACT_FORMATION,home,derived_formation,LOW,PIT_SAFE
mt_629493933,COMP_NEUTRAL,A_FC_fc_corners_for_be9afa,fc_corners_for,corners,FOR,FULL,TEAM_FORMATION_CONDITIONED,,2.898,2.898,-0.0498,0.4375,2.9966,-0.0986,1,1,DIRECT,EXACT_FORMATION,home,derived_formation,LOW,PIT_SAFE
mt_629493933,COMP_NEUTRAL,A_FC_formation_delta_corners_for_178c01,formation_delta_corners_for,corners,FOR,FULL,TEAM_FORMATION_CONDITIONED,,0.1837,0.1837,-1.4215,0.1875,2.9966,-2.8129,1,1,DERIVED,EXACT_FORMATION,home,derived_formation,LOW,PIT_SAFE
mt_629493933,COMP_NEUTRAL,A_FC_fc_corners_against_1f77ca,fc_corners_against,corners,AGAINST,FULL,TEAM_FORMATION_CONDITIONED,,8.2245,8.2245,0.6833,0.6875,5.888,2.3365,1,1,DIRECT,EXACT_FORMATION,home,derived_formation,LOW,PIT_SAFE
mt_629493933,COMP_NEUTRAL,A_FC_formation_delta_corners_against_d0f156,formation_delta_corners_against,corners,AGAINST,FULL,TEAM_FORMATION_CONDITIONED,,-0.2041,-0.2041,-1.7816,0.0625,5.888,-6.0921,1,1,DERIVED,EXACT_FORMATION,home,derived_formation,LOW,PIT_SAFE
mt_629493933,COMP_NEUTRAL,A_FC_fc_touches_in_box_for_eccadd,fc_touches_in_box_for,touches_in_box,FOR,FULL,TEAM_FORMATION_CONDITIONED,,19.898,19.898,0.5799,0.6875,14.7422,5.1558,1,1,DIRECT,EXACT_FORMATION,home,derived_formation,LOW,PIT_SAFE
mt_629493933,COMP_NEUTRAL,A_FC_formation_delta_touches_in_box_for_4715e8,formation_delta_touches_in_box_for,touches_in_box,FOR,FULL,TEAM_FORMATION_CONDITIONED,,1.1837,1.1837,-1.5251,0.1875,14.7422,-13.5585,1,1,DERIVED,EXACT_FORMATION,home,derived_formation,LOW,PIT_SAFE
mt_629493933,COMP_NEUTRAL,A_FC_fc_total_shots_for_40e41e,fc_total_shots_for,total_shots,FOR,FULL,TEAM_FORMATION_CONDITIONED,,9.551,9.551,0.83,0.75,6.0117,3.5393,1,1,DIRECT,EXACT_FORMATION,home,derived_formation,LOW,PIT_SAFE
mt_629493933,COMP_NEUTRAL,A_FC_formation_delta_total_shots_for_52842d,formation_delta_total_shots_for,total_shots,FOR,FULL,TEAM_FORMATION_CONDITIONED,,0.4082,0.4082,-1.3141,0.25,6.0117,-5.6035,1,1,DERIVED,EXACT_FORMATION,home,derived_formation,LOW,PIT_SAFE
mt_629493933,COMP_NEUTRAL,A_FC_fc_possession_for_521786,fc_possession_for,possession,FOR,FULL,TEAM_FORMATION_CONDITIONED,,43.9796,43.9796,0.8147,0.75,27.7807,16.1989,1,1,DIRECT,EXACT_FORMATION,home,derived_formation,LOW,PIT_SAFE
mt_629493933,COMP_NEUTRAL,A_FC_formation_delta_possession_for_9078cf,formation_delta_possession_for,possession,FOR,FULL,TEAM_FORMATION_CONDITIONED,,0.8367,0.8367,-1.3552,0.25,27.7807,-26.944,1,1,DERIVED,EXACT_FORMATION,home,derived_formation,LOW,PIT_SAFE
mt_629493933,COMP_NEUTRAL,A_FC_fc_crosses_against_f3f43f,fc_crosses_against,crosses,AGAINST,FULL,TEAM_FORMATION_CONDITIONED,,3.5918,3.5918,0.1042,0.3125,3.3766,0.2152,1,1,DIRECT,EXACT_FORMATION,home,derived_formation,LOW,PIT_SAFE
mt_629493933,COMP_NEUTRAL,A_FC_formation_delta_crosses_against_9bcf53,formation_delta_crosses_against,crosses,AGAINST,FULL,TEAM_FORMATION_CONDITIONED,,-0.2653,-0.2653,-1.7643,0.0625,3.3766,-3.6419,1,1,DERIVED,EXACT_FORMATION,home,derived_formation,LOW,PIT_SAFE
mt_629493933,COMP_NEUTRAL,A_FC_fc_clearances_for_582e60,fc_clearances_for,clearances,FOR,FULL,TEAM_FORMATION_CONDITIONED,,23.6327,23.6327,0.3488,0.3125,19.6355,3.9972,1,1,DIRECT,EXACT_FORMATION,home,derived_formation,LOW,PIT_SAFE
mt_629493933,COMP_NEUTRAL,A_FC_formation_delta_clearances_for_20d804,formation_delta_clearances_for,clearances,FOR,FULL,TEAM_FORMATION_CONDITIONED,,-0.9388,-0.9388,-1.7953,0.0625,19.6355,-20.5743,1,1,DERIVED,EXACT_FORMATION,home,derived_formation,LOW,PIT_SAFE
mt_629493933,COMP_NEUTRAL,A_FC_fc_blocked_shots_for_dd40e5,fc_blocked_shots_for,blocked_shots,FOR,FULL,TEAM_FORMATION_CONDITIONED,,1.7551,1.7551,0.063,0.4375,1.6872,0.0679,1,1,DIRECT,EXACT_FORMATION,home,derived_formation,LOW,PIT_SAFE
mt_629493933,COMP_NEUTRAL,A_FC_formation_delta_blocked_shots_for_e86967,formation_delta_blocked_shots_for,blocked_shots,FOR,FULL,TEAM_FORMATION_CONDITIONED,,0.0408,0.0408,-1.5275,0.1875,1.6872,-1.6464,1,1,DERIVED,EXACT_FORMATION,home,derived_formation,LOW,PIT_SAFE
mt_629493933,COMP_NEUTRAL,A_FMX_fmx_crosses_for_09dfe8,fmx_crosses_for,crosses,FOR,FULL,OPP_FORMATION_CONDITIONED,4-2-3-1,3.4448,3.4448,0.7489,0.8125,2.4092,1.0356,7,4,HIERARCHICAL,VENUE_OVERALL,home,derived_formation,MEDIUM,PIT_SAFE
mt_629493933,COMP_NEUTRAL,A_FMX_fmx_crosses_against_6edc57,fmx_crosses_against,crosses,AGAINST,FULL,OPP_FORMATION_CONDITIONED,4-2-3-1,4.8624,4.8624,0.7198,0.6875,3.3766,1.4858,7,4,HIERARCHICAL,VENUE_OVERALL,home,derived_formation,MEDIUM,PIT_SAFE
mt_629493933,COMP_NEUTRAL,A_FMX_fmx_corners_for_ce97c8,fmx_corners_for,corners,FOR,FULL,OPP_FORMATION_CONDITIONED,4-2-3-1,3.8942,3.8942,0.4536,0.5625,2.9966,0.8976,7,4,HIERARCHICAL,VENUE_OVERALL,home,derived_formation,MEDIUM,PIT_SAFE
mt_629493933,COMP_NEUTRAL,A_FMX_fmx_corners_against_5b55ce,fmx_corners_against,corners,AGAINST,FULL,OPP_FORMATION_CONDITIONED,4-2-3-1,8.6414,8.6414,0.8052,0.9375,5.888,2.7534,7,4,HIERARCHICAL,VENUE_OVERALL,home,derived_formation,MEDIUM,PIT_SAFE
mt_629493933,COMP_NEUTRAL,A_FMX_fmx_touches_in_box_for_0fb6b1,fmx_touches_in_box_for,touches_in_box,FOR,FULL,OPP_FORMATION_CONDITIONED,4-2-3-1,23.9294,23.9294,1.0334,0.9375,14.7422,9.1872,7,4,HIERARCHICAL,VENUE_OVERALL,home,derived_formation,MEDIUM,PIT_SAFE
mt_629493933,COMP_NEUTRAL,A_FMX_fmx_clearances_for_360f4c,fmx_clearances_for,clearances,FOR,FULL,OPP_FORMATION_CONDITIONED,4-2-3-1,26.4409,26.4409,0.5938,0.6875,19.6355,6.8054,7,4,HIERARCHICAL,VENUE_OVERALL,home,derived_formation,MEDIUM,PIT_SAFE
mt_629493933,COMP_NEUTRAL,A_FMX_fmx_blocked_shots_for_364711,fmx_blocked_shots_for,blocked_shots,FOR,FULL,OPP_FORMATION_CONDITIONED,4-2-3-1,2.8322,2.8322,1.0622,0.8125,1.6872,1.145,7,4,HIERARCHICAL,VENUE_OVERALL,home,derived_formation,MEDIUM,PIT_SAFE
mt_629493933,COMP_NEUTRAL,A_FMX_fmx_shots_inside_box_against_411680,fmx_shots_inside_box_against,shots_inside_box,AGAINST,FULL,OPP_FORMATION_CONDITIONED,4-2-3-1,11.2266,11.2266,0.3525,0.625,11.0133,0.2133,7,4,HIERARCHICAL,VENUE_OVERALL,home,derived_formation,MEDIUM,PIT_SAFE
mt_629493933,COMP_NEUTRAL,B_FC_fc_crosses_for_104034,fc_crosses_for,crosses,FOR,FULL,TEAM_FORMATION_CONDITIONED,,2.8571,2.8571,0.3239,0.4375,2.4092,0.4479,1,1,DIRECT,EXACT_FORMATION,away,derived_formation,LOW,PIT_SAFE
mt_629493933,COMP_NEUTRAL,B_FC_formation_delta_crosses_for_d5895c,formation_delta_crosses_for,crosses,FOR,FULL,TEAM_FORMATION_CONDITIONED,,-0.1429,-0.1429,-1.8456,0.0625,2.4092,-2.5521,1,1,DERIVED,EXACT_FORMATION,away,derived_formation,LOW,PIT_SAFE
mt_629493933,COMP_NEUTRAL,B_FC_fc_corners_for_af747b,fc_corners_for,corners,FOR,FULL,TEAM_FORMATION_CONDITIONED,,4.2041,4.2041,0.6102,0.6875,2.9966,1.2075,1,1,DIRECT,EXACT_FORMATION,away,derived_formation,LOW,PIT_SAFE
mt_629493933,COMP_NEUTRAL,B_FC_formation_delta_corners_for_87b540,formation_delta_corners_for,corners,FOR,FULL,TEAM_FORMATION_CONDITIONED,,-0.3673,-0.3673,-1.6999,0.0625,2.9966,-3.3639,1,1,DERIVED,EXACT_FORMATION,away,derived_formation,LOW,PIT_SAFE
mt_629493933,COMP_NEUTRAL,B_FC_fc_corners_against_164a68,fc_corners_against,corners,AGAINST,FULL,TEAM_FORMATION_CONDITIONED,,7.4082,7.4082,0.4446,0.4375,5.888,1.5202,1,1,DIRECT,EXACT_FORMATION,away,derived_formation,LOW,PIT_SAFE
mt_629493933,COMP_NEUTRAL,B_FC_formation_delta_corners_against_a54dcb,formation_delta_corners_against,corners,AGAINST,FULL,TEAM_FORMATION_CONDITIONED,,0.2653,0.2653,-1.6443,0.1875,5.888,-5.6227,1,1,DERIVED,EXACT_FORMATION,away,derived_formation,LOW,PIT_SAFE
mt_629493933,COMP_NEUTRAL,B_FC_fc_touches_in_box_for_0b925e,fc_touches_in_box_for,touches_in_box,FOR,FULL,TEAM_FORMATION_CONDITIONED,,15.3469,15.3469,0.068,0.3125,14.7422,0.6047,1,1,DIRECT,EXACT_FORMATION,away,derived_formation,LOW,PIT_SAFE
mt_629493933,COMP_NEUTRAL,B_FC_formation_delta_touches_in_box_for_9ae97e,formation_delta_touches_in_box_for,touches_in_box,FOR,FULL,TEAM_FORMATION_CONDITIONED,,-1.2245,-1.2245,-1.796,0.0625,14.7422,-15.9667,1,1,DERIVED,EXACT_FORMATION,away,derived_formation,LOW,PIT_SAFE
mt_629493933,COMP_NEUTRAL,B_FC_fc_total_shots_for_910d8a,fc_total_shots_for,total_shots,FOR,FULL,TEAM_FORMATION_CONDITIONED,,7.5918,7.5918,0.3706,0.4167,6.0117,1.5801,1,1,DIRECT,EXACT_FORMATION,away,derived_formation,LOW,PIT_SAFE
mt_629493933,COMP_NEUTRAL,B_FC_formation_delta_total_shots_for_07d9eb,formation_delta_total_shots_for,total_shots,FOR,FULL,TEAM_FORMATION_CONDITIONED,,-0.2653,-0.2653,-1.4721,0.0833,6.0117,-6.277,1,1,DERIVED,EXACT_FORMATION,away,derived_formation,LOW,PIT_SAFE
mt_629493933,COMP_NEUTRAL,B_FC_fc_possession_for_26ebeb,fc_possession_for,possession,FOR,FULL,TEAM_FORMATION_CONDITIONED,,37.8571,37.8571,0.5068,0.4167,27.7807,10.0764,1,1,DIRECT,EXACT_FORMATION,away,derived_formation,LOW,PIT_SAFE
mt_629493933,COMP_NEUTRAL,B_FC_formation_delta_possession_for_ffd635,formation_delta_possession_for,possession,FOR,FULL,TEAM_FORMATION_CONDITIONED,,-1.1429,-1.1429,-1.4547,0.0833,27.7807,-28.9236,1,1,DERIVED,EXACT_FORMATION,away,derived_formation,LOW,PIT_SAFE
mt_629493933,COMP_NEUTRAL,B_FC_fc_crosses_against_eaa2e9,fc_crosses_against,crosses,AGAINST,FULL,TEAM_FORMATION_CONDITIONED,,4.8776,4.8776,0.7271,0.8125,3.3766,1.501,1,1,DIRECT,EXACT_FORMATION,away,derived_formation,LOW,PIT_SAFE
mt_629493933,COMP_NEUTRAL,B_FC_formation_delta_crosses_against_21d459,formation_delta_crosses_against,crosses,AGAINST,FULL,TEAM_FORMATION_CONDITIONED,,0.0204,0.0204,-1.6259,0.1875,3.3766,-3.3562,1,1,DERIVED,EXACT_FORMATION,away,derived_formation,LOW,PIT_SAFE
mt_629493933,COMP_NEUTRAL,B_FC_fc_clearances_for_748e90,fc_clearances_for,clearances,FOR,FULL,TEAM_FORMATION_CONDITIONED,,28.3673,28.3673,0.7619,0.8125,19.6355,8.7318,1,1,DIRECT,EXACT_FORMATION,away,derived_formation,LOW,PIT_SAFE
mt_629493933,COMP_NEUTRAL,B_FC_formation_delta_clearances_for_bbd7b0,formation_delta_clearances_for,clearances,FOR,FULL,TEAM_FORMATION_CONDITIONED,,0.9388,0.9388,-1.6315,0.1875,19.6355,-18.6967,1,1,DERIVED,EXACT_FORMATION,away,derived_formation,LOW,PIT_SAFE
mt_629493933,COMP_NEUTRAL,B_FC_fc_blocked_shots_for_b67367,fc_blocked_shots_for,blocked_shots,FOR,FULL,TEAM_FORMATION_CONDITIONED,,1.6122,1.6122,-0.0696,0.3125,1.6872,-0.075,1,1,DIRECT,EXACT_FORMATION,away,derived_formation,LOW,PIT_SAFE
mt_629493933,COMP_NEUTRAL,B_FC_formation_delta_blocked_shots_for_d8f201,formation_delta_blocked_shots_for,blocked_shots,FOR,FULL,TEAM_FORMATION_CONDITIONED,,-0.102,-0.102,-1.66,0.0625,1.6872,-1.7892,1,1,DERIVED,EXACT_FORMATION,away,derived_formation,LOW,PIT_SAFE
mt_629493933,COMP_NEUTRAL,B_FMX_fmx_crosses_for_a3532b,fmx_crosses_for,crosses,FOR,FULL,OPP_FORMATION_CONDITIONED,4-4-1-1,3.8953,3.8953,1.0747,0.9375,2.4092,1.4861,7,4,HIERARCHICAL,VENUE_OVERALL,away,derived_formation,MEDIUM,PIT_SAFE
mt_629493933,COMP_NEUTRAL,B_FMX_fmx_crosses_against_ef8e87,fmx_crosses_against,crosses,AGAINST,FULL,OPP_FORMATION_CONDITIONED,4-4-1-1,5.0492,5.0492,0.8103,0.9375,3.3766,1.6726,7,4,HIERARCHICAL,VENUE_OVERALL,away,derived_formation,MEDIUM,PIT_SAFE
mt_629493933,COMP_NEUTRAL,B_FMX_fmx_corners_for_b71a02,fmx_corners_for,corners,FOR,FULL,OPP_FORMATION_CONDITIONED,4-4-1-1,5.5755,5.5755,1.3032,0.9375,2.9966,2.5789,7,4,HIERARCHICAL,VENUE_OVERALL,away,derived_formation,MEDIUM,PIT_SAFE
mt_629493933,COMP_NEUTRAL,B_FMX_fmx_corners_against_7b78fa,fmx_corners_against,corners,AGAINST,FULL,OPP_FORMATION_CONDITIONED,4-4-1-1,7.5535,7.5535,0.487,0.5625,5.888,1.6655,7,4,HIERARCHICAL,VENUE_OVERALL,away,derived_formation,MEDIUM,PIT_SAFE
mt_629493933,COMP_NEUTRAL,B_FMX_fmx_touches_in_box_for_b34691,fmx_touches_in_box_for,touches_in_box,FOR,FULL,OPP_FORMATION_CONDITIONED,4-4-1-1,22.0503,22.0503,0.822,0.8125,14.7422,7.3081,7,4,HIERARCHICAL,VENUE_OVERALL,away,derived_formation,MEDIUM,PIT_SAFE
mt_629493933,COMP_NEUTRAL,B_FMX_fmx_clearances_for_f1a89f,fmx_clearances_for,clearances,FOR,FULL,OPP_FORMATION_CONDITIONED,4-4-1-1,28.3969,28.3969,0.7645,0.9375,19.6355,8.7614,7,4,HIERARCHICAL,VENUE_OVERALL,away,derived_formation,MEDIUM,PIT_SAFE
mt_629493933,COMP_NEUTRAL,B_FMX_fmx_blocked_shots_for_cbc5b8,fmx_blocked_shots_for,blocked_shots,FOR,FULL,OPP_FORMATION_CONDITIONED,4-4-1-1,2.8981,2.8981,1.1234,0.9375,1.6872,1.2109,7,4,HIERARCHICAL,VENUE_OVERALL,away,derived_formation,MEDIUM,PIT_SAFE
mt_629493933,COMP_NEUTRAL,B_FMX_fmx_shots_inside_box_against_b2cde1,fmx_shots_inside_box_against,shots_inside_box,AGAINST,FULL,OPP_FORMATION_CONDITIONED,4-4-1-1,11.842,11.842,1.3696,0.875,11.0133,0.8287,7,4,HIERARCHICAL,VENUE_OVERALL,away,derived_formation,MEDIUM,PIT_SAFE
mt_408681608,COMP_NEUTRAL,A_ATK_crosses_for_e52006,crosses_for,crosses,FOR,FULL,UNCONDITIONED,TEAM_B,3.7286,3.7286,-0.1123,0.3125,4.0271,-0.2985,8,5,SHRUNK,VENUE_OVERALL,home,thestatsapi,MEDIUM,PIT_SAFE
mt_408681608,COMP_NEUTRAL,A_ATK_total_shots_for_0aeb15,total_shots_for,total_shots,FOR,FULL,UNCONDITIONED,TEAM_B,11.2143,11.2143,0.7535,0.75,7.4714,3.7429,8,5,SHRUNK,VENUE_OVERALL,home,thestatsapi,MEDIUM,PIT_SAFE
mt_408681608,COMP_NEUTRAL,A_ATK_shots_on_target_for_231c0a,shots_on_target_for,shots_on_target,FOR,FULL,UNCONDITIONED,TEAM_B,4.7714,4.7714,1.0,0.75,4.2367,0.5347,8,5,SHRUNK,VENUE_OVERALL,home,thestatsapi,MEDIUM,PIT_SAFE
mt_408681608,COMP_NEUTRAL,A_ATK_shots_inside_box_for_9be4fb,shots_inside_box_for,shots_inside_box,FOR,FULL,UNCONDITIONED,TEAM_B,7.6571,7.6571,-1.0,0.25,7.6988,-0.0417,8,5,SHRUNK,VENUE_OVERALL,home,thestatsapi,MEDIUM,PIT_SAFE
mt_408681608,COMP_NEUTRAL,A_ATK_touches_in_box_for_124693,touches_in_box_for,touches_in_box,FOR,FULL,UNCONDITIONED,TEAM_B,23.8429,23.8429,0.7013,0.6875,16.7822,7.0607,8,5,SHRUNK,VENUE_OVERALL,home,thestatsapi,MEDIUM,PIT_SAFE
mt_408681608,COMP_NEUTRAL,A_ATK_corners_for_40f897,corners_for,corners,FOR,FULL,UNCONDITIONED,TEAM_B,3.5286,3.5286,0.3257,0.3125,2.9656,0.563,8,5,SHRUNK,VENUE_OVERALL,home,thestatsapi,MEDIUM,PIT_SAFE
mt_408681608,COMP_NEUTRAL,A_ATK_possession_for_33117f,possession_for,possession,FOR,FULL,UNCONDITIONED,TEAM_B,53.2143,53.2143,0.8328,0.9167,33.4954,19.7189,8,5,SHRUNK,VENUE_OVERALL,home,thestatsapi,MEDIUM,PIT_SAFE
mt_408681608,COMP_NEUTRAL,A_ATK_throw_ins_for_0091be,throw_ins_for,throw_ins,FOR,FULL,UNCONDITIONED,TEAM_B,20.3857,20.3857,-1.0,0.25,20.7313,-0.3456,8,5,SHRUNK,VENUE_OVERALL,home,thestatsapi,MEDIUM,PIT_SAFE
mt_408681608,COMP_NEUTRAL,A_ATK_final_third_entries_for_0be125,final_third_entries_for,final_third_entries,FOR,FULL,UNCONDITIONED,TEAM_B,56.5429,56.5429,1.0,0.75,53.8821,2.6608,8,5,SHRUNK,VENUE_OVERALL,home,thestatsapi,MEDIUM,PIT_SAFE
mt_408681608,COMP_NEUTRAL,A_DEF_crosses_against_fc6291,crosses_against,crosses,AGAINST,FULL,UNCONDITIONED,TEAM_B,4.6857,4.6857,0.6743,0.6875,3.3352,1.3505,8,5,SHRUNK,VENUE_OVERALL,home,thestatsapi,MEDIUM,PIT_SAFE
mt_408681608,COMP_NEUTRAL,A_DEF_total_shots_against_05ae40,total_shots_against,total_shots,AGAINST,FULL,UNCONDITIONED,TEAM_B,10.4714,10.4714,-1.0,0.25,11.7501,-1.2787,8,5,SHRUNK,VENUE_OVERALL,home,thestatsapi,MEDIUM,PIT_SAFE
mt_408681608,COMP_NEUTRAL,A_DEF_shots_inside_box_against_6c443b,shots_inside_box_against,shots_inside_box,AGAINST,FULL,UNCONDITIONED,TEAM_B,7.0143,7.0143,-0.9534,0.375,7.4641,-0.4498,8,5,SHRUNK,VENUE_OVERALL,home,thestatsapi,MEDIUM,PIT_SAFE
mt_408681608,COMP_NEUTRAL,A_DEF_touches_in_box_against_9ad579,touches_in_box_against,touches_in_box,AGAINST,FULL,UNCONDITIONED,TEAM_B,20.2,20.2,-1.0,0.25,20.5519,-0.3519,8,5,SHRUNK,VENUE_OVERALL,home,thestatsapi,MEDIUM,PIT_SAFE
mt_408681608,COMP_NEUTRAL,A_DEF_corners_against_c9a3cb,corners_against,corners,AGAINST,FULL,UNCONDITIONED,TEAM_B,3.5,3.5,0.0519,0.4375,3.3939,0.1061,8,5,SHRUNK,VENUE_OVERALL,home,thestatsapi,MEDIUM,PIT_SAFE
mt_408681608,COMP_NEUTRAL,A_DEF_blocked_shots_for_6047f5,blocked_shots_for,blocked_shots,FOR,FULL,UNCONDITIONED,TEAM_B,2.4286,2.4286,0.4631,0.5625,1.9112,0.5174,8,5,SHRUNK,VENUE_OVERALL,home,thestatsapi,MEDIUM,PIT_SAFE
mt_408681608,COMP_NEUTRAL,A_DEF_clearances_for_e01797,clearances_for,clearances,FOR,FULL,UNCONDITIONED,TEAM_B,18.2714,18.2714,0.1112,0.4375,17.0984,1.173,8,5,SHRUNK,VENUE_OVERALL,home,thestatsapi,MEDIUM,PIT_SAFE
mt_408681608,COMP_NEUTRAL,A_DEF_interceptions_for_dc01fb,interceptions_for,interceptions,FOR,FULL,UNCONDITIONED,TEAM_B,8.1,8.1,-1.0,0.25,8.9443,-0.8443,8,5,SHRUNK,VENUE_OVERALL,home,thestatsapi,MEDIUM,PIT_SAFE
mt_408681608,COMP_NEUTRAL,A_DIS_fouls_for_689ecf,fouls_for,fouls,FOR,FULL,UNCONDITIONED,TEAM_B,11.2857,11.2857,-1.0,0.25,12.2053,-0.9196,8,5,SHRUNK,VENUE_OVERALL,home,thestatsapi,MEDIUM,PIT_SAFE
mt_408681608,COMP_NEUTRAL,A_DIS_tackles_for_f8059a,tackles_for,tackles,FOR,FULL,UNCONDITIONED,TEAM_B,14.6429,14.6429,-1.0,0.25,15.3166,-0.6738,8,5,SHRUNK,VENUE_OVERALL,home,thestatsapi,MEDIUM,PIT_SAFE
mt_408681608,COMP_NEUTRAL,A_DIS_yellow_cards_for_c90167,yellow_cards_for,yellow_cards,FOR,FULL,UNCONDITIONED,TEAM_B,2.3857,2.3857,-1.0,0.25,2.3899,-0.0042,8,5,SHRUNK,VENUE_OVERALL,home,thestatsapi,MEDIUM,PIT_SAFE
mt_408681608,COMP_NEUTRAL,A_DIS_fouls_against_2646d4,fouls_against,fouls,AGAINST,FULL,UNCONDITIONED,TEAM_B,13.3286,13.3286,1.0,0.75,13.0297,0.2989,8,5,SHRUNK,VENUE_OVERALL,home,thestatsapi,MEDIUM,PIT_SAFE
mt_408681608,COMP_NEUTRAL,B_ATK_crosses_for_91d77a,crosses_for,crosses,FOR,FULL,UNCONDITIONED,TEAM_A,6.6635,6.6635,0.9915,0.6875,4.0271,2.6364,7,4,SHRUNK,VENUE_OVERALL,away,thestatsapi,MEDIUM,PIT_SAFE
mt_408681608,COMP_NEUTRAL,B_ATK_total_shots_for_f6cd0c,total_shots_for,total_shots,FOR,FULL,UNCONDITIONED,TEAM_A,10.4327,10.4327,0.5962,0.4167,7.4714,2.9614,7,4,SHRUNK,VENUE_OVERALL,away,thestatsapi,MEDIUM,PIT_SAFE
mt_408681608,COMP_NEUTRAL,B_ATK_shots_on_target_for_c1761a,shots_on_target_for,shots_on_target,FOR,FULL,UNCONDITIONED,TEAM_A,3.7019,3.7019,-1.0,0.25,4.2367,-0.5347,7,4,SHRUNK,VENUE_OVERALL,away,thestatsapi,MEDIUM,PIT_SAFE
mt_408681608,COMP_NEUTRAL,B_ATK_shots_inside_box_for_f0f9f5,shots_inside_box_for,shots_inside_box,FOR,FULL,UNCONDITIONED,TEAM_A,7.7404,7.7404,1.0,0.75,7.6988,0.0416,7,4,SHRUNK,VENUE_OVERALL,away,thestatsapi,MEDIUM,PIT_SAFE
mt_408681608,COMP_NEUTRAL,B_ATK_touches_in_box_for_2609a1,touches_in_box_for,touches_in_box,FOR,FULL,UNCONDITIONED,TEAM_A,18.9423,18.9423,0.2145,0.3125,16.7822,2.1601,7,4,SHRUNK,VENUE_OVERALL,away,thestatsapi,MEDIUM,PIT_SAFE
mt_408681608,COMP_NEUTRAL,B_ATK_corners_for_eaa56f,corners_for,corners,FOR,FULL,UNCONDITIONED,TEAM_A,4.0,4.0,0.5985,0.6875,2.9656,1.0344,7,4,SHRUNK,VENUE_OVERALL,away,thestatsapi,MEDIUM,PIT_SAFE
mt_408681608,COMP_NEUTRAL,B_ATK_possession_for_91c2dd,possession_for,possession,FOR,FULL,UNCONDITIONED,TEAM_A,46.9135,46.9135,0.5667,0.4167,33.4954,13.4181,7,4,SHRUNK,VENUE_OVERALL,away,thestatsapi,MEDIUM,PIT_SAFE
mt_408681608,COMP_NEUTRAL,B_ATK_throw_ins_for_44da9b,throw_ins_for,throw_ins,FOR,FULL,UNCONDITIONED,TEAM_A,21.0769,21.0769,1.0,0.75,20.7313,0.3456,7,4,SHRUNK,VENUE_OVERALL,away,thestatsapi,MEDIUM,PIT_SAFE
mt_408681608,COMP_NEUTRAL,B_ATK_final_third_entries_for_a34bb6,final_third_entries_for,final_third_entries,FOR,FULL,UNCONDITIONED,TEAM_A,51.2212,51.2212,-1.0,0.25,53.8821,-2.6609,7,4,SHRUNK,VENUE_OVERALL,away,thestatsapi,MEDIUM,PIT_SAFE
mt_408681608,COMP_NEUTRAL,B_DEF_crosses_against_e4376b,crosses_against,crosses,AGAINST,FULL,UNCONDITIONED,TEAM_A,4.1058,4.1058,0.3848,0.4375,3.3352,0.7707,7,4,SHRUNK,VENUE_OVERALL,away,thestatsapi,MEDIUM,PIT_SAFE
mt_408681608,COMP_NEUTRAL,B_DEF_total_shots_against_d7fe9f,total_shots_against,total_shots,AGAINST,FULL,UNCONDITIONED,TEAM_A,13.0288,13.0288,1.0,0.75,11.7501,1.2787,7,4,SHRUNK,VENUE_OVERALL,away,thestatsapi,MEDIUM,PIT_SAFE
mt_408681608,COMP_NEUTRAL,B_DEF_shots_inside_box_against_db04e5,shots_inside_box_against,shots_inside_box,AGAINST,FULL,UNCONDITIONED,TEAM_A,6.9712,6.9712,-1.0448,0.125,7.4641,-0.4929,7,4,SHRUNK,VENUE_OVERALL,away,thestatsapi,MEDIUM,PIT_SAFE
mt_408681608,COMP_NEUTRAL,B_DEF_touches_in_box_against_401d12,touches_in_box_against,touches_in_box,AGAINST,FULL,UNCONDITIONED,TEAM_A,20.9038,20.9038,1.0,0.75,20.5519,0.3519,7,4,SHRUNK,VENUE_OVERALL,away,thestatsapi,MEDIUM,PIT_SAFE
mt_408681608,COMP_NEUTRAL,B_DEF_corners_against_5c309d,corners_against,corners,AGAINST,FULL,UNCONDITIONED,TEAM_A,5.2115,5.2115,0.8894,0.8125,3.3939,1.8176,7,4,SHRUNK,VENUE_OVERALL,away,thestatsapi,MEDIUM,PIT_SAFE
mt_408681608,COMP_NEUTRAL,B_DEF_blocked_shots_for_560e4e,blocked_shots_for,blocked_shots,FOR,FULL,UNCONDITIONED,TEAM_A,2.4231,2.4231,0.4582,0.4375,1.9112,0.5119,7,4,SHRUNK,VENUE_OVERALL,away,thestatsapi,MEDIUM,PIT_SAFE
mt_408681608,COMP_NEUTRAL,B_DEF_clearances_for_0cdf2c,clearances_for,clearances,FOR,FULL,UNCONDITIONED,TEAM_A,25.5288,25.5288,0.7991,0.6875,17.0984,8.4304,7,4,SHRUNK,VENUE_OVERALL,away,thestatsapi,MEDIUM,PIT_SAFE
mt_408681608,COMP_NEUTRAL,B_DEF_interceptions_for_1944fd,interceptions_for,interceptions,FOR,FULL,UNCONDITIONED,TEAM_A,9.7885,9.7885,1.0,0.75,8.9443,0.8443,7,4,SHRUNK,VENUE_OVERALL,away,thestatsapi,MEDIUM,PIT_SAFE
mt_408681608,COMP_NEUTRAL,B_DIS_fouls_for_b3f195,fouls_for,fouls,FOR,FULL,UNCONDITIONED,TEAM_A,13.125,13.125,1.0,0.75,12.2053,0.9197,7,4,SHRUNK,VENUE_OVERALL,away,thestatsapi,MEDIUM,PIT_SAFE
mt_408681608,COMP_NEUTRAL,B_DIS_tackles_for_a1bace,tackles_for,tackles,FOR,FULL,UNCONDITIONED,TEAM_A,15.9904,15.9904,1.0,0.75,15.3166,0.6738,7,4,SHRUNK,VENUE_OVERALL,away,thestatsapi,MEDIUM,PIT_SAFE
mt_408681608,COMP_NEUTRAL,B_DIS_yellow_cards_for_24bab9,yellow_cards_for,yellow_cards,FOR,FULL,UNCONDITIONED,TEAM_A,2.3942,2.3942,1.0,0.75,2.3899,0.0043,7,4,SHRUNK,VENUE_OVERALL,away,thestatsapi,MEDIUM,PIT_SAFE
mt_408681608,COMP_NEUTRAL,B_DIS_fouls_against_37a03a,fouls_against,fouls,AGAINST,FULL,UNCONDITIONED,TEAM_A,12.7308,12.7308,-1.0,0.25,13.0297,-0.2989,7,4,SHRUNK,VENUE_OVERALL,away,thestatsapi,MEDIUM,PIT_SAFE
mt_408681608,COMP_NEUTRAL,ENV_corners_833431,league_corners_env,league_corners_env,NEUTRAL,FULL,UNCONDITIONED,,9.3893,9.3893,,0.5,9.3893,0.0,0,0,DIRECT,COMPETITION_PRIOR,,derived,HIGH,PIT_SAFE
mt_408681608,COMP_NEUTRAL,ENV_total_shots_f591fb,league_total_shots_env,league_total_shots_env,NEUTRAL,FULL,UNCONDITIONED,,23.4832,23.4832,,0.5,23.4832,0.0,0,0,DIRECT,COMPETITION_PRIOR,,derived,HIGH,PIT_SAFE
mt_408681608,COMP_NEUTRAL,ENV_fouls_1df8c9,league_fouls_env,league_fouls_env,NEUTRAL,FULL,UNCONDITIONED,,25.2081,25.2081,,0.5,25.2081,0.0,0,0,DIRECT,COMPETITION_PRIOR,,derived,HIGH,PIT_SAFE
mt_408681608,COMP_NEUTRAL,ENV_yellow_cards_fba5e7,league_yellow_cards_env,league_yellow_cards_env,NEUTRAL,FULL,UNCONDITIONED,,4.9444,4.9444,,0.5,4.9444,0.0,0,0,DIRECT,COMPETITION_PRIOR,,derived,HIGH,PIT_SAFE
mt_408681608,COMP_NEUTRAL,A_FC_fc_crosses_for_069499,fc_crosses_for,crosses,FOR,FULL,TEAM_FORMATION_CONDITIONED,,3.875,3.875,-0.0572,0.4375,4.0271,-0.1521,0,0,SHRUNK,TEAM_BASELINE,home,derived_formation,LOW,PIT_SAFE
mt_408681608,COMP_NEUTRAL,A_FC_formation_delta_crosses_for_3a86f8,formation_delta_crosses_for,crosses,FOR,FULL,TEAM_FORMATION_CONDITIONED,,0.0,0.0,-1.5145,0.1875,4.0271,-4.0271,0,0,DERIVED,TEAM_BASELINE,home,derived_formation,LOW,PIT_SAFE
mt_408681608,COMP_NEUTRAL,A_FC_fc_corners_for_547bb6,fc_corners_for,corners,FOR,FULL,TEAM_FORMATION_CONDITIONED,,3.625,3.625,0.3815,0.4375,2.9656,0.6594,0,0,SHRUNK,TEAM_BASELINE,home,derived_formation,LOW,PIT_SAFE
mt_408681608,COMP_NEUTRAL,A_FC_formation_delta_corners_for_40042a,formation_delta_corners_for,corners,FOR,FULL,TEAM_FORMATION_CONDITIONED,,0.0,0.0,-1.7158,0.0625,2.9656,-2.9656,0,0,DERIVED,TEAM_BASELINE,home,derived_formation,LOW,PIT_SAFE
mt_408681608,COMP_NEUTRAL,A_FC_fc_corners_against_9761b5,fc_corners_against,corners,AGAINST,FULL,TEAM_FORMATION_CONDITIONED,,3.125,3.125,-0.1316,0.3125,3.3939,-0.2689,0,0,SHRUNK,TEAM_BASELINE,home,derived_formation,LOW,PIT_SAFE
mt_408681608,COMP_NEUTRAL,A_FC_formation_delta_corners_against_54c6ba,formation_delta_corners_against,corners,AGAINST,FULL,TEAM_FORMATION_CONDITIONED,,0.0,0.0,-1.6608,0.0625,3.3939,-3.3939,0,0,DERIVED,TEAM_BASELINE,home,derived_formation,LOW,PIT_SAFE
mt_408681608,COMP_NEUTRAL,A_FC_fc_touches_in_box_for_b40e2a,fc_touches_in_box_for,touches_in_box,FOR,FULL,TEAM_FORMATION_CONDITIONED,,24.375,24.375,0.7541,0.8125,16.7822,7.5928,0,0,SHRUNK,TEAM_BASELINE,home,derived_formation,LOW,PIT_SAFE
mt_408681608,COMP_NEUTRAL,A_FC_formation_delta_touches_in_box_for_50feb8,formation_delta_touches_in_box_for,touches_in_box,FOR,FULL,TEAM_FORMATION_CONDITIONED,,0.0,0.0,-1.6668,0.1875,16.7822,-16.7822,0,0,DERIVED,TEAM_BASELINE,home,derived_formation,LOW,PIT_SAFE
mt_408681608,COMP_NEUTRAL,A_FC_fc_total_shots_for_6fa0e0,fc_total_shots_for,total_shots,FOR,FULL,TEAM_FORMATION_CONDITIONED,,10.875,10.875,0.6852,0.5833,7.4714,3.4036,0,0,SHRUNK,TEAM_BASELINE,home,derived_formation,LOW,PIT_SAFE
mt_408681608,COMP_NEUTRAL,A_FC_formation_delta_total_shots_for_eca2ac,formation_delta_total_shots_for,total_shots,FOR,FULL,TEAM_FORMATION_CONDITIONED,,0.0,0.0,-1.5041,0.0833,7.4714,-7.4714,0,0,DERIVED,TEAM_BASELINE,home,derived_formation,LOW,PIT_SAFE
mt_408681608,COMP_NEUTRAL,A_FC_fc_possession_for_0ef406,fc_possession_for,possession,FOR,FULL,TEAM_FORMATION_CONDITIONED,,52.375,52.375,0.7973,0.75,33.4954,18.8796,0,0,SHRUNK,TEAM_BASELINE,home,derived_formation,LOW,PIT_SAFE
mt_408681608,COMP_NEUTRAL,A_FC_formation_delta_possession_for_8c3ae2,formation_delta_possession_for,possession,FOR,FULL,TEAM_FORMATION_CONDITIONED,,0.0,0.0,-1.4146,0.0833,33.4954,-33.4954,0,0,DERIVED,TEAM_BASELINE,home,derived_formation,LOW,PIT_SAFE
mt_408681608,COMP_NEUTRAL,A_FC_fc_crosses_against_9eb05e,fc_crosses_against,crosses,AGAINST,FULL,TEAM_FORMATION_CONDITIONED,,4.25,4.25,0.4568,0.5625,3.3352,0.9148,0,0,SHRUNK,TEAM_BASELINE,home,derived_formation,LOW,PIT_SAFE
mt_408681608,COMP_NEUTRAL,A_FC_formation_delta_crosses_against_3d0b70,formation_delta_crosses_against,crosses,AGAINST,FULL,TEAM_FORMATION_CONDITIONED,,0.0,0.0,-1.6652,0.1875,3.3352,-3.3352,0,0,DERIVED,TEAM_BASELINE,home,derived_formation,LOW,PIT_SAFE
mt_408681608,COMP_NEUTRAL,A_FC_fc_clearances_for_991406,fc_clearances_for,clearances,FOR,FULL,TEAM_FORMATION_CONDITIONED,,18.125,18.125,0.0973,0.3125,17.0984,1.0266,0,0,SHRUNK,TEAM_BASELINE,home,derived_formation,LOW,PIT_SAFE
mt_408681608,COMP_NEUTRAL,A_FC_formation_delta_clearances_for_1a7249,formation_delta_clearances_for,clearances,FOR,FULL,TEAM_FORMATION_CONDITIONED,,0.0,0.0,-1.6207,0.1875,17.0984,-17.0984,0,0,DERIVED,TEAM_BASELINE,home,derived_formation,LOW,PIT_SAFE
mt_408681608,COMP_NEUTRAL,A_FC_fc_blocked_shots_for_ff8ab9,fc_blocked_shots_for,blocked_shots,FOR,FULL,TEAM_FORMATION_CONDITIONED,,2.0,2.0,0.0795,0.3125,1.9112,0.0888,0,0,SHRUNK,TEAM_BASELINE,home,derived_formation,LOW,PIT_SAFE
mt_408681608,COMP_NEUTRAL,A_FC_formation_delta_blocked_shots_for_4eae7e,formation_delta_blocked_shots_for,blocked_shots,FOR,FULL,TEAM_FORMATION_CONDITIONED,,0.0,0.0,-1.7107,0.0625,1.9112,-1.9112,0,0,DERIVED,TEAM_BASELINE,home,derived_formation,LOW,PIT_SAFE
mt_408681608,COMP_NEUTRAL,A_FMX_fmx_crosses_for_9fc078,fmx_crosses_for,crosses,FOR,FULL,OPP_FORMATION_CONDITIONED,4-4-2,4.3749,4.3749,0.1308,0.5625,4.0271,0.3478,8,5,HIERARCHICAL,VENUE_OVERALL,home,derived_formation,MEDIUM,PIT_SAFE
mt_408681608,COMP_NEUTRAL,A_FMX_fmx_crosses_against_8c0f39,fmx_crosses_against,crosses,AGAINST,FULL,OPP_FORMATION_CONDITIONED,4-4-2,5.1198,5.1198,0.8911,0.9375,3.3352,1.7846,8,5,HIERARCHICAL,VENUE_OVERALL,home,derived_formation,MEDIUM,PIT_SAFE
mt_408681608,COMP_NEUTRAL,A_FMX_fmx_corners_for_448e83,fmx_corners_for,corners,FOR,FULL,OPP_FORMATION_CONDITIONED,4-4-2,4.262,4.262,0.75,0.8125,2.9656,1.2964,8,5,HIERARCHICAL,VENUE_OVERALL,home,derived_formation,MEDIUM,PIT_SAFE
mt_408681608,COMP_NEUTRAL,A_FMX_fmx_corners_against_c9433b,fmx_corners_against,corners,AGAINST,FULL,OPP_FORMATION_CONDITIONED,4-4-2,4.1599,4.1599,0.3748,0.5625,3.3939,0.766,8,5,HIERARCHICAL,VENUE_OVERALL,home,derived_formation,MEDIUM,PIT_SAFE
mt_408681608,COMP_NEUTRAL,A_FMX_fmx_touches_in_box_for_293ae5,fmx_touches_in_box_for,touches_in_box,FOR,FULL,OPP_FORMATION_CONDITIONED,4-4-2,26.2977,26.2977,0.9451,0.9375,16.7822,9.5155,8,5,HIERARCHICAL,VENUE_OVERALL,home,derived_formation,MEDIUM,PIT_SAFE
mt_408681608,COMP_NEUTRAL,A_FMX_fmx_clearances_for_f7d2c8,fmx_clearances_for,clearances,FOR,FULL,OPP_FORMATION_CONDITIONED,4-4-2,21.029,21.029,0.3726,0.5625,17.0984,3.9306,8,5,HIERARCHICAL,VENUE_OVERALL,home,derived_formation,MEDIUM,PIT_SAFE
mt_408681608,COMP_NEUTRAL,A_FMX_fmx_blocked_shots_for_0affc4,fmx_blocked_shots_for,blocked_shots,FOR,FULL,OPP_FORMATION_CONDITIONED,4-4-2,2.8222,2.8222,0.8154,0.8125,1.9112,0.911,8,5,HIERARCHICAL,VENUE_OVERALL,home,derived_formation,MEDIUM,PIT_SAFE
mt_408681608,COMP_NEUTRAL,A_FMX_fmx_shots_inside_box_against_53a671,fmx_shots_inside_box_against,shots_inside_box,AGAINST,FULL,OPP_FORMATION_CONDITIONED,4-4-2,7.9173,7.9173,0.9607,0.625,7.4641,0.4532,8,5,HIERARCHICAL,VENUE_OVERALL,home,derived_formation,MEDIUM,PIT_SAFE
mt_408681608,COMP_NEUTRAL,B_FC_fc_crosses_for_8ce304,fc_crosses_for,crosses,FOR,FULL,TEAM_FORMATION_CONDITIONED,,6.7347,6.7347,1.0182,0.8125,4.0271,2.7076,1,1,DIRECT,EXACT_FORMATION,away,derived_formation,LOW,PIT_SAFE
mt_408681608,COMP_NEUTRAL,B_FC_formation_delta_crosses_for_c721b1,formation_delta_crosses_for,crosses,FOR,FULL,TEAM_FORMATION_CONDITIONED,,-0.1224,-0.1224,-1.5605,0.0625,4.0271,-4.1495,1,1,DERIVED,EXACT_FORMATION,away,derived_formation,LOW,PIT_SAFE
mt_408681608,COMP_NEUTRAL,B_FC_fc_corners_for_a432a2,fc_corners_for,corners,FOR,FULL,TEAM_FORMATION_CONDITIONED,,3.6327,3.6327,0.386,0.5625,2.9656,0.6671,1,1,DIRECT,EXACT_FORMATION,away,derived_formation,LOW,PIT_SAFE
mt_408681608,COMP_NEUTRAL,B_FC_formation_delta_corners_for_96b5e7,formation_delta_corners_for,corners,FOR,FULL,TEAM_FORMATION_CONDITIONED,,0.0612,0.0612,-1.6804,0.1875,2.9656,-2.9044,1,1,DERIVED,EXACT_FORMATION,away,derived_formation,LOW,PIT_SAFE
mt_408681608,COMP_NEUTRAL,B_FC_fc_corners_against_90e51e,fc_corners_against,corners,AGAINST,FULL,TEAM_FORMATION_CONDITIONED,,5.1633,5.1633,0.8658,0.6875,3.3939,1.7694,1,1,DIRECT,EXACT_FORMATION,away,derived_formation,LOW,PIT_SAFE
mt_408681608,COMP_NEUTRAL,B_FC_formation_delta_corners_against_bb4b81,formation_delta_corners_against,corners,AGAINST,FULL,TEAM_FORMATION_CONDITIONED,,0.3061,0.3061,-1.511,0.1875,3.3939,-3.0878,1,1,DERIVED,EXACT_FORMATION,away,derived_formation,LOW,PIT_SAFE
mt_408681608,COMP_NEUTRAL,B_FC_fc_touches_in_box_for_fafa52,fc_touches_in_box_for,touches_in_box,FOR,FULL,TEAM_FORMATION_CONDITIONED,,19.0816,19.0816,0.2284,0.4375,16.7822,2.2994,1,1,DIRECT,EXACT_FORMATION,away,derived_formation,LOW,PIT_SAFE
mt_408681608,COMP_NEUTRAL,B_FC_formation_delta_touches_in_box_for_9f5458,formation_delta_touches_in_box_for,touches_in_box,FOR,FULL,TEAM_FORMATION_CONDITIONED,,-0.3469,-0.3469,-1.7013,0.0625,16.7822,-17.1291,1,1,DERIVED,EXACT_FORMATION,away,derived_formation,LOW,PIT_SAFE
mt_408681608,COMP_NEUTRAL,B_FC_fc_total_shots_for_4aed6d,fc_total_shots_for,total_shots,FOR,FULL,TEAM_FORMATION_CONDITIONED,,11.3673,11.3673,0.7843,0.9167,7.4714,3.896,1,1,DIRECT,EXACT_FORMATION,away,derived_formation,LOW,PIT_SAFE
mt_408681608,COMP_NEUTRAL,B_FC_formation_delta_total_shots_for_ad55e6,formation_delta_total_shots_for,total_shots,FOR,FULL,TEAM_FORMATION_CONDITIONED,,0.9388,0.9388,-1.3151,0.25,7.4714,-6.5326,1,1,DERIVED,EXACT_FORMATION,away,derived_formation,LOW,PIT_SAFE
mt_408681608,COMP_NEUTRAL,B_FC_fc_possession_for_449afe,fc_possession_for,possession,FOR,FULL,TEAM_FORMATION_CONDITIONED,,48.1633,48.1633,0.6195,0.5833,33.4954,14.6679,1,1,DIRECT,EXACT_FORMATION,away,derived_formation,LOW,PIT_SAFE
mt_408681608,COMP_NEUTRAL,B_FC_formation_delta_possession_for_5d0888,formation_delta_possession_for,possession,FOR,FULL,TEAM_FORMATION_CONDITIONED,,0.3061,0.3061,-1.4017,0.25,33.4954,-33.1893,1,1,DERIVED,EXACT_FORMATION,away,derived_formation,LOW,PIT_SAFE
mt_408681608,COMP_NEUTRAL,B_FC_fc_crosses_against_8485f5,fc_crosses_against,crosses,AGAINST,FULL,TEAM_FORMATION_CONDITIONED,,3.9796,3.9796,0.3218,0.3125,3.3352,0.6444,1,1,DIRECT,EXACT_FORMATION,away,derived_formation,LOW,PIT_SAFE
mt_408681608,COMP_NEUTRAL,B_FC_formation_delta_crosses_against_fdcc50,formation_delta_crosses_against,crosses,AGAINST,FULL,TEAM_FORMATION_CONDITIONED,,-0.1633,-0.1633,-1.7468,0.0625,3.3352,-3.4985,1,1,DERIVED,EXACT_FORMATION,away,derived_formation,LOW,PIT_SAFE
mt_408681608,COMP_NEUTRAL,B_FC_fc_clearances_for_c2841a,fc_clearances_for,clearances,FOR,FULL,TEAM_FORMATION_CONDITIONED,,26.5714,26.5714,0.8979,0.8125,17.0984,9.473,1,1,DIRECT,EXACT_FORMATION,away,derived_formation,LOW,PIT_SAFE
mt_408681608,COMP_NEUTRAL,B_FC_formation_delta_clearances_for_3b3250,formation_delta_clearances_for,clearances,FOR,FULL,TEAM_FORMATION_CONDITIONED,,-0.4286,-0.4286,-1.6613,0.0625,17.0984,-17.527,1,1,DERIVED,EXACT_FORMATION,away,derived_formation,LOW,PIT_SAFE
mt_408681608,COMP_NEUTRAL,B_FC_fc_blocked_shots_for_d9f17c,fc_blocked_shots_for,blocked_shots,FOR,FULL,TEAM_FORMATION_CONDITIONED,,2.6327,2.6327,0.6458,0.6875,1.9112,0.7215,1,1,DIRECT,EXACT_FORMATION,away,derived_formation,LOW,PIT_SAFE
mt_408681608,COMP_NEUTRAL,B_FC_formation_delta_blocked_shots_for_2d6929,formation_delta_blocked_shots_for,blocked_shots,FOR,FULL,TEAM_FORMATION_CONDITIONED,,0.0612,0.0612,-1.6559,0.1875,1.9112,-1.85,1,1,DERIVED,EXACT_FORMATION,away,derived_formation,LOW,PIT_SAFE
mt_408681608,COMP_NEUTRAL,B_FMX_fmx_crosses_for_bfed6e,fmx_crosses_for,crosses,FOR,FULL,OPP_FORMATION_CONDITIONED,3-4-3,6.9624,6.9624,1.1039,0.9375,4.0271,2.9353,7,4,HIERARCHICAL,VENUE_OVERALL,away,derived_formation,MEDIUM,PIT_SAFE
mt_408681608,COMP_NEUTRAL,B_FMX_fmx_crosses_against_95df89,fmx_crosses_against,crosses,AGAINST,FULL,OPP_FORMATION_CONDITIONED,3-4-3,4.7036,4.7036,0.6833,0.8125,3.3352,1.3684,7,4,HIERARCHICAL,VENUE_OVERALL,away,derived_formation,MEDIUM,PIT_SAFE
mt_408681608,COMP_NEUTRAL,B_FMX_fmx_corners_for_aef7b9,fmx_corners_for,corners,FOR,FULL,OPP_FORMATION_CONDITIONED,3-4-3,4.6154,4.6154,0.9545,0.9375,2.9656,1.6498,7,4,HIERARCHICAL,VENUE_OVERALL,away,derived_formation,MEDIUM,PIT_SAFE
mt_408681608,COMP_NEUTRAL,B_FMX_fmx_corners_against_a355b1,fmx_corners_against,corners,AGAINST,FULL,OPP_FORMATION_CONDITIONED,3-4-3,5.6854,5.6854,1.1213,0.9375,3.3939,2.2915,7,4,HIERARCHICAL,VENUE_OVERALL,away,derived_formation,MEDIUM,PIT_SAFE
mt_408681608,COMP_NEUTRAL,B_FMX_fmx_touches_in_box_for_0bc89d,fmx_touches_in_box_for,touches_in_box,FOR,FULL,OPP_FORMATION_CONDITIONED,3-4-3,22.0648,22.0648,0.5247,0.5625,16.7822,5.2826,7,4,HIERARCHICAL,VENUE_OVERALL,away,derived_formation,MEDIUM,PIT_SAFE
mt_408681608,COMP_NEUTRAL,B_FMX_fmx_clearances_for_6cbbf2,fmx_clearances_for,clearances,FOR,FULL,OPP_FORMATION_CONDITIONED,3-4-3,27.6906,27.6906,1.004,0.9375,17.0984,10.5922,7,4,HIERARCHICAL,VENUE_OVERALL,away,derived_formation,MEDIUM,PIT_SAFE
mt_408681608,COMP_NEUTRAL,B_FMX_fmx_blocked_shots_for_40c503,fmx_blocked_shots_for,blocked_shots,FOR,FULL,OPP_FORMATION_CONDITIONED,3-4-3,2.9221,2.9221,0.9048,0.9375,1.9112,1.0109,7,4,HIERARCHICAL,VENUE_OVERALL,away,derived_formation,MEDIUM,PIT_SAFE
mt_408681608,COMP_NEUTRAL,B_FMX_fmx_shots_inside_box_against_dd91bc,fmx_shots_inside_box_against,shots_inside_box,AGAINST,FULL,OPP_FORMATION_CONDITIONED,3-4-3,7.9535,7.9535,1.0375,0.875,7.4641,0.4894,7,4,HIERARCHICAL,VENUE_OVERALL,away,derived_formation,MEDIUM,PIT_SAFE
mt_629312415,COMP_NEUTRAL,A_ATK_crosses_for_07f619,crosses_for,crosses,FOR,FULL,UNCONDITIONED,TEAM_B,5.4308,5.4308,0.4894,0.6875,4.3089,1.1219,7,4,SHRUNK,VENUE_OVERALL,home,thestatsapi,MEDIUM,PIT_SAFE
mt_629312415,COMP_NEUTRAL,A_ATK_total_shots_for_8dc19c,total_shots_for,total_shots,FOR,FULL,UNCONDITIONED,TEAM_B,10.0,10.0,0.2383,0.4167,8.4834,1.5166,7,4,SHRUNK,VENUE_OVERALL,home,thestatsapi,MEDIUM,PIT_SAFE
mt_629312415,COMP_NEUTRAL,A_ATK_shots_on_target_for_a309f9,shots_on_target_for,shots_on_target,FOR,FULL,UNCONDITIONED,TEAM_B,2.7538,2.7538,-1.0,0.25,3.8157,-1.0619,7,4,SHRUNK,VENUE_OVERALL,home,thestatsapi,MEDIUM,PIT_SAFE
mt_629312415,COMP_NEUTRAL,A_ATK_shots_inside_box_for_d77903,shots_inside_box_for,shots_inside_box,FOR,FULL,UNCONDITIONED,TEAM_B,6.2,6.2,-1.0,0.25,7.5388,-1.3388,7,4,SHRUNK,VENUE_OVERALL,home,thestatsapi,MEDIUM,PIT_SAFE
mt_629312415,COMP_NEUTRAL,A_ATK_touches_in_box_for_f8b9be,touches_in_box_for,touches_in_box,FOR,FULL,UNCONDITIONED,TEAM_B,16.2154,16.2154,0.0731,0.3125,15.5373,0.6781,7,4,SHRUNK,VENUE_OVERALL,home,thestatsapi,MEDIUM,PIT_SAFE
mt_629312415,COMP_NEUTRAL,A_ATK_corners_for_481eb7,corners_for,corners,FOR,FULL,UNCONDITIONED,TEAM_B,4.7077,4.7077,0.5286,0.5625,3.5798,1.1279,7,4,SHRUNK,VENUE_OVERALL,home,thestatsapi,MEDIUM,PIT_SAFE
mt_629312415,COMP_NEUTRAL,A_ATK_possession_for_835d45,possession_for,possession,FOR,FULL,UNCONDITIONED,TEAM_B,40.6154,40.6154,0.3708,0.4167,32.1026,8.5129,7,4,SHRUNK,VENUE_OVERALL,home,thestatsapi,MEDIUM,PIT_SAFE
mt_629312415,COMP_NEUTRAL,A_ATK_throw_ins_for_3fdf45,throw_ins_for,throw_ins,FOR,FULL,UNCONDITIONED,TEAM_B,17.6154,17.6154,-1.0,0.25,18.3485,-0.7331,7,4,SHRUNK,VENUE_OVERALL,home,thestatsapi,MEDIUM,PIT_SAFE
mt_629312415,COMP_NEUTRAL,A_ATK_final_third_entries_for_dffbdd,final_third_entries_for,final_third_entries,FOR,FULL,UNCONDITIONED,TEAM_B,51.2,51.2,-1.0,0.25,52.8092,-1.6092,7,4,SHRUNK,VENUE_OVERALL,home,thestatsapi,MEDIUM,PIT_SAFE
mt_629312415,COMP_NEUTRAL,A_DEF_crosses_against_addef1,crosses_against,crosses,AGAINST,FULL,UNCONDITIONED,TEAM_B,5.6769,5.6769,0.6828,0.8125,3.9589,1.718,7,4,SHRUNK,VENUE_OVERALL,home,thestatsapi,MEDIUM,PIT_SAFE
mt_629312415,COMP_NEUTRAL,A_DEF_total_shots_against_769d5d,total_shots_against,total_shots,AGAINST,FULL,UNCONDITIONED,TEAM_B,13.9538,13.9538,1.0,0.75,13.4616,0.4922,7,4,SHRUNK,VENUE_OVERALL,home,thestatsapi,MEDIUM,PIT_SAFE
mt_629312415,COMP_NEUTRAL,A_DEF_shots_inside_box_against_bc73dc,shots_inside_box_against,shots_inside_box,AGAINST,FULL,UNCONDITIONED,TEAM_B,9.9385,9.9385,-0.0889,0.375,9.9853,-0.0468,7,4,SHRUNK,VENUE_OVERALL,home,thestatsapi,MEDIUM,PIT_SAFE
mt_629312415,COMP_NEUTRAL,A_DEF_touches_in_box_against_552de0,touches_in_box_against,touches_in_box,AGAINST,FULL,UNCONDITIONED,TEAM_B,25.6154,25.6154,1.0,0.75,24.5118,1.1036,7,4,SHRUNK,VENUE_OVERALL,home,thestatsapi,MEDIUM,PIT_SAFE
mt_629312415,COMP_NEUTRAL,A_DEF_corners_against_27bb59,corners_against,corners,AGAINST,FULL,UNCONDITIONED,TEAM_B,4.9692,4.9692,0.624,0.6875,3.6157,1.3535,7,4,SHRUNK,VENUE_OVERALL,home,thestatsapi,MEDIUM,PIT_SAFE
mt_629312415,COMP_NEUTRAL,A_DEF_blocked_shots_for_8ab832,blocked_shots_for,blocked_shots,FOR,FULL,UNCONDITIONED,TEAM_B,2.2,2.2,-0.1846,0.3125,2.4758,-0.2758,7,4,SHRUNK,VENUE_OVERALL,home,thestatsapi,MEDIUM,PIT_SAFE
mt_629312415,COMP_NEUTRAL,A_DEF_clearances_for_96a8dc,clearances_for,clearances,FOR,FULL,UNCONDITIONED,TEAM_B,20.7077,20.7077,0.6409,0.6875,14.9104,5.7973,7,4,SHRUNK,VENUE_OVERALL,home,thestatsapi,MEDIUM,PIT_SAFE
mt_629312415,COMP_NEUTRAL,A_DEF_interceptions_for_37ec30,interceptions_for,interceptions,FOR,FULL,UNCONDITIONED,TEAM_B,9.3846,9.3846,1.0,0.75,8.575,0.8096,7,4,SHRUNK,VENUE_OVERALL,home,thestatsapi,MEDIUM,PIT_SAFE
mt_629312415,COMP_NEUTRAL,A_DIS_fouls_for_62f171,fouls_for,fouls,FOR,FULL,UNCONDITIONED,TEAM_B,11.1692,11.1692,-1.0,0.25,11.9723,-0.8031,7,4,SHRUNK,VENUE_OVERALL,home,thestatsapi,MEDIUM,PIT_SAFE
mt_629312415,COMP_NEUTRAL,A_DIS_tackles_for_84ced8,tackles_for,tackles,FOR,FULL,UNCONDITIONED,TEAM_B,12.2769,12.2769,1.0,0.75,12.2303,0.0466,7,4,SHRUNK,VENUE_OVERALL,home,thestatsapi,MEDIUM,PIT_SAFE
mt_629312415,COMP_NEUTRAL,A_DIS_yellow_cards_for_918b85,yellow_cards_for,yellow_cards,FOR,FULL,UNCONDITIONED,TEAM_B,2.0462,2.0462,-1.0,0.25,2.569,-0.5228,7,4,SHRUNK,VENUE_OVERALL,home,thestatsapi,MEDIUM,PIT_SAFE
mt_629312415,COMP_NEUTRAL,A_DIS_fouls_against_c415bd,fouls_against,fouls,AGAINST,FULL,UNCONDITIONED,TEAM_B,11.7077,11.7077,-1.0,0.25,12.9865,-1.2788,7,4,SHRUNK,VENUE_OVERALL,home,thestatsapi,MEDIUM,PIT_SAFE
mt_629312415,COMP_NEUTRAL,B_ATK_crosses_for_2f67b9,crosses_for,crosses,FOR,FULL,UNCONDITIONED,TEAM_A,4.5408,4.5408,0.1012,0.3125,4.3089,0.2319,8,5,SHRUNK,VENUE_OVERALL,away,thestatsapi,MEDIUM,PIT_SAFE
mt_629312415,COMP_NEUTRAL,B_ATK_total_shots_for_b65019,total_shots_for,total_shots,FOR,FULL,UNCONDITIONED,TEAM_A,15.6633,15.6633,1.128,0.9167,8.4834,7.1799,8,5,SHRUNK,VENUE_OVERALL,away,thestatsapi,MEDIUM,PIT_SAFE
mt_629312415,COMP_NEUTRAL,B_ATK_shots_on_target_for_9829e2,shots_on_target_for,shots_on_target,FOR,FULL,UNCONDITIONED,TEAM_A,4.8776,4.8776,1.0,0.75,3.8157,1.0619,8,5,SHRUNK,VENUE_OVERALL,away,thestatsapi,MEDIUM,PIT_SAFE
mt_629312415,COMP_NEUTRAL,B_ATK_shots_inside_box_for_61e3ec,shots_inside_box_for,shots_inside_box,FOR,FULL,UNCONDITIONED,TEAM_A,8.8776,8.8776,1.0,0.75,7.5388,1.3388,8,5,SHRUNK,VENUE_OVERALL,away,thestatsapi,MEDIUM,PIT_SAFE
mt_629312415,COMP_NEUTRAL,B_ATK_touches_in_box_for_f07a63,touches_in_box_for,touches_in_box,FOR,FULL,UNCONDITIONED,TEAM_A,23.1633,23.1633,0.8223,0.8125,15.5373,7.626,8,5,SHRUNK,VENUE_OVERALL,away,thestatsapi,MEDIUM,PIT_SAFE
mt_629312415,COMP_NEUTRAL,B_ATK_corners_for_6caba4,corners_for,corners,FOR,FULL,UNCONDITIONED,TEAM_A,4.3265,4.3265,0.35,0.4375,3.5798,0.7467,8,5,SHRUNK,VENUE_OVERALL,away,thestatsapi,MEDIUM,PIT_SAFE
mt_629312415,COMP_NEUTRAL,B_ATK_possession_for_97a661,possession_for,possession,FOR,FULL,UNCONDITIONED,TEAM_A,54.2551,54.2551,0.9648,0.75,32.1026,22.1525,8,5,SHRUNK,VENUE_OVERALL,away,thestatsapi,MEDIUM,PIT_SAFE
mt_629312415,COMP_NEUTRAL,B_ATK_throw_ins_for_2f805d,throw_ins_for,throw_ins,FOR,FULL,UNCONDITIONED,TEAM_A,19.0816,19.0816,1.0,0.75,18.3485,0.7331,8,5,SHRUNK,VENUE_OVERALL,away,thestatsapi,MEDIUM,PIT_SAFE
mt_629312415,COMP_NEUTRAL,B_ATK_final_third_entries_for_d97582,final_third_entries_for,final_third_entries,FOR,FULL,UNCONDITIONED,TEAM_A,54.4184,54.4184,1.0,0.75,52.8092,1.6092,8,5,SHRUNK,VENUE_OVERALL,away,thestatsapi,MEDIUM,PIT_SAFE
mt_629312415,COMP_NEUTRAL,B_DEF_crosses_against_e22dae,crosses_against,crosses,AGAINST,FULL,UNCONDITIONED,TEAM_A,4.8776,4.8776,0.3651,0.3125,3.9589,0.9187,8,5,SHRUNK,VENUE_OVERALL,away,thestatsapi,MEDIUM,PIT_SAFE
mt_629312415,COMP_NEUTRAL,B_DEF_total_shots_against_305d7d,total_shots_against,total_shots,AGAINST,FULL,UNCONDITIONED,TEAM_A,12.9694,12.9694,-1.0,0.25,13.4616,-0.4922,8,5,SHRUNK,VENUE_OVERALL,away,thestatsapi,MEDIUM,PIT_SAFE
mt_629312415,COMP_NEUTRAL,B_DEF_shots_inside_box_against_deb922,shots_inside_box_against,shots_inside_box,AGAINST,FULL,UNCONDITIONED,TEAM_A,9.2041,9.2041,-1.4843,0.125,9.9853,-0.7812,8,5,SHRUNK,VENUE_OVERALL,away,thestatsapi,MEDIUM,PIT_SAFE
mt_629312415,COMP_NEUTRAL,B_DEF_touches_in_box_against_a26e89,touches_in_box_against,touches_in_box,AGAINST,FULL,UNCONDITIONED,TEAM_A,23.4082,23.4082,-1.0,0.25,24.5118,-1.1036,8,5,SHRUNK,VENUE_OVERALL,away,thestatsapi,MEDIUM,PIT_SAFE
mt_629312415,COMP_NEUTRAL,B_DEF_corners_against_080e6d,corners_against,corners,AGAINST,FULL,UNCONDITIONED,TEAM_A,4.4388,4.4388,0.3795,0.4375,3.6157,0.8231,8,5,SHRUNK,VENUE_OVERALL,away,thestatsapi,MEDIUM,PIT_SAFE
mt_629312415,COMP_NEUTRAL,B_DEF_blocked_shots_for_784140,blocked_shots_for,blocked_shots,FOR,FULL,UNCONDITIONED,TEAM_A,4.0306,4.0306,1.0404,0.8125,2.4758,1.5547,8,5,SHRUNK,VENUE_OVERALL,away,thestatsapi,MEDIUM,PIT_SAFE
mt_629312415,COMP_NEUTRAL,B_DEF_clearances_for_26c471,clearances_for,clearances,FOR,FULL,UNCONDITIONED,TEAM_A,18.2653,18.2653,0.3709,0.3125,14.9104,3.3549,8,5,SHRUNK,VENUE_OVERALL,away,thestatsapi,MEDIUM,PIT_SAFE
mt_629312415,COMP_NEUTRAL,B_DEF_interceptions_for_3fbe3c,interceptions_for,interceptions,FOR,FULL,UNCONDITIONED,TEAM_A,7.7653,7.7653,-1.0,0.25,8.575,-0.8097,8,5,SHRUNK,VENUE_OVERALL,away,thestatsapi,MEDIUM,PIT_SAFE
mt_629312415,COMP_NEUTRAL,B_DIS_fouls_for_31cd30,fouls_for,fouls,FOR,FULL,UNCONDITIONED,TEAM_A,12.7755,12.7755,1.0,0.75,11.9723,0.8032,8,5,SHRUNK,VENUE_OVERALL,away,thestatsapi,MEDIUM,PIT_SAFE
mt_629312415,COMP_NEUTRAL,B_DIS_tackles_for_1f897a,tackles_for,tackles,FOR,FULL,UNCONDITIONED,TEAM_A,12.1837,12.1837,-1.0,0.25,12.2303,-0.0466,8,5,SHRUNK,VENUE_OVERALL,away,thestatsapi,MEDIUM,PIT_SAFE
mt_629312415,COMP_NEUTRAL,B_DIS_yellow_cards_for_3c4732,yellow_cards_for,yellow_cards,FOR,FULL,UNCONDITIONED,TEAM_A,3.0918,3.0918,1.0,0.75,2.569,0.5228,8,5,SHRUNK,VENUE_OVERALL,away,thestatsapi,MEDIUM,PIT_SAFE
mt_629312415,COMP_NEUTRAL,B_DIS_fouls_against_530889,fouls_against,fouls,AGAINST,FULL,UNCONDITIONED,TEAM_A,14.2653,14.2653,1.0,0.75,12.9865,1.2788,8,5,SHRUNK,VENUE_OVERALL,away,thestatsapi,MEDIUM,PIT_SAFE
mt_629312415,COMP_NEUTRAL,ENV_corners_245e1a,league_corners_env,league_corners_env,NEUTRAL,FULL,UNCONDITIONED,,9.5864,9.5864,,0.5,9.5864,0.0,0,0,DIRECT,COMPETITION_PRIOR,,derived,HIGH,PIT_SAFE
mt_629312415,COMP_NEUTRAL,ENV_total_shots_4b0f7a,league_total_shots_env,league_total_shots_env,NEUTRAL,FULL,UNCONDITIONED,,24.7963,24.7963,,0.5,24.7963,0.0,0,0,DIRECT,COMPETITION_PRIOR,,derived,HIGH,PIT_SAFE
mt_629312415,COMP_NEUTRAL,ENV_fouls_51177d,league_fouls_env,league_fouls_env,NEUTRAL,FULL,UNCONDITIONED,,25.9198,25.9198,,0.5,25.9198,0.0,0,0,DIRECT,COMPETITION_PRIOR,,derived,HIGH,PIT_SAFE
mt_629312415,COMP_NEUTRAL,ENV_yellow_cards_383918,league_yellow_cards_env,league_yellow_cards_env,NEUTRAL,FULL,UNCONDITIONED,,4.858,4.858,,0.5,4.858,0.0,0,0,DIRECT,COMPETITION_PRIOR,,derived,HIGH,PIT_SAFE
mt_629312415,COMP_NEUTRAL,A_FC_fc_crosses_for_f58e45,fc_crosses_for,crosses,FOR,FULL,TEAM_FORMATION_CONDITIONED,,7.2245,7.2245,1.2718,0.9375,4.3089,2.9156,1,1,DIRECT,EXACT_FORMATION,home,derived_formation,LOW,PIT_SAFE
mt_629312415,COMP_NEUTRAL,A_FC_formation_delta_crosses_for_ae202f,formation_delta_crosses_for,crosses,FOR,FULL,TEAM_FORMATION_CONDITIONED,,0.7959,0.7959,-1.5324,0.1875,4.3089,-3.513,1,1,DERIVED,EXACT_FORMATION,home,derived_formation,LOW,PIT_SAFE
mt_629312415,COMP_NEUTRAL,A_FC_fc_corners_for_077695,fc_corners_for,corners,FOR,FULL,TEAM_FORMATION_CONDITIONED,,5.3673,5.3673,0.8378,0.8125,3.5798,1.7875,1,1,DIRECT,EXACT_FORMATION,home,derived_formation,LOW,PIT_SAFE
mt_629312415,COMP_NEUTRAL,A_FC_formation_delta_corners_for_9e0c4b,formation_delta_corners_for,corners,FOR,FULL,TEAM_FORMATION_CONDITIONED,,-0.0612,-0.0612,-1.7065,0.0625,3.5798,-3.641,1,1,DERIVED,EXACT_FORMATION,home,derived_formation,LOW,PIT_SAFE
mt_629312415,COMP_NEUTRAL,A_FC_fc_corners_against_534258,fc_corners_against,corners,AGAINST,FULL,TEAM_FORMATION_CONDITIONED,,4.7551,4.7551,0.5253,0.5625,3.6157,1.1394,1,1,DIRECT,EXACT_FORMATION,home,derived_formation,LOW,PIT_SAFE
mt_629312415,COMP_NEUTRAL,A_FC_formation_delta_corners_against_2118e7,formation_delta_corners_against,corners,AGAINST,FULL,TEAM_FORMATION_CONDITIONED,,0.0408,0.0408,-1.6481,0.1875,3.6157,-3.5749,1,1,DERIVED,EXACT_FORMATION,home,derived_formation,LOW,PIT_SAFE
mt_629312415,COMP_NEUTRAL,A_FC_fc_touches_in_box_for_b127ef,fc_touches_in_box_for,touches_in_box,FOR,FULL,TEAM_FORMATION_CONDITIONED,,18.3673,18.3673,0.3051,0.4375,15.5373,2.83,1,1,DIRECT,EXACT_FORMATION,home,derived_formation,LOW,PIT_SAFE
mt_629312415,COMP_NEUTRAL,A_FC_formation_delta_touches_in_box_for_ac73a3,formation_delta_touches_in_box_for,touches_in_box,FOR,FULL,TEAM_FORMATION_CONDITIONED,,0.9388,0.9388,-1.5741,0.1875,15.5373,-14.5985,1,1,DERIVED,EXACT_FORMATION,home,derived_formation,LOW,PIT_SAFE
mt_629312415,COMP_NEUTRAL,A_FC_fc_total_shots_for_a0a01f,fc_total_shots_for,total_shots,FOR,FULL,TEAM_FORMATION_CONDITIONED,,11.3061,11.3061,0.4435,0.5833,8.4834,2.8227,1,1,DIRECT,EXACT_FORMATION,home,derived_formation,LOW,PIT_SAFE
mt_629312415,COMP_NEUTRAL,A_FC_formation_delta_total_shots_for_7c6bca,formation_delta_total_shots_for,total_shots,FOR,FULL,TEAM_FORMATION_CONDITIONED,,0.449,0.449,-1.2623,0.25,8.4834,-8.0344,1,1,DERIVED,EXACT_FORMATION,home,derived_formation,LOW,PIT_SAFE
mt_629312415,COMP_NEUTRAL,A_FC_fc_possession_for_8be2a7,fc_possession_for,possession,FOR,FULL,TEAM_FORMATION_CONDITIONED,,42.1224,42.1224,0.4364,0.5833,32.1026,10.0198,1,1,DIRECT,EXACT_FORMATION,home,derived_formation,LOW,PIT_SAFE
mt_629312415,COMP_NEUTRAL,A_FC_formation_delta_possession_for_ee9b4a,formation_delta_possession_for,possession,FOR,FULL,TEAM_FORMATION_CONDITIONED,,0.9796,0.9796,-1.3555,0.25,32.1026,-31.1229,1,1,DERIVED,EXACT_FORMATION,home,derived_formation,LOW,PIT_SAFE
mt_629312415,COMP_NEUTRAL,A_FC_fc_crosses_against_8f788a,fc_crosses_against,crosses,AGAINST,FULL,TEAM_FORMATION_CONDITIONED,,5.0612,5.0612,0.4381,0.4375,3.9589,1.1023,1,1,DIRECT,EXACT_FORMATION,home,derived_formation,LOW,PIT_SAFE
mt_629312415,COMP_NEUTRAL,A_FC_formation_delta_crosses_against_361f34,formation_delta_crosses_against,crosses,AGAINST,FULL,TEAM_FORMATION_CONDITIONED,,-0.5102,-0.5102,-1.7763,0.0625,3.9589,-4.4691,1,1,DERIVED,EXACT_FORMATION,home,derived_formation,LOW,PIT_SAFE
mt_629312415,COMP_NEUTRAL,A_FC_fc_clearances_for_45ab54,fc_clearances_for,clearances,FOR,FULL,TEAM_FORMATION_CONDITIONED,,18.5714,18.5714,0.4047,0.5625,14.9104,3.661,1,1,DIRECT,EXACT_FORMATION,home,derived_formation,LOW,PIT_SAFE
mt_629312415,COMP_NEUTRAL,A_FC_formation_delta_clearances_for_2719f5,formation_delta_clearances_for,clearances,FOR,FULL,TEAM_FORMATION_CONDITIONED,,-1.4286,-1.4286,-1.8062,0.0625,14.9104,-16.339,1,1,DERIVED,EXACT_FORMATION,home,derived_formation,LOW,PIT_SAFE
mt_629312415,COMP_NEUTRAL,A_FC_fc_blocked_shots_for_967895,fc_blocked_shots_for,blocked_shots,FOR,FULL,TEAM_FORMATION_CONDITIONED,,2.7959,2.7959,0.2142,0.5625,2.4758,0.3201,1,1,DIRECT,EXACT_FORMATION,home,derived_formation,LOW,PIT_SAFE
mt_629312415,COMP_NEUTRAL,A_FC_formation_delta_blocked_shots_for_1dc03f,formation_delta_blocked_shots_for,blocked_shots,FOR,FULL,TEAM_FORMATION_CONDITIONED,,0.3673,0.3673,-1.4109,0.1875,2.4758,-2.1085,1,1,DERIVED,EXACT_FORMATION,home,derived_formation,LOW,PIT_SAFE
mt_629312415,COMP_NEUTRAL,A_FMX_fmx_crosses_for_ecd7fb,fmx_crosses_for,crosses,FOR,FULL,OPP_FORMATION_CONDITIONED,4-2-3-1,6.0509,6.0509,0.7599,0.8125,4.3089,1.742,7,4,HIERARCHICAL,VENUE_OVERALL,home,derived_formation,MEDIUM,PIT_SAFE
mt_629312415,COMP_NEUTRAL,A_FMX_fmx_crosses_against_1037ab,fmx_crosses_against,crosses,AGAINST,FULL,OPP_FORMATION_CONDITIONED,4-2-3-1,6.0948,6.0948,0.8489,0.9375,3.9589,2.1359,7,4,HIERARCHICAL,VENUE_OVERALL,home,derived_formation,MEDIUM,PIT_SAFE
mt_629312415,COMP_NEUTRAL,A_FMX_fmx_corners_for_bfed28,fmx_corners_for,corners,FOR,FULL,OPP_FORMATION_CONDITIONED,4-2-3-1,5.4619,5.4619,0.8821,0.9375,3.5798,1.8821,7,4,HIERARCHICAL,VENUE_OVERALL,home,derived_formation,MEDIUM,PIT_SAFE
mt_629312415,COMP_NEUTRAL,A_FMX_fmx_corners_against_c076db,fmx_corners_against,corners,AGAINST,FULL,OPP_FORMATION_CONDITIONED,4-2-3-1,5.5389,5.5389,0.8866,0.9375,3.6157,1.9232,7,4,HIERARCHICAL,VENUE_OVERALL,home,derived_formation,MEDIUM,PIT_SAFE
mt_629312415,COMP_NEUTRAL,A_FMX_fmx_touches_in_box_for_d692dc,fmx_touches_in_box_for,touches_in_box,FOR,FULL,OPP_FORMATION_CONDITIONED,4-2-3-1,19.8966,19.8966,0.47,0.5625,15.5373,4.3593,7,4,HIERARCHICAL,VENUE_OVERALL,home,derived_formation,MEDIUM,PIT_SAFE
mt_629312415,COMP_NEUTRAL,A_FMX_fmx_clearances_for_7733e2,fmx_clearances_for,clearances,FOR,FULL,OPP_FORMATION_CONDITIONED,4-2-3-1,23.2764,23.2764,0.9248,0.9375,14.9104,8.366,7,4,HIERARCHICAL,VENUE_OVERALL,home,derived_formation,MEDIUM,PIT_SAFE
mt_629312415,COMP_NEUTRAL,A_FMX_fmx_blocked_shots_for_ac4ea9,fmx_blocked_shots_for,blocked_shots,FOR,FULL,OPP_FORMATION_CONDITIONED,4-2-3-1,2.7444,2.7444,0.1797,0.4375,2.4758,0.2686,7,4,HIERARCHICAL,VENUE_OVERALL,home,derived_formation,MEDIUM,PIT_SAFE
mt_629312415,COMP_NEUTRAL,A_FMX_fmx_shots_inside_box_against_a20d6d,fmx_shots_inside_box_against,shots_inside_box,AGAINST,FULL,OPP_FORMATION_CONDITIONED,4-2-3-1,10.6756,10.6756,1.3116,0.875,9.9853,0.6903,7,4,HIERARCHICAL,VENUE_OVERALL,home,derived_formation,MEDIUM,PIT_SAFE
mt_629312415,COMP_NEUTRAL,B_FC_fc_crosses_for_cf5199,fc_crosses_for,crosses,FOR,FULL,TEAM_FORMATION_CONDITIONED,,4.9643,4.9643,0.2859,0.4375,4.3089,0.6554,1,1,DIRECT,EXACT_FORMATION,away,derived_formation,LOW,PIT_SAFE
mt_629312415,COMP_NEUTRAL,B_FC_formation_delta_crosses_for_a1643c,formation_delta_crosses_for,crosses,FOR,FULL,TEAM_FORMATION_CONDITIONED,,0.3393,0.3393,-1.7316,0.0625,4.3089,-3.9696,1,1,DERIVED,EXACT_FORMATION,away,derived_formation,LOW,PIT_SAFE
mt_629312415,COMP_NEUTRAL,B_FC_fc_corners_for_089f7e,fc_corners_for,corners,FOR,FULL,TEAM_FORMATION_CONDITIONED,,3.8929,3.8929,0.1467,0.3125,3.5798,0.3131,1,1,DIRECT,EXACT_FORMATION,away,derived_formation,LOW,PIT_SAFE
mt_629312415,COMP_NEUTRAL,B_FC_formation_delta_corners_for_264327,formation_delta_corners_for,corners,FOR,FULL,TEAM_FORMATION_CONDITIONED,,0.0179,0.0179,-1.6694,0.1875,3.5798,-3.5619,1,1,DERIVED,EXACT_FORMATION,away,derived_formation,LOW,PIT_SAFE
mt_629312415,COMP_NEUTRAL,B_FC_fc_corners_against_09f93f,fc_corners_against,corners,AGAINST,FULL,TEAM_FORMATION_CONDITIONED,,4.2857,4.2857,0.3089,0.3125,3.6157,0.67,1,1,DIRECT,EXACT_FORMATION,away,derived_formation,LOW,PIT_SAFE
mt_629312415,COMP_NEUTRAL,B_FC_formation_delta_corners_against_50f82f,formation_delta_corners_against,corners,AGAINST,FULL,TEAM_FORMATION_CONDITIONED,,-0.2143,-0.2143,-1.7657,0.0625,3.6157,-3.83,1,1,DERIVED,EXACT_FORMATION,away,derived_formation,LOW,PIT_SAFE
mt_629312415,COMP_NEUTRAL,B_FC_fc_touches_in_box_for_98df5d,fc_touches_in_box_for,touches_in_box,FOR,FULL,TEAM_FORMATION_CONDITIONED,,20.9643,20.9643,0.5852,0.6875,15.5373,5.427,1,1,DIRECT,EXACT_FORMATION,away,derived_formation,LOW,PIT_SAFE
mt_629312415,COMP_NEUTRAL,B_FC_formation_delta_touches_in_box_for_afe636,formation_delta_touches_in_box_for,touches_in_box,FOR,FULL,TEAM_FORMATION_CONDITIONED,,-0.6607,-0.6607,-1.7465,0.0625,15.5373,-16.198,1,1,DERIVED,EXACT_FORMATION,away,derived_formation,LOW,PIT_SAFE
mt_629312415,COMP_NEUTRAL,B_FC_fc_total_shots_for_8d48d8,fc_total_shots_for,total_shots,FOR,FULL,TEAM_FORMATION_CONDITIONED,,14.1786,14.1786,0.8948,0.75,8.4834,5.6952,1,1,DIRECT,EXACT_FORMATION,away,derived_formation,LOW,PIT_SAFE
mt_629312415,COMP_NEUTRAL,B_FC_formation_delta_total_shots_for_73c43c,formation_delta_total_shots_for,total_shots,FOR,FULL,TEAM_FORMATION_CONDITIONED,,-0.6964,-0.6964,-1.4423,0.0833,8.4834,-9.1798,1,1,DERIVED,EXACT_FORMATION,away,derived_formation,LOW,PIT_SAFE
mt_629312415,COMP_NEUTRAL,B_FC_fc_possession_for_db45bf,fc_possession_for,possession,FOR,FULL,TEAM_FORMATION_CONDITIONED,,54.5714,54.5714,0.9786,0.9167,32.1026,22.4688,1,1,DIRECT,EXACT_FORMATION,away,derived_formation,LOW,PIT_SAFE
mt_629312415,COMP_NEUTRAL,B_FC_formation_delta_possession_for_bce550,formation_delta_possession_for,possession,FOR,FULL,TEAM_FORMATION_CONDITIONED,,0.0714,0.0714,-1.3951,0.0833,32.1026,-32.0312,1,1,DERIVED,EXACT_FORMATION,away,derived_formation,LOW,PIT_SAFE
mt_629312415,COMP_NEUTRAL,B_FC_fc_crosses_against_734a0c,fc_crosses_against,crosses,AGAINST,FULL,TEAM_FORMATION_CONDITIONED,,5.1786,5.1786,0.4848,0.5625,3.9589,1.2197,1,1,DIRECT,EXACT_FORMATION,away,derived_formation,LOW,PIT_SAFE
mt_629312415,COMP_NEUTRAL,B_FC_formation_delta_crosses_against_a708f3,formation_delta_crosses_against,crosses,AGAINST,FULL,TEAM_FORMATION_CONDITIONED,,-0.1964,-0.1964,-1.6516,0.1875,3.9589,-4.1553,1,1,DERIVED,EXACT_FORMATION,away,derived_formation,LOW,PIT_SAFE
mt_629312415,COMP_NEUTRAL,B_FC_fc_clearances_for_892e49,fc_clearances_for,clearances,FOR,FULL,TEAM_FORMATION_CONDITIONED,,18.3214,18.3214,0.3771,0.4375,14.9104,3.411,1,1,DIRECT,EXACT_FORMATION,away,derived_formation,LOW,PIT_SAFE
mt_629312415,COMP_NEUTRAL,B_FC_formation_delta_clearances_for_8c578a,formation_delta_clearances_for,clearances,FOR,FULL,TEAM_FORMATION_CONDITIONED,,0.4464,0.4464,-1.5989,0.1875,14.9104,-14.464,1,1,DERIVED,EXACT_FORMATION,away,derived_formation,LOW,PIT_SAFE
mt_629312415,COMP_NEUTRAL,B_FC_fc_blocked_shots_for_8335c9,fc_blocked_shots_for,blocked_shots,FOR,FULL,TEAM_FORMATION_CONDITIONED,,3.5357,3.5357,0.7092,0.6875,2.4758,1.0598,1,1,DIRECT,EXACT_FORMATION,away,derived_formation,LOW,PIT_SAFE
mt_629312415,COMP_NEUTRAL,B_FC_formation_delta_blocked_shots_for_982b42,formation_delta_blocked_shots_for,blocked_shots,FOR,FULL,TEAM_FORMATION_CONDITIONED,,-0.0893,-0.0893,-1.7165,0.0625,2.4758,-2.5652,1,1,DERIVED,EXACT_FORMATION,away,derived_formation,LOW,PIT_SAFE
mt_629312415,COMP_NEUTRAL,B_FMX_fmx_crosses_for_db8af9,fmx_crosses_for,crosses,FOR,FULL,OPP_FORMATION_CONDITIONED,4-4-2,5.1246,5.1246,0.3558,0.5625,4.3089,0.8157,8,5,HIERARCHICAL,VENUE_OVERALL,away,derived_formation,MEDIUM,PIT_SAFE
mt_629312415,COMP_NEUTRAL,B_FMX_fmx_crosses_against_b7ab02,fmx_crosses_against,crosses,AGAINST,FULL,OPP_FORMATION_CONDITIONED,4-4-2,5.4889,5.4889,0.6081,0.6875,3.9589,1.53,8,5,HIERARCHICAL,VENUE_OVERALL,away,derived_formation,MEDIUM,PIT_SAFE
mt_629312415,COMP_NEUTRAL,B_FMX_fmx_corners_for_ae57e4,fmx_corners_for,corners,FOR,FULL,OPP_FORMATION_CONDITIONED,4-4-2,4.9254,4.9254,0.6307,0.6875,3.5798,1.3456,8,5,HIERARCHICAL,VENUE_OVERALL,away,derived_formation,MEDIUM,PIT_SAFE
mt_629312415,COMP_NEUTRAL,B_FMX_fmx_corners_against_3dbd19,fmx_corners_against,corners,AGAINST,FULL,OPP_FORMATION_CONDITIONED,4-4-2,5.1111,5.1111,0.6894,0.8125,3.6157,1.4954,8,5,HIERARCHICAL,VENUE_OVERALL,away,derived_formation,MEDIUM,PIT_SAFE
mt_629312415,COMP_NEUTRAL,B_FMX_fmx_touches_in_box_for_fa9569,fmx_touches_in_box_for,touches_in_box,FOR,FULL,OPP_FORMATION_CONDITIONED,4-4-2,25.4135,25.4135,1.0649,0.9375,15.5373,9.8762,8,5,HIERARCHICAL,VENUE_OVERALL,away,derived_formation,MEDIUM,PIT_SAFE
mt_629312415,COMP_NEUTRAL,B_FMX_fmx_clearances_for_7e571e,fmx_clearances_for,clearances,FOR,FULL,OPP_FORMATION_CONDITIONED,4-4-2,21.123,21.123,0.6868,0.8125,14.9104,6.2126,8,5,HIERARCHICAL,VENUE_OVERALL,away,derived_formation,MEDIUM,PIT_SAFE
mt_629312415,COMP_NEUTRAL,B_FMX_fmx_blocked_shots_for_c24c68,fmx_blocked_shots_for,blocked_shots,FOR,FULL,OPP_FORMATION_CONDITIONED,4-4-2,4.2222,4.2222,1.1686,0.9375,2.4758,1.7464,8,5,HIERARCHICAL,VENUE_OVERALL,away,derived_formation,MEDIUM,PIT_SAFE
mt_629312415,COMP_NEUTRAL,B_FMX_fmx_shots_inside_box_against_8f2618,fmx_shots_inside_box_against,shots_inside_box,AGAINST,FULL,OPP_FORMATION_CONDITIONED,4-4-2,10.123,10.123,0.2616,0.625,9.9853,0.1377,8,5,HIERARCHICAL,VENUE_OVERALL,away,derived_formation,MEDIUM,PIT_SAFE
mt_629405324,COMP_NEUTRAL,A_ATK_crosses_for_c6ff45,crosses_for,crosses,FOR,FULL,UNCONDITIONED,TEAM_B,2.6615,2.6615,-0.0545,0.3125,2.7591,-0.0976,7,4,SHRUNK,VENUE_OVERALL,home,thestatsapi,MEDIUM,PIT_SAFE
mt_629405324,COMP_NEUTRAL,A_ATK_total_shots_for_774b30,total_shots_for,total_shots,FOR,FULL,UNCONDITIONED,TEAM_B,11.0154,11.0154,0.4475,0.4167,8.2463,2.7691,7,4,SHRUNK,VENUE_OVERALL,home,thestatsapi,MEDIUM,PIT_SAFE
mt_629405324,COMP_NEUTRAL,A_ATK_shots_on_target_for_798967,shots_on_target_for,shots_on_target,FOR,FULL,UNCONDITIONED,TEAM_B,3.4308,3.4308,-1.0,0.25,3.8231,-0.3923,7,4,SHRUNK,VENUE_OVERALL,home,thestatsapi,MEDIUM,PIT_SAFE
mt_629405324,COMP_NEUTRAL,A_ATK_shots_inside_box_for_1b1ba0,shots_inside_box_for,shots_inside_box,FOR,FULL,UNCONDITIONED,TEAM_B,6.1692,6.1692,-1.0,0.25,7.5538,-1.3846,7,4,SHRUNK,VENUE_OVERALL,home,thestatsapi,MEDIUM,PIT_SAFE
mt_629405324,COMP_NEUTRAL,A_ATK_touches_in_box_for_167575,touches_in_box_for,touches_in_box,FOR,FULL,UNCONDITIONED,TEAM_B,14.5846,14.5846,-0.067,0.4375,15.2606,-0.676,7,4,SHRUNK,VENUE_OVERALL,home,thestatsapi,MEDIUM,PIT_SAFE
mt_629405324,COMP_NEUTRAL,A_ATK_corners_for_de4b2f,corners_for,corners,FOR,FULL,UNCONDITIONED,TEAM_B,2.7077,2.7077,-0.0919,0.4375,2.8926,-0.1849,7,4,SHRUNK,VENUE_OVERALL,home,thestatsapi,MEDIUM,PIT_SAFE
mt_629405324,COMP_NEUTRAL,A_ATK_possession_for_f94bcd,possession_for,possession,FOR,FULL,UNCONDITIONED,TEAM_B,39.6,39.6,0.5042,0.5833,28.9415,10.6585,7,4,SHRUNK,VENUE_OVERALL,home,thestatsapi,MEDIUM,PIT_SAFE
mt_629405324,COMP_NEUTRAL,A_ATK_throw_ins_for_b5e7fa,throw_ins_for,throw_ins,FOR,FULL,UNCONDITIONED,TEAM_B,17.2769,17.2769,-1.0,0.25,17.3923,-0.1154,7,4,SHRUNK,VENUE_OVERALL,home,thestatsapi,MEDIUM,PIT_SAFE
mt_629405324,COMP_NEUTRAL,A_ATK_final_third_entries_for_7c1834,final_third_entries_for,final_third_entries,FOR,FULL,UNCONDITIONED,TEAM_B,43.7692,43.7692,-1.0,0.25,43.7846,-0.0154,7,4,SHRUNK,VENUE_OVERALL,home,thestatsapi,MEDIUM,PIT_SAFE
mt_629405324,COMP_NEUTRAL,A_DEF_crosses_against_3ffec3,crosses_against,crosses,AGAINST,FULL,UNCONDITIONED,TEAM_B,5.5077,5.5077,0.6364,0.6875,4.1074,1.4003,7,4,SHRUNK,VENUE_OVERALL,home,thestatsapi,MEDIUM,PIT_SAFE
mt_629405324,COMP_NEUTRAL,A_DEF_total_shots_against_388a6b,total_shots_against,total_shots,AGAINST,FULL,UNCONDITIONED,TEAM_B,14.4,14.4,1.0,0.75,13.8539,0.5461,7,4,SHRUNK,VENUE_OVERALL,home,thestatsapi,MEDIUM,PIT_SAFE
mt_629405324,COMP_NEUTRAL,A_DEF_shots_inside_box_against_f71031,shots_inside_box_against,shots_inside_box,AGAINST,FULL,UNCONDITIONED,TEAM_B,9.8308,9.8308,0.0171,0.375,9.8211,0.0097,7,4,SHRUNK,VENUE_OVERALL,home,thestatsapi,MEDIUM,PIT_SAFE
mt_629405324,COMP_NEUTRAL,A_DEF_touches_in_box_against_2e8289,touches_in_box_against,touches_in_box,AGAINST,FULL,UNCONDITIONED,TEAM_B,27.2,27.2,1.0,0.75,26.1,1.1,7,4,SHRUNK,VENUE_OVERALL,home,thestatsapi,MEDIUM,PIT_SAFE
mt_629405324,COMP_NEUTRAL,A_DEF_corners_against_3faeae,corners_against,corners,AGAINST,FULL,UNCONDITIONED,TEAM_B,6.0769,6.0769,0.699,0.6875,4.3265,1.7504,7,4,SHRUNK,VENUE_OVERALL,home,thestatsapi,MEDIUM,PIT_SAFE
mt_629405324,COMP_NEUTRAL,A_DEF_blocked_shots_for_fc95c7,blocked_shots_for,blocked_shots,FOR,FULL,UNCONDITIONED,TEAM_B,2.7846,2.7846,0.085,0.4375,2.6248,0.1598,7,4,SHRUNK,VENUE_OVERALL,home,thestatsapi,MEDIUM,PIT_SAFE
mt_629405324,COMP_NEUTRAL,A_DEF_clearances_for_16cc4d,clearances_for,clearances,FOR,FULL,UNCONDITIONED,TEAM_B,24.9231,24.9231,0.5746,0.6875,18.7357,6.1874,7,4,SHRUNK,VENUE_OVERALL,home,thestatsapi,MEDIUM,PIT_SAFE
mt_629405324,COMP_NEUTRAL,A_DEF_interceptions_for_59606f,interceptions_for,interceptions,FOR,FULL,UNCONDITIONED,TEAM_B,11.4154,11.4154,1.0,0.75,9.4923,1.9231,7,4,SHRUNK,VENUE_OVERALL,home,thestatsapi,MEDIUM,PIT_SAFE
mt_629405324,COMP_NEUTRAL,A_DIS_fouls_for_808be9,fouls_for,fouls,FOR,FULL,UNCONDITIONED,TEAM_B,13.3846,13.3846,1.0,0.75,12.8539,0.5307,7,4,SHRUNK,VENUE_OVERALL,home,thestatsapi,MEDIUM,PIT_SAFE
mt_629405324,COMP_NEUTRAL,A_DIS_tackles_for_b567ef,tackles_for,tackles,FOR,FULL,UNCONDITIONED,TEAM_B,16.9385,16.9385,-1.0,0.25,17.3924,-0.4538,7,4,SHRUNK,VENUE_OVERALL,home,thestatsapi,MEDIUM,PIT_SAFE
mt_629405324,COMP_NEUTRAL,A_DIS_yellow_cards_for_4fc087,yellow_cards_for,yellow_cards,FOR,FULL,UNCONDITIONED,TEAM_B,2.2,2.2,-1.0,0.25,2.2616,-0.0615,7,4,SHRUNK,VENUE_OVERALL,home,thestatsapi,MEDIUM,PIT_SAFE
mt_629405324,COMP_NEUTRAL,A_DIS_fouls_against_7c947f,fouls_against,fouls,AGAINST,FULL,UNCONDITIONED,TEAM_B,10.5385,10.5385,-1.0,0.25,10.977,-0.4384,7,4,SHRUNK,VENUE_OVERALL,home,thestatsapi,MEDIUM,PIT_SAFE
mt_629405324,COMP_NEUTRAL,B_ATK_crosses_for_101435,crosses_for,crosses,FOR,FULL,UNCONDITIONED,TEAM_A,4.3538,4.3538,0.8904,0.8125,2.7591,1.5947,7,4,SHRUNK,VENUE_OVERALL,away,thestatsapi,MEDIUM,PIT_SAFE
mt_629405324,COMP_NEUTRAL,B_ATK_total_shots_for_0f6faa,total_shots_for,total_shots,FOR,FULL,UNCONDITIONED,TEAM_A,13.5846,13.5846,0.8628,0.75,8.2463,5.3383,7,4,SHRUNK,VENUE_OVERALL,away,thestatsapi,MEDIUM,PIT_SAFE
mt_629405324,COMP_NEUTRAL,B_ATK_shots_on_target_for_4e0138,shots_on_target_for,shots_on_target,FOR,FULL,UNCONDITIONED,TEAM_A,4.2154,4.2154,1.0,0.75,3.8231,0.3923,7,4,SHRUNK,VENUE_OVERALL,away,thestatsapi,MEDIUM,PIT_SAFE
mt_629405324,COMP_NEUTRAL,B_ATK_shots_inside_box_for_9b537a,shots_inside_box_for,shots_inside_box,FOR,FULL,UNCONDITIONED,TEAM_A,8.9385,8.9385,1.0,0.75,7.5538,1.3846,7,4,SHRUNK,VENUE_OVERALL,away,thestatsapi,MEDIUM,PIT_SAFE
mt_629405324,COMP_NEUTRAL,B_ATK_touches_in_box_for_db3ab2,touches_in_box_for,touches_in_box,FOR,FULL,UNCONDITIONED,TEAM_A,23.5846,23.5846,0.8247,0.6875,15.2606,8.324,7,4,SHRUNK,VENUE_OVERALL,away,thestatsapi,MEDIUM,PIT_SAFE
mt_629405324,COMP_NEUTRAL,B_ATK_corners_for_412574,corners_for,corners,FOR,FULL,UNCONDITIONED,TEAM_A,4.6462,4.6462,0.8713,0.6875,2.8926,1.7536,7,4,SHRUNK,VENUE_OVERALL,away,thestatsapi,MEDIUM,PIT_SAFE
mt_629405324,COMP_NEUTRAL,B_ATK_possession_for_520178,possession_for,possession,FOR,FULL,UNCONDITIONED,TEAM_A,47.6,47.6,0.8827,0.75,28.9415,18.6585,7,4,SHRUNK,VENUE_OVERALL,away,thestatsapi,MEDIUM,PIT_SAFE
mt_629405324,COMP_NEUTRAL,B_ATK_throw_ins_for_2e37fa,throw_ins_for,throw_ins,FOR,FULL,UNCONDITIONED,TEAM_A,17.5077,17.5077,1.0,0.75,17.3923,0.1154,7,4,SHRUNK,VENUE_OVERALL,away,thestatsapi,MEDIUM,PIT_SAFE
mt_629405324,COMP_NEUTRAL,B_ATK_final_third_entries_for_5f030f,final_third_entries_for,final_third_entries,FOR,FULL,UNCONDITIONED,TEAM_A,43.8,43.8,1.0,0.75,43.7846,0.0154,7,4,SHRUNK,VENUE_OVERALL,away,thestatsapi,MEDIUM,PIT_SAFE
mt_629405324,COMP_NEUTRAL,B_DEF_crosses_against_2b9367,crosses_against,crosses,AGAINST,FULL,UNCONDITIONED,TEAM_A,4.7077,4.7077,0.2728,0.3125,4.1074,0.6003,7,4,SHRUNK,VENUE_OVERALL,away,thestatsapi,MEDIUM,PIT_SAFE
mt_629405324,COMP_NEUTRAL,B_DEF_total_shots_against_1e226f,total_shots_against,total_shots,AGAINST,FULL,UNCONDITIONED,TEAM_A,13.3077,13.3077,-1.0,0.25,13.8539,-0.5462,7,4,SHRUNK,VENUE_OVERALL,away,thestatsapi,MEDIUM,PIT_SAFE
mt_629405324,COMP_NEUTRAL,B_DEF_shots_inside_box_against_b53e36,shots_inside_box_against,shots_inside_box,AGAINST,FULL,UNCONDITIONED,TEAM_A,8.9538,8.9538,-1.5349,0.125,9.8211,-0.8673,7,4,SHRUNK,VENUE_OVERALL,away,thestatsapi,MEDIUM,PIT_SAFE
mt_629405324,COMP_NEUTRAL,B_DEF_touches_in_box_against_af4519,touches_in_box_against,touches_in_box,AGAINST,FULL,UNCONDITIONED,TEAM_A,25.0,25.0,-1.0,0.25,26.1,-1.1,7,4,SHRUNK,VENUE_OVERALL,away,thestatsapi,MEDIUM,PIT_SAFE
mt_629405324,COMP_NEUTRAL,B_DEF_corners_against_c9e643,corners_against,corners,AGAINST,FULL,UNCONDITIONED,TEAM_A,4.7538,4.7538,0.1707,0.3125,4.3265,0.4273,7,4,SHRUNK,VENUE_OVERALL,away,thestatsapi,MEDIUM,PIT_SAFE
mt_629405324,COMP_NEUTRAL,B_DEF_blocked_shots_for_da00eb,blocked_shots_for,blocked_shots,FOR,FULL,UNCONDITIONED,TEAM_A,4.2615,4.2615,0.8701,0.6875,2.6248,1.6367,7,4,SHRUNK,VENUE_OVERALL,away,thestatsapi,MEDIUM,PIT_SAFE
mt_629405324,COMP_NEUTRAL,B_DEF_clearances_for_8a7053,clearances_for,clearances,FOR,FULL,UNCONDITIONED,TEAM_A,22.1692,22.1692,0.3189,0.3125,18.7357,3.4335,7,4,SHRUNK,VENUE_OVERALL,away,thestatsapi,MEDIUM,PIT_SAFE
mt_629405324,COMP_NEUTRAL,B_DEF_interceptions_for_3e21b3,interceptions_for,interceptions,FOR,FULL,UNCONDITIONED,TEAM_A,7.5692,7.5692,-1.0,0.25,9.4923,-1.9231,7,4,SHRUNK,VENUE_OVERALL,away,thestatsapi,MEDIUM,PIT_SAFE
mt_629405324,COMP_NEUTRAL,B_DIS_fouls_for_6d88fe,fouls_for,fouls,FOR,FULL,UNCONDITIONED,TEAM_A,12.3231,12.3231,-1.0,0.25,12.8539,-0.5308,7,4,SHRUNK,VENUE_OVERALL,away,thestatsapi,MEDIUM,PIT_SAFE
mt_629405324,COMP_NEUTRAL,B_DIS_tackles_for_03bf1a,tackles_for,tackles,FOR,FULL,UNCONDITIONED,TEAM_A,17.8462,17.8462,1.0,0.75,17.3924,0.4538,7,4,SHRUNK,VENUE_OVERALL,away,thestatsapi,MEDIUM,PIT_SAFE
mt_629405324,COMP_NEUTRAL,B_DIS_yellow_cards_for_76b75f,yellow_cards_for,yellow_cards,FOR,FULL,UNCONDITIONED,TEAM_A,2.3231,2.3231,1.0,0.75,2.2616,0.0615,7,4,SHRUNK,VENUE_OVERALL,away,thestatsapi,MEDIUM,PIT_SAFE
mt_629405324,COMP_NEUTRAL,B_DIS_fouls_against_5ff722,fouls_against,fouls,AGAINST,FULL,UNCONDITIONED,TEAM_A,11.4154,11.4154,1.0,0.75,10.977,0.4384,7,4,SHRUNK,VENUE_OVERALL,away,thestatsapi,MEDIUM,PIT_SAFE
mt_629405324,COMP_NEUTRAL,ENV_corners_a02f1c,league_corners_env,league_corners_env,NEUTRAL,FULL,UNCONDITIONED,,9.1333,9.1333,,0.5,9.1333,0.0,0,0,DIRECT,COMPETITION_PRIOR,,derived,HIGH,PIT_SAFE
mt_629405324,COMP_NEUTRAL,ENV_total_shots_c7e65c,league_total_shots_env,league_total_shots_env,NEUTRAL,FULL,UNCONDITIONED,,24.5333,24.5333,,0.5,24.5333,0.0,0,0,DIRECT,COMPETITION_PRIOR,,derived,HIGH,PIT_SAFE
mt_629405324,COMP_NEUTRAL,ENV_fouls_e03325,league_fouls_env,league_fouls_env,NEUTRAL,FULL,UNCONDITIONED,,24.7556,24.7556,,0.5,24.7556,0.0,0,0,DIRECT,COMPETITION_PRIOR,,derived,HIGH,PIT_SAFE
mt_629405324,COMP_NEUTRAL,ENV_yellow_cards_74159c,league_yellow_cards_env,league_yellow_cards_env,NEUTRAL,FULL,UNCONDITIONED,,4.2595,4.2595,,0.5,4.2595,0.0,0,0,DIRECT,COMPETITION_PRIOR,,derived,HIGH,PIT_SAFE
mt_629405324,COMP_NEUTRAL,A_FC_fc_crosses_for_5746cf,fc_crosses_for,crosses,FOR,FULL,TEAM_FORMATION_CONDITIONED,,2.7551,2.7551,-0.0023,0.4375,2.7591,-0.004,1,1,DIRECT,EXACT_FORMATION,home,derived_formation,LOW,PIT_SAFE
mt_629405324,COMP_NEUTRAL,A_FC_formation_delta_crosses_for_cbd400,formation_delta_crosses_for,crosses,FOR,FULL,TEAM_FORMATION_CONDITIONED,,0.0408,0.0408,-1.5178,0.1875,2.7591,-2.7183,1,1,DERIVED,EXACT_FORMATION,home,derived_formation,LOW,PIT_SAFE
mt_629405324,COMP_NEUTRAL,A_FC_fc_corners_for_0e3036,fc_corners_for,corners,FOR,FULL,TEAM_FORMATION_CONDITIONED,,2.4898,2.4898,-0.2002,0.3125,2.8926,-0.4028,1,1,DIRECT,EXACT_FORMATION,home,derived_formation,LOW,PIT_SAFE
mt_629405324,COMP_NEUTRAL,A_FC_formation_delta_corners_for_767c58,formation_delta_corners_for,corners,FOR,FULL,TEAM_FORMATION_CONDITIONED,,-0.0816,-0.0816,-1.4778,0.1875,2.8926,-2.9742,1,1,DERIVED,EXACT_FORMATION,home,derived_formation,LOW,PIT_SAFE
mt_629405324,COMP_NEUTRAL,A_FC_fc_corners_against_6ce883,fc_corners_against,corners,AGAINST,FULL,TEAM_FORMATION_CONDITIONED,,6.5102,6.5102,0.8721,0.8125,4.3265,2.1837,1,1,DIRECT,EXACT_FORMATION,home,derived_formation,LOW,PIT_SAFE
mt_629405324,COMP_NEUTRAL,A_FC_formation_delta_corners_against_be6e9b,formation_delta_corners_against,corners,AGAINST,FULL,TEAM_FORMATION_CONDITIONED,,0.0816,0.0816,-1.6952,0.0625,4.3265,-4.2449,1,1,DERIVED,EXACT_FORMATION,home,derived_formation,LOW,PIT_SAFE
mt_629405324,COMP_NEUTRAL,A_FC_fc_touches_in_box_for_12113e,fc_touches_in_box_for,touches_in_box,FOR,FULL,TEAM_FORMATION_CONDITIONED,,14.1633,14.1633,-0.1087,0.3125,15.2606,-1.0973,1,1,DIRECT,EXACT_FORMATION,home,derived_formation,LOW,PIT_SAFE
mt_629405324,COMP_NEUTRAL,A_FC_formation_delta_touches_in_box_for_374f15,formation_delta_touches_in_box_for,touches_in_box,FOR,FULL,TEAM_FORMATION_CONDITIONED,,-0.6939,-0.6939,-1.5807,0.0625,15.2606,-15.9545,1,1,DERIVED,EXACT_FORMATION,home,derived_formation,LOW,PIT_SAFE
mt_629405324,COMP_NEUTRAL,A_FC_fc_total_shots_for_300d58,fc_total_shots_for,total_shots,FOR,FULL,TEAM_FORMATION_CONDITIONED,,11.7143,11.7143,0.5605,0.5833,8.2463,3.468,1,1,DIRECT,EXACT_FORMATION,home,derived_formation,LOW,PIT_SAFE
mt_629405324,COMP_NEUTRAL,A_FC_formation_delta_total_shots_for_d7806e,formation_delta_total_shots_for,total_shots,FOR,FULL,TEAM_FORMATION_CONDITIONED,,-0.2857,-0.2857,-1.3789,0.25,8.2463,-8.532,1,1,DERIVED,EXACT_FORMATION,home,derived_formation,LOW,PIT_SAFE
mt_629405324,COMP_NEUTRAL,A_FC_fc_possession_for_a649f2,fc_possession_for,possession,FOR,FULL,TEAM_FORMATION_CONDITIONED,,36.7143,36.7143,0.3677,0.4167,28.9415,7.7728,1,1,DIRECT,EXACT_FORMATION,home,derived_formation,LOW,PIT_SAFE
mt_629405324,COMP_NEUTRAL,A_FC_formation_delta_possession_for_61a7a8,formation_delta_possession_for,possession,FOR,FULL,TEAM_FORMATION_CONDITIONED,,-1.2857,-1.2857,-1.43,0.0833,28.9415,-30.2272,1,1,DERIVED,EXACT_FORMATION,home,derived_formation,LOW,PIT_SAFE
mt_629405324,COMP_NEUTRAL,A_FC_fc_crosses_against_29eaa2,fc_crosses_against,crosses,AGAINST,FULL,TEAM_FORMATION_CONDITIONED,,5.6531,5.6531,0.7025,0.8125,4.1074,1.5457,1,1,DIRECT,EXACT_FORMATION,home,derived_formation,LOW,PIT_SAFE
mt_629405324,COMP_NEUTRAL,A_FC_formation_delta_crosses_against_01f446,formation_delta_crosses_against,crosses,AGAINST,FULL,TEAM_FORMATION_CONDITIONED,,0.2245,0.2245,-1.7646,0.0625,4.1074,-3.8829,1,1,DERIVED,EXACT_FORMATION,home,derived_formation,LOW,PIT_SAFE
mt_629405324,COMP_NEUTRAL,A_FC_fc_clearances_for_295ce7,fc_clearances_for,clearances,FOR,FULL,TEAM_FORMATION_CONDITIONED,,27.0408,27.0408,0.7713,0.9375,18.7357,8.3051,1,1,DIRECT,EXACT_FORMATION,home,derived_formation,LOW,PIT_SAFE
mt_629405324,COMP_NEUTRAL,A_FC_formation_delta_clearances_for_37f95c,formation_delta_clearances_for,clearances,FOR,FULL,TEAM_FORMATION_CONDITIONED,,1.3265,1.3265,-1.6169,0.1875,18.7357,-17.4092,1,1,DERIVED,EXACT_FORMATION,home,derived_formation,LOW,PIT_SAFE
mt_629405324,COMP_NEUTRAL,A_FC_fc_blocked_shots_for_b050bb,fc_blocked_shots_for,blocked_shots,FOR,FULL,TEAM_FORMATION_CONDITIONED,,2.5714,2.5714,-0.0284,0.3125,2.6248,-0.0534,1,1,DIRECT,EXACT_FORMATION,home,derived_formation,LOW,PIT_SAFE
mt_629405324,COMP_NEUTRAL,A_FC_formation_delta_blocked_shots_for_618313,formation_delta_blocked_shots_for,blocked_shots,FOR,FULL,TEAM_FORMATION_CONDITIONED,,-0.4286,-0.4286,-1.6232,0.0625,2.6248,-3.0534,1,1,DERIVED,EXACT_FORMATION,home,derived_formation,LOW,PIT_SAFE
mt_629405324,COMP_NEUTRAL,A_FMX_fmx_crosses_for_c1519d,fmx_crosses_for,crosses,FOR,FULL,OPP_FORMATION_CONDITIONED,4-3-3,3.3845,3.3845,0.3492,0.5625,2.7591,0.6254,7,4,HIERARCHICAL,VENUE_OVERALL,home,derived_formation,MEDIUM,PIT_SAFE
mt_629405324,COMP_NEUTRAL,A_FMX_fmx_crosses_against_08d4b4,fmx_crosses_against,crosses,AGAINST,FULL,OPP_FORMATION_CONDITIONED,4-3-3,5.835,5.835,0.7852,0.9375,4.1074,1.7276,7,4,HIERARCHICAL,VENUE_OVERALL,home,derived_formation,MEDIUM,PIT_SAFE
mt_629405324,COMP_NEUTRAL,A_FMX_fmx_corners_for_32a62f,fmx_corners_for,corners,FOR,FULL,OPP_FORMATION_CONDITIONED,4-3-3,3.5341,3.5341,0.3187,0.5625,2.8926,0.6415,7,4,HIERARCHICAL,VENUE_OVERALL,home,derived_formation,MEDIUM,PIT_SAFE
mt_629405324,COMP_NEUTRAL,A_FMX_fmx_corners_against_4274fa,fmx_corners_against,corners,AGAINST,FULL,OPP_FORMATION_CONDITIONED,4-3-3,6.5341,6.5341,0.8816,0.9375,4.3265,2.2076,7,4,HIERARCHICAL,VENUE_OVERALL,home,derived_formation,MEDIUM,PIT_SAFE
mt_629405324,COMP_NEUTRAL,A_FMX_fmx_touches_in_box_for_46f7ab,fmx_touches_in_box_for,touches_in_box,FOR,FULL,OPP_FORMATION_CONDITIONED,4-3-3,18.7663,18.7663,0.3473,0.5625,15.2606,3.5057,7,4,HIERARCHICAL,VENUE_OVERALL,home,derived_formation,MEDIUM,PIT_SAFE
mt_629405324,COMP_NEUTRAL,A_FMX_fmx_clearances_for_de35a6,fmx_clearances_for,clearances,FOR,FULL,OPP_FORMATION_CONDITIONED,4-3-3,26.9808,26.9808,0.7658,0.8125,18.7357,8.2451,7,4,HIERARCHICAL,VENUE_OVERALL,home,derived_formation,MEDIUM,PIT_SAFE
mt_629405324,COMP_NEUTRAL,A_FMX_fmx_blocked_shots_for_cab6e0,fmx_blocked_shots_for,blocked_shots,FOR,FULL,OPP_FORMATION_CONDITIONED,4-3-3,3.2759,3.2759,0.3462,0.5625,2.6248,0.6511,7,4,HIERARCHICAL,VENUE_OVERALL,home,derived_formation,MEDIUM,PIT_SAFE
mt_629405324,COMP_NEUTRAL,A_FMX_fmx_shots_inside_box_against_5630b8,fmx_shots_inside_box_against,shots_inside_box,AGAINST,FULL,OPP_FORMATION_CONDITIONED,4-3-3,10.5302,10.5302,1.2548,0.875,9.8211,0.7091,7,4,HIERARCHICAL,VENUE_OVERALL,home,derived_formation,MEDIUM,PIT_SAFE
mt_629405324,COMP_NEUTRAL,B_FC_fc_crosses_for_0d6814,fc_crosses_for,crosses,FOR,FULL,TEAM_FORMATION_CONDITIONED,,4.2245,4.2245,0.8182,0.6875,2.7591,1.4654,1,1,DIRECT,EXACT_FORMATION,away,derived_formation,LOW,PIT_SAFE
mt_629405324,COMP_NEUTRAL,B_FC_formation_delta_crosses_for_e5ac97,formation_delta_crosses_for,crosses,FOR,FULL,TEAM_FORMATION_CONDITIONED,,-0.2041,-0.2041,-1.6545,0.0625,2.7591,-2.9632,1,1,DERIVED,EXACT_FORMATION,away,derived_formation,LOW,PIT_SAFE
mt_629405324,COMP_NEUTRAL,B_FC_fc_corners_for_03f943,fc_corners_for,corners,FOR,FULL,TEAM_FORMATION_CONDITIONED,,4.8367,4.8367,0.9659,0.8125,2.8926,1.9441,1,1,DIRECT,EXACT_FORMATION,away,derived_formation,LOW,PIT_SAFE
mt_629405324,COMP_NEUTRAL,B_FC_formation_delta_corners_for_f057db,formation_delta_corners_for,corners,FOR,FULL,TEAM_FORMATION_CONDITIONED,,-0.3061,-0.3061,-1.5893,0.0625,2.8926,-3.1987,1,1,DERIVED,EXACT_FORMATION,away,derived_formation,LOW,PIT_SAFE
mt_629405324,COMP_NEUTRAL,B_FC_fc_corners_against_40899d,fc_corners_against,corners,AGAINST,FULL,TEAM_FORMATION_CONDITIONED,,5.1429,5.1429,0.326,0.4375,4.3265,0.8164,1,1,DIRECT,EXACT_FORMATION,away,derived_formation,LOW,PIT_SAFE
mt_629405324,COMP_NEUTRAL,B_FC_formation_delta_corners_against_eddc37,formation_delta_corners_against,corners,AGAINST,FULL,TEAM_FORMATION_CONDITIONED,,0.1429,0.1429,-1.6707,0.1875,4.3265,-4.1836,1,1,DERIVED,EXACT_FORMATION,away,derived_formation,LOW,PIT_SAFE
mt_629405324,COMP_NEUTRAL,B_FC_fc_touches_in_box_for_0c8fe1,fc_touches_in_box_for,touches_in_box,FOR,FULL,TEAM_FORMATION_CONDITIONED,,25.2041,25.2041,0.9851,0.8125,15.2606,9.9435,1,1,DIRECT,EXACT_FORMATION,away,derived_formation,LOW,PIT_SAFE
mt_629405324,COMP_NEUTRAL,B_FC_formation_delta_touches_in_box_for_895e8d,formation_delta_touches_in_box_for,touches_in_box,FOR,FULL,TEAM_FORMATION_CONDITIONED,,-0.3673,-0.3673,-1.5483,0.1875,15.2606,-15.6279,1,1,DERIVED,EXACT_FORMATION,away,derived_formation,LOW,PIT_SAFE
mt_629405324,COMP_NEUTRAL,B_FC_fc_total_shots_for_8e5559,fc_total_shots_for,total_shots,FOR,FULL,TEAM_FORMATION_CONDITIONED,,13.9388,13.9388,0.92,0.9167,8.2463,5.6925,1,1,DIRECT,EXACT_FORMATION,away,derived_formation,LOW,PIT_SAFE
mt_629405324,COMP_NEUTRAL,B_FC_formation_delta_total_shots_for_b4f891,formation_delta_total_shots_for,total_shots,FOR,FULL,TEAM_FORMATION_CONDITIONED,,-0.4898,-0.4898,-1.4119,0.0833,8.2463,-8.7361,1,1,DERIVED,EXACT_FORMATION,away,derived_formation,LOW,PIT_SAFE
mt_629405324,COMP_NEUTRAL,B_FC_fc_possession_for_ef7440,fc_possession_for,possession,FOR,FULL,TEAM_FORMATION_CONDITIONED,,50.2245,50.2245,1.0068,0.9167,28.9415,21.283,1,1,DIRECT,EXACT_FORMATION,away,derived_formation,LOW,PIT_SAFE
mt_629405324,COMP_NEUTRAL,B_FC_formation_delta_possession_for_3c5fec,formation_delta_possession_for,possession,FOR,FULL,TEAM_FORMATION_CONDITIONED,,0.7959,0.7959,-1.3315,0.25,28.9415,-28.1456,1,1,DERIVED,EXACT_FORMATION,away,derived_formation,LOW,PIT_SAFE
mt_629405324,COMP_NEUTRAL,B_FC_fc_crosses_against_157b6d,fc_crosses_against,crosses,AGAINST,FULL,TEAM_FORMATION_CONDITIONED,,5.3061,5.3061,0.5448,0.5625,4.1074,1.1987,1,1,DIRECT,EXACT_FORMATION,away,derived_formation,LOW,PIT_SAFE
mt_629405324,COMP_NEUTRAL,B_FC_formation_delta_crosses_against_438d73,formation_delta_crosses_against,crosses,AGAINST,FULL,TEAM_FORMATION_CONDITIONED,,0.449,0.449,-1.6626,0.1875,4.1074,-3.6584,1,1,DERIVED,EXACT_FORMATION,away,derived_formation,LOW,PIT_SAFE
mt_629405324,COMP_NEUTRAL,B_FC_fc_clearances_for_68308b,fc_clearances_for,clearances,FOR,FULL,TEAM_FORMATION_CONDITIONED,,23.4082,23.4082,0.4339,0.4375,18.7357,4.6725,1,1,DIRECT,EXACT_FORMATION,away,derived_formation,LOW,PIT_SAFE
mt_629405324,COMP_NEUTRAL,B_FC_formation_delta_clearances_for_b54b06,formation_delta_clearances_for,clearances,FOR,FULL,TEAM_FORMATION_CONDITIONED,,-0.7347,-0.7347,-1.8083,0.0625,18.7357,-19.4704,1,1,DERIVED,EXACT_FORMATION,away,derived_formation,LOW,PIT_SAFE
mt_629405324,COMP_NEUTRAL,B_FC_fc_blocked_shots_for_ee35de,fc_blocked_shots_for,blocked_shots,FOR,FULL,TEAM_FORMATION_CONDITIONED,,4.3265,4.3265,0.9047,0.8125,2.6248,1.7017,1,1,DIRECT,EXACT_FORMATION,away,derived_formation,LOW,PIT_SAFE
mt_629405324,COMP_NEUTRAL,B_FC_formation_delta_blocked_shots_for_cfb98c,formation_delta_blocked_shots_for,blocked_shots,FOR,FULL,TEAM_FORMATION_CONDITIONED,,-0.3878,-0.3878,-1.6016,0.1875,2.6248,-3.0126,1,1,DERIVED,EXACT_FORMATION,away,derived_formation,LOW,PIT_SAFE
mt_629405324,COMP_NEUTRAL,B_FMX_fmx_crosses_for_5e57eb,fmx_crosses_for,crosses,FOR,FULL,OPP_FORMATION_CONDITIONED,4-1-4-1,4.857,4.857,1.1713,0.9375,2.7591,2.0979,7,4,HIERARCHICAL,VENUE_OVERALL,away,derived_formation,MEDIUM,PIT_SAFE
mt_629405324,COMP_NEUTRAL,B_FMX_fmx_crosses_against_dd09b8,fmx_crosses_against,crosses,AGAINST,FULL,OPP_FORMATION_CONDITIONED,4-1-4-1,5.1757,5.1757,0.4855,0.4375,4.1074,1.0683,7,4,HIERARCHICAL,VENUE_OVERALL,away,derived_formation,MEDIUM,PIT_SAFE
mt_629405324,COMP_NEUTRAL,B_FMX_fmx_corners_for_4d23a6,fmx_corners_for,corners,FOR,FULL,OPP_FORMATION_CONDITIONED,4-1-4-1,5.3143,5.3143,1.2032,0.9375,2.8926,2.4217,7,4,HIERARCHICAL,VENUE_OVERALL,away,derived_formation,MEDIUM,PIT_SAFE
mt_629405324,COMP_NEUTRAL,B_FMX_fmx_corners_against_01c481,fmx_corners_against,corners,AGAINST,FULL,OPP_FORMATION_CONDITIONED,4-1-4-1,5.3692,5.3692,0.4164,0.5625,4.3265,1.0427,7,4,HIERARCHICAL,VENUE_OVERALL,away,derived_formation,MEDIUM,PIT_SAFE
mt_629405324,COMP_NEUTRAL,B_FMX_fmx_touches_in_box_for_f95ba5,fmx_touches_in_box_for,touches_in_box,FOR,FULL,OPP_FORMATION_CONDITIONED,4-1-4-1,26.8432,26.8432,1.1475,0.9375,15.2606,11.5826,7,4,HIERARCHICAL,VENUE_OVERALL,away,derived_formation,MEDIUM,PIT_SAFE
mt_629405324,COMP_NEUTRAL,B_FMX_fmx_clearances_for_12352e,fmx_clearances_for,clearances,FOR,FULL,OPP_FORMATION_CONDITIONED,4-1-4-1,24.772,24.772,0.5606,0.5625,18.7357,6.0363,7,4,HIERARCHICAL,VENUE_OVERALL,away,derived_formation,MEDIUM,PIT_SAFE
mt_629405324,COMP_NEUTRAL,B_FMX_fmx_blocked_shots_for_936b1b,fmx_blocked_shots_for,blocked_shots,FOR,FULL,OPP_FORMATION_CONDITIONED,4-1-4-1,4.5946,4.5946,1.0472,0.9375,2.6248,1.9698,7,4,HIERARCHICAL,VENUE_OVERALL,away,derived_formation,MEDIUM,PIT_SAFE
mt_629405324,COMP_NEUTRAL,B_FMX_fmx_shots_inside_box_against_52fd61,fmx_shots_inside_box_against,shots_inside_box,AGAINST,FULL,OPP_FORMATION_CONDITIONED,4-1-4-1,9.9697,9.9697,0.2629,0.625,9.8211,0.1486,7,4,HIERARCHICAL,VENUE_OVERALL,away,derived_formation,MEDIUM,PIT_SAFE
mt_584193347,COMP_NEUTRAL,A_ATK_crosses_for_16785d,crosses_for,crosses,FOR,FULL,UNCONDITIONED,TEAM_B,2.6742,2.6742,-0.1296,0.4375,2.9301,-0.2559,6,4,SHRUNK,VENUE_OVERALL,home,thestatsapi,MEDIUM,PIT_SAFE
mt_584193347,COMP_NEUTRAL,A_ATK_total_shots_for_03c2d7,total_shots_for,total_shots,FOR,FULL,UNCONDITIONED,TEAM_B,9.25,9.25,0.2067,0.4167,8.0007,1.2493,6,4,SHRUNK,VENUE_OVERALL,home,thestatsapi,MEDIUM,PIT_SAFE
mt_584193347,COMP_NEUTRAL,A_ATK_shots_on_target_for_6f1242,shots_on_target_for,shots_on_target,FOR,FULL,UNCONDITIONED,TEAM_B,3.2955,3.2955,-1.0,0.25,4.5076,-1.2121,6,4,SHRUNK,VENUE_OVERALL,home,thestatsapi,MEDIUM,PIT_SAFE
mt_584193347,COMP_NEUTRAL,A_ATK_shots_inside_box_for_c8c2f7,shots_inside_box_for,shots_inside_box,FOR,FULL,UNCONDITIONED,TEAM_B,6.1515,6.1515,-1.0,0.25,7.2348,-1.0833,6,4,SHRUNK,VENUE_OVERALL,home,thestatsapi,MEDIUM,PIT_SAFE
mt_584193347,COMP_NEUTRAL,A_ATK_touches_in_box_for_10cd5d,touches_in_box_for,touches_in_box,FOR,FULL,UNCONDITIONED,TEAM_B,21.8561,21.8561,0.3639,0.3125,17.9001,3.9561,6,4,SHRUNK,VENUE_OVERALL,home,thestatsapi,MEDIUM,PIT_SAFE
mt_584193347,COMP_NEUTRAL,A_ATK_corners_for_536bad,corners_for,corners,FOR,FULL,UNCONDITIONED,TEAM_B,4.3636,4.3636,-0.0221,0.4375,4.4317,-0.0681,6,4,SHRUNK,VENUE_OVERALL,home,thestatsapi,MEDIUM,PIT_SAFE
mt_584193347,COMP_NEUTRAL,A_ATK_possession_for_ebafdb,possession_for,possession,FOR,FULL,UNCONDITIONED,TEAM_B,50.2652,50.2652,0.581,0.5833,35.1865,15.0787,6,4,SHRUNK,VENUE_OVERALL,home,thestatsapi,MEDIUM,PIT_SAFE
mt_584193347,COMP_NEUTRAL,A_ATK_throw_ins_for_df71e5,throw_ins_for,throw_ins,FOR,FULL,UNCONDITIONED,TEAM_B,21.1288,21.1288,1.0,0.75,20.0493,1.0795,6,4,SHRUNK,VENUE_OVERALL,home,thestatsapi,MEDIUM,PIT_SAFE
mt_584193347,COMP_NEUTRAL,A_ATK_final_third_entries_for_61428d,final_third_entries_for,final_third_entries,FOR,FULL,UNCONDITIONED,TEAM_B,56.8106,56.8106,-1.0,0.25,59.125,-2.3144,6,4,SHRUNK,VENUE_OVERALL,home,thestatsapi,MEDIUM,PIT_SAFE
mt_584193347,COMP_NEUTRAL,A_DEF_crosses_against_ee3d16,crosses_against,crosses,AGAINST,FULL,UNCONDITIONED,TEAM_B,4.0985,4.0985,0.487,0.5625,3.2557,0.8427,6,4,SHRUNK,VENUE_OVERALL,home,thestatsapi,MEDIUM,PIT_SAFE
mt_584193347,COMP_NEUTRAL,A_DEF_total_shots_against_f6fb43,total_shots_against,total_shots,AGAINST,FULL,UNCONDITIONED,TEAM_B,11.6742,11.6742,1.0,0.75,10.8484,0.8258,6,4,SHRUNK,VENUE_OVERALL,home,thestatsapi,MEDIUM,PIT_SAFE
mt_584193347,COMP_NEUTRAL,A_DEF_shots_inside_box_against_707e84,shots_inside_box_against,shots_inside_box,AGAINST,FULL,UNCONDITIONED,TEAM_B,7.947,7.947,0.3337,0.625,7.5359,0.4111,6,4,SHRUNK,VENUE_OVERALL,home,thestatsapi,MEDIUM,PIT_SAFE
mt_584193347,COMP_NEUTRAL,A_DEF_touches_in_box_against_545891,touches_in_box_against,touches_in_box,AGAINST,FULL,UNCONDITIONED,TEAM_B,20.6288,20.6288,1.0,0.75,17.5757,3.053,6,4,SHRUNK,VENUE_OVERALL,home,thestatsapi,MEDIUM,PIT_SAFE
mt_584193347,COMP_NEUTRAL,A_DEF_corners_against_147cce,corners_against,corners,AGAINST,FULL,UNCONDITIONED,TEAM_B,5.6364,5.6364,0.8439,0.6875,3.6867,1.9497,6,4,SHRUNK,VENUE_OVERALL,home,thestatsapi,MEDIUM,PIT_SAFE
mt_584193347,COMP_NEUTRAL,A_DEF_blocked_shots_for_783689,blocked_shots_for,blocked_shots,FOR,FULL,UNCONDITIONED,TEAM_B,2.2121,2.2121,-0.1156,0.4375,2.409,-0.1969,6,4,SHRUNK,VENUE_OVERALL,home,thestatsapi,MEDIUM,PIT_SAFE
mt_584193347,COMP_NEUTRAL,A_DEF_clearances_for_068d4f,clearances_for,clearances,FOR,FULL,UNCONDITIONED,TEAM_B,13.9015,13.9015,0.2368,0.3125,12.2002,1.7013,6,4,SHRUNK,VENUE_OVERALL,home,thestatsapi,MEDIUM,PIT_SAFE
mt_584193347,COMP_NEUTRAL,A_DEF_interceptions_for_17e2ec,interceptions_for,interceptions,FOR,FULL,UNCONDITIONED,TEAM_B,9.2803,9.2803,1.0,0.75,9.25,0.0303,6,4,SHRUNK,VENUE_OVERALL,home,thestatsapi,MEDIUM,PIT_SAFE
mt_584193347,COMP_NEUTRAL,A_DIS_fouls_for_af0817,fouls_for,fouls,FOR,FULL,UNCONDITIONED,TEAM_B,11.7803,11.7803,-1.0,0.25,11.8674,-0.0871,6,4,SHRUNK,VENUE_OVERALL,home,thestatsapi,MEDIUM,PIT_SAFE
mt_584193347,COMP_NEUTRAL,A_DIS_tackles_for_576ba8,tackles_for,tackles,FOR,FULL,UNCONDITIONED,TEAM_B,14.75,14.75,-1.0,0.25,16.8712,-2.1212,6,4,SHRUNK,VENUE_OVERALL,home,thestatsapi,MEDIUM,PIT_SAFE
mt_584193347,COMP_NEUTRAL,A_DIS_yellow_cards_for_853af9,yellow_cards_for,yellow_cards,FOR,FULL,UNCONDITIONED,TEAM_B,1.8258,1.8258,1.0,0.75,1.5295,0.2963,6,4,SHRUNK,VENUE_OVERALL,home,thestatsapi,MEDIUM,PIT_SAFE
mt_584193347,COMP_NEUTRAL,A_DIS_fouls_against_c042c4,fouls_against,fouls,AGAINST,FULL,UNCONDITIONED,TEAM_B,10.6818,10.6818,-1.0,0.25,11.5265,-0.8447,6,4,SHRUNK,VENUE_OVERALL,home,thestatsapi,MEDIUM,PIT_SAFE
mt_584193347,COMP_NEUTRAL,B_ATK_crosses_for_b460b6,crosses_for,crosses,FOR,FULL,UNCONDITIONED,TEAM_A,4.9318,4.9318,1.0137,0.8125,2.9301,2.0017,6,4,SHRUNK,VENUE_OVERALL,away,thestatsapi,MEDIUM,PIT_SAFE
mt_584193347,COMP_NEUTRAL,B_ATK_total_shots_for_001fe2,total_shots_for,total_shots,FOR,FULL,UNCONDITIONED,TEAM_A,14.9924,14.9924,1.1566,0.9167,8.0007,6.9917,6,4,SHRUNK,VENUE_OVERALL,away,thestatsapi,MEDIUM,PIT_SAFE
mt_584193347,COMP_NEUTRAL,B_ATK_shots_on_target_for_14bdba,shots_on_target_for,shots_on_target,FOR,FULL,UNCONDITIONED,TEAM_A,5.7197,5.7197,1.0,0.75,4.5076,1.2121,6,4,SHRUNK,VENUE_OVERALL,away,thestatsapi,MEDIUM,PIT_SAFE
mt_584193347,COMP_NEUTRAL,B_ATK_shots_inside_box_for_48c4fd,shots_inside_box_for,shots_inside_box,FOR,FULL,UNCONDITIONED,TEAM_A,8.3182,8.3182,1.0,0.75,7.2348,1.0833,6,4,SHRUNK,VENUE_OVERALL,away,thestatsapi,MEDIUM,PIT_SAFE
mt_584193347,COMP_NEUTRAL,B_ATK_touches_in_box_for_330f20,touches_in_box_for,touches_in_box,FOR,FULL,UNCONDITIONED,TEAM_A,24.5379,24.5379,0.6106,0.6875,17.9001,6.6379,6,4,SHRUNK,VENUE_OVERALL,away,thestatsapi,MEDIUM,PIT_SAFE
mt_584193347,COMP_NEUTRAL,B_ATK_corners_for_e0b23a,corners_for,corners,FOR,FULL,UNCONDITIONED,TEAM_A,7.6136,7.6136,1.0345,0.8125,4.4317,3.1819,6,4,SHRUNK,VENUE_OVERALL,away,thestatsapi,MEDIUM,PIT_SAFE
mt_584193347,COMP_NEUTRAL,B_ATK_possession_for_b16687,possession_for,possession,FOR,FULL,UNCONDITIONED,TEAM_A,57.9015,57.9015,0.8753,0.75,35.1865,22.715,6,4,SHRUNK,VENUE_OVERALL,away,thestatsapi,MEDIUM,PIT_SAFE
mt_584193347,COMP_NEUTRAL,B_ATK_throw_ins_for_3b56e5,throw_ins_for,throw_ins,FOR,FULL,UNCONDITIONED,TEAM_A,18.9697,18.9697,-1.0,0.25,20.0493,-1.0796,6,4,SHRUNK,VENUE_OVERALL,away,thestatsapi,MEDIUM,PIT_SAFE
mt_584193347,COMP_NEUTRAL,B_ATK_final_third_entries_for_ce86cf,final_third_entries_for,final_third_entries,FOR,FULL,UNCONDITIONED,TEAM_A,61.4394,61.4394,1.0,0.75,59.125,2.3144,6,4,SHRUNK,VENUE_OVERALL,away,thestatsapi,MEDIUM,PIT_SAFE
mt_584193347,COMP_NEUTRAL,B_DEF_crosses_against_e8107a,crosses_against,crosses,AGAINST,FULL,UNCONDITIONED,TEAM_A,3.5076,3.5076,0.1455,0.3125,3.2557,0.2519,6,4,SHRUNK,VENUE_OVERALL,away,thestatsapi,MEDIUM,PIT_SAFE
mt_584193347,COMP_NEUTRAL,B_DEF_total_shots_against_63527e,total_shots_against,total_shots,AGAINST,FULL,UNCONDITIONED,TEAM_A,10.0227,10.0227,-1.0,0.25,10.8484,-0.8257,6,4,SHRUNK,VENUE_OVERALL,away,thestatsapi,MEDIUM,PIT_SAFE
mt_584193347,COMP_NEUTRAL,B_DEF_shots_inside_box_against_0694b8,shots_inside_box_against,shots_inside_box,AGAINST,FULL,UNCONDITIONED,TEAM_A,5.7273,5.7273,-1.4681,0.125,7.5359,-1.8086,6,4,SHRUNK,VENUE_OVERALL,away,thestatsapi,MEDIUM,PIT_SAFE
mt_584193347,COMP_NEUTRAL,B_DEF_touches_in_box_against_d8113e,touches_in_box_against,touches_in_box,AGAINST,FULL,UNCONDITIONED,TEAM_A,14.5227,14.5227,-1.0,0.25,17.5757,-3.053,6,4,SHRUNK,VENUE_OVERALL,away,thestatsapi,MEDIUM,PIT_SAFE
mt_584193347,COMP_NEUTRAL,B_DEF_corners_against_fbda89,corners_against,corners,AGAINST,FULL,UNCONDITIONED,TEAM_A,3.6439,3.6439,-0.0185,0.4375,3.6867,-0.0428,6,4,SHRUNK,VENUE_OVERALL,away,thestatsapi,MEDIUM,PIT_SAFE
mt_584193347,COMP_NEUTRAL,B_DEF_blocked_shots_for_ecab59,blocked_shots_for,blocked_shots,FOR,FULL,UNCONDITIONED,TEAM_A,4.1364,4.1364,1.0143,0.8125,2.409,1.7274,6,4,SHRUNK,VENUE_OVERALL,away,thestatsapi,MEDIUM,PIT_SAFE
mt_584193347,COMP_NEUTRAL,B_DEF_clearances_for_e47bc1,clearances_for,clearances,FOR,FULL,UNCONDITIONED,TEAM_A,15.6212,15.6212,0.4761,0.5625,12.2002,3.421,6,4,SHRUNK,VENUE_OVERALL,away,thestatsapi,MEDIUM,PIT_SAFE
mt_584193347,COMP_NEUTRAL,B_DEF_interceptions_for_0fd2bf,interceptions_for,interceptions,FOR,FULL,UNCONDITIONED,TEAM_A,9.2197,9.2197,-1.0,0.25,9.25,-0.0303,6,4,SHRUNK,VENUE_OVERALL,away,thestatsapi,MEDIUM,PIT_SAFE
mt_584193347,COMP_NEUTRAL,B_DIS_fouls_for_fe7a5c,fouls_for,fouls,FOR,FULL,UNCONDITIONED,TEAM_A,11.9545,11.9545,1.0,0.75,11.8674,0.0871,6,4,SHRUNK,VENUE_OVERALL,away,thestatsapi,MEDIUM,PIT_SAFE
mt_584193347,COMP_NEUTRAL,B_DIS_tackles_for_d3cc9a,tackles_for,tackles,FOR,FULL,UNCONDITIONED,TEAM_A,18.9924,18.9924,1.0,0.75,16.8712,2.1212,6,4,SHRUNK,VENUE_OVERALL,away,thestatsapi,MEDIUM,PIT_SAFE
mt_584193347,COMP_NEUTRAL,B_DIS_yellow_cards_for_31c57c,yellow_cards_for,yellow_cards,FOR,FULL,UNCONDITIONED,TEAM_A,1.2333,1.2333,-1.0,0.25,1.5295,-0.2962,4,2,SHRUNK,VENUE_OVERALL,away,thestatsapi,MEDIUM,PIT_SAFE
mt_584193347,COMP_NEUTRAL,B_DIS_fouls_against_3eba0c,fouls_against,fouls,AGAINST,FULL,UNCONDITIONED,TEAM_A,12.3712,12.3712,1.0,0.75,11.5265,0.8447,6,4,SHRUNK,VENUE_OVERALL,away,thestatsapi,MEDIUM,PIT_SAFE
mt_584193347,COMP_NEUTRAL,ENV_corners_6147aa,league_corners_env,league_corners_env,NEUTRAL,FULL,UNCONDITIONED,,9.8673,9.8673,,0.5,9.8673,0.0,0,0,DIRECT,COMPETITION_PRIOR,,derived,HIGH,PIT_SAFE
mt_584193347,COMP_NEUTRAL,ENV_total_shots_2eee41,league_total_shots_env,league_total_shots_env,NEUTRAL,FULL,UNCONDITIONED,,23.6531,23.6531,,0.5,23.6531,0.0,0,0,DIRECT,COMPETITION_PRIOR,,derived,HIGH,PIT_SAFE
mt_584193347,COMP_NEUTRAL,ENV_fouls_5495f8,league_fouls_env,league_fouls_env,NEUTRAL,FULL,UNCONDITIONED,,25.6531,25.6531,,0.5,25.6531,0.0,0,0,DIRECT,COMPETITION_PRIOR,,derived,HIGH,PIT_SAFE
mt_584193347,COMP_NEUTRAL,ENV_yellow_cards_40fd2b,league_yellow_cards_env,league_yellow_cards_env,NEUTRAL,FULL,UNCONDITIONED,,3.9263,3.9263,,0.5,3.9263,0.0,0,0,DIRECT,COMPETITION_PRIOR,,derived,HIGH,PIT_SAFE
mt_584193347,COMP_NEUTRAL,A_FC_fc_crosses_for_5aa28e,fc_crosses_for,crosses,FOR,FULL,TEAM_FORMATION_CONDITIONED,,2.1429,2.1429,-0.3986,0.3125,2.9301,-0.7872,1,1,DIRECT,EXACT_FORMATION,home,derived_formation,LOW,PIT_SAFE
mt_584193347,COMP_NEUTRAL,A_FC_formation_delta_crosses_for_483277,formation_delta_crosses_for,crosses,FOR,FULL,TEAM_FORMATION_CONDITIONED,,-0.0238,-0.0238,-1.4958,0.0625,2.9301,-2.9539,1,1,DERIVED,EXACT_FORMATION,home,derived_formation,LOW,PIT_SAFE
mt_584193347,COMP_NEUTRAL,A_FC_fc_corners_for_b7ce44,fc_corners_for,corners,FOR,FULL,TEAM_FORMATION_CONDITIONED,,3.8571,3.8571,-0.1868,0.3125,4.4317,-0.5746,1,1,DIRECT,EXACT_FORMATION,home,derived_formation,LOW,PIT_SAFE
mt_584193347,COMP_NEUTRAL,A_FC_formation_delta_corners_for_66081a,formation_delta_corners_for,corners,FOR,FULL,TEAM_FORMATION_CONDITIONED,,-0.1429,-0.1429,-1.4873,0.1875,4.4317,-4.5746,1,1,DERIVED,EXACT_FORMATION,home,derived_formation,LOW,PIT_SAFE
mt_584193347,COMP_NEUTRAL,A_FC_fc_corners_against_30465b,fc_corners_against,corners,AGAINST,FULL,TEAM_FORMATION_CONDITIONED,,5.7143,5.7143,0.8776,0.8125,3.6867,2.0276,1,1,DIRECT,EXACT_FORMATION,home,derived_formation,LOW,PIT_SAFE
mt_584193347,COMP_NEUTRAL,A_FC_formation_delta_corners_against_934bf7,formation_delta_corners_against,corners,AGAINST,FULL,TEAM_FORMATION_CONDITIONED,,0.7143,0.7143,-1.2865,0.1875,3.6867,-2.9724,1,1,DERIVED,EXACT_FORMATION,home,derived_formation,LOW,PIT_SAFE
mt_584193347,COMP_NEUTRAL,A_FC_fc_touches_in_box_for_d04ce8,fc_touches_in_box_for,touches_in_box,FOR,FULL,TEAM_FORMATION_CONDITIONED,,22.7143,22.7143,0.4428,0.4375,17.9001,4.8143,1,1,DIRECT,EXACT_FORMATION,home,derived_formation,LOW,PIT_SAFE
mt_584193347,COMP_NEUTRAL,A_FC_formation_delta_touches_in_box_for_8106bc,formation_delta_touches_in_box_for,touches_in_box,FOR,FULL,TEAM_FORMATION_CONDITIONED,,-1.4524,-1.4524,-1.7801,0.0625,17.9001,-19.3525,1,1,DERIVED,EXACT_FORMATION,home,derived_formation,LOW,PIT_SAFE
mt_584193347,COMP_NEUTRAL,A_FC_fc_total_shots_for_7e30d4,fc_total_shots_for,total_shots,FOR,FULL,TEAM_FORMATION_CONDITIONED,,9.4286,9.4286,0.2362,0.5833,8.0007,1.4279,1,1,DIRECT,EXACT_FORMATION,home,derived_formation,LOW,PIT_SAFE
mt_584193347,COMP_NEUTRAL,A_FC_formation_delta_total_shots_for_132c75,formation_delta_total_shots_for,total_shots,FOR,FULL,TEAM_FORMATION_CONDITIONED,,-0.0714,-0.0714,-1.3353,0.0833,8.0007,-8.0721,1,1,DERIVED,EXACT_FORMATION,home,derived_formation,LOW,PIT_SAFE
mt_584193347,COMP_NEUTRAL,A_FC_fc_possession_for_51786a,fc_possession_for,possession,FOR,FULL,TEAM_FORMATION_CONDITIONED,,47.1429,47.1429,0.4607,0.4167,35.1865,11.9564,1,1,DIRECT,EXACT_FORMATION,home,derived_formation,LOW,PIT_SAFE
mt_584193347,COMP_NEUTRAL,A_FC_formation_delta_possession_for_26eaa9,formation_delta_possession_for,possession,FOR,FULL,TEAM_FORMATION_CONDITIONED,,-2.0238,-2.0238,-1.4338,0.0833,35.1865,-37.2103,1,1,DERIVED,EXACT_FORMATION,home,derived_formation,LOW,PIT_SAFE
mt_584193347,COMP_NEUTRAL,A_FC_fc_crosses_against_e282d7,fc_crosses_against,crosses,AGAINST,FULL,TEAM_FORMATION_CONDITIONED,,4.7143,4.7143,0.8428,0.8125,3.2557,1.4585,1,1,DIRECT,EXACT_FORMATION,home,derived_formation,LOW,PIT_SAFE
mt_584193347,COMP_NEUTRAL,A_FC_formation_delta_crosses_against_44c8d9,formation_delta_crosses_against,crosses,AGAINST,FULL,TEAM_FORMATION_CONDITIONED,,0.881,0.881,-1.3722,0.1875,3.2557,-2.3747,1,1,DERIVED,EXACT_FORMATION,home,derived_formation,LOW,PIT_SAFE
mt_584193347,COMP_NEUTRAL,A_FC_fc_clearances_for_a34381,fc_clearances_for,clearances,FOR,FULL,TEAM_FORMATION_CONDITIONED,,14.1429,14.1429,0.2704,0.4375,12.2002,1.9427,1,1,DIRECT,EXACT_FORMATION,home,derived_formation,LOW,PIT_SAFE
mt_584193347,COMP_NEUTRAL,A_FC_formation_delta_clearances_for_abfafa,formation_delta_clearances_for,clearances,FOR,FULL,TEAM_FORMATION_CONDITIONED,,0.9762,0.9762,-1.562,0.1875,12.2002,-11.224,1,1,DERIVED,EXACT_FORMATION,home,derived_formation,LOW,PIT_SAFE
mt_584193347,COMP_NEUTRAL,A_FC_fc_blocked_shots_for_4c1a7d,fc_blocked_shots_for,blocked_shots,FOR,FULL,TEAM_FORMATION_CONDITIONED,,2.0,2.0,-0.2401,0.3125,2.409,-0.409,1,1,DIRECT,EXACT_FORMATION,home,derived_formation,LOW,PIT_SAFE
mt_584193347,COMP_NEUTRAL,A_FC_formation_delta_blocked_shots_for_620fe5,formation_delta_blocked_shots_for,blocked_shots,FOR,FULL,TEAM_FORMATION_CONDITIONED,,-0.3333,-0.3333,-1.6102,0.0625,2.409,-2.7423,1,1,DERIVED,EXACT_FORMATION,home,derived_formation,LOW,PIT_SAFE
mt_584193347,COMP_NEUTRAL,A_FMX_fmx_crosses_for_2cd6a6,fmx_crosses_for,crosses,FOR,FULL,OPP_FORMATION_CONDITIONED,4-4-2,3.6001,3.6001,0.3393,0.5625,2.9301,0.67,6,4,HIERARCHICAL,VENUE_OVERALL,home,derived_formation,MEDIUM,PIT_SAFE
mt_584193347,COMP_NEUTRAL,A_FMX_fmx_crosses_against_ceb4ea,fmx_crosses_against,crosses,AGAINST,FULL,OPP_FORMATION_CONDITIONED,4-4-2,4.8158,4.8158,0.9014,0.9375,3.2557,1.5601,6,4,HIERARCHICAL,VENUE_OVERALL,home,derived_formation,MEDIUM,PIT_SAFE
mt_584193347,COMP_NEUTRAL,A_FMX_fmx_corners_for_f6e8a4,fmx_corners_for,corners,FOR,FULL,OPP_FORMATION_CONDITIONED,4-4-2,5.2707,5.2707,0.2728,0.5625,4.4317,0.839,6,4,HIERARCHICAL,VENUE_OVERALL,home,derived_formation,MEDIUM,PIT_SAFE
mt_584193347,COMP_NEUTRAL,A_FMX_fmx_corners_against_10ed05,fmx_corners_against,corners,AGAINST,FULL,OPP_FORMATION_CONDITIONED,4-4-2,6.2707,6.2707,1.1185,0.9375,3.6867,2.584,6,4,HIERARCHICAL,VENUE_OVERALL,home,derived_formation,MEDIUM,PIT_SAFE
mt_584193347,COMP_NEUTRAL,A_FMX_fmx_touches_in_box_for_061021,fmx_touches_in_box_for,touches_in_box,FOR,FULL,OPP_FORMATION_CONDITIONED,4-4-2,25.4333,25.4333,0.6929,0.8125,17.9001,7.5332,6,4,HIERARCHICAL,VENUE_OVERALL,home,derived_formation,MEDIUM,PIT_SAFE
mt_584193347,COMP_NEUTRAL,A_FMX_fmx_clearances_for_50a4bc,fmx_clearances_for,clearances,FOR,FULL,OPP_FORMATION_CONDITIONED,4-4-2,18.0965,18.0965,0.8206,0.8125,12.2002,5.8963,6,4,HIERARCHICAL,VENUE_OVERALL,home,derived_formation,MEDIUM,PIT_SAFE
mt_584193347,COMP_NEUTRAL,A_FMX_fmx_blocked_shots_for_77dc81,fmx_blocked_shots_for,blocked_shots,FOR,FULL,OPP_FORMATION_CONDITIONED,4-4-2,2.8587,2.8587,0.2641,0.5625,2.409,0.4497,6,4,HIERARCHICAL,VENUE_OVERALL,home,derived_formation,MEDIUM,PIT_SAFE
mt_584193347,COMP_NEUTRAL,A_FMX_fmx_shots_inside_box_against_002c23,fmx_shots_inside_box_against,shots_inside_box,AGAINST,FULL,OPP_FORMATION_CONDITIONED,4-4-2,9.144,9.144,1.3054,0.875,7.5359,1.6081,6,4,HIERARCHICAL,VENUE_OVERALL,home,derived_formation,MEDIUM,PIT_SAFE
mt_584193347,COMP_NEUTRAL,B_FC_fc_crosses_for_36fef5,fc_crosses_for,crosses,FOR,FULL,TEAM_FORMATION_CONDITIONED,,4.5714,4.5714,0.8311,0.6875,2.9301,1.6413,1,1,DIRECT,EXACT_FORMATION,away,derived_formation,LOW,PIT_SAFE
mt_584193347,COMP_NEUTRAL,B_FC_formation_delta_crosses_for_55f395,formation_delta_crosses_for,crosses,FOR,FULL,TEAM_FORMATION_CONDITIONED,,0.0714,0.0714,-1.4476,0.1875,2.9301,-2.8587,1,1,DERIVED,EXACT_FORMATION,away,derived_formation,LOW,PIT_SAFE
mt_584193347,COMP_NEUTRAL,B_FC_fc_corners_for_fcd2ea,fc_corners_for,corners,FOR,FULL,TEAM_FORMATION_CONDITIONED,,7.0,7.0,0.835,0.6875,4.4317,2.5683,1,1,DIRECT,EXACT_FORMATION,away,derived_formation,LOW,PIT_SAFE
mt_584193347,COMP_NEUTRAL,B_FC_formation_delta_corners_for_09939e,formation_delta_corners_for,corners,FOR,FULL,TEAM_FORMATION_CONDITIONED,,-0.5,-0.5,-1.6034,0.0625,4.4317,-4.9317,1,1,DERIVED,EXACT_FORMATION,away,derived_formation,LOW,PIT_SAFE
mt_584193347,COMP_NEUTRAL,B_FC_fc_corners_against_86b92d,fc_corners_against,corners,AGAINST,FULL,TEAM_FORMATION_CONDITIONED,,3.2857,3.2857,-0.1735,0.3125,3.6867,-0.401,1,1,DIRECT,EXACT_FORMATION,away,derived_formation,LOW,PIT_SAFE
mt_584193347,COMP_NEUTRAL,B_FC_formation_delta_corners_against_283762,formation_delta_corners_against,corners,AGAINST,FULL,TEAM_FORMATION_CONDITIONED,,-0.5476,-0.5476,-1.8327,0.0625,3.6867,-4.2343,1,1,DERIVED,EXACT_FORMATION,away,derived_formation,LOW,PIT_SAFE
mt_584193347,COMP_NEUTRAL,B_FC_fc_touches_in_box_for_ecfebb,fc_touches_in_box_for,touches_in_box,FOR,FULL,TEAM_FORMATION_CONDITIONED,,23.1429,23.1429,0.4822,0.5625,17.9001,5.2429,1,1,DIRECT,EXACT_FORMATION,away,derived_formation,LOW,PIT_SAFE
mt_584193347,COMP_NEUTRAL,B_FC_formation_delta_touches_in_box_for_553530,formation_delta_touches_in_box_for,touches_in_box,FOR,FULL,TEAM_FORMATION_CONDITIONED,,-0.0238,-0.0238,-1.6487,0.1875,17.9001,-17.9239,1,1,DERIVED,EXACT_FORMATION,away,derived_formation,LOW,PIT_SAFE
mt_584193347,COMP_NEUTRAL,B_FC_fc_total_shots_for_6e3c63,fc_total_shots_for,total_shots,FOR,FULL,TEAM_FORMATION_CONDITIONED,,14.2857,14.2857,1.0397,0.75,8.0007,6.285,1,1,DIRECT,EXACT_FORMATION,away,derived_formation,LOW,PIT_SAFE
mt_584193347,COMP_NEUTRAL,B_FC_formation_delta_total_shots_for_92d958,formation_delta_total_shots_for,total_shots,FOR,FULL,TEAM_FORMATION_CONDITIONED,,0.119,0.119,-1.3038,0.25,8.0007,-7.8817,1,1,DERIVED,EXACT_FORMATION,away,derived_formation,LOW,PIT_SAFE
mt_584193347,COMP_NEUTRAL,B_FC_fc_possession_for_98e0ea,fc_possession_for,possession,FOR,FULL,TEAM_FORMATION_CONDITIONED,,58.0,58.0,0.879,0.9167,35.1865,22.8135,1,1,DIRECT,EXACT_FORMATION,away,derived_formation,LOW,PIT_SAFE
mt_584193347,COMP_NEUTRAL,B_FC_formation_delta_possession_for_bcd0bc,formation_delta_possession_for,possession,FOR,FULL,TEAM_FORMATION_CONDITIONED,,-0.1667,-0.1667,-1.3622,0.25,35.1865,-35.3532,1,1,DERIVED,EXACT_FORMATION,away,derived_formation,LOW,PIT_SAFE
mt_584193347,COMP_NEUTRAL,B_FC_fc_crosses_against_46764b,fc_crosses_against,crosses,AGAINST,FULL,TEAM_FORMATION_CONDITIONED,,3.7143,3.7143,0.265,0.4375,3.2557,0.4586,1,1,DIRECT,EXACT_FORMATION,away,derived_formation,LOW,PIT_SAFE
mt_584193347,COMP_NEUTRAL,B_FC_formation_delta_crosses_against_17328e,formation_delta_crosses_against,crosses,AGAINST,FULL,TEAM_FORMATION_CONDITIONED,,-0.119,-0.119,-1.95,0.0625,3.2557,-3.3747,1,1,DERIVED,EXACT_FORMATION,away,derived_formation,LOW,PIT_SAFE
mt_584193347,COMP_NEUTRAL,B_FC_fc_clearances_for_6df2bf,fc_clearances_for,clearances,FOR,FULL,TEAM_FORMATION_CONDITIONED,,15.7143,15.7143,0.489,0.6875,12.2002,3.5141,1,1,DIRECT,EXACT_FORMATION,away,derived_formation,LOW,PIT_SAFE
mt_584193347,COMP_NEUTRAL,B_FC_formation_delta_clearances_for_6fcf8d,formation_delta_clearances_for,clearances,FOR,FULL,TEAM_FORMATION_CONDITIONED,,-0.619,-0.619,-1.784,0.0625,12.2002,-12.8192,1,1,DERIVED,EXACT_FORMATION,away,derived_formation,LOW,PIT_SAFE
mt_584193347,COMP_NEUTRAL,B_FC_fc_blocked_shots_for_9f19a3,fc_blocked_shots_for,blocked_shots,FOR,FULL,TEAM_FORMATION_CONDITIONED,,4.0,4.0,0.9342,0.6875,2.409,1.591,1,1,DIRECT,EXACT_FORMATION,away,derived_formation,LOW,PIT_SAFE
mt_584193347,COMP_NEUTRAL,B_FC_formation_delta_blocked_shots_for_4b0446,formation_delta_blocked_shots_for,blocked_shots,FOR,FULL,TEAM_FORMATION_CONDITIONED,,0.0,0.0,-1.4145,0.1875,2.409,-2.409,1,1,DERIVED,EXACT_FORMATION,away,derived_formation,LOW,PIT_SAFE
mt_584193347,COMP_NEUTRAL,B_FMX_fmx_crosses_for_43d859,fmx_crosses_for,crosses,FOR,FULL,OPP_FORMATION_CONDITIONED,4-1-4-1,5.4727,5.4727,1.2876,0.9375,2.9301,2.5426,6,4,HIERARCHICAL,VENUE_OVERALL,away,derived_formation,MEDIUM,PIT_SAFE
mt_584193347,COMP_NEUTRAL,B_FMX_fmx_crosses_against_de38ea,fmx_crosses_against,crosses,AGAINST,FULL,OPP_FORMATION_CONDITIONED,4-1-4-1,4.4335,4.4335,0.6805,0.6875,3.2557,1.1778,6,4,HIERARCHICAL,VENUE_OVERALL,away,derived_formation,MEDIUM,PIT_SAFE
mt_584193347,COMP_NEUTRAL,B_FMX_fmx_corners_for_ec2a95,fmx_corners_for,corners,FOR,FULL,OPP_FORMATION_CONDITIONED,4-1-4-1,7.9913,7.9913,1.1573,0.9375,4.4317,3.5596,6,4,HIERARCHICAL,VENUE_OVERALL,away,derived_formation,MEDIUM,PIT_SAFE
mt_584193347,COMP_NEUTRAL,B_FMX_fmx_corners_against_22a2bb,fmx_corners_against,corners,AGAINST,FULL,OPP_FORMATION_CONDITIONED,4-1-4-1,4.7756,4.7756,0.4713,0.5625,3.6867,1.0889,6,4,HIERARCHICAL,VENUE_OVERALL,away,derived_formation,MEDIUM,PIT_SAFE
mt_584193347,COMP_NEUTRAL,B_FMX_fmx_touches_in_box_for_4b7791,fmx_touches_in_box_for,touches_in_box,FOR,FULL,OPP_FORMATION_CONDITIONED,4-1-4-1,26.9921,26.9921,0.8363,0.9375,17.9001,9.0921,6,4,HIERARCHICAL,VENUE_OVERALL,away,derived_formation,MEDIUM,PIT_SAFE
mt_584193347,COMP_NEUTRAL,B_FMX_fmx_clearances_for_e234e3,fmx_clearances_for,clearances,FOR,FULL,OPP_FORMATION_CONDITIONED,4-1-4-1,19.7681,19.7681,1.0532,0.9375,12.2002,7.5679,6,4,HIERARCHICAL,VENUE_OVERALL,away,derived_formation,MEDIUM,PIT_SAFE
mt_584193347,COMP_NEUTRAL,B_FMX_fmx_blocked_shots_for_91f134,fmx_blocked_shots_for,blocked_shots,FOR,FULL,OPP_FORMATION_CONDITIONED,4-1-4-1,4.398,4.398,1.1679,0.9375,2.409,1.989,6,4,HIERARCHICAL,VENUE_OVERALL,away,derived_formation,MEDIUM,PIT_SAFE
mt_584193347,COMP_NEUTRAL,B_FMX_fmx_shots_inside_box_against_5864a9,fmx_shots_inside_box_against,shots_inside_box,AGAINST,FULL,OPP_FORMATION_CONDITIONED,4-1-4-1,7.3253,7.3253,-0.171,0.375,7.5359,-0.2106,6,4,HIERARCHICAL,VENUE_OVERALL,away,derived_formation,MEDIUM,PIT_SAFE
mt_839904828,COMP_NEUTRAL,A_ATK_crosses_for_dd4f71,crosses_for,crosses,FOR,FULL,UNCONDITIONED,TEAM_B,5.3692,5.3692,1.0421,0.6875,2.8788,2.4904,7,4,SHRUNK,VENUE_OVERALL,home,thestatsapi,MEDIUM,PIT_SAFE
mt_839904828,COMP_NEUTRAL,A_ATK_total_shots_for_3df367,total_shots_for,total_shots,FOR,FULL,UNCONDITIONED,TEAM_B,17.4769,17.4769,1.0254,0.75,9.805,7.6719,7,4,SHRUNK,VENUE_OVERALL,home,thestatsapi,MEDIUM,PIT_SAFE
mt_839904828,COMP_NEUTRAL,A_ATK_shots_on_target_for_bd5e89,shots_on_target_for,shots_on_target,FOR,FULL,UNCONDITIONED,TEAM_B,5.4,5.4,1.0,0.75,5.3846,0.0154,7,4,SHRUNK,VENUE_OVERALL,home,thestatsapi,MEDIUM,PIT_SAFE
mt_839904828,COMP_NEUTRAL,A_ATK_shots_inside_box_for_dda0cf,shots_inside_box_for,shots_inside_box,FOR,FULL,UNCONDITIONED,TEAM_B,12.1077,12.1077,1.0,0.75,9.4846,2.6231,7,4,SHRUNK,VENUE_OVERALL,home,thestatsapi,MEDIUM,PIT_SAFE
mt_839904828,COMP_NEUTRAL,A_ATK_touches_in_box_for_5e09f9,touches_in_box_for,touches_in_box,FOR,FULL,UNCONDITIONED,TEAM_B,,,,,,,0,0,DIRECT,ALL_VENUES,home,thestatsapi,LOW,UNAVAILABLE
mt_839904828,COMP_NEUTRAL,A_ATK_corners_for_5f9f52,corners_for,corners,FOR,FULL,UNCONDITIONED,TEAM_B,6.4462,6.4462,0.5892,0.6875,4.8177,1.6285,7,4,SHRUNK,VENUE_OVERALL,home,thestatsapi,MEDIUM,PIT_SAFE
mt_839904828,COMP_NEUTRAL,A_ATK_possession_for_8f5d86,possession_for,possession,FOR,FULL,UNCONDITIONED,TEAM_B,60.0769,60.0769,0.8611,0.75,36.9584,23.1185,7,4,SHRUNK,VENUE_OVERALL,home,thestatsapi,MEDIUM,PIT_SAFE
mt_839904828,COMP_NEUTRAL,A_ATK_throw_ins_for_d5fba2,throw_ins_for,throw_ins,FOR,FULL,UNCONDITIONED,TEAM_B,23.0308,23.0308,1.0,0.75,22.2077,0.8231,7,4,SHRUNK,VENUE_OVERALL,home,thestatsapi,MEDIUM,PIT_SAFE
mt_839904828,COMP_NEUTRAL,A_ATK_final_third_entries_for_3d6d63,final_third_entries_for,final_third_entries,FOR,FULL,UNCONDITIONED,TEAM_B,56.3692,56.3692,1.0,0.75,53.9539,2.4153,7,4,SHRUNK,VENUE_OVERALL,home,thestatsapi,MEDIUM,PIT_SAFE
mt_839904828,COMP_NEUTRAL,A_DEF_crosses_against_d64d9d,crosses_against,crosses,AGAINST,FULL,UNCONDITIONED,TEAM_B,2.4615,2.4615,-0.2069,0.4375,2.9043,-0.4428,7,4,SHRUNK,VENUE_OVERALL,home,thestatsapi,MEDIUM,PIT_SAFE
mt_839904828,COMP_NEUTRAL,A_DEF_total_shots_against_c47d5a,total_shots_against,total_shots,AGAINST,FULL,UNCONDITIONED,TEAM_B,7.9231,7.9231,-1.0,0.25,11.7462,-3.8231,7,4,SHRUNK,VENUE_OVERALL,home,thestatsapi,MEDIUM,PIT_SAFE
mt_839904828,COMP_NEUTRAL,A_DEF_shots_inside_box_against_6cf043,shots_inside_box_against,shots_inside_box,AGAINST,FULL,UNCONDITIONED,TEAM_B,5.1692,5.1692,-1.2281,0.125,8.3981,-3.2289,7,4,SHRUNK,VENUE_OVERALL,home,thestatsapi,MEDIUM,PIT_SAFE
mt_839904828,COMP_NEUTRAL,A_DEF_touches_in_box_against_7985a8,touches_in_box_against,touches_in_box,AGAINST,FULL,UNCONDITIONED,TEAM_B,,,,,,,0,0,DIRECT,ALL_VENUES,home,thestatsapi,LOW,UNAVAILABLE
mt_839904828,COMP_NEUTRAL,A_DEF_corners_against_61ee62,corners_against,corners,AGAINST,FULL,UNCONDITIONED,TEAM_B,3.2154,3.2154,-0.3407,0.4375,4.4672,-1.2518,7,4,SHRUNK,VENUE_OVERALL,home,thestatsapi,MEDIUM,PIT_SAFE
mt_839904828,COMP_NEUTRAL,A_DEF_blocked_shots_for_900502,blocked_shots_for,blocked_shots,FOR,FULL,UNCONDITIONED,TEAM_B,5.9538,5.9538,0.9174,0.8125,3.6913,2.2626,7,4,SHRUNK,VENUE_OVERALL,home,thestatsapi,MEDIUM,PIT_SAFE
mt_839904828,COMP_NEUTRAL,A_DEF_clearances_for_de4549,clearances_for,clearances,FOR,FULL,UNCONDITIONED,TEAM_B,15.3231,15.3231,0.1454,0.4375,14.0191,1.304,7,4,SHRUNK,VENUE_OVERALL,home,thestatsapi,MEDIUM,PIT_SAFE
mt_839904828,COMP_NEUTRAL,A_DEF_interceptions_for_774e22,interceptions_for,interceptions,FOR,FULL,UNCONDITIONED,TEAM_B,8.2769,8.2769,-1.0,0.25,8.623,-0.3461,7,4,SHRUNK,VENUE_OVERALL,home,thestatsapi,MEDIUM,PIT_SAFE
mt_839904828,COMP_NEUTRAL,A_DIS_fouls_for_b47fbc,fouls_for,fouls,FOR,FULL,UNCONDITIONED,TEAM_B,9.6769,9.6769,-1.0,0.25,9.7615,-0.0846,7,4,SHRUNK,VENUE_OVERALL,home,thestatsapi,MEDIUM,PIT_SAFE
mt_839904828,COMP_NEUTRAL,A_DIS_tackles_for_c4c51a,tackles_for,tackles,FOR,FULL,UNCONDITIONED,TEAM_B,15.6154,15.6154,1.0,0.75,14.3615,1.2538,7,4,SHRUNK,VENUE_OVERALL,home,thestatsapi,MEDIUM,PIT_SAFE
mt_839904828,COMP_NEUTRAL,A_DIS_yellow_cards_for_46c893,yellow_cards_for,yellow_cards,FOR,FULL,UNCONDITIONED,TEAM_B,1.6154,1.6154,-1.0,0.25,1.8308,-0.2154,7,4,SHRUNK,VENUE_OVERALL,home,thestatsapi,MEDIUM,PIT_SAFE
mt_839904828,COMP_NEUTRAL,A_DIS_fouls_against_3eb389,fouls_against,fouls,AGAINST,FULL,UNCONDITIONED,TEAM_B,10.8,10.8,-1.0,0.25,11.0,-0.2,7,4,SHRUNK,VENUE_OVERALL,home,thestatsapi,MEDIUM,PIT_SAFE
mt_839904828,COMP_NEUTRAL,B_ATK_crosses_for_c38f5c,crosses_for,crosses,FOR,FULL,UNCONDITIONED,TEAM_A,1.7538,1.7538,-0.4708,0.4375,2.8788,-1.125,7,4,SHRUNK,VENUE_OVERALL,away,thestatsapi,MEDIUM,PIT_SAFE
mt_839904828,COMP_NEUTRAL,B_ATK_total_shots_for_2efd24,total_shots_for,total_shots,FOR,FULL,UNCONDITIONED,TEAM_A,12.2308,12.2308,0.3242,0.5833,9.805,2.4258,7,4,SHRUNK,VENUE_OVERALL,away,thestatsapi,MEDIUM,PIT_SAFE
mt_839904828,COMP_NEUTRAL,B_ATK_shots_on_target_for_470272,shots_on_target_for,shots_on_target,FOR,FULL,UNCONDITIONED,TEAM_A,5.3692,5.3692,-1.0,0.25,5.3846,-0.0154,7,4,SHRUNK,VENUE_OVERALL,away,thestatsapi,MEDIUM,PIT_SAFE
mt_839904828,COMP_NEUTRAL,B_ATK_shots_inside_box_for_3323da,shots_inside_box_for,shots_inside_box,FOR,FULL,UNCONDITIONED,TEAM_A,6.8615,6.8615,-1.0,0.25,9.4846,-2.6231,7,4,SHRUNK,VENUE_OVERALL,away,thestatsapi,MEDIUM,PIT_SAFE
mt_839904828,COMP_NEUTRAL,B_ATK_touches_in_box_for_6e6f0f,touches_in_box_for,touches_in_box,FOR,FULL,UNCONDITIONED,TEAM_A,,,,,,,1,1,DIRECT,ALL_VENUES,away,thestatsapi,LOW,UNAVAILABLE
mt_839904828,COMP_NEUTRAL,B_ATK_corners_for_7d48ed,corners_for,corners,FOR,FULL,UNCONDITIONED,TEAM_A,5.7846,5.7846,0.3498,0.4375,4.8177,0.9669,7,4,SHRUNK,VENUE_OVERALL,away,thestatsapi,MEDIUM,PIT_SAFE
mt_839904828,COMP_NEUTRAL,B_ATK_possession_for_1cd5ad,possession_for,possession,FOR,FULL,UNCONDITIONED,TEAM_A,49.0615,49.0615,0.4508,0.4167,36.9584,12.1031,7,4,SHRUNK,VENUE_OVERALL,away,thestatsapi,MEDIUM,PIT_SAFE
mt_839904828,COMP_NEUTRAL,B_ATK_throw_ins_for_be5d05,throw_ins_for,throw_ins,FOR,FULL,UNCONDITIONED,TEAM_A,21.3846,21.3846,-1.0,0.25,22.2077,-0.8231,7,4,SHRUNK,VENUE_OVERALL,away,thestatsapi,MEDIUM,PIT_SAFE
mt_839904828,COMP_NEUTRAL,B_ATK_final_third_entries_for_f3ee40,final_third_entries_for,final_third_entries,FOR,FULL,UNCONDITIONED,TEAM_A,51.5385,51.5385,-1.0,0.25,53.9539,-2.4154,7,4,SHRUNK,VENUE_OVERALL,away,thestatsapi,MEDIUM,PIT_SAFE
mt_839904828,COMP_NEUTRAL,B_DEF_crosses_against_418dd9,crosses_against,crosses,AGAINST,FULL,UNCONDITIONED,TEAM_A,5.3077,5.3077,1.1233,0.8125,2.9043,2.4034,7,4,SHRUNK,VENUE_OVERALL,away,thestatsapi,MEDIUM,PIT_SAFE
mt_839904828,COMP_NEUTRAL,B_DEF_total_shots_against_3d9b0b,total_shots_against,total_shots,AGAINST,FULL,UNCONDITIONED,TEAM_A,15.5692,15.5692,1.0,0.75,11.7462,3.8231,7,4,SHRUNK,VENUE_OVERALL,away,thestatsapi,MEDIUM,PIT_SAFE
mt_839904828,COMP_NEUTRAL,B_DEF_shots_inside_box_against_2475ae,shots_inside_box_against,shots_inside_box,AGAINST,FULL,UNCONDITIONED,TEAM_A,10.6154,10.6154,0.8434,0.625,8.3981,2.2173,7,4,SHRUNK,VENUE_OVERALL,away,thestatsapi,MEDIUM,PIT_SAFE
mt_839904828,COMP_NEUTRAL,B_DEF_touches_in_box_against_ca4fe3,touches_in_box_against,touches_in_box,AGAINST,FULL,UNCONDITIONED,TEAM_A,,,,,,,1,1,DIRECT,ALL_VENUES,away,thestatsapi,LOW,UNAVAILABLE
mt_839904828,COMP_NEUTRAL,B_DEF_corners_against_878ab2,corners_against,corners,AGAINST,FULL,UNCONDITIONED,TEAM_A,8.5538,8.5538,1.1124,0.6875,4.4672,4.0866,7,4,SHRUNK,VENUE_OVERALL,away,thestatsapi,MEDIUM,PIT_SAFE
mt_839904828,COMP_NEUTRAL,B_DEF_blocked_shots_for_55353f,blocked_shots_for,blocked_shots,FOR,FULL,UNCONDITIONED,TEAM_A,4.0,4.0,0.1252,0.4375,3.6913,0.3087,7,4,SHRUNK,VENUE_OVERALL,away,thestatsapi,MEDIUM,PIT_SAFE
mt_839904828,COMP_NEUTRAL,B_DEF_clearances_for_53bacb,clearances_for,clearances,FOR,FULL,UNCONDITIONED,TEAM_A,21.3846,21.3846,0.8216,0.6875,14.0191,7.3655,7,4,SHRUNK,VENUE_OVERALL,away,thestatsapi,MEDIUM,PIT_SAFE
mt_839904828,COMP_NEUTRAL,B_DEF_interceptions_for_69b8fc,interceptions_for,interceptions,FOR,FULL,UNCONDITIONED,TEAM_A,8.9692,8.9692,1.0,0.75,8.623,0.3462,7,4,SHRUNK,VENUE_OVERALL,away,thestatsapi,MEDIUM,PIT_SAFE
mt_839904828,COMP_NEUTRAL,B_DIS_fouls_for_e42d96,fouls_for,fouls,FOR,FULL,UNCONDITIONED,TEAM_A,9.8462,9.8462,1.0,0.75,9.7615,0.0846,7,4,SHRUNK,VENUE_OVERALL,away,thestatsapi,MEDIUM,PIT_SAFE
mt_839904828,COMP_NEUTRAL,B_DIS_tackles_for_5ea545,tackles_for,tackles,FOR,FULL,UNCONDITIONED,TEAM_A,13.1077,13.1077,-1.0,0.25,14.3615,-1.2538,7,4,SHRUNK,VENUE_OVERALL,away,thestatsapi,MEDIUM,PIT_SAFE
mt_839904828,COMP_NEUTRAL,B_DIS_yellow_cards_for_b9aeb0,yellow_cards_for,yellow_cards,FOR,FULL,UNCONDITIONED,TEAM_A,2.0462,2.0462,1.0,0.75,1.8308,0.2154,7,4,SHRUNK,VENUE_OVERALL,away,thestatsapi,MEDIUM,PIT_SAFE
mt_839904828,COMP_NEUTRAL,B_DIS_fouls_against_85a018,fouls_against,fouls,AGAINST,FULL,UNCONDITIONED,TEAM_A,11.2,11.2,1.0,0.75,11.0,0.2,7,4,SHRUNK,VENUE_OVERALL,away,thestatsapi,MEDIUM,PIT_SAFE
mt_839904828,COMP_NEUTRAL,ENV_corners_51f86e,league_corners_env,league_corners_env,NEUTRAL,FULL,UNCONDITIONED,,10.8681,10.8681,,0.5,10.8681,0.0,0,0,DIRECT,COMPETITION_PRIOR,,derived,HIGH,PIT_SAFE
mt_839904828,COMP_NEUTRAL,ENV_total_shots_b5ee6a,league_total_shots_env,league_total_shots_env,NEUTRAL,FULL,UNCONDITIONED,,25.6374,25.6374,,0.5,25.6374,0.0,0,0,DIRECT,COMPETITION_PRIOR,,derived,HIGH,PIT_SAFE
mt_839904828,COMP_NEUTRAL,ENV_fouls_b5dcf0,league_fouls_env,league_fouls_env,NEUTRAL,FULL,UNCONDITIONED,,22.0714,22.0714,,0.5,22.0714,0.0,0,0,DIRECT,COMPETITION_PRIOR,,derived,HIGH,PIT_SAFE
mt_839904828,COMP_NEUTRAL,ENV_yellow_cards_bcf94d,league_yellow_cards_env,league_yellow_cards_env,NEUTRAL,FULL,UNCONDITIONED,,4.4556,4.4556,,0.5,4.4556,0.0,0,0,DIRECT,COMPETITION_PRIOR,,derived,HIGH,PIT_SAFE
mt_839904828,COMP_NEUTRAL,A_FC_fc_crosses_for_7ce5a5,fc_crosses_for,crosses,FOR,FULL,TEAM_FORMATION_CONDITIONED,,6.1224,6.1224,1.3573,0.9375,2.8788,3.2436,1,1,DIRECT,EXACT_FORMATION,home,derived_formation,LOW,PIT_SAFE
mt_839904828,COMP_NEUTRAL,A_FC_formation_delta_crosses_for_1a5e04,formation_delta_crosses_for,crosses,FOR,FULL,TEAM_FORMATION_CONDITIONED,,-0.0204,-0.0204,-1.2132,0.0625,2.8788,-2.8992,1,1,DERIVED,EXACT_FORMATION,home,derived_formation,LOW,PIT_SAFE
mt_839904828,COMP_NEUTRAL,A_FC_fc_corners_for_5c08a3,fc_corners_for,corners,FOR,FULL,TEAM_FORMATION_CONDITIONED,,6.898,6.898,0.7526,0.8125,4.8177,2.0803,1,1,DIRECT,EXACT_FORMATION,home,derived_formation,LOW,PIT_SAFE
mt_839904828,COMP_NEUTRAL,A_FC_formation_delta_corners_for_218f44,formation_delta_corners_for,corners,FOR,FULL,TEAM_FORMATION_CONDITIONED,,0.1837,0.1837,-1.6765,0.1875,4.8177,-4.634,1,1,DERIVED,EXACT_FORMATION,home,derived_formation,LOW,PIT_SAFE
mt_839904828,COMP_NEUTRAL,A_FC_fc_corners_against_92eb41,fc_corners_against,corners,AGAINST,FULL,TEAM_FORMATION_CONDITIONED,,1.9796,1.9796,-0.6771,0.3125,4.4672,-2.4876,1,1,DIRECT,EXACT_FORMATION,home,derived_formation,LOW,PIT_SAFE
mt_839904828,COMP_NEUTRAL,A_FC_formation_delta_corners_against_c2da4a,formation_delta_corners_against,corners,AGAINST,FULL,TEAM_FORMATION_CONDITIONED,,-0.1633,-0.1633,-1.2604,0.0625,4.4672,-4.6305,1,1,DERIVED,EXACT_FORMATION,home,derived_formation,LOW,PIT_SAFE
mt_839904828,COMP_NEUTRAL,A_FC_fc_total_shots_for_7205c1,fc_total_shots_for,total_shots,FOR,FULL,TEAM_FORMATION_CONDITIONED,,18.3469,18.3469,1.1417,0.9167,9.805,8.5419,1,1,DIRECT,EXACT_FORMATION,home,derived_formation,LOW,PIT_SAFE
mt_839904828,COMP_NEUTRAL,A_FC_formation_delta_total_shots_for_f4fe26,formation_delta_total_shots_for,total_shots,FOR,FULL,TEAM_FORMATION_CONDITIONED,,-0.2245,-0.2245,-1.3405,0.0833,9.805,-10.0295,1,1,DERIVED,EXACT_FORMATION,home,derived_formation,LOW,PIT_SAFE
mt_839904828,COMP_NEUTRAL,A_FC_fc_possession_for_60717a,fc_possession_for,possession,FOR,FULL,TEAM_FORMATION_CONDITIONED,,63.1633,63.1633,0.976,0.9167,36.9584,26.2049,1,1,DIRECT,EXACT_FORMATION,home,derived_formation,LOW,PIT_SAFE
mt_839904828,COMP_NEUTRAL,A_FC_formation_delta_possession_for_ccc348,formation_delta_possession_for,possession,FOR,FULL,TEAM_FORMATION_CONDITIONED,,-0.6939,-0.6939,-1.4024,0.0833,36.9584,-37.6523,1,1,DERIVED,EXACT_FORMATION,home,derived_formation,LOW,PIT_SAFE
mt_839904828,COMP_NEUTRAL,A_FC_fc_crosses_against_43691b,fc_crosses_against,crosses,AGAINST,FULL,TEAM_FORMATION_CONDITIONED,,1.8571,1.8571,-0.4894,0.3125,2.9043,-1.0472,1,1,DIRECT,EXACT_FORMATION,home,derived_formation,LOW,PIT_SAFE
mt_839904828,COMP_NEUTRAL,A_FC_formation_delta_crosses_against_6a69ad,formation_delta_crosses_against,crosses,AGAINST,FULL,TEAM_FORMATION_CONDITIONED,,-0.1429,-0.1429,-1.4242,0.0625,2.9043,-3.0472,1,1,DERIVED,EXACT_FORMATION,home,derived_formation,LOW,PIT_SAFE
mt_839904828,COMP_NEUTRAL,A_FC_fc_clearances_for_0a32c7,fc_clearances_for,clearances,FOR,FULL,TEAM_FORMATION_CONDITIONED,,13.4898,13.4898,-0.059,0.3125,14.0191,-0.5293,1,1,DIRECT,EXACT_FORMATION,home,derived_formation,LOW,PIT_SAFE
mt_839904828,COMP_NEUTRAL,A_FC_formation_delta_clearances_for_b995ad,formation_delta_clearances_for,clearances,FOR,FULL,TEAM_FORMATION_CONDITIONED,,-1.0816,-1.0816,-1.6844,0.0625,14.0191,-15.1007,1,1,DERIVED,EXACT_FORMATION,home,derived_formation,LOW,PIT_SAFE
mt_839904828,COMP_NEUTRAL,A_FC_fc_blocked_shots_for_3bdfff,fc_blocked_shots_for,blocked_shots,FOR,FULL,TEAM_FORMATION_CONDITIONED,,5.9388,5.9388,0.9113,0.6875,3.6913,2.2475,1,1,DIRECT,EXACT_FORMATION,home,derived_formation,LOW,PIT_SAFE
mt_839904828,COMP_NEUTRAL,A_FC_formation_delta_blocked_shots_for_fed064,formation_delta_blocked_shots_for,blocked_shots,FOR,FULL,TEAM_FORMATION_CONDITIONED,,-0.4898,-0.4898,-1.6952,0.0625,3.6913,-4.181,1,1,DERIVED,EXACT_FORMATION,home,derived_formation,LOW,PIT_SAFE
mt_839904828,COMP_NEUTRAL,A_FMX_fmx_crosses_for_86c71a,fmx_crosses_for,crosses,FOR,FULL,OPP_FORMATION_CONDITIONED,3-4-2-1,5.8424,5.8424,1.2401,0.8125,2.8788,2.9636,7,4,HIERARCHICAL,VENUE_OVERALL,home,derived_formation,MEDIUM,PIT_SAFE
mt_839904828,COMP_NEUTRAL,A_FMX_fmx_crosses_against_97e94c,fmx_crosses_against,crosses,AGAINST,FULL,OPP_FORMATION_CONDITIONED,3-4-2-1,3.1281,3.1281,0.1046,0.5625,2.9043,0.2238,7,4,HIERARCHICAL,VENUE_OVERALL,home,derived_formation,MEDIUM,PIT_SAFE
mt_839904828,COMP_NEUTRAL,A_FMX_fmx_corners_for_941628,fmx_corners_for,corners,FOR,FULL,OPP_FORMATION_CONDITIONED,3-4-2-1,7.0705,7.0705,0.815,0.9375,4.8177,2.2528,7,4,HIERARCHICAL,VENUE_OVERALL,home,derived_formation,MEDIUM,PIT_SAFE
mt_839904828,COMP_NEUTRAL,A_FMX_fmx_corners_against_24ab2c,fmx_corners_against,corners,AGAINST,FULL,OPP_FORMATION_CONDITIONED,3-4-2-1,4.0595,4.0595,-0.111,0.5625,4.4672,-0.4077,7,4,HIERARCHICAL,VENUE_OVERALL,home,derived_formation,MEDIUM,PIT_SAFE
mt_839904828,COMP_NEUTRAL,A_FMX_fmx_clearances_for_8c8ab2,fmx_clearances_for,clearances,FOR,FULL,OPP_FORMATION_CONDITIONED,3-4-2-1,17.9471,17.9471,0.4381,0.5625,14.0191,3.928,7,4,HIERARCHICAL,VENUE_OVERALL,home,derived_formation,MEDIUM,PIT_SAFE
mt_839904828,COMP_NEUTRAL,A_FMX_fmx_blocked_shots_for_26de58,fmx_blocked_shots_for,blocked_shots,FOR,FULL,OPP_FORMATION_CONDITIONED,3-4-2-1,6.2779,6.2779,1.0488,0.9375,3.6913,2.5866,7,4,HIERARCHICAL,VENUE_OVERALL,home,derived_formation,MEDIUM,PIT_SAFE
mt_839904828,COMP_NEUTRAL,A_FMX_fmx_shots_inside_box_against_16d702,fmx_shots_inside_box_against,shots_inside_box,AGAINST,FULL,OPP_FORMATION_CONDITIONED,3-4-2-1,6.4753,6.4753,-0.7313,0.375,8.3981,-1.9228,7,4,HIERARCHICAL,VENUE_OVERALL,home,derived_formation,MEDIUM,PIT_SAFE
mt_839904828,COMP_NEUTRAL,B_FC_fc_crosses_for_7e4d9c,fc_crosses_for,crosses,FOR,FULL,TEAM_FORMATION_CONDITIONED,,1.4286,1.4286,-0.6069,0.3125,2.8788,-1.4502,0,0,SHRUNK,TEAM_BASELINE,away,derived_formation,LOW,PIT_SAFE
mt_839904828,COMP_NEUTRAL,B_FC_formation_delta_crosses_for_27de62,formation_delta_crosses_for,crosses,FOR,FULL,TEAM_FORMATION_CONDITIONED,,0.0,0.0,-1.2047,0.1875,2.8788,-2.8788,0,0,DERIVED,TEAM_BASELINE,away,derived_formation,LOW,PIT_SAFE
mt_839904828,COMP_NEUTRAL,B_FC_fc_corners_for_d07b92,fc_corners_for,corners,FOR,FULL,TEAM_FORMATION_CONDITIONED,,5.7143,5.7143,0.3244,0.3125,4.8177,0.8966,0,0,SHRUNK,TEAM_BASELINE,away,derived_formation,LOW,PIT_SAFE
mt_839904828,COMP_NEUTRAL,B_FC_formation_delta_corners_for_06069c,formation_delta_corners_for,corners,FOR,FULL,TEAM_FORMATION_CONDITIONED,,0.0,0.0,-1.7429,0.0625,4.8177,-4.8177,0,0,DERIVED,TEAM_BASELINE,away,derived_formation,LOW,PIT_SAFE
mt_839904828,COMP_NEUTRAL,B_FC_fc_corners_against_b429d0,fc_corners_against,corners,AGAINST,FULL,TEAM_FORMATION_CONDITIONED,,9.1429,9.1429,1.2727,0.9375,4.4672,4.6757,0,0,SHRUNK,TEAM_BASELINE,away,derived_formation,LOW,PIT_SAFE
mt_839904828,COMP_NEUTRAL,B_FC_formation_delta_corners_against_f72286,formation_delta_corners_against,corners,AGAINST,FULL,TEAM_FORMATION_CONDITIONED,,0.0,0.0,-1.216,0.1875,4.4672,-4.4672,0,0,DERIVED,TEAM_BASELINE,away,derived_formation,LOW,PIT_SAFE
mt_839904828,COMP_NEUTRAL,B_FC_fc_total_shots_for_ba469e,fc_total_shots_for,total_shots,FOR,FULL,TEAM_FORMATION_CONDITIONED,,11.0,11.0,0.1597,0.4167,9.805,1.195,0,0,SHRUNK,TEAM_BASELINE,away,derived_formation,LOW,PIT_SAFE
mt_839904828,COMP_NEUTRAL,B_FC_formation_delta_total_shots_for_e658aa,formation_delta_total_shots_for,total_shots,FOR,FULL,TEAM_FORMATION_CONDITIONED,,0.0,0.0,-1.3105,0.25,9.805,-9.805,0,0,DERIVED,TEAM_BASELINE,away,derived_formation,LOW,PIT_SAFE
mt_839904828,COMP_NEUTRAL,B_FC_fc_possession_for_3b2bce,fc_possession_for,possession,FOR,FULL,TEAM_FORMATION_CONDITIONED,,50.1429,50.1429,0.4911,0.5833,36.9584,13.1844,0,0,SHRUNK,TEAM_BASELINE,away,derived_formation,LOW,PIT_SAFE
mt_839904828,COMP_NEUTRAL,B_FC_formation_delta_possession_for_0ff64e,formation_delta_possession_for,possession,FOR,FULL,TEAM_FORMATION_CONDITIONED,,0.0,0.0,-1.3765,0.25,36.9584,-36.9584,0,0,DERIVED,TEAM_BASELINE,away,derived_formation,LOW,PIT_SAFE
mt_839904828,COMP_NEUTRAL,B_FC_fc_crosses_against_b7b4b2,fc_crosses_against,crosses,AGAINST,FULL,TEAM_FORMATION_CONDITIONED,,5.0,5.0,0.9795,0.6875,2.9043,2.0957,0,0,SHRUNK,TEAM_BASELINE,away,derived_formation,LOW,PIT_SAFE
mt_839904828,COMP_NEUTRAL,B_FC_formation_delta_crosses_against_12e683,formation_delta_crosses_against,crosses,AGAINST,FULL,TEAM_FORMATION_CONDITIONED,,0.0,0.0,-1.3574,0.1875,2.9043,-2.9043,0,0,DERIVED,TEAM_BASELINE,away,derived_formation,LOW,PIT_SAFE
mt_839904828,COMP_NEUTRAL,B_FC_fc_clearances_for_2c1cea,fc_clearances_for,clearances,FOR,FULL,TEAM_FORMATION_CONDITIONED,,21.7143,21.7143,0.8583,0.8125,14.0191,7.6952,0,0,SHRUNK,TEAM_BASELINE,away,derived_formation,LOW,PIT_SAFE
mt_839904828,COMP_NEUTRAL,B_FC_formation_delta_clearances_for_1e499b,formation_delta_clearances_for,clearances,FOR,FULL,TEAM_FORMATION_CONDITIONED,,0.0,0.0,-1.5637,0.1875,14.0191,-14.0191,0,0,DERIVED,TEAM_BASELINE,away,derived_formation,LOW,PIT_SAFE
mt_839904828,COMP_NEUTRAL,B_FC_fc_blocked_shots_for_3e1fd9,fc_blocked_shots_for,blocked_shots,FOR,FULL,TEAM_FORMATION_CONDITIONED,,3.4286,3.4286,-0.1065,0.3125,3.6913,-0.2627,0,0,SHRUNK,TEAM_BASELINE,away,derived_formation,LOW,PIT_SAFE
mt_839904828,COMP_NEUTRAL,B_FC_formation_delta_blocked_shots_for_bc98a5,formation_delta_blocked_shots_for,blocked_shots,FOR,FULL,TEAM_FORMATION_CONDITIONED,,0.0,0.0,-1.4966,0.1875,3.6913,-3.6913,0,0,DERIVED,TEAM_BASELINE,away,derived_formation,LOW,PIT_SAFE
mt_839904828,COMP_NEUTRAL,B_FMX_fmx_crosses_for_410d02,fmx_crosses_for,crosses,FOR,FULL,OPP_FORMATION_CONDITIONED,4-2-3-1,2.5347,2.5347,-0.144,0.5625,2.8788,-0.3441,7,4,HIERARCHICAL,VENUE_OVERALL,away,derived_formation,MEDIUM,PIT_SAFE
mt_839904828,COMP_NEUTRAL,B_FMX_fmx_crosses_against_3768db,fmx_crosses_against,crosses,AGAINST,FULL,OPP_FORMATION_CONDITIONED,4-2-3-1,5.6226,5.6226,1.2705,0.9375,2.9043,2.7183,7,4,HIERARCHICAL,VENUE_OVERALL,away,derived_formation,MEDIUM,PIT_SAFE
mt_839904828,COMP_NEUTRAL,B_FMX_fmx_corners_for_1793d2,fmx_corners_for,corners,FOR,FULL,OPP_FORMATION_CONDITIONED,4-2-3-1,6.4441,6.4441,0.5884,0.5625,4.8177,1.6264,7,4,HIERARCHICAL,VENUE_OVERALL,away,derived_formation,MEDIUM,PIT_SAFE
mt_839904828,COMP_NEUTRAL,B_FMX_fmx_corners_against_24af14,fmx_corners_against,corners,AGAINST,FULL,OPP_FORMATION_CONDITIONED,4-2-3-1,8.9496,8.9496,1.2201,0.8125,4.4672,4.4824,7,4,HIERARCHICAL,VENUE_OVERALL,away,derived_formation,MEDIUM,PIT_SAFE
mt_839904828,COMP_NEUTRAL,B_FMX_fmx_clearances_for_d8737b,fmx_clearances_for,clearances,FOR,FULL,OPP_FORMATION_CONDITIONED,4-2-3-1,23.3757,23.3757,1.0437,0.9375,14.0191,9.3566,7,4,HIERARCHICAL,VENUE_OVERALL,away,derived_formation,MEDIUM,PIT_SAFE
mt_839904828,COMP_NEUTRAL,B_FMX_fmx_blocked_shots_for_64dd7f,fmx_blocked_shots_for,blocked_shots,FOR,FULL,OPP_FORMATION_CONDITIONED,4-2-3-1,4.4207,4.4207,0.2958,0.5625,3.6913,0.7294,7,4,HIERARCHICAL,VENUE_OVERALL,away,derived_formation,MEDIUM,PIT_SAFE
mt_839904828,COMP_NEUTRAL,B_FMX_fmx_shots_inside_box_against_686bdb,fmx_shots_inside_box_against,shots_inside_box,AGAINST,FULL,OPP_FORMATION_CONDITIONED,4-2-3-1,11.3324,11.3324,1.1161,0.875,8.3981,2.9343,7,4,HIERARCHICAL,VENUE_OVERALL,away,derived_formation,MEDIUM,PIT_SAFE
mt_629493944,COMP_NEUTRAL,A_ATK_crosses_for_a3b03b,crosses_for,crosses,FOR,FULL,UNCONDITIONED,TEAM_B,3.9121,3.9121,0.0437,0.3125,3.8136,0.0985,7,4,SHRUNK,VENUE_OVERALL,home,thestatsapi,MEDIUM,PIT_SAFE
mt_629493944,COMP_NEUTRAL,A_ATK_total_shots_for_eb9fb6,total_shots_for,total_shots,FOR,FULL,UNCONDITIONED,TEAM_B,15.5055,15.5055,0.9224,0.9167,9.1464,6.3591,7,4,SHRUNK,VENUE_OVERALL,home,thestatsapi,MEDIUM,PIT_SAFE
mt_629493944,COMP_NEUTRAL,A_ATK_shots_on_target_for_786b25,shots_on_target_for,shots_on_target,FOR,FULL,UNCONDITIONED,TEAM_B,6.8571,6.8571,1.0,0.75,5.6286,1.2285,7,4,SHRUNK,VENUE_OVERALL,home,thestatsapi,MEDIUM,PIT_SAFE
mt_629493944,COMP_NEUTRAL,A_ATK_shots_inside_box_for_ff34a6,shots_inside_box_for,shots_inside_box,FOR,FULL,UNCONDITIONED,TEAM_B,11.4835,11.4835,1.0,0.75,10.511,0.9725,7,4,SHRUNK,VENUE_OVERALL,home,thestatsapi,MEDIUM,PIT_SAFE
mt_629493944,COMP_NEUTRAL,A_ATK_touches_in_box_for_8c2180,touches_in_box_for,touches_in_box,FOR,FULL,UNCONDITIONED,TEAM_B,32.3846,32.3846,0.749,0.8125,22.2451,10.1395,7,4,SHRUNK,VENUE_OVERALL,home,thestatsapi,MEDIUM,PIT_SAFE
mt_629493944,COMP_NEUTRAL,A_ATK_corners_for_85976a,corners_for,corners,FOR,FULL,UNCONDITIONED,TEAM_B,5.7912,5.7912,0.4804,0.4375,4.4801,1.3111,7,4,SHRUNK,VENUE_OVERALL,home,thestatsapi,MEDIUM,PIT_SAFE
mt_629493944,COMP_NEUTRAL,A_ATK_possession_for_a51882,possession_for,possession,FOR,FULL,UNCONDITIONED,TEAM_B,56.0879,56.0879,0.7801,0.9167,36.156,19.9319,7,4,SHRUNK,VENUE_OVERALL,home,thestatsapi,MEDIUM,PIT_SAFE
mt_629493944,COMP_NEUTRAL,A_ATK_throw_ins_for_104b6d,throw_ins_for,throw_ins,FOR,FULL,UNCONDITIONED,TEAM_B,19.3956,19.3956,1.0,0.75,18.3516,1.044,7,4,SHRUNK,VENUE_OVERALL,home,thestatsapi,MEDIUM,PIT_SAFE
mt_629493944,COMP_NEUTRAL,A_ATK_final_third_entries_for_a722a7,final_third_entries_for,final_third_entries,FOR,FULL,UNCONDITIONED,TEAM_B,55.8352,55.8352,1.0,0.75,55.333,0.5022,7,4,SHRUNK,VENUE_OVERALL,home,thestatsapi,MEDIUM,PIT_SAFE
mt_629493944,COMP_NEUTRAL,A_DEF_crosses_against_0de0c2,crosses_against,crosses,AGAINST,FULL,UNCONDITIONED,TEAM_B,3.2967,3.2967,0.2409,0.4375,2.8594,0.4373,7,4,SHRUNK,VENUE_OVERALL,home,thestatsapi,MEDIUM,PIT_SAFE
mt_629493944,COMP_NEUTRAL,A_DEF_total_shots_against_4949b6,total_shots_against,total_shots,AGAINST,FULL,UNCONDITIONED,TEAM_B,10.6044,10.6044,-1.0,0.25,11.3868,-0.7824,7,4,SHRUNK,VENUE_OVERALL,home,thestatsapi,MEDIUM,PIT_SAFE
mt_629493944,COMP_NEUTRAL,A_DEF_shots_inside_box_against_26e746,shots_inside_box_against,shots_inside_box,AGAINST,FULL,UNCONDITIONED,TEAM_B,6.8242,6.8242,-1.2304,0.125,7.7929,-0.9687,7,4,SHRUNK,VENUE_OVERALL,home,thestatsapi,MEDIUM,PIT_SAFE
mt_629493944,COMP_NEUTRAL,A_DEF_touches_in_box_against_c8d3c4,touches_in_box_against,touches_in_box,AGAINST,FULL,UNCONDITIONED,TEAM_B,21.8462,21.8462,1.0,0.75,21.7846,0.0616,7,4,SHRUNK,VENUE_OVERALL,home,thestatsapi,MEDIUM,PIT_SAFE
mt_629493944,COMP_NEUTRAL,A_DEF_corners_against_b2f2cf,corners_against,corners,AGAINST,FULL,UNCONDITIONED,TEAM_B,5.0879,5.0879,0.3532,0.3125,4.1697,0.9182,7,4,SHRUNK,VENUE_OVERALL,home,thestatsapi,MEDIUM,PIT_SAFE
mt_629493944,COMP_NEUTRAL,A_DEF_blocked_shots_for_d0d484,blocked_shots_for,blocked_shots,FOR,FULL,UNCONDITIONED,TEAM_B,3.989,3.989,0.5419,0.5625,2.9708,1.0182,7,4,SHRUNK,VENUE_OVERALL,home,thestatsapi,MEDIUM,PIT_SAFE
mt_629493944,COMP_NEUTRAL,A_DEF_clearances_for_7de1e8,clearances_for,clearances,FOR,FULL,UNCONDITIONED,TEAM_B,15.6154,15.6154,0.1359,0.3125,14.451,1.1644,7,4,SHRUNK,VENUE_OVERALL,home,thestatsapi,MEDIUM,PIT_SAFE
mt_629493944,COMP_NEUTRAL,A_DEF_interceptions_for_aa5f64,interceptions_for,interceptions,FOR,FULL,UNCONDITIONED,TEAM_B,7.7363,7.7363,-1.0,0.25,8.3605,-0.6242,7,4,SHRUNK,VENUE_OVERALL,home,thestatsapi,MEDIUM,PIT_SAFE
mt_629493944,COMP_NEUTRAL,A_DIS_fouls_for_b069f0,fouls_for,fouls,FOR,FULL,UNCONDITIONED,TEAM_B,11.3626,11.3626,-1.0,0.25,11.489,-0.1264,7,4,SHRUNK,VENUE_OVERALL,home,thestatsapi,MEDIUM,PIT_SAFE
mt_629493944,COMP_NEUTRAL,A_DIS_tackles_for_8a90b0,tackles_for,tackles,FOR,FULL,UNCONDITIONED,TEAM_B,18.6044,18.6044,1.0,0.75,17.8791,0.7253,7,4,SHRUNK,VENUE_OVERALL,home,thestatsapi,MEDIUM,PIT_SAFE
mt_629493944,COMP_NEUTRAL,A_DIS_yellow_cards_for_612123,yellow_cards_for,yellow_cards,FOR,FULL,UNCONDITIONED,TEAM_B,2.022,2.022,-1.0,0.25,2.0802,-0.0583,7,4,SHRUNK,VENUE_OVERALL,home,thestatsapi,MEDIUM,PIT_SAFE
mt_629493944,COMP_NEUTRAL,A_DIS_fouls_against_874bb7,fouls_against,fouls,AGAINST,FULL,UNCONDITIONED,TEAM_B,11.0879,11.0879,1.0,0.75,10.3901,0.6978,7,4,SHRUNK,VENUE_OVERALL,home,thestatsapi,MEDIUM,PIT_SAFE
mt_629493944,COMP_NEUTRAL,B_ATK_crosses_for_f5c80a,crosses_for,crosses,FOR,FULL,UNCONDITIONED,TEAM_A,5.8462,5.8462,0.9025,0.8125,3.8136,2.0326,7,4,SHRUNK,VENUE_OVERALL,away,thestatsapi,MEDIUM,PIT_SAFE
mt_629493944,COMP_NEUTRAL,B_ATK_total_shots_for_da34be,total_shots_for,total_shots,FOR,FULL,UNCONDITIONED,TEAM_A,13.1231,13.1231,0.5768,0.5833,9.1464,3.9767,7,4,SHRUNK,VENUE_OVERALL,away,thestatsapi,MEDIUM,PIT_SAFE
mt_629493944,COMP_NEUTRAL,B_ATK_shots_on_target_for_947987,shots_on_target_for,shots_on_target,FOR,FULL,UNCONDITIONED,TEAM_A,4.4,4.4,-1.0,0.25,5.6286,-1.2286,7,4,SHRUNK,VENUE_OVERALL,away,thestatsapi,MEDIUM,PIT_SAFE
mt_629493944,COMP_NEUTRAL,B_ATK_shots_inside_box_for_859008,shots_inside_box_for,shots_inside_box,FOR,FULL,UNCONDITIONED,TEAM_A,9.5385,9.5385,-1.0,0.25,10.511,-0.9725,7,4,SHRUNK,VENUE_OVERALL,away,thestatsapi,MEDIUM,PIT_SAFE
mt_629493944,COMP_NEUTRAL,B_ATK_touches_in_box_for_a1660f,touches_in_box_for,touches_in_box,FOR,FULL,UNCONDITIONED,TEAM_A,26.2462,26.2462,0.2956,0.4375,22.2451,4.0011,7,4,SHRUNK,VENUE_OVERALL,away,thestatsapi,MEDIUM,PIT_SAFE
mt_629493944,COMP_NEUTRAL,B_ATK_corners_for_b97f76,corners_for,corners,FOR,FULL,UNCONDITIONED,TEAM_A,6.0154,6.0154,0.5626,0.5625,4.4801,1.5353,7,4,SHRUNK,VENUE_OVERALL,away,thestatsapi,MEDIUM,PIT_SAFE
mt_629493944,COMP_NEUTRAL,B_ATK_possession_for_bb75d1,possession_for,possession,FOR,FULL,UNCONDITIONED,TEAM_A,52.2769,52.2769,0.6309,0.4167,36.156,16.1209,7,4,SHRUNK,VENUE_OVERALL,away,thestatsapi,MEDIUM,PIT_SAFE
mt_629493944,COMP_NEUTRAL,B_ATK_throw_ins_for_0e6fcc,throw_ins_for,throw_ins,FOR,FULL,UNCONDITIONED,TEAM_A,17.3077,17.3077,-1.0,0.25,18.3516,-1.0439,7,4,SHRUNK,VENUE_OVERALL,away,thestatsapi,MEDIUM,PIT_SAFE
mt_629493944,COMP_NEUTRAL,B_ATK_final_third_entries_for_af5f9c,final_third_entries_for,final_third_entries,FOR,FULL,UNCONDITIONED,TEAM_A,54.8308,54.8308,-1.0,0.25,55.333,-0.5022,7,4,SHRUNK,VENUE_OVERALL,away,thestatsapi,MEDIUM,PIT_SAFE
mt_629493944,COMP_NEUTRAL,B_DEF_crosses_against_9da243,crosses_against,crosses,AGAINST,FULL,UNCONDITIONED,TEAM_A,4.0462,4.0462,0.6537,0.6875,2.8594,1.1868,7,4,SHRUNK,VENUE_OVERALL,away,thestatsapi,MEDIUM,PIT_SAFE
mt_629493944,COMP_NEUTRAL,B_DEF_total_shots_against_5e4ad6,total_shots_against,total_shots,AGAINST,FULL,UNCONDITIONED,TEAM_A,12.1692,12.1692,1.0,0.75,11.3868,0.7824,7,4,SHRUNK,VENUE_OVERALL,away,thestatsapi,MEDIUM,PIT_SAFE
mt_629493944,COMP_NEUTRAL,B_DEF_shots_inside_box_against_cd0c1f,shots_inside_box_against,shots_inside_box,AGAINST,FULL,UNCONDITIONED,TEAM_A,7.2154,7.2154,-0.7335,0.375,7.7929,-0.5775,7,4,SHRUNK,VENUE_OVERALL,away,thestatsapi,MEDIUM,PIT_SAFE
mt_629493944,COMP_NEUTRAL,B_DEF_touches_in_box_against_27a365,touches_in_box_against,touches_in_box,AGAINST,FULL,UNCONDITIONED,TEAM_A,21.7231,21.7231,-1.0,0.25,21.7846,-0.0616,7,4,SHRUNK,VENUE_OVERALL,away,thestatsapi,MEDIUM,PIT_SAFE
mt_629493944,COMP_NEUTRAL,B_DEF_corners_against_76164f,corners_against,corners,AGAINST,FULL,UNCONDITIONED,TEAM_A,5.4923,5.4923,0.5088,0.5625,4.1697,1.3226,7,4,SHRUNK,VENUE_OVERALL,away,thestatsapi,MEDIUM,PIT_SAFE
mt_629493944,COMP_NEUTRAL,B_DEF_blocked_shots_for_b4ec53,blocked_shots_for,blocked_shots,FOR,FULL,UNCONDITIONED,TEAM_A,3.9385,3.9385,0.515,0.4375,2.9708,0.9677,7,4,SHRUNK,VENUE_OVERALL,away,thestatsapi,MEDIUM,PIT_SAFE
mt_629493944,COMP_NEUTRAL,B_DEF_clearances_for_774724,clearances_for,clearances,FOR,FULL,UNCONDITIONED,TEAM_A,20.4154,20.4154,0.6963,0.6875,14.451,5.9644,7,4,SHRUNK,VENUE_OVERALL,away,thestatsapi,MEDIUM,PIT_SAFE
mt_629493944,COMP_NEUTRAL,B_DEF_interceptions_for_eb5435,interceptions_for,interceptions,FOR,FULL,UNCONDITIONED,TEAM_A,8.9846,8.9846,1.0,0.75,8.3605,0.6242,7,4,SHRUNK,VENUE_OVERALL,away,thestatsapi,MEDIUM,PIT_SAFE
mt_629493944,COMP_NEUTRAL,B_DIS_fouls_for_9d8c0f,fouls_for,fouls,FOR,FULL,UNCONDITIONED,TEAM_A,11.6154,11.6154,1.0,0.75,11.489,0.1264,7,4,SHRUNK,VENUE_OVERALL,away,thestatsapi,MEDIUM,PIT_SAFE
mt_629493944,COMP_NEUTRAL,B_DIS_tackles_for_8bba40,tackles_for,tackles,FOR,FULL,UNCONDITIONED,TEAM_A,17.1538,17.1538,-1.0,0.25,17.8791,-0.7253,7,4,SHRUNK,VENUE_OVERALL,away,thestatsapi,MEDIUM,PIT_SAFE
mt_629493944,COMP_NEUTRAL,B_DIS_yellow_cards_for_0fb3d3,yellow_cards_for,yellow_cards,FOR,FULL,UNCONDITIONED,TEAM_A,2.1385,2.1385,1.0,0.75,2.0802,0.0583,7,4,SHRUNK,VENUE_OVERALL,away,thestatsapi,MEDIUM,PIT_SAFE
mt_629493944,COMP_NEUTRAL,B_DIS_fouls_against_8d5b5e,fouls_against,fouls,AGAINST,FULL,UNCONDITIONED,TEAM_A,9.6923,9.6923,-1.0,0.25,10.3901,-0.6978,7,4,SHRUNK,VENUE_OVERALL,away,thestatsapi,MEDIUM,PIT_SAFE
mt_629493944,COMP_NEUTRAL,ENV_corners_17e455,league_corners_env,league_corners_env,NEUTRAL,FULL,UNCONDITIONED,,11.1141,11.1141,,0.5,11.1141,0.0,0,0,DIRECT,COMPETITION_PRIOR,,derived,HIGH,PIT_SAFE
mt_629493944,COMP_NEUTRAL,ENV_total_shots_6f4b8c,league_total_shots_env,league_total_shots_env,NEUTRAL,FULL,UNCONDITIONED,,26.7651,26.7651,,0.5,26.7651,0.0,0,0,DIRECT,COMPETITION_PRIOR,,derived,HIGH,PIT_SAFE
mt_629493944,COMP_NEUTRAL,ENV_fouls_ce539a,league_fouls_env,league_fouls_env,NEUTRAL,FULL,UNCONDITIONED,,22.7315,22.7315,,0.5,22.7315,0.0,0,0,DIRECT,COMPETITION_PRIOR,,derived,HIGH,PIT_SAFE
mt_629493944,COMP_NEUTRAL,ENV_yellow_cards_ff32b3,league_yellow_cards_env,league_yellow_cards_env,NEUTRAL,FULL,UNCONDITIONED,,5.0,5.0,,0.5,5.0,0.0,0,0,DIRECT,COMPETITION_PRIOR,,derived,HIGH,PIT_SAFE
mt_629493944,COMP_NEUTRAL,A_FC_fc_crosses_for_874818,fc_crosses_for,crosses,FOR,FULL,TEAM_FORMATION_CONDITIONED,,4.0357,4.0357,0.0986,0.4375,3.8136,0.2221,2,2,DIRECT,EXACT_FORMATION,home,derived_formation,LOW,PIT_SAFE
mt_629493944,COMP_NEUTRAL,A_FC_formation_delta_crosses_for_3135da,formation_delta_crosses_for,crosses,FOR,FULL,TEAM_FORMATION_CONDITIONED,,0.3214,0.3214,-1.5506,0.1875,3.8136,-3.4922,2,1,DERIVED,EXACT_FORMATION,home,derived_formation,LOW,PIT_SAFE
mt_629493944,COMP_NEUTRAL,A_FC_fc_corners_for_33fc8f,fc_corners_for,corners,FOR,FULL,TEAM_FORMATION_CONDITIONED,,5.0714,5.0714,0.2167,0.3125,4.4801,0.5913,2,2,DIRECT,EXACT_FORMATION,home,derived_formation,LOW,PIT_SAFE
mt_629493944,COMP_NEUTRAL,A_FC_formation_delta_corners_for_145bc8,formation_delta_corners_for,corners,FOR,FULL,TEAM_FORMATION_CONDITIONED,,-0.3571,-0.3571,-1.7725,0.0625,4.4801,-4.8372,2,1,DERIVED,EXACT_FORMATION,home,derived_formation,LOW,PIT_SAFE
mt_629493944,COMP_NEUTRAL,A_FC_fc_corners_against_bdf125,fc_corners_against,corners,AGAINST,FULL,TEAM_FORMATION_CONDITIONED,,5.1607,5.1607,0.3813,0.4375,4.1697,0.991,2,2,DIRECT,EXACT_FORMATION,home,derived_formation,LOW,PIT_SAFE
mt_629493944,COMP_NEUTRAL,A_FC_formation_delta_corners_against_7b8609,formation_delta_corners_against,corners,AGAINST,FULL,TEAM_FORMATION_CONDITIONED,,-0.5536,-0.5536,-1.8172,0.0625,4.1697,-4.7233,2,1,DERIVED,EXACT_FORMATION,home,derived_formation,LOW,PIT_SAFE
mt_629493944,COMP_NEUTRAL,A_FC_fc_touches_in_box_for_f6b500,fc_touches_in_box_for,touches_in_box,FOR,FULL,TEAM_FORMATION_CONDITIONED,,29.625,29.625,0.5451,0.5625,22.2451,7.3799,2,2,DIRECT,EXACT_FORMATION,home,derived_formation,LOW,PIT_SAFE
mt_629493944,COMP_NEUTRAL,A_FC_formation_delta_touches_in_box_for_433088,formation_delta_touches_in_box_for,touches_in_box,FOR,FULL,TEAM_FORMATION_CONDITIONED,,-1.375,-1.375,-1.7448,0.0625,22.2451,-23.6201,2,1,DERIVED,EXACT_FORMATION,home,derived_formation,LOW,PIT_SAFE
mt_629493944,COMP_NEUTRAL,A_FC_fc_total_shots_for_e0db2e,fc_total_shots_for,total_shots,FOR,FULL,TEAM_FORMATION_CONDITIONED,,14.5536,14.5536,0.7843,0.75,9.1464,5.4072,2,2,DIRECT,EXACT_FORMATION,home,derived_formation,LOW,PIT_SAFE
mt_629493944,COMP_NEUTRAL,A_FC_formation_delta_total_shots_for_f6b1f1,formation_delta_total_shots_for,total_shots,FOR,FULL,TEAM_FORMATION_CONDITIONED,,-1.0179,-1.0179,-1.4743,0.0833,9.1464,-10.1643,2,1,DERIVED,EXACT_FORMATION,home,derived_formation,LOW,PIT_SAFE
mt_629493944,COMP_NEUTRAL,A_FC_fc_possession_for_1027f0,fc_possession_for,possession,FOR,FULL,TEAM_FORMATION_CONDITIONED,,55.5714,55.5714,0.7599,0.75,36.156,19.4154,2,2,DIRECT,EXACT_FORMATION,home,derived_formation,LOW,PIT_SAFE
mt_629493944,COMP_NEUTRAL,A_FC_formation_delta_possession_for_a5c77d,formation_delta_possession_for,possession,FOR,FULL,TEAM_FORMATION_CONDITIONED,,0.1429,0.1429,-1.4094,0.25,36.156,-36.0131,2,1,DERIVED,EXACT_FORMATION,home,derived_formation,LOW,PIT_SAFE
mt_629493944,COMP_NEUTRAL,A_FC_fc_crosses_against_516ab0,fc_crosses_against,crosses,AGAINST,FULL,TEAM_FORMATION_CONDITIONED,,3.0714,3.0714,0.1168,0.3125,2.8594,0.212,2,2,DIRECT,EXACT_FORMATION,home,derived_formation,LOW,PIT_SAFE
mt_629493944,COMP_NEUTRAL,A_FC_formation_delta_crosses_against_647433,formation_delta_crosses_against,crosses,AGAINST,FULL,TEAM_FORMATION_CONDITIONED,,-0.3571,-0.3571,-1.7716,0.0625,2.8594,-3.2165,2,1,DERIVED,EXACT_FORMATION,home,derived_formation,LOW,PIT_SAFE
mt_629493944,COMP_NEUTRAL,A_FC_fc_clearances_for_fb813d,fc_clearances_for,clearances,FOR,FULL,TEAM_FORMATION_CONDITIONED,,15.7143,15.7143,0.1475,0.4375,14.451,1.2633,2,2,DIRECT,EXACT_FORMATION,home,derived_formation,LOW,PIT_SAFE
mt_629493944,COMP_NEUTRAL,A_FC_formation_delta_clearances_for_d83e0d,formation_delta_clearances_for,clearances,FOR,FULL,TEAM_FORMATION_CONDITIONED,,0.4286,0.4286,-1.637,0.1875,14.451,-14.0224,2,1,DERIVED,EXACT_FORMATION,home,derived_formation,LOW,PIT_SAFE
mt_629493944,COMP_NEUTRAL,A_FC_fc_blocked_shots_for_5e64e3,fc_blocked_shots_for,blocked_shots,FOR,FULL,TEAM_FORMATION_CONDITIONED,,3.3929,3.3929,0.2246,0.3125,2.9708,0.4221,2,2,DIRECT,EXACT_FORMATION,home,derived_formation,LOW,PIT_SAFE
mt_629493944,COMP_NEUTRAL,A_FC_formation_delta_blocked_shots_for_48e5c4,formation_delta_blocked_shots_for,blocked_shots,FOR,FULL,TEAM_FORMATION_CONDITIONED,,-0.4643,-0.4643,-1.8282,0.0625,2.9708,-3.4351,2,1,DERIVED,EXACT_FORMATION,home,derived_formation,LOW,PIT_SAFE
mt_629493944,COMP_NEUTRAL,A_FMX_fmx_crosses_for_bd187d,fmx_crosses_for,crosses,FOR,FULL,OPP_FORMATION_CONDITIONED,4-2-3-1,4.5093,4.5093,0.3089,0.5625,3.8136,0.6957,7,4,HIERARCHICAL,VENUE_OVERALL,home,derived_formation,MEDIUM,PIT_SAFE
mt_629493944,COMP_NEUTRAL,A_FMX_fmx_crosses_against_467cbb,fmx_crosses_against,crosses,AGAINST,FULL,OPP_FORMATION_CONDITIONED,4-2-3-1,4.0324,4.0324,0.6461,0.5625,2.8594,1.173,7,4,HIERARCHICAL,VENUE_OVERALL,home,derived_formation,MEDIUM,PIT_SAFE
mt_629493944,COMP_NEUTRAL,A_FMX_fmx_corners_for_289cd9,fmx_corners_for,corners,FOR,FULL,OPP_FORMATION_CONDITIONED,4-2-3-1,6.4696,6.4696,0.729,0.8125,4.4801,1.9895,7,4,HIERARCHICAL,VENUE_OVERALL,home,derived_formation,MEDIUM,PIT_SAFE
mt_629493944,COMP_NEUTRAL,A_FMX_fmx_corners_against_a08d52,fmx_corners_against,corners,AGAINST,FULL,OPP_FORMATION_CONDITIONED,4-2-3-1,6.0235,6.0235,0.7132,0.8125,4.1697,1.8538,7,4,HIERARCHICAL,VENUE_OVERALL,home,derived_formation,MEDIUM,PIT_SAFE
mt_629493944,COMP_NEUTRAL,A_FMX_fmx_touches_in_box_for_96fef6,fmx_touches_in_box_for,touches_in_box,FOR,FULL,OPP_FORMATION_CONDITIONED,4-2-3-1,35.1836,35.1836,0.9558,0.9375,22.2451,12.9385,7,4,HIERARCHICAL,VENUE_OVERALL,home,derived_formation,MEDIUM,PIT_SAFE
mt_629493944,COMP_NEUTRAL,A_FMX_fmx_clearances_for_50f216,fmx_clearances_for,clearances,FOR,FULL,OPP_FORMATION_CONDITIONED,4-2-3-1,19.1475,19.1475,0.5483,0.5625,14.451,4.6965,7,4,HIERARCHICAL,VENUE_OVERALL,home,derived_formation,MEDIUM,PIT_SAFE
mt_629493944,COMP_NEUTRAL,A_FMX_fmx_blocked_shots_for_565b0c,fmx_blocked_shots_for,blocked_shots,FOR,FULL,OPP_FORMATION_CONDITIONED,4-2-3-1,4.4738,4.4738,0.7999,0.9375,2.9708,1.503,7,4,HIERARCHICAL,VENUE_OVERALL,home,derived_formation,MEDIUM,PIT_SAFE
mt_629493944,COMP_NEUTRAL,A_FMX_fmx_shots_inside_box_against_30d319,fmx_shots_inside_box_against,shots_inside_box,AGAINST,FULL,OPP_FORMATION_CONDITIONED,4-2-3-1,8.488,8.488,0.8828,0.625,7.7929,0.6951,7,4,HIERARCHICAL,VENUE_OVERALL,home,derived_formation,MEDIUM,PIT_SAFE
mt_629493944,COMP_NEUTRAL,B_FC_fc_crosses_for_14e2ba,fc_crosses_for,crosses,FOR,FULL,TEAM_FORMATION_CONDITIONED,,5.7143,5.7143,0.8439,0.6875,3.8136,1.9007,0,0,SHRUNK,TEAM_BASELINE,away,derived_formation,LOW,PIT_SAFE
mt_629493944,COMP_NEUTRAL,B_FC_formation_delta_crosses_for_b8cfe6,formation_delta_crosses_for,crosses,FOR,FULL,TEAM_FORMATION_CONDITIONED,,0.0,0.0,-1.6933,0.0625,3.8136,-3.8136,0,0,DERIVED,TEAM_BASELINE,away,derived_formation,LOW,PIT_SAFE
mt_629493944,COMP_NEUTRAL,B_FC_fc_corners_for_8e9826,fc_corners_for,corners,FOR,FULL,TEAM_FORMATION_CONDITIONED,,6.1429,6.1429,0.6093,0.6875,4.4801,1.6628,0,0,SHRUNK,TEAM_BASELINE,away,derived_formation,LOW,PIT_SAFE
mt_629493944,COMP_NEUTRAL,B_FC_formation_delta_corners_for_cce381,formation_delta_corners_for,corners,FOR,FULL,TEAM_FORMATION_CONDITIONED,,0.0,0.0,-1.6417,0.1875,4.4801,-4.4801,0,0,DERIVED,TEAM_BASELINE,away,derived_formation,LOW,PIT_SAFE
mt_629493944,COMP_NEUTRAL,B_FC_fc_corners_against_1b44b1,fc_corners_against,corners,AGAINST,FULL,TEAM_FORMATION_CONDITIONED,,5.8571,5.8571,0.6492,0.6875,4.1697,1.6874,0,0,SHRUNK,TEAM_BASELINE,away,derived_formation,LOW,PIT_SAFE
mt_629493944,COMP_NEUTRAL,B_FC_formation_delta_corners_against_bb6e00,formation_delta_corners_against,corners,AGAINST,FULL,TEAM_FORMATION_CONDITIONED,,0.0,0.0,-1.6042,0.1875,4.1697,-4.1697,0,0,DERIVED,TEAM_BASELINE,away,derived_formation,LOW,PIT_SAFE
mt_629493944,COMP_NEUTRAL,B_FC_fc_touches_in_box_for_887ffe,fc_touches_in_box_for,touches_in_box,FOR,FULL,TEAM_FORMATION_CONDITIONED,,26.0,26.0,0.2774,0.3125,22.2451,3.7549,0,0,SHRUNK,TEAM_BASELINE,away,derived_formation,LOW,PIT_SAFE
mt_629493944,COMP_NEUTRAL,B_FC_formation_delta_touches_in_box_for_46e661,formation_delta_touches_in_box_for,touches_in_box,FOR,FULL,TEAM_FORMATION_CONDITIONED,,0.0,0.0,-1.6432,0.1875,22.2451,-22.2451,0,0,DERIVED,TEAM_BASELINE,away,derived_formation,LOW,PIT_SAFE
mt_629493944,COMP_NEUTRAL,B_FC_fc_total_shots_for_cabdc3,fc_total_shots_for,total_shots,FOR,FULL,TEAM_FORMATION_CONDITIONED,,12.7143,12.7143,0.5175,0.4167,9.1464,3.5679,0,0,SHRUNK,TEAM_BASELINE,away,derived_formation,LOW,PIT_SAFE
mt_629493944,COMP_NEUTRAL,B_FC_formation_delta_total_shots_for_a2a254,formation_delta_total_shots_for,total_shots,FOR,FULL,TEAM_FORMATION_CONDITIONED,,0.0,0.0,-1.3267,0.25,9.1464,-9.1464,0,0,DERIVED,TEAM_BASELINE,away,derived_formation,LOW,PIT_SAFE
mt_629493944,COMP_NEUTRAL,B_FC_fc_possession_for_d74f2a,fc_possession_for,possession,FOR,FULL,TEAM_FORMATION_CONDITIONED,,52.8571,52.8571,0.6536,0.5833,36.156,16.7011,0,0,SHRUNK,TEAM_BASELINE,away,derived_formation,LOW,PIT_SAFE
mt_629493944,COMP_NEUTRAL,B_FC_formation_delta_possession_for_ff829f,formation_delta_possession_for,possession,FOR,FULL,TEAM_FORMATION_CONDITIONED,,0.0,0.0,-1.415,0.0833,36.156,-36.156,0,0,DERIVED,TEAM_BASELINE,away,derived_formation,LOW,PIT_SAFE
mt_629493944,COMP_NEUTRAL,B_FC_fc_crosses_against_8dbbfa,fc_crosses_against,crosses,AGAINST,FULL,TEAM_FORMATION_CONDITIONED,,4.1429,4.1429,0.707,0.8125,2.8594,1.2835,0,0,SHRUNK,TEAM_BASELINE,away,derived_formation,LOW,PIT_SAFE
mt_629493944,COMP_NEUTRAL,B_FC_formation_delta_crosses_against_e91b67,formation_delta_crosses_against,crosses,AGAINST,FULL,TEAM_FORMATION_CONDITIONED,,0.0,0.0,-1.5749,0.1875,2.8594,-2.8594,0,0,DERIVED,TEAM_BASELINE,away,derived_formation,LOW,PIT_SAFE
mt_629493944,COMP_NEUTRAL,B_FC_fc_clearances_for_7558f9,fc_clearances_for,clearances,FOR,FULL,TEAM_FORMATION_CONDITIONED,,21.0,21.0,0.7645,0.8125,14.451,6.549,0,0,SHRUNK,TEAM_BASELINE,away,derived_formation,LOW,PIT_SAFE
mt_629493944,COMP_NEUTRAL,B_FC_formation_delta_clearances_for_e7598f,formation_delta_clearances_for,clearances,FOR,FULL,TEAM_FORMATION_CONDITIONED,,0.0,0.0,-1.687,0.0625,14.451,-14.451,0,0,DERIVED,TEAM_BASELINE,away,derived_formation,LOW,PIT_SAFE
mt_629493944,COMP_NEUTRAL,B_FC_fc_blocked_shots_for_57bc54,fc_blocked_shots_for,blocked_shots,FOR,FULL,TEAM_FORMATION_CONDITIONED,,4.0,4.0,0.5477,0.6875,2.9708,1.0292,0,0,SHRUNK,TEAM_BASELINE,away,derived_formation,LOW,PIT_SAFE
mt_629493944,COMP_NEUTRAL,B_FC_formation_delta_blocked_shots_for_3d3c97,formation_delta_blocked_shots_for,blocked_shots,FOR,FULL,TEAM_FORMATION_CONDITIONED,,0.0,0.0,-1.5811,0.1875,2.9708,-2.9708,0,0,DERIVED,TEAM_BASELINE,away,derived_formation,LOW,PIT_SAFE
mt_629493944,COMP_NEUTRAL,B_FMX_fmx_crosses_for_b21dc8,fmx_crosses_for,crosses,FOR,FULL,OPP_FORMATION_CONDITIONED,4-2-3-1,6.1701,6.1701,1.0463,0.9375,3.8136,2.3565,7,4,HIERARCHICAL,VENUE_OVERALL,away,derived_formation,MEDIUM,PIT_SAFE
mt_629493944,COMP_NEUTRAL,B_FMX_fmx_crosses_against_e1f65b,fmx_crosses_against,crosses,AGAINST,FULL,OPP_FORMATION_CONDITIONED,4-2-3-1,4.6426,4.6426,0.9822,0.9375,2.8594,1.7832,7,4,HIERARCHICAL,VENUE_OVERALL,away,derived_formation,MEDIUM,PIT_SAFE
mt_629493944,COMP_NEUTRAL,B_FMX_fmx_corners_for_d45aa5,fmx_corners_for,corners,FOR,FULL,OPP_FORMATION_CONDITIONED,4-2-3-1,6.7074,6.7074,0.8162,0.9375,4.4801,2.2273,7,4,HIERARCHICAL,VENUE_OVERALL,away,derived_formation,MEDIUM,PIT_SAFE
mt_629493944,COMP_NEUTRAL,B_FMX_fmx_corners_against_e0e31e,fmx_corners_against,corners,AGAINST,FULL,OPP_FORMATION_CONDITIONED,4-2-3-1,6.2898,6.2898,0.8157,0.9375,4.1697,2.1201,7,4,HIERARCHICAL,VENUE_OVERALL,away,derived_formation,MEDIUM,PIT_SAFE
mt_629493944,COMP_NEUTRAL,B_FMX_fmx_touches_in_box_for_c57cfe,fmx_touches_in_box_for,touches_in_box,FOR,FULL,OPP_FORMATION_CONDITIONED,4-2-3-1,29.8965,29.8965,0.5652,0.6875,22.2451,7.6514,7,4,HIERARCHICAL,VENUE_OVERALL,away,derived_formation,MEDIUM,PIT_SAFE
mt_629493944,COMP_NEUTRAL,B_FMX_fmx_clearances_for_5f562f,fmx_clearances_for,clearances,FOR,FULL,OPP_FORMATION_CONDITIONED,4-2-3-1,23.287,23.287,1.0315,0.9375,14.451,8.836,7,4,HIERARCHICAL,VENUE_OVERALL,away,derived_formation,MEDIUM,PIT_SAFE
mt_629493944,COMP_NEUTRAL,B_FMX_fmx_blocked_shots_for_344432,fmx_blocked_shots_for,blocked_shots,FOR,FULL,OPP_FORMATION_CONDITIONED,4-2-3-1,4.4366,4.4366,0.7801,0.8125,2.9708,1.4658,7,4,HIERARCHICAL,VENUE_OVERALL,away,derived_formation,MEDIUM,PIT_SAFE
mt_629493944,COMP_NEUTRAL,B_FMX_fmx_shots_inside_box_against_2bbee6,fmx_shots_inside_box_against,shots_inside_box,AGAINST,FULL,OPP_FORMATION_CONDITIONED,4-2-3-1,8.6442,8.6442,1.0811,0.875,7.7929,0.8513,7,4,HIERARCHICAL,VENUE_OVERALL,away,derived_formation,MEDIUM,PIT_SAFE
mt_196567553,COMP_NEUTRAL,A_ATK_crosses_for_906aea,crosses_for,crosses,FOR,FULL,UNCONDITIONED,TEAM_B,6.1538,6.1538,0.8885,0.6875,3.7405,2.4133,7,4,SHRUNK,VENUE_OVERALL,home,thestatsapi,MEDIUM,PIT_SAFE
mt_196567553,COMP_NEUTRAL,A_ATK_total_shots_for_c3184d,total_shots_for,total_shots,FOR,FULL,UNCONDITIONED,TEAM_B,12.4308,12.4308,1.0309,0.75,6.7769,5.6539,7,4,SHRUNK,VENUE_OVERALL,home,thestatsapi,MEDIUM,PIT_SAFE
mt_196567553,COMP_NEUTRAL,A_ATK_shots_on_target_for_16a47a,shots_on_target_for,shots_on_target,FOR,FULL,UNCONDITIONED,TEAM_B,3.8154,3.8154,1.0,0.75,3.0615,0.7538,7,4,SHRUNK,VENUE_OVERALL,home,thestatsapi,MEDIUM,PIT_SAFE
mt_196567553,COMP_NEUTRAL,A_ATK_shots_inside_box_for_f7277b,shots_inside_box_for,shots_inside_box,FOR,FULL,UNCONDITIONED,TEAM_B,7.5538,7.5538,1.0,0.75,6.3923,1.1615,7,4,SHRUNK,VENUE_OVERALL,home,thestatsapi,MEDIUM,PIT_SAFE
mt_196567553,COMP_NEUTRAL,A_ATK_touches_in_box_for_d7e844,touches_in_box_for,touches_in_box,FOR,FULL,UNCONDITIONED,TEAM_B,21.2462,21.2462,0.7712,0.6875,14.2882,6.958,7,4,SHRUNK,VENUE_OVERALL,home,thestatsapi,MEDIUM,PIT_SAFE
mt_196567553,COMP_NEUTRAL,A_ATK_corners_for_c3a9af,corners_for,corners,FOR,FULL,UNCONDITIONED,TEAM_B,4.6462,4.6462,0.6926,0.6875,3.2066,1.4396,7,4,SHRUNK,VENUE_OVERALL,home,thestatsapi,MEDIUM,PIT_SAFE
mt_196567553,COMP_NEUTRAL,A_ATK_possession_for_e45a98,possession_for,possession,FOR,FULL,UNCONDITIONED,TEAM_B,53.3538,53.3538,0.953,0.75,31.1983,22.1555,7,4,SHRUNK,VENUE_OVERALL,home,thestatsapi,MEDIUM,PIT_SAFE
mt_196567553,COMP_NEUTRAL,A_ATK_throw_ins_for_7cb5f5,throw_ins_for,throw_ins,FOR,FULL,UNCONDITIONED,TEAM_B,18.8462,18.8462,1.0,0.75,18.4462,0.4,7,4,SHRUNK,VENUE_OVERALL,home,thestatsapi,MEDIUM,PIT_SAFE
mt_196567553,COMP_NEUTRAL,A_ATK_final_third_entries_for_80af7a,final_third_entries_for,final_third_entries,FOR,FULL,UNCONDITIONED,TEAM_B,50.9538,50.9538,1.0,0.75,48.1923,2.7615,7,4,SHRUNK,VENUE_OVERALL,home,thestatsapi,MEDIUM,PIT_SAFE
mt_196567553,COMP_NEUTRAL,A_DEF_crosses_against_3a5e7d,crosses_against,crosses,AGAINST,FULL,UNCONDITIONED,TEAM_B,5.1385,5.1385,0.4955,0.4375,3.9789,1.1596,7,4,SHRUNK,VENUE_OVERALL,home,thestatsapi,MEDIUM,PIT_SAFE
mt_196567553,COMP_NEUTRAL,A_DEF_total_shots_against_254742,total_shots_against,total_shots,AGAINST,FULL,UNCONDITIONED,TEAM_B,14.2462,14.2462,-1.0,0.25,15.2615,-1.0153,7,4,SHRUNK,VENUE_OVERALL,home,thestatsapi,MEDIUM,PIT_SAFE
mt_196567553,COMP_NEUTRAL,A_DEF_shots_inside_box_against_fbe24c,shots_inside_box_against,shots_inside_box,AGAINST,FULL,UNCONDITIONED,TEAM_B,9.9846,9.9846,-1.2369,0.125,11.1613,-1.1767,7,4,SHRUNK,VENUE_OVERALL,home,thestatsapi,MEDIUM,PIT_SAFE
mt_196567553,COMP_NEUTRAL,A_DEF_touches_in_box_against_8fe9bf,touches_in_box_against,touches_in_box,AGAINST,FULL,UNCONDITIONED,TEAM_B,27.8462,27.8462,-1.0,0.25,29.0308,-1.1846,7,4,SHRUNK,VENUE_OVERALL,home,thestatsapi,MEDIUM,PIT_SAFE
mt_196567553,COMP_NEUTRAL,A_DEF_corners_against_692a93,corners_against,corners,AGAINST,FULL,UNCONDITIONED,TEAM_B,4.4308,4.4308,0.1693,0.4375,4.0362,0.3946,7,4,SHRUNK,VENUE_OVERALL,home,thestatsapi,MEDIUM,PIT_SAFE
mt_196567553,COMP_NEUTRAL,A_DEF_blocked_shots_for_89dc5b,blocked_shots_for,blocked_shots,FOR,FULL,UNCONDITIONED,TEAM_B,3.3231,3.3231,0.7395,0.6875,2.2207,1.1025,7,4,SHRUNK,VENUE_OVERALL,home,thestatsapi,MEDIUM,PIT_SAFE
mt_196567553,COMP_NEUTRAL,A_DEF_clearances_for_bd332d,clearances_for,clearances,FOR,FULL,UNCONDITIONED,TEAM_B,21.5538,21.5538,0.4302,0.4375,17.2798,4.274,7,4,SHRUNK,VENUE_OVERALL,home,thestatsapi,MEDIUM,PIT_SAFE
mt_196567553,COMP_NEUTRAL,A_DEF_interceptions_for_155234,interceptions_for,interceptions,FOR,FULL,UNCONDITIONED,TEAM_B,9.1846,9.1846,-1.0,0.25,9.2538,-0.0693,7,4,SHRUNK,VENUE_OVERALL,home,thestatsapi,MEDIUM,PIT_SAFE
mt_196567553,COMP_NEUTRAL,A_DIS_fouls_for_6f399f,fouls_for,fouls,FOR,FULL,UNCONDITIONED,TEAM_B,12.4615,12.4615,-1.0,0.25,12.9769,-0.5154,7,4,SHRUNK,VENUE_OVERALL,home,thestatsapi,MEDIUM,PIT_SAFE
mt_196567553,COMP_NEUTRAL,A_DIS_tackles_for_cc4b2c,tackles_for,tackles,FOR,FULL,UNCONDITIONED,TEAM_B,17.2,17.2,1.0,0.75,17.0538,0.1462,7,4,SHRUNK,VENUE_OVERALL,home,thestatsapi,MEDIUM,PIT_SAFE
mt_196567553,COMP_NEUTRAL,A_DIS_yellow_cards_for_0f6b56,yellow_cards_for,yellow_cards,FOR,FULL,UNCONDITIONED,TEAM_B,2.7363,2.7363,-1.0,0.25,2.9066,-0.1703,7,4,SHRUNK,VENUE_OVERALL,home,thestatsapi,MEDIUM,PIT_SAFE
mt_196567553,COMP_NEUTRAL,A_DIS_fouls_against_d566a8,fouls_against,fouls,AGAINST,FULL,UNCONDITIONED,TEAM_B,13.1538,13.1538,-1.0,0.25,13.2923,-0.1385,7,4,SHRUNK,VENUE_OVERALL,home,thestatsapi,MEDIUM,PIT_SAFE
mt_196567553,COMP_NEUTRAL,B_ATK_crosses_for_d533a2,crosses_for,crosses,FOR,FULL,UNCONDITIONED,TEAM_A,3.6923,3.6923,-0.0177,0.4375,3.7405,-0.0482,7,4,SHRUNK,VENUE_OVERALL,away,thestatsapi,MEDIUM,PIT_SAFE
mt_196567553,COMP_NEUTRAL,B_ATK_total_shots_for_fc9745,total_shots_for,total_shots,FOR,FULL,UNCONDITIONED,TEAM_A,8.1692,8.1692,0.2539,0.5833,6.7769,1.3923,7,4,SHRUNK,VENUE_OVERALL,away,thestatsapi,MEDIUM,PIT_SAFE
mt_196567553,COMP_NEUTRAL,B_ATK_shots_on_target_for_5d5480,shots_on_target_for,shots_on_target,FOR,FULL,UNCONDITIONED,TEAM_A,2.3077,2.3077,-1.0,0.25,3.0615,-0.7538,7,4,SHRUNK,VENUE_OVERALL,away,thestatsapi,MEDIUM,PIT_SAFE
mt_196567553,COMP_NEUTRAL,B_ATK_shots_inside_box_for_4df9de,shots_inside_box_for,shots_inside_box,FOR,FULL,UNCONDITIONED,TEAM_A,5.2308,5.2308,-1.0,0.25,6.3923,-1.1615,7,4,SHRUNK,VENUE_OVERALL,away,thestatsapi,MEDIUM,PIT_SAFE
mt_196567553,COMP_NEUTRAL,B_ATK_touches_in_box_for_486698,touches_in_box_for,touches_in_box,FOR,FULL,UNCONDITIONED,TEAM_A,14.4923,14.4923,0.0226,0.4375,14.2882,0.2041,7,4,SHRUNK,VENUE_OVERALL,away,thestatsapi,MEDIUM,PIT_SAFE
mt_196567553,COMP_NEUTRAL,B_ATK_corners_for_6d295d,corners_for,corners,FOR,FULL,UNCONDITIONED,TEAM_A,3.5846,3.5846,0.1819,0.4375,3.2066,0.378,7,4,SHRUNK,VENUE_OVERALL,away,thestatsapi,MEDIUM,PIT_SAFE
mt_196567553,COMP_NEUTRAL,B_ATK_possession_for_5753a9,possession_for,possession,FOR,FULL,UNCONDITIONED,TEAM_A,41.8769,41.8769,0.4593,0.5833,31.1983,10.6786,7,4,SHRUNK,VENUE_OVERALL,away,thestatsapi,MEDIUM,PIT_SAFE
mt_196567553,COMP_NEUTRAL,B_ATK_throw_ins_for_c3c85f,throw_ins_for,throw_ins,FOR,FULL,UNCONDITIONED,TEAM_A,18.0462,18.0462,-1.0,0.25,18.4462,-0.4,7,4,SHRUNK,VENUE_OVERALL,away,thestatsapi,MEDIUM,PIT_SAFE
mt_196567553,COMP_NEUTRAL,B_ATK_final_third_entries_for_eb7683,final_third_entries_for,final_third_entries,FOR,FULL,UNCONDITIONED,TEAM_A,45.4308,45.4308,-1.0,0.25,48.1923,-2.7615,7,4,SHRUNK,VENUE_OVERALL,away,thestatsapi,MEDIUM,PIT_SAFE
mt_196567553,COMP_NEUTRAL,B_DEF_crosses_against_9d5265,crosses_against,crosses,AGAINST,FULL,UNCONDITIONED,TEAM_A,5.4154,5.4154,0.6138,0.6875,3.9789,1.4365,7,4,SHRUNK,VENUE_OVERALL,away,thestatsapi,MEDIUM,PIT_SAFE
mt_196567553,COMP_NEUTRAL,B_DEF_total_shots_against_d73aaf,total_shots_against,total_shots,AGAINST,FULL,UNCONDITIONED,TEAM_A,16.2769,16.2769,1.0,0.75,15.2615,1.0154,7,4,SHRUNK,VENUE_OVERALL,away,thestatsapi,MEDIUM,PIT_SAFE
mt_196567553,COMP_NEUTRAL,B_DEF_shots_inside_box_against_ea1d50,shots_inside_box_against,shots_inside_box,AGAINST,FULL,UNCONDITIONED,TEAM_A,11.7692,11.7692,0.639,0.625,11.1613,0.6079,7,4,SHRUNK,VENUE_OVERALL,away,thestatsapi,MEDIUM,PIT_SAFE
mt_196567553,COMP_NEUTRAL,B_DEF_touches_in_box_against_72aaf4,touches_in_box_against,touches_in_box,AGAINST,FULL,UNCONDITIONED,TEAM_A,30.2154,30.2154,1.0,0.75,29.0308,1.1846,7,4,SHRUNK,VENUE_OVERALL,away,thestatsapi,MEDIUM,PIT_SAFE
mt_196567553,COMP_NEUTRAL,B_DEF_corners_against_a733f3,corners_against,corners,AGAINST,FULL,UNCONDITIONED,TEAM_A,5.8308,5.8308,0.77,0.6875,4.0362,1.7946,7,4,SHRUNK,VENUE_OVERALL,away,thestatsapi,MEDIUM,PIT_SAFE
mt_196567553,COMP_NEUTRAL,B_DEF_blocked_shots_for_38a007,blocked_shots_for,blocked_shots,FOR,FULL,UNCONDITIONED,TEAM_A,2.2154,2.2154,-0.0035,0.4375,2.2207,-0.0053,7,4,SHRUNK,VENUE_OVERALL,away,thestatsapi,MEDIUM,PIT_SAFE
mt_196567553,COMP_NEUTRAL,B_DEF_clearances_for_c87e56,clearances_for,clearances,FOR,FULL,UNCONDITIONED,TEAM_A,22.6,22.6,0.5355,0.5625,17.2798,5.3202,7,4,SHRUNK,VENUE_OVERALL,away,thestatsapi,MEDIUM,PIT_SAFE
mt_196567553,COMP_NEUTRAL,B_DEF_interceptions_for_71a547,interceptions_for,interceptions,FOR,FULL,UNCONDITIONED,TEAM_A,9.3231,9.3231,1.0,0.75,9.2538,0.0693,7,4,SHRUNK,VENUE_OVERALL,away,thestatsapi,MEDIUM,PIT_SAFE
mt_196567553,COMP_NEUTRAL,B_DIS_fouls_for_a8da0c,fouls_for,fouls,FOR,FULL,UNCONDITIONED,TEAM_A,13.4923,13.4923,1.0,0.75,12.9769,0.5154,7,4,SHRUNK,VENUE_OVERALL,away,thestatsapi,MEDIUM,PIT_SAFE
mt_196567553,COMP_NEUTRAL,B_DIS_tackles_for_2db418,tackles_for,tackles,FOR,FULL,UNCONDITIONED,TEAM_A,16.9077,16.9077,-1.0,0.25,17.0538,-0.1461,7,4,SHRUNK,VENUE_OVERALL,away,thestatsapi,MEDIUM,PIT_SAFE
mt_196567553,COMP_NEUTRAL,B_DIS_yellow_cards_for_94eb25,yellow_cards_for,yellow_cards,FOR,FULL,UNCONDITIONED,TEAM_A,3.0769,3.0769,1.0,0.75,2.9066,0.1703,7,4,SHRUNK,VENUE_OVERALL,away,thestatsapi,MEDIUM,PIT_SAFE
mt_196567553,COMP_NEUTRAL,B_DIS_fouls_against_4d1493,fouls_against,fouls,AGAINST,FULL,UNCONDITIONED,TEAM_A,13.4308,13.4308,1.0,0.75,13.2923,0.1385,7,4,SHRUNK,VENUE_OVERALL,away,thestatsapi,MEDIUM,PIT_SAFE
mt_196567553,COMP_NEUTRAL,ENV_corners_833431,league_corners_env,league_corners_env,NEUTRAL,FULL,UNCONDITIONED,,9.3667,9.3667,,0.5,9.3667,0.0,0,0,DIRECT,COMPETITION_PRIOR,,derived,HIGH,PIT_SAFE
mt_196567553,COMP_NEUTRAL,ENV_total_shots_f591fb,league_total_shots_env,league_total_shots_env,NEUTRAL,FULL,UNCONDITIONED,,23.4667,23.4667,,0.5,23.4667,0.0,0,0,DIRECT,COMPETITION_PRIOR,,derived,HIGH,PIT_SAFE
mt_196567553,COMP_NEUTRAL,ENV_fouls_1df8c9,league_fouls_env,league_fouls_env,NEUTRAL,FULL,UNCONDITIONED,,25.18,25.18,,0.5,25.18,0.0,0,0,DIRECT,COMPETITION_PRIOR,,derived,HIGH,PIT_SAFE
mt_196567553,COMP_NEUTRAL,ENV_yellow_cards_fba5e7,league_yellow_cards_env,league_yellow_cards_env,NEUTRAL,FULL,UNCONDITIONED,,4.9172,4.9172,,0.5,4.9172,0.0,0,0,DIRECT,COMPETITION_PRIOR,,derived,HIGH,PIT_SAFE
mt_196567553,COMP_NEUTRAL,A_FC_fc_crosses_for_aca1c4,fc_crosses_for,crosses,FOR,FULL,TEAM_FORMATION_CONDITIONED,,7.1429,7.1429,1.2527,0.9375,3.7405,3.4024,0,0,SHRUNK,TEAM_BASELINE,home,derived_formation,LOW,PIT_SAFE
mt_196567553,COMP_NEUTRAL,A_FC_formation_delta_crosses_for_4ae9a3,formation_delta_crosses_for,crosses,FOR,FULL,TEAM_FORMATION_CONDITIONED,,0.0,0.0,-1.3771,0.1875,3.7405,-3.7405,0,0,DERIVED,TEAM_BASELINE,home,derived_formation,LOW,PIT_SAFE
mt_196567553,COMP_NEUTRAL,A_FC_fc_corners_for_f2c859,fc_corners_for,corners,FOR,FULL,TEAM_FORMATION_CONDITIONED,,5.1429,5.1429,0.9316,0.8125,3.2066,1.9363,0,0,SHRUNK,TEAM_BASELINE,home,derived_formation,LOW,PIT_SAFE
mt_196567553,COMP_NEUTRAL,A_FC_formation_delta_corners_for_0ee2ec,formation_delta_corners_for,corners,FOR,FULL,TEAM_FORMATION_CONDITIONED,,0.0,0.0,-1.5427,0.1875,3.2066,-3.2066,0,0,DERIVED,TEAM_BASELINE,home,derived_formation,LOW,PIT_SAFE
mt_196567553,COMP_NEUTRAL,A_FC_fc_corners_against_c38bb0,fc_corners_against,corners,AGAINST,FULL,TEAM_FORMATION_CONDITIONED,,3.7143,3.7143,-0.1381,0.3125,4.0362,-0.3218,0,0,SHRUNK,TEAM_BASELINE,home,derived_formation,LOW,PIT_SAFE
mt_196567553,COMP_NEUTRAL,A_FC_formation_delta_corners_against_46091a,formation_delta_corners_against,corners,AGAINST,FULL,TEAM_FORMATION_CONDITIONED,,0.0,0.0,-1.7317,0.0625,4.0362,-4.0362,0,0,DERIVED,TEAM_BASELINE,home,derived_formation,LOW,PIT_SAFE
mt_196567553,COMP_NEUTRAL,A_FC_fc_touches_in_box_for_446ba2,fc_touches_in_box_for,touches_in_box,FOR,FULL,TEAM_FORMATION_CONDITIONED,,23.0,23.0,0.9656,0.8125,14.2882,8.7118,0,0,SHRUNK,TEAM_BASELINE,home,derived_formation,LOW,PIT_SAFE
mt_196567553,COMP_NEUTRAL,A_FC_formation_delta_touches_in_box_for_59f0df,formation_delta_touches_in_box_for,touches_in_box,FOR,FULL,TEAM_FORMATION_CONDITIONED,,0.0,0.0,-1.5837,0.1875,14.2882,-14.2882,0,0,DERIVED,TEAM_BASELINE,home,derived_formation,LOW,PIT_SAFE
mt_196567553,COMP_NEUTRAL,A_FC_fc_total_shots_for_5aa5ef,fc_total_shots_for,total_shots,FOR,FULL,TEAM_FORMATION_CONDITIONED,,13.7143,13.7143,1.2649,0.9167,6.7769,6.9374,0,0,SHRUNK,TEAM_BASELINE,home,derived_formation,LOW,PIT_SAFE
mt_196567553,COMP_NEUTRAL,A_FC_formation_delta_total_shots_for_599f49,formation_delta_total_shots_for,total_shots,FOR,FULL,TEAM_FORMATION_CONDITIONED,,0.0,0.0,-1.2357,0.25,6.7769,-6.7769,0,0,DERIVED,TEAM_BASELINE,home,derived_formation,LOW,PIT_SAFE
mt_196567553,COMP_NEUTRAL,A_FC_fc_possession_for_2ab07e,fc_possession_for,possession,FOR,FULL,TEAM_FORMATION_CONDITIONED,,54.0,54.0,0.9808,0.9167,31.1983,22.8017,0,0,SHRUNK,TEAM_BASELINE,home,derived_formation,LOW,PIT_SAFE
mt_196567553,COMP_NEUTRAL,A_FC_formation_delta_possession_for_21d182,formation_delta_possession_for,possession,FOR,FULL,TEAM_FORMATION_CONDITIONED,,0.0,0.0,-1.3419,0.25,31.1983,-31.1983,0,0,DERIVED,TEAM_BASELINE,home,derived_formation,LOW,PIT_SAFE
mt_196567553,COMP_NEUTRAL,A_FC_fc_crosses_against_3fa0d5,fc_crosses_against,crosses,AGAINST,FULL,TEAM_FORMATION_CONDITIONED,,4.5714,4.5714,0.2532,0.3125,3.9789,0.5925,0,0,SHRUNK,TEAM_BASELINE,home,derived_formation,LOW,PIT_SAFE
mt_196567553,COMP_NEUTRAL,A_FC_formation_delta_crosses_against_6c8411,formation_delta_crosses_against,crosses,AGAINST,FULL,TEAM_FORMATION_CONDITIONED,,0.0,0.0,-1.7001,0.1875,3.9789,-3.9789,0,0,DERIVED,TEAM_BASELINE,home,derived_formation,LOW,PIT_SAFE
mt_196567553,COMP_NEUTRAL,A_FC_fc_clearances_for_01cf35,fc_clearances_for,clearances,FOR,FULL,TEAM_FORMATION_CONDITIONED,,20.4286,20.4286,0.317,0.3125,17.2798,3.1488,0,0,SHRUNK,TEAM_BASELINE,home,derived_formation,LOW,PIT_SAFE
mt_196567553,COMP_NEUTRAL,A_FC_formation_delta_clearances_for_9d6195,formation_delta_clearances_for,clearances,FOR,FULL,TEAM_FORMATION_CONDITIONED,,0.0,0.0,-1.7394,0.0625,17.2798,-17.2798,0,0,DERIVED,TEAM_BASELINE,home,derived_formation,LOW,PIT_SAFE
mt_196567553,COMP_NEUTRAL,A_FC_fc_blocked_shots_for_112e05,fc_blocked_shots_for,blocked_shots,FOR,FULL,TEAM_FORMATION_CONDITIONED,,4.0,4.0,1.1935,0.9375,2.2207,1.7793,0,0,SHRUNK,TEAM_BASELINE,home,derived_formation,LOW,PIT_SAFE
mt_196567553,COMP_NEUTRAL,A_FC_formation_delta_blocked_shots_for_b5d93c,formation_delta_blocked_shots_for,blocked_shots,FOR,FULL,TEAM_FORMATION_CONDITIONED,,0.0,0.0,-1.4896,0.1875,2.2207,-2.2207,0,0,DERIVED,TEAM_BASELINE,home,derived_formation,LOW,PIT_SAFE
mt_196567553,COMP_NEUTRAL,A_FMX_fmx_crosses_for_7f468a,fmx_crosses_for,crosses,FOR,FULL,OPP_FORMATION_CONDITIONED,4-1-4-1,6.6558,6.6558,1.0733,0.8125,3.7405,2.9153,7,4,HIERARCHICAL,VENUE_OVERALL,home,derived_formation,MEDIUM,PIT_SAFE
mt_196567553,COMP_NEUTRAL,A_FMX_fmx_crosses_against_7532a4,fmx_crosses_against,crosses,AGAINST,FULL,OPP_FORMATION_CONDITIONED,4-1-4-1,5.5349,5.5349,0.6649,0.8125,3.9789,1.556,7,4,HIERARCHICAL,VENUE_OVERALL,home,derived_formation,MEDIUM,PIT_SAFE
mt_196567553,COMP_NEUTRAL,A_FMX_fmx_corners_for_71b6f1,fmx_corners_for,corners,FOR,FULL,OPP_FORMATION_CONDITIONED,4-1-4-1,5.3451,5.3451,1.0289,0.9375,3.2066,2.1385,7,4,HIERARCHICAL,VENUE_OVERALL,home,derived_formation,MEDIUM,PIT_SAFE
mt_196567553,COMP_NEUTRAL,A_FMX_fmx_corners_against_410d33,fmx_corners_against,corners,AGAINST,FULL,OPP_FORMATION_CONDITIONED,4-1-4-1,4.9714,4.9714,0.4013,0.5625,4.0362,0.9352,7,4,HIERARCHICAL,VENUE_OVERALL,home,derived_formation,MEDIUM,PIT_SAFE
mt_196567553,COMP_NEUTRAL,A_FMX_fmx_touches_in_box_for_6636ff,fmx_touches_in_box_for,touches_in_box,FOR,FULL,OPP_FORMATION_CONDITIONED,4-1-4-1,24.4031,24.4031,1.1211,0.9375,14.2882,10.1148,7,4,HIERARCHICAL,VENUE_OVERALL,home,derived_formation,MEDIUM,PIT_SAFE
mt_196567553,COMP_NEUTRAL,A_FMX_fmx_clearances_for_5c523d,fmx_clearances_for,clearances,FOR,FULL,OPP_FORMATION_CONDITIONED,4-1-4-1,23.9371,23.9371,0.6701,0.6875,17.2798,6.6573,7,4,HIERARCHICAL,VENUE_OVERALL,home,derived_formation,MEDIUM,PIT_SAFE
mt_196567553,COMP_NEUTRAL,A_FMX_fmx_blocked_shots_for_1a6baf,fmx_blocked_shots_for,blocked_shots,FOR,FULL,OPP_FORMATION_CONDITIONED,4-1-4-1,3.8057,3.8057,1.0632,0.8125,2.2207,1.585,7,4,HIERARCHICAL,VENUE_OVERALL,home,derived_formation,MEDIUM,PIT_SAFE
mt_196567553,COMP_NEUTRAL,A_FMX_fmx_shots_inside_box_against_c0b148,fmx_shots_inside_box_against,shots_inside_box,AGAINST,FULL,OPP_FORMATION_CONDITIONED,4-1-4-1,10.5226,10.5226,-0.6714,0.375,11.1613,-0.6387,7,4,HIERARCHICAL,VENUE_OVERALL,home,derived_formation,MEDIUM,PIT_SAFE
mt_196567553,COMP_NEUTRAL,B_FC_fc_crosses_for_f14ba7,fc_crosses_for,crosses,FOR,FULL,TEAM_FORMATION_CONDITIONED,,2.449,2.449,-0.4755,0.3125,3.7405,-1.2915,1,1,DIRECT,EXACT_FORMATION,away,derived_formation,LOW,PIT_SAFE
mt_196567553,COMP_NEUTRAL,B_FC_formation_delta_crosses_for_948d77,formation_delta_crosses_for,crosses,FOR,FULL,TEAM_FORMATION_CONDITIONED,,-0.4082,-0.4082,-1.5274,0.0625,3.7405,-4.1487,1,1,DERIVED,EXACT_FORMATION,away,derived_formation,LOW,PIT_SAFE
mt_196567553,COMP_NEUTRAL,B_FC_fc_corners_for_611c6a,fc_corners_for,corners,FOR,FULL,TEAM_FORMATION_CONDITIONED,,2.9592,2.9592,-0.119,0.3125,3.2066,-0.2474,1,1,DIRECT,EXACT_FORMATION,away,derived_formation,LOW,PIT_SAFE
mt_196567553,COMP_NEUTRAL,B_FC_formation_delta_corners_for_522b08,formation_delta_corners_for,corners,FOR,FULL,TEAM_FORMATION_CONDITIONED,,-0.3265,-0.3265,-1.6998,0.0625,3.2066,-3.5331,1,1,DERIVED,EXACT_FORMATION,away,derived_formation,LOW,PIT_SAFE
mt_196567553,COMP_NEUTRAL,B_FC_fc_corners_against_0a484f,fc_corners_against,corners,AGAINST,FULL,TEAM_FORMATION_CONDITIONED,,6.449,6.449,1.0352,0.9375,4.0362,2.4128,1,1,DIRECT,EXACT_FORMATION,away,derived_formation,LOW,PIT_SAFE
mt_196567553,COMP_NEUTRAL,B_FC_formation_delta_corners_against_300be8,formation_delta_corners_against,corners,AGAINST,FULL,TEAM_FORMATION_CONDITIONED,,0.5918,0.5918,-1.4778,0.1875,4.0362,-3.4444,1,1,DERIVED,EXACT_FORMATION,away,derived_formation,LOW,PIT_SAFE
mt_196567553,COMP_NEUTRAL,B_FC_fc_touches_in_box_for_19921d,fc_touches_in_box_for,touches_in_box,FOR,FULL,TEAM_FORMATION_CONDITIONED,,13.1224,13.1224,-0.1292,0.3125,14.2882,-1.1658,1,1,DIRECT,EXACT_FORMATION,away,derived_formation,LOW,PIT_SAFE
mt_196567553,COMP_NEUTRAL,B_FC_formation_delta_touches_in_box_for_6ae166,formation_delta_touches_in_box_for,touches_in_box,FOR,FULL,TEAM_FORMATION_CONDITIONED,,-0.0204,-0.0204,-1.586,0.0625,14.2882,-14.3087,1,1,DERIVED,EXACT_FORMATION,away,derived_formation,LOW,PIT_SAFE
mt_196567553,COMP_NEUTRAL,B_FC_fc_total_shots_for_c5a1c3,fc_total_shots_for,total_shots,FOR,FULL,TEAM_FORMATION_CONDITIONED,,6.8163,6.8163,0.0072,0.4167,6.7769,0.0394,1,1,DIRECT,EXACT_FORMATION,away,derived_formation,LOW,PIT_SAFE
mt_196567553,COMP_NEUTRAL,B_FC_formation_delta_total_shots_for_f78363,formation_delta_total_shots_for,total_shots,FOR,FULL,TEAM_FORMATION_CONDITIONED,,-0.4694,-0.4694,-1.3213,0.0833,6.7769,-7.2463,1,1,DERIVED,EXACT_FORMATION,away,derived_formation,LOW,PIT_SAFE
mt_196567553,COMP_NEUTRAL,B_FC_fc_possession_for_517385,fc_possession_for,possession,FOR,FULL,TEAM_FORMATION_CONDITIONED,,39.551,39.551,0.3593,0.4167,31.1983,8.3527,1,1,DIRECT,EXACT_FORMATION,away,derived_formation,LOW,PIT_SAFE
mt_196567553,COMP_NEUTRAL,B_FC_formation_delta_possession_for_be51ef,formation_delta_possession_for,possession,FOR,FULL,TEAM_FORMATION_CONDITIONED,,-1.5918,-1.5918,-1.4104,0.0833,31.1983,-32.7901,1,1,DERIVED,EXACT_FORMATION,away,derived_formation,LOW,PIT_SAFE
mt_196567553,COMP_NEUTRAL,B_FC_fc_crosses_against_2fbcc3,fc_crosses_against,crosses,AGAINST,FULL,TEAM_FORMATION_CONDITIONED,,5.3673,5.3673,0.5933,0.5625,3.9789,1.3884,1,1,DIRECT,EXACT_FORMATION,away,derived_formation,LOW,PIT_SAFE
mt_196567553,COMP_NEUTRAL,B_FC_formation_delta_crosses_against_7683de,formation_delta_crosses_against,crosses,AGAINST,FULL,TEAM_FORMATION_CONDITIONED,,-0.0612,-0.0612,-1.7263,0.0625,3.9789,-4.0401,1,1,DERIVED,EXACT_FORMATION,away,derived_formation,LOW,PIT_SAFE
mt_196567553,COMP_NEUTRAL,B_FC_fc_clearances_for_8a97a5,fc_clearances_for,clearances,FOR,FULL,TEAM_FORMATION_CONDITIONED,,24.0612,24.0612,0.6826,0.8125,17.2798,6.7814,1,1,DIRECT,EXACT_FORMATION,away,derived_formation,LOW,PIT_SAFE
mt_196567553,COMP_NEUTRAL,B_FC_formation_delta_clearances_for_7dbacd,formation_delta_clearances_for,clearances,FOR,FULL,TEAM_FORMATION_CONDITIONED,,0.4898,0.4898,-1.6901,0.1875,17.2798,-16.79,1,1,DERIVED,EXACT_FORMATION,away,derived_formation,LOW,PIT_SAFE
mt_196567553,COMP_NEUTRAL,B_FC_fc_blocked_shots_for_adbdb5,fc_blocked_shots_for,blocked_shots,FOR,FULL,TEAM_FORMATION_CONDITIONED,,1.8571,1.8571,-0.2439,0.3125,2.2207,-0.3636,1,1,DIRECT,EXACT_FORMATION,away,derived_formation,LOW,PIT_SAFE
mt_196567553,COMP_NEUTRAL,B_FC_formation_delta_blocked_shots_for_8cac35,formation_delta_blocked_shots_for,blocked_shots,FOR,FULL,TEAM_FORMATION_CONDITIONED,,-0.1429,-0.1429,-1.5854,0.0625,2.2207,-2.3636,1,1,DERIVED,EXACT_FORMATION,away,derived_formation,LOW,PIT_SAFE
mt_196567553,COMP_NEUTRAL,B_FMX_fmx_crosses_for_58dc65,fmx_crosses_for,crosses,FOR,FULL,OPP_FORMATION_CONDITIONED,4-5-1,4.2382,4.2382,0.1832,0.5625,3.7405,0.4977,7,4,HIERARCHICAL,VENUE_OVERALL,away,derived_formation,MEDIUM,PIT_SAFE
mt_196567553,COMP_NEUTRAL,B_FMX_fmx_crosses_against_22e9f3,fmx_crosses_against,crosses,AGAINST,FULL,OPP_FORMATION_CONDITIONED,4-5-1,5.8646,5.8646,0.8057,0.9375,3.9789,1.8857,7,4,HIERARCHICAL,VENUE_OVERALL,away,derived_formation,MEDIUM,PIT_SAFE
mt_196567553,COMP_NEUTRAL,B_FMX_fmx_corners_for_443555,fmx_corners_for,corners,FOR,FULL,OPP_FORMATION_CONDITIONED,4-5-1,4.3011,4.3011,0.5266,0.5625,3.2066,1.0945,7,4,HIERARCHICAL,VENUE_OVERALL,away,derived_formation,MEDIUM,PIT_SAFE
mt_196567553,COMP_NEUTRAL,B_FMX_fmx_corners_against_94b34b,fmx_corners_against,corners,AGAINST,FULL,OPP_FORMATION_CONDITIONED,4-5-1,6.3011,6.3011,0.9718,0.8125,4.0362,2.2649,7,4,HIERARCHICAL,VENUE_OVERALL,away,derived_formation,MEDIUM,PIT_SAFE
mt_196567553,COMP_NEUTRAL,B_FMX_fmx_touches_in_box_for_567bf4,fmx_touches_in_box_for,touches_in_box,FOR,FULL,OPP_FORMATION_CONDITIONED,4-5-1,18.0624,18.0624,0.4183,0.5625,14.2882,3.7742,7,4,HIERARCHICAL,VENUE_OVERALL,away,derived_formation,MEDIUM,PIT_SAFE
mt_196567553,COMP_NEUTRAL,B_FMX_fmx_clearances_for_3c0456,fmx_clearances_for,clearances,FOR,FULL,OPP_FORMATION_CONDITIONED,4-5-1,25.1679,25.1679,0.794,0.9375,17.2798,7.8881,7,4,HIERARCHICAL,VENUE_OVERALL,away,derived_formation,MEDIUM,PIT_SAFE
mt_196567553,COMP_NEUTRAL,B_FMX_fmx_blocked_shots_for_7e5b29,fmx_blocked_shots_for,blocked_shots,FOR,FULL,OPP_FORMATION_CONDITIONED,4-5-1,2.7068,2.7068,0.3261,0.5625,2.2207,0.4861,7,4,HIERARCHICAL,VENUE_OVERALL,away,derived_formation,MEDIUM,PIT_SAFE
mt_196567553,COMP_NEUTRAL,B_FMX_fmx_shots_inside_box_against_462e5c,fmx_shots_inside_box_against,shots_inside_box,AGAINST,FULL,OPP_FORMATION_CONDITIONED,4-5-1,12.3688,12.3688,1.2693,0.875,11.1613,1.2075,7,4,HIERARCHICAL,VENUE_OVERALL,away,derived_formation,MEDIUM,PIT_SAFE
mt_013481284,COMP_NEUTRAL,A_ATK_crosses_for_21b1cd,crosses_for,crosses,FOR,FULL,UNCONDITIONED,TEAM_B,6.5143,6.5143,0.6262,0.6875,4.628,1.8863,8,5,SHRUNK,VENUE_OVERALL,home,thestatsapi,MEDIUM,PIT_SAFE
mt_013481284,COMP_NEUTRAL,A_ATK_total_shots_for_3ea64a,total_shots_for,total_shots,FOR,FULL,UNCONDITIONED,TEAM_B,14.1,14.1,0.973,0.75,8.0907,6.0092,8,5,SHRUNK,VENUE_OVERALL,home,thestatsapi,MEDIUM,PIT_SAFE
mt_013481284,COMP_NEUTRAL,A_ATK_shots_on_target_for_7b38d1,shots_on_target_for,shots_on_target,FOR,FULL,UNCONDITIONED,TEAM_B,5.4714,5.4714,1.0,0.75,4.8126,0.6588,8,5,SHRUNK,VENUE_OVERALL,home,thestatsapi,MEDIUM,PIT_SAFE
mt_013481284,COMP_NEUTRAL,A_ATK_shots_inside_box_for_c671db,shots_inside_box_for,shots_inside_box,FOR,FULL,UNCONDITIONED,TEAM_B,9.6429,9.6429,1.0,0.75,8.8291,0.8138,8,5,SHRUNK,VENUE_OVERALL,home,thestatsapi,MEDIUM,PIT_SAFE
mt_013481284,COMP_NEUTRAL,A_ATK_touches_in_box_for_43d63a,touches_in_box_for,touches_in_box,FOR,FULL,UNCONDITIONED,TEAM_B,23.8,23.8,0.5256,0.5625,18.0596,5.7404,8,5,SHRUNK,VENUE_OVERALL,home,thestatsapi,MEDIUM,PIT_SAFE
mt_013481284,COMP_NEUTRAL,A_ATK_corners_for_17da16,corners_for,corners,FOR,FULL,UNCONDITIONED,TEAM_B,4.9286,4.9286,0.4302,0.4375,3.9495,0.9791,8,5,SHRUNK,VENUE_OVERALL,home,thestatsapi,MEDIUM,PIT_SAFE
mt_013481284,COMP_NEUTRAL,A_ATK_possession_for_30cd5d,possession_for,possession,FOR,FULL,UNCONDITIONED,TEAM_B,56.0857,56.0857,0.7802,0.75,35.2923,20.7934,8,5,SHRUNK,VENUE_OVERALL,home,thestatsapi,MEDIUM,PIT_SAFE
mt_013481284,COMP_NEUTRAL,A_ATK_throw_ins_for_9d1944,throw_ins_for,throw_ins,FOR,FULL,UNCONDITIONED,TEAM_B,22.0571,22.0571,1.0,0.75,21.2285,0.8285,8,5,SHRUNK,VENUE_OVERALL,home,thestatsapi,MEDIUM,PIT_SAFE
mt_013481284,COMP_NEUTRAL,A_ATK_final_third_entries_for_e0cc04,final_third_entries_for,final_third_entries,FOR,FULL,UNCONDITIONED,TEAM_B,56.4571,56.4571,-1.0,0.25,59.8285,-3.3715,8,5,SHRUNK,VENUE_OVERALL,home,thestatsapi,MEDIUM,PIT_SAFE
mt_013481284,COMP_NEUTRAL,A_DEF_crosses_against_e5a0a3,crosses_against,crosses,AGAINST,FULL,UNCONDITIONED,TEAM_B,3.7,3.7,0.2445,0.4375,3.2336,0.4664,8,5,SHRUNK,VENUE_OVERALL,home,thestatsapi,MEDIUM,PIT_SAFE
mt_013481284,COMP_NEUTRAL,A_DEF_total_shots_against_5f345c,total_shots_against,total_shots,AGAINST,FULL,UNCONDITIONED,TEAM_B,10.3286,10.3286,-1.0,0.25,11.1566,-0.828,8,5,SHRUNK,VENUE_OVERALL,home,thestatsapi,MEDIUM,PIT_SAFE
mt_013481284,COMP_NEUTRAL,A_DEF_shots_inside_box_against_bd3eef,shots_inside_box_against,shots_inside_box,AGAINST,FULL,UNCONDITIONED,TEAM_B,6.8429,6.8429,-1.4424,0.125,8.1118,-1.2689,8,5,SHRUNK,VENUE_OVERALL,home,thestatsapi,MEDIUM,PIT_SAFE
mt_013481284,COMP_NEUTRAL,A_DEF_touches_in_box_against_6a9f17,touches_in_box_against,touches_in_box,AGAINST,FULL,UNCONDITIONED,TEAM_B,17.5286,17.5286,-1.0,0.25,19.472,-1.9434,8,5,SHRUNK,VENUE_OVERALL,home,thestatsapi,MEDIUM,PIT_SAFE
mt_013481284,COMP_NEUTRAL,A_DEF_corners_against_4b6a5f,corners_against,corners,AGAINST,FULL,UNCONDITIONED,TEAM_B,4.9,4.9,0.4525,0.4375,3.8632,1.0368,8,5,SHRUNK,VENUE_OVERALL,home,thestatsapi,MEDIUM,PIT_SAFE
mt_013481284,COMP_NEUTRAL,A_DEF_blocked_shots_for_c2a796,blocked_shots_for,blocked_shots,FOR,FULL,UNCONDITIONED,TEAM_B,3.1,3.1,0.771,0.6875,2.0716,1.0284,8,5,SHRUNK,VENUE_OVERALL,home,thestatsapi,MEDIUM,PIT_SAFE
mt_013481284,COMP_NEUTRAL,A_DEF_clearances_for_c99999,clearances_for,clearances,FOR,FULL,UNCONDITIONED,TEAM_B,17.3143,17.3143,0.4322,0.4375,13.837,3.4773,8,5,SHRUNK,VENUE_OVERALL,home,thestatsapi,MEDIUM,PIT_SAFE
mt_013481284,COMP_NEUTRAL,A_DEF_interceptions_for_2f44ab,interceptions_for,interceptions,FOR,FULL,UNCONDITIONED,TEAM_B,7.6143,7.6143,-1.0,0.25,8.4533,-0.839,8,5,SHRUNK,VENUE_OVERALL,home,thestatsapi,MEDIUM,PIT_SAFE
mt_013481284,COMP_NEUTRAL,A_DIS_fouls_for_b3c156,fouls_for,fouls,FOR,FULL,UNCONDITIONED,TEAM_B,12.0857,12.0857,-1.0,0.25,13.2274,-1.1418,8,5,SHRUNK,VENUE_OVERALL,home,thestatsapi,MEDIUM,PIT_SAFE
mt_013481284,COMP_NEUTRAL,A_DIS_tackles_for_f18b21,tackles_for,tackles,FOR,FULL,UNCONDITIONED,TEAM_B,17.6,17.6,1.0,0.75,17.1461,0.4539,8,5,SHRUNK,VENUE_OVERALL,home,thestatsapi,MEDIUM,PIT_SAFE
mt_013481284,COMP_NEUTRAL,A_DIS_yellow_cards_for_abcfe8,yellow_cards_for,yellow_cards,FOR,FULL,UNCONDITIONED,TEAM_B,2.9,2.9,-1.0,0.25,3.1346,-0.2346,8,5,SHRUNK,VENUE_OVERALL,home,thestatsapi,MEDIUM,PIT_SAFE
mt_013481284,COMP_NEUTRAL,A_DIS_fouls_against_8bd6d4,fouls_against,fouls,AGAINST,FULL,UNCONDITIONED,TEAM_B,11.8429,11.8429,-1.0,0.25,13.7753,-1.9324,8,5,SHRUNK,VENUE_OVERALL,home,thestatsapi,MEDIUM,PIT_SAFE
mt_013481284,COMP_NEUTRAL,B_ATK_crosses_for_fe1683,crosses_for,crosses,FOR,FULL,UNCONDITIONED,TEAM_A,6.0769,6.0769,0.481,0.4375,4.628,1.4489,7,4,SHRUNK,VENUE_OVERALL,away,thestatsapi,MEDIUM,PIT_SAFE
mt_013481284,COMP_NEUTRAL,B_ATK_total_shots_for_9e84d3,total_shots_for,total_shots,FOR,FULL,UNCONDITIONED,TEAM_A,10.6,10.6,0.4063,0.5833,8.0907,2.5092,7,4,SHRUNK,VENUE_OVERALL,away,thestatsapi,MEDIUM,PIT_SAFE
mt_013481284,COMP_NEUTRAL,B_ATK_shots_on_target_for_1e0868,shots_on_target_for,shots_on_target,FOR,FULL,UNCONDITIONED,TEAM_A,4.1538,4.1538,-1.0,0.25,4.8126,-0.6588,7,4,SHRUNK,VENUE_OVERALL,away,thestatsapi,MEDIUM,PIT_SAFE
mt_013481284,COMP_NEUTRAL,B_ATK_shots_inside_box_for_b3acef,shots_inside_box_for,shots_inside_box,FOR,FULL,UNCONDITIONED,TEAM_A,8.0154,8.0154,-1.0,0.25,8.8291,-0.8137,7,4,SHRUNK,VENUE_OVERALL,away,thestatsapi,MEDIUM,PIT_SAFE
mt_013481284,COMP_NEUTRAL,B_ATK_touches_in_box_for_0691f2,touches_in_box_for,touches_in_box,FOR,FULL,UNCONDITIONED,TEAM_A,23.2769,23.2769,0.4777,0.4375,18.0596,5.2173,7,4,SHRUNK,VENUE_OVERALL,away,thestatsapi,MEDIUM,PIT_SAFE
mt_013481284,COMP_NEUTRAL,B_ATK_corners_for_8b7b37,corners_for,corners,FOR,FULL,UNCONDITIONED,TEAM_A,4.8923,4.8923,0.4143,0.3125,3.9495,0.9428,7,4,SHRUNK,VENUE_OVERALL,away,thestatsapi,MEDIUM,PIT_SAFE
mt_013481284,COMP_NEUTRAL,B_ATK_possession_for_032544,possession_for,possession,FOR,FULL,UNCONDITIONED,TEAM_A,53.0154,53.0154,0.665,0.5833,35.2923,17.7231,7,4,SHRUNK,VENUE_OVERALL,away,thestatsapi,MEDIUM,PIT_SAFE
mt_013481284,COMP_NEUTRAL,B_ATK_throw_ins_for_474b5a,throw_ins_for,throw_ins,FOR,FULL,UNCONDITIONED,TEAM_A,20.4,20.4,-1.0,0.25,21.2285,-0.8285,7,4,SHRUNK,VENUE_OVERALL,away,thestatsapi,MEDIUM,PIT_SAFE
mt_013481284,COMP_NEUTRAL,B_ATK_final_third_entries_for_f2329c,final_third_entries_for,final_third_entries,FOR,FULL,UNCONDITIONED,TEAM_A,63.2,63.2,1.0,0.75,59.8285,3.3715,7,4,SHRUNK,VENUE_OVERALL,away,thestatsapi,MEDIUM,PIT_SAFE
mt_013481284,COMP_NEUTRAL,B_DEF_crosses_against_da2c32,crosses_against,crosses,AGAINST,FULL,UNCONDITIONED,TEAM_A,4.4462,4.4462,0.6357,0.6875,3.2336,1.2126,7,4,SHRUNK,VENUE_OVERALL,away,thestatsapi,MEDIUM,PIT_SAFE
mt_013481284,COMP_NEUTRAL,B_DEF_total_shots_against_aa1684,total_shots_against,total_shots,AGAINST,FULL,UNCONDITIONED,TEAM_A,11.9846,11.9846,1.0,0.75,11.1566,0.828,7,4,SHRUNK,VENUE_OVERALL,away,thestatsapi,MEDIUM,PIT_SAFE
mt_013481284,COMP_NEUTRAL,B_DEF_shots_inside_box_against_65dde0,shots_inside_box_against,shots_inside_box,AGAINST,FULL,UNCONDITIONED,TEAM_A,8.3692,8.3692,0.2926,0.625,8.1118,0.2574,7,4,SHRUNK,VENUE_OVERALL,away,thestatsapi,MEDIUM,PIT_SAFE
mt_013481284,COMP_NEUTRAL,B_DEF_touches_in_box_against_9fea7d,touches_in_box_against,touches_in_box,AGAINST,FULL,UNCONDITIONED,TEAM_A,21.4154,21.4154,1.0,0.75,19.472,1.9434,7,4,SHRUNK,VENUE_OVERALL,away,thestatsapi,MEDIUM,PIT_SAFE
mt_013481284,COMP_NEUTRAL,B_DEF_corners_against_c69744,corners_against,corners,AGAINST,FULL,UNCONDITIONED,TEAM_A,5.1077,5.1077,0.5432,0.6875,3.8632,1.2445,7,4,SHRUNK,VENUE_OVERALL,away,thestatsapi,MEDIUM,PIT_SAFE
mt_013481284,COMP_NEUTRAL,B_DEF_blocked_shots_for_46580d,blocked_shots_for,blocked_shots,FOR,FULL,UNCONDITIONED,TEAM_A,2.1692,2.1692,0.0732,0.4375,2.0716,0.0976,7,4,SHRUNK,VENUE_OVERALL,away,thestatsapi,MEDIUM,PIT_SAFE
mt_013481284,COMP_NEUTRAL,B_DEF_clearances_for_2ff261,clearances_for,clearances,FOR,FULL,UNCONDITIONED,TEAM_A,17.7692,17.7692,0.4887,0.5625,13.837,3.9322,7,4,SHRUNK,VENUE_OVERALL,away,thestatsapi,MEDIUM,PIT_SAFE
mt_013481284,COMP_NEUTRAL,B_DEF_interceptions_for_4a5738,interceptions_for,interceptions,FOR,FULL,UNCONDITIONED,TEAM_A,9.2923,9.2923,1.0,0.75,8.4533,0.839,7,4,SHRUNK,VENUE_OVERALL,away,thestatsapi,MEDIUM,PIT_SAFE
mt_013481284,COMP_NEUTRAL,B_DIS_fouls_for_36081f,fouls_for,fouls,FOR,FULL,UNCONDITIONED,TEAM_A,14.3692,14.3692,1.0,0.75,13.2274,1.1418,7,4,SHRUNK,VENUE_OVERALL,away,thestatsapi,MEDIUM,PIT_SAFE
mt_013481284,COMP_NEUTRAL,B_DIS_tackles_for_8916f6,tackles_for,tackles,FOR,FULL,UNCONDITIONED,TEAM_A,16.6923,16.6923,-1.0,0.25,17.1461,-0.4538,7,4,SHRUNK,VENUE_OVERALL,away,thestatsapi,MEDIUM,PIT_SAFE
mt_013481284,COMP_NEUTRAL,B_DIS_yellow_cards_for_931afb,yellow_cards_for,yellow_cards,FOR,FULL,UNCONDITIONED,TEAM_A,3.3692,3.3692,1.0,0.75,3.1346,0.2346,7,4,SHRUNK,VENUE_OVERALL,away,thestatsapi,MEDIUM,PIT_SAFE
mt_013481284,COMP_NEUTRAL,B_DIS_fouls_against_6dea64,fouls_against,fouls,AGAINST,FULL,UNCONDITIONED,TEAM_A,15.7077,15.7077,1.0,0.75,13.7753,1.9324,7,4,SHRUNK,VENUE_OVERALL,away,thestatsapi,MEDIUM,PIT_SAFE
mt_013481284,COMP_NEUTRAL,ENV_corners_245e1a,league_corners_env,league_corners_env,NEUTRAL,FULL,UNCONDITIONED,,9.5767,9.5767,,0.5,9.5767,0.0,0,0,DIRECT,COMPETITION_PRIOR,,derived,HIGH,PIT_SAFE
mt_013481284,COMP_NEUTRAL,ENV_total_shots_4b0f7a,league_total_shots_env,league_total_shots_env,NEUTRAL,FULL,UNCONDITIONED,,24.7914,24.7914,,0.5,24.7914,0.0,0,0,DIRECT,COMPETITION_PRIOR,,derived,HIGH,PIT_SAFE
mt_013481284,COMP_NEUTRAL,ENV_fouls_51177d,league_fouls_env,league_fouls_env,NEUTRAL,FULL,UNCONDITIONED,,25.9755,25.9755,,0.5,25.9755,0.0,0,0,DIRECT,COMPETITION_PRIOR,,derived,HIGH,PIT_SAFE
mt_013481284,COMP_NEUTRAL,ENV_yellow_cards_383918,league_yellow_cards_env,league_yellow_cards_env,NEUTRAL,FULL,UNCONDITIONED,,4.8466,4.8466,,0.5,4.8466,0.0,0,0,DIRECT,COMPETITION_PRIOR,,derived,HIGH,PIT_SAFE
mt_013481284,COMP_NEUTRAL,A_FC_fc_crosses_for_c15b28,fc_crosses_for,crosses,FOR,FULL,TEAM_FORMATION_CONDITIONED,,6.9286,6.9286,0.7637,0.8125,4.628,2.3006,1,1,DIRECT,EXACT_FORMATION,home,derived_formation,LOW,PIT_SAFE
mt_013481284,COMP_NEUTRAL,A_FC_formation_delta_crosses_for_d3c3a2,formation_delta_crosses_for,crosses,FOR,FULL,TEAM_FORMATION_CONDITIONED,,-0.3214,-0.3214,-1.6431,0.1875,4.628,-4.9494,1,1,DERIVED,EXACT_FORMATION,home,derived_formation,LOW,PIT_SAFE
mt_013481284,COMP_NEUTRAL,A_FC_fc_corners_for_641cf6,fc_corners_for,corners,FOR,FULL,TEAM_FORMATION_CONDITIONED,,5.1786,5.1786,0.5401,0.5625,3.9495,1.2291,1,1,DIRECT,EXACT_FORMATION,home,derived_formation,LOW,PIT_SAFE
mt_013481284,COMP_NEUTRAL,A_FC_formation_delta_corners_for_209e7c,formation_delta_corners_for,corners,FOR,FULL,TEAM_FORMATION_CONDITIONED,,-0.1964,-0.1964,-1.8217,0.0625,3.9495,-4.1459,1,1,DERIVED,EXACT_FORMATION,home,derived_formation,LOW,PIT_SAFE
mt_013481284,COMP_NEUTRAL,A_FC_fc_corners_against_7e55ab,fc_corners_against,corners,AGAINST,FULL,TEAM_FORMATION_CONDITIONED,,5.0357,5.0357,0.5117,0.5625,3.8632,1.1725,1,1,DIRECT,EXACT_FORMATION,home,derived_formation,LOW,PIT_SAFE
mt_013481284,COMP_NEUTRAL,A_FC_formation_delta_corners_against_86c87c,formation_delta_corners_against,corners,AGAINST,FULL,TEAM_FORMATION_CONDITIONED,,0.1607,0.1607,-1.616,0.1875,3.8632,-3.7025,1,1,DERIVED,EXACT_FORMATION,home,derived_formation,LOW,PIT_SAFE
mt_013481284,COMP_NEUTRAL,A_FC_fc_touches_in_box_for_757314,fc_touches_in_box_for,touches_in_box,FOR,FULL,TEAM_FORMATION_CONDITIONED,,24.6429,24.6429,0.6028,0.6875,18.0596,6.5833,1,1,DIRECT,EXACT_FORMATION,home,derived_formation,LOW,PIT_SAFE
mt_013481284,COMP_NEUTRAL,A_FC_formation_delta_touches_in_box_for_143cae,formation_delta_touches_in_box_for,touches_in_box,FOR,FULL,TEAM_FORMATION_CONDITIONED,,-1.1071,-1.1071,-1.7549,0.0625,18.0596,-19.1667,1,1,DERIVED,EXACT_FORMATION,home,derived_formation,LOW,PIT_SAFE
mt_013481284,COMP_NEUTRAL,A_FC_fc_total_shots_for_959084,fc_total_shots_for,total_shots,FOR,FULL,TEAM_FORMATION_CONDITIONED,,14.6786,14.6786,1.0667,0.9167,8.0907,6.5878,1,1,DIRECT,EXACT_FORMATION,home,derived_formation,LOW,PIT_SAFE
mt_013481284,COMP_NEUTRAL,A_FC_formation_delta_total_shots_for_cec495,formation_delta_total_shots_for,total_shots,FOR,FULL,TEAM_FORMATION_CONDITIONED,,-0.4464,-0.4464,-1.3823,0.0833,8.0907,-8.5372,1,1,DERIVED,EXACT_FORMATION,home,derived_formation,LOW,PIT_SAFE
mt_013481284,COMP_NEUTRAL,A_FC_fc_possession_for_c926dd,fc_possession_for,possession,FOR,FULL,TEAM_FORMATION_CONDITIONED,,56.8571,56.8571,0.8092,0.9167,35.2923,21.5648,1,1,DIRECT,EXACT_FORMATION,home,derived_formation,LOW,PIT_SAFE
mt_013481284,COMP_NEUTRAL,A_FC_formation_delta_possession_for_24890e,formation_delta_possession_for,possession,FOR,FULL,TEAM_FORMATION_CONDITIONED,,-1.1429,-1.1429,-1.3672,0.25,35.2923,-36.4352,1,1,DERIVED,EXACT_FORMATION,home,derived_formation,LOW,PIT_SAFE
mt_013481284,COMP_NEUTRAL,A_FC_fc_crosses_against_a64939,fc_crosses_against,crosses,AGAINST,FULL,TEAM_FORMATION_CONDITIONED,,3.3214,3.3214,0.046,0.3125,3.2336,0.0878,1,1,DIRECT,EXACT_FORMATION,home,derived_formation,LOW,PIT_SAFE
mt_013481284,COMP_NEUTRAL,A_FC_formation_delta_crosses_against_4d768b,formation_delta_crosses_against,crosses,AGAINST,FULL,TEAM_FORMATION_CONDITIONED,,-0.0536,-0.0536,-1.7233,0.0625,3.2336,-3.2872,1,1,DERIVED,EXACT_FORMATION,home,derived_formation,LOW,PIT_SAFE
mt_013481284,COMP_NEUTRAL,A_FC_fc_clearances_for_1462e6,fc_clearances_for,clearances,FOR,FULL,TEAM_FORMATION_CONDITIONED,,15.0714,15.0714,0.1534,0.3125,13.837,1.2344,1,1,DIRECT,EXACT_FORMATION,home,derived_formation,LOW,PIT_SAFE
mt_013481284,COMP_NEUTRAL,A_FC_formation_delta_clearances_for_a7be2a,formation_delta_clearances_for,clearances,FOR,FULL,TEAM_FORMATION_CONDITIONED,,-0.6786,-0.6786,-1.8041,0.0625,13.837,-14.5156,1,1,DERIVED,EXACT_FORMATION,home,derived_formation,LOW,PIT_SAFE
mt_013481284,COMP_NEUTRAL,A_FC_fc_blocked_shots_for_f77a96,fc_blocked_shots_for,blocked_shots,FOR,FULL,TEAM_FORMATION_CONDITIONED,,3.4643,3.4643,1.0442,0.8125,2.0716,1.3927,1,1,DIRECT,EXACT_FORMATION,home,derived_formation,LOW,PIT_SAFE
mt_013481284,COMP_NEUTRAL,A_FC_formation_delta_blocked_shots_for_a40ec8,formation_delta_blocked_shots_for,blocked_shots,FOR,FULL,TEAM_FORMATION_CONDITIONED,,0.0893,0.0893,-1.4861,0.1875,2.0716,-1.9823,1,1,DERIVED,EXACT_FORMATION,home,derived_formation,LOW,PIT_SAFE
mt_013481284,COMP_NEUTRAL,A_FMX_fmx_crosses_for_6529f6,fmx_crosses_for,crosses,FOR,FULL,OPP_FORMATION_CONDITIONED,4-1-4-1,6.9335,6.9335,0.7653,0.9375,4.628,2.3055,8,5,HIERARCHICAL,VENUE_OVERALL,home,derived_formation,MEDIUM,PIT_SAFE
mt_013481284,COMP_NEUTRAL,A_FMX_fmx_crosses_against_f16e5c,fmx_crosses_against,crosses,AGAINST,FULL,OPP_FORMATION_CONDITIONED,4-1-4-1,4.2907,4.2907,0.5542,0.5625,3.2336,1.0571,8,5,HIERARCHICAL,VENUE_OVERALL,home,derived_formation,MEDIUM,PIT_SAFE
mt_013481284,COMP_NEUTRAL,A_FMX_fmx_corners_for_99a952,fmx_corners_for,corners,FOR,FULL,OPP_FORMATION_CONDITIONED,4-1-4-1,5.5706,5.5706,0.7123,0.9375,3.9495,1.6211,8,5,HIERARCHICAL,VENUE_OVERALL,home,derived_formation,MEDIUM,PIT_SAFE
mt_013481284,COMP_NEUTRAL,A_FMX_fmx_corners_against_2faf7f,fmx_corners_against,corners,AGAINST,FULL,OPP_FORMATION_CONDITIONED,4-1-4-1,5.4686,5.4686,0.7007,0.8125,3.8632,1.6054,8,5,HIERARCHICAL,VENUE_OVERALL,home,derived_formation,MEDIUM,PIT_SAFE
mt_013481284,COMP_NEUTRAL,A_FMX_fmx_touches_in_box_for_393182,fmx_touches_in_box_for,touches_in_box,FOR,FULL,OPP_FORMATION_CONDITIONED,4-1-4-1,26.4273,26.4273,0.7662,0.9375,18.0596,8.3677,8,5,HIERARCHICAL,VENUE_OVERALL,home,derived_formation,MEDIUM,PIT_SAFE
mt_013481284,COMP_NEUTRAL,A_FMX_fmx_clearances_for_8a8e2b,fmx_clearances_for,clearances,FOR,FULL,OPP_FORMATION_CONDITIONED,4-1-4-1,19.9509,19.9509,0.7599,0.8125,13.837,6.1139,8,5,HIERARCHICAL,VENUE_OVERALL,home,derived_formation,MEDIUM,PIT_SAFE
mt_013481284,COMP_NEUTRAL,A_FMX_fmx_blocked_shots_for_b9ebba,fmx_blocked_shots_for,blocked_shots,FOR,FULL,OPP_FORMATION_CONDITIONED,4-1-4-1,3.5053,3.5053,1.0749,0.9375,2.0716,1.4337,8,5,HIERARCHICAL,VENUE_OVERALL,home,derived_formation,MEDIUM,PIT_SAFE
mt_013481284,COMP_NEUTRAL,A_FMX_fmx_shots_inside_box_against_637c60,fmx_shots_inside_box_against,shots_inside_box,AGAINST,FULL,OPP_FORMATION_CONDITIONED,4-1-4-1,7.9438,7.9438,-0.1909,0.375,8.1118,-0.168,8,5,HIERARCHICAL,VENUE_OVERALL,home,derived_formation,MEDIUM,PIT_SAFE
mt_013481284,COMP_NEUTRAL,B_FC_fc_crosses_for_d9ece3,fc_crosses_for,crosses,FOR,FULL,TEAM_FORMATION_CONDITIONED,,5.1633,5.1633,0.1777,0.3125,4.628,0.5353,1,1,DIRECT,EXACT_FORMATION,away,derived_formation,LOW,PIT_SAFE
mt_013481284,COMP_NEUTRAL,B_FC_formation_delta_crosses_for_cbd0d2,formation_delta_crosses_for,crosses,FOR,FULL,TEAM_FORMATION_CONDITIONED,,-0.6939,-0.6939,-1.7667,0.0625,4.628,-5.3219,1,1,DERIVED,EXACT_FORMATION,away,derived_formation,LOW,PIT_SAFE
mt_013481284,COMP_NEUTRAL,B_FC_fc_corners_for_3abc3b,fc_corners_for,corners,FOR,FULL,TEAM_FORMATION_CONDITIONED,,5.4082,5.4082,0.641,0.6875,3.9495,1.4587,1,1,DIRECT,EXACT_FORMATION,away,derived_formation,LOW,PIT_SAFE
mt_013481284,COMP_NEUTRAL,B_FC_formation_delta_corners_for_8455fd,formation_delta_corners_for,corners,FOR,FULL,TEAM_FORMATION_CONDITIONED,,0.2653,0.2653,-1.6189,0.1875,3.9495,-3.6842,1,1,DERIVED,EXACT_FORMATION,away,derived_formation,LOW,PIT_SAFE
mt_013481284,COMP_NEUTRAL,B_FC_fc_corners_against_df12b5,fc_corners_against,corners,AGAINST,FULL,TEAM_FORMATION_CONDITIONED,,4.8367,4.8367,0.4249,0.3125,3.8632,0.9735,1,1,DIRECT,EXACT_FORMATION,away,derived_formation,LOW,PIT_SAFE
mt_013481284,COMP_NEUTRAL,B_FC_formation_delta_corners_against_e5af7b,formation_delta_corners_against,corners,AGAINST,FULL,TEAM_FORMATION_CONDITIONED,,-0.3061,-0.3061,-1.8197,0.0625,3.8632,-4.1693,1,1,DERIVED,EXACT_FORMATION,away,derived_formation,LOW,PIT_SAFE
mt_013481284,COMP_NEUTRAL,B_FC_fc_touches_in_box_for_6aa609,fc_touches_in_box_for,touches_in_box,FOR,FULL,TEAM_FORMATION_CONDITIONED,,22.0816,22.0816,0.3683,0.3125,18.0596,4.022,1,1,DIRECT,EXACT_FORMATION,away,derived_formation,LOW,PIT_SAFE
mt_013481284,COMP_NEUTRAL,B_FC_formation_delta_touches_in_box_for_0768a6,formation_delta_touches_in_box_for,touches_in_box,FOR,FULL,TEAM_FORMATION_CONDITIONED,,-0.3469,-0.3469,-1.6853,0.1875,18.0596,-18.4065,1,1,DERIVED,EXACT_FORMATION,away,derived_formation,LOW,PIT_SAFE
mt_013481284,COMP_NEUTRAL,B_FC_fc_total_shots_for_e72cbe,fc_total_shots_for,total_shots,FOR,FULL,TEAM_FORMATION_CONDITIONED,,9.7347,9.7347,0.2662,0.4167,8.0907,1.644,1,1,DIRECT,EXACT_FORMATION,away,derived_formation,LOW,PIT_SAFE
mt_013481284,COMP_NEUTRAL,B_FC_formation_delta_total_shots_for_44a0fb,formation_delta_total_shots_for,total_shots,FOR,FULL,TEAM_FORMATION_CONDITIONED,,-0.1224,-0.1224,-1.3299,0.25,8.0907,-8.2132,1,1,DERIVED,EXACT_FORMATION,away,derived_formation,LOW,PIT_SAFE
mt_013481284,COMP_NEUTRAL,B_FC_fc_possession_for_5844e8,fc_possession_for,possession,FOR,FULL,TEAM_FORMATION_CONDITIONED,,50.3265,50.3265,0.5641,0.4167,35.2923,15.0342,1,1,DIRECT,EXACT_FORMATION,away,derived_formation,LOW,PIT_SAFE
mt_013481284,COMP_NEUTRAL,B_FC_formation_delta_possession_for_b1527a,formation_delta_possession_for,possession,FOR,FULL,TEAM_FORMATION_CONDITIONED,,-3.3878,-3.3878,-1.4514,0.0833,35.2923,-38.6801,1,1,DERIVED,EXACT_FORMATION,away,derived_formation,LOW,PIT_SAFE
mt_013481284,COMP_NEUTRAL,B_FC_fc_crosses_against_03c315,fc_crosses_against,crosses,AGAINST,FULL,TEAM_FORMATION_CONDITIONED,,4.898,4.898,0.8726,0.8125,3.2336,1.6644,1,1,DIRECT,EXACT_FORMATION,away,derived_formation,LOW,PIT_SAFE
mt_013481284,COMP_NEUTRAL,B_FC_formation_delta_crosses_against_b4de45,formation_delta_crosses_against,crosses,AGAINST,FULL,TEAM_FORMATION_CONDITIONED,,0.1837,0.1837,-1.5989,0.1875,3.2336,-3.0499,1,1,DERIVED,EXACT_FORMATION,away,derived_formation,LOW,PIT_SAFE
mt_013481284,COMP_NEUTRAL,B_FC_fc_clearances_for_e01bfd,fc_clearances_for,clearances,FOR,FULL,TEAM_FORMATION_CONDITIONED,,19.2653,19.2653,0.6747,0.6875,13.837,5.4283,1,1,DIRECT,EXACT_FORMATION,away,derived_formation,LOW,PIT_SAFE
mt_013481284,COMP_NEUTRAL,B_FC_formation_delta_clearances_for_567358,formation_delta_clearances_for,clearances,FOR,FULL,TEAM_FORMATION_CONDITIONED,,1.1224,1.1224,-1.5802,0.1875,13.837,-12.7146,1,1,DERIVED,EXACT_FORMATION,away,derived_formation,LOW,PIT_SAFE
mt_013481284,COMP_NEUTRAL,B_FC_fc_blocked_shots_for_9b984b,fc_blocked_shots_for,blocked_shots,FOR,FULL,TEAM_FORMATION_CONDITIONED,,1.7347,1.7347,-0.2525,0.3125,2.0716,-0.3369,1,1,DIRECT,EXACT_FORMATION,away,derived_formation,LOW,PIT_SAFE
mt_013481284,COMP_NEUTRAL,B_FC_formation_delta_blocked_shots_for_fa2d0b,formation_delta_blocked_shots_for,blocked_shots,FOR,FULL,TEAM_FORMATION_CONDITIONED,,-0.1224,-0.1224,-1.6448,0.0625,2.0716,-2.194,1,1,DERIVED,EXACT_FORMATION,away,derived_formation,LOW,PIT_SAFE
mt_013481284,COMP_NEUTRAL,B_FMX_fmx_crosses_for_f4ca05,fmx_crosses_for,crosses,FOR,FULL,OPP_FORMATION_CONDITIONED,3-4-3,6.4229,6.4229,0.5958,0.5625,4.628,1.7949,7,4,HIERARCHICAL,VENUE_OVERALL,away,derived_formation,MEDIUM,PIT_SAFE
mt_013481284,COMP_NEUTRAL,B_FMX_fmx_crosses_against_c70fc1,fmx_crosses_against,crosses,AGAINST,FULL,OPP_FORMATION_CONDITIONED,3-4-3,5.0822,5.0822,0.9691,0.9375,3.2336,1.8486,7,4,HIERARCHICAL,VENUE_OVERALL,away,derived_formation,MEDIUM,PIT_SAFE
mt_013481284,COMP_NEUTRAL,B_FMX_fmx_corners_for_9dd110,fmx_corners_for,corners,FOR,FULL,OPP_FORMATION_CONDITIONED,3-4-3,5.5486,5.5486,0.7027,0.8125,3.9495,1.5991,7,4,HIERARCHICAL,VENUE_OVERALL,away,derived_formation,MEDIUM,PIT_SAFE
mt_013481284,COMP_NEUTRAL,B_FMX_fmx_corners_against_596779,fmx_corners_against,corners,AGAINST,FULL,OPP_FORMATION_CONDITIONED,3-4-3,5.7024,5.7024,0.8027,0.9375,3.8632,1.8392,7,4,HIERARCHICAL,VENUE_OVERALL,away,derived_formation,MEDIUM,PIT_SAFE
mt_013481284,COMP_NEUTRAL,B_FMX_fmx_touches_in_box_for_b836dc,fmx_touches_in_box_for,touches_in_box,FOR,FULL,OPP_FORMATION_CONDITIONED,3-4-3,25.7019,25.7019,0.6997,0.8125,18.0596,7.6423,7,4,HIERARCHICAL,VENUE_OVERALL,away,derived_formation,MEDIUM,PIT_SAFE
mt_013481284,COMP_NEUTRAL,B_FMX_fmx_clearances_for_d21ea3,fmx_clearances_for,clearances,FOR,FULL,OPP_FORMATION_CONDITIONED,3-4-3,20.8812,20.8812,0.8755,0.9375,13.837,7.0442,7,4,HIERARCHICAL,VENUE_OVERALL,away,derived_formation,MEDIUM,PIT_SAFE
mt_013481284,COMP_NEUTRAL,B_FMX_fmx_blocked_shots_for_a33ba5,fmx_blocked_shots_for,blocked_shots,FOR,FULL,OPP_FORMATION_CONDITIONED,3-4-3,2.632,2.632,0.4202,0.5625,2.0716,0.5604,7,4,HIERARCHICAL,VENUE_OVERALL,away,derived_formation,MEDIUM,PIT_SAFE
mt_013481284,COMP_NEUTRAL,B_FMX_fmx_shots_inside_box_against_4113d8,fmx_shots_inside_box_against,shots_inside_box,AGAINST,FULL,OPP_FORMATION_CONDITIONED,3-4-3,9.2912,9.2912,1.3407,0.875,8.1118,1.1794,7,4,HIERARCHICAL,VENUE_OVERALL,away,derived_formation,MEDIUM,PIT_SAFE
mt_830976530,COMP_NEUTRAL,A_ATK_crosses_for_8d1813,crosses_for,crosses,FOR,FULL,UNCONDITIONED,TEAM_B,2.9231,2.9231,-0.1632,0.4375,3.2917,-0.3686,7,4,SHRUNK,VENUE_OVERALL,home,thestatsapi,MEDIUM,PIT_SAFE
mt_830976530,COMP_NEUTRAL,A_ATK_total_shots_for_d80b68,total_shots_for,total_shots,FOR,FULL,UNCONDITIONED,TEAM_B,11.1538,11.1538,0.8593,0.9167,6.9274,4.2264,7,4,SHRUNK,VENUE_OVERALL,home,thestatsapi,MEDIUM,PIT_SAFE
mt_830976530,COMP_NEUTRAL,A_ATK_shots_on_target_for_ddad31,shots_on_target_for,shots_on_target,FOR,FULL,UNCONDITIONED,TEAM_B,4.4308,4.4308,1.0,0.75,4.2939,0.1368,7,4,SHRUNK,VENUE_OVERALL,home,thestatsapi,MEDIUM,PIT_SAFE
mt_830976530,COMP_NEUTRAL,A_ATK_shots_inside_box_for_8d9eb6,shots_inside_box_for,shots_inside_box,FOR,FULL,UNCONDITIONED,TEAM_B,7.6615,7.6615,-1.0,0.25,7.745,-0.0835,7,4,SHRUNK,VENUE_OVERALL,home,thestatsapi,MEDIUM,PIT_SAFE
mt_830976530,COMP_NEUTRAL,A_ATK_touches_in_box_for_7874e1,touches_in_box_for,touches_in_box,FOR,FULL,UNCONDITIONED,TEAM_B,26.1385,26.1385,0.6768,0.8125,18.6998,7.4387,7,4,SHRUNK,VENUE_OVERALL,home,thestatsapi,MEDIUM,PIT_SAFE
mt_830976530,COMP_NEUTRAL,A_ATK_corners_for_80eb55,corners_for,corners,FOR,FULL,UNCONDITIONED,TEAM_B,4.0923,4.0923,0.3447,0.4375,3.404,0.6883,7,4,SHRUNK,VENUE_OVERALL,home,thestatsapi,MEDIUM,PIT_SAFE
mt_830976530,COMP_NEUTRAL,A_ATK_possession_for_9ee28c,possession_for,possession,FOR,FULL,UNCONDITIONED,TEAM_B,56.0154,56.0154,1.0303,0.9167,31.8228,24.1926,7,4,SHRUNK,VENUE_OVERALL,home,thestatsapi,MEDIUM,PIT_SAFE
mt_830976530,COMP_NEUTRAL,A_ATK_throw_ins_for_a737ed,throw_ins_for,throw_ins,FOR,FULL,UNCONDITIONED,TEAM_B,16.7231,16.7231,-1.0,0.25,19.7571,-3.0341,7,4,SHRUNK,VENUE_OVERALL,home,thestatsapi,MEDIUM,PIT_SAFE
mt_830976530,COMP_NEUTRAL,A_ATK_final_third_entries_for_13c62d,final_third_entries_for,final_third_entries,FOR,FULL,UNCONDITIONED,TEAM_B,55.0769,55.0769,-1.0,0.25,55.1813,-0.1044,7,4,SHRUNK,VENUE_OVERALL,home,thestatsapi,MEDIUM,PIT_SAFE
mt_830976530,COMP_NEUTRAL,A_DEF_crosses_against_62b2f3,crosses_against,crosses,AGAINST,FULL,UNCONDITIONED,TEAM_B,3.4923,3.4923,0.0261,0.3125,3.4368,0.0555,7,4,SHRUNK,VENUE_OVERALL,home,thestatsapi,MEDIUM,PIT_SAFE
mt_830976530,COMP_NEUTRAL,A_DEF_total_shots_against_1b8f59,total_shots_against,total_shots,AGAINST,FULL,UNCONDITIONED,TEAM_B,9.2769,9.2769,-1.0,0.25,10.7241,-1.4473,7,4,SHRUNK,VENUE_OVERALL,home,thestatsapi,MEDIUM,PIT_SAFE
mt_830976530,COMP_NEUTRAL,A_DEF_shots_inside_box_against_6ae6d9,shots_inside_box_against,shots_inside_box,AGAINST,FULL,UNCONDITIONED,TEAM_B,7.0308,7.0308,-1.4285,0.125,8.5114,-1.4806,7,4,SHRUNK,VENUE_OVERALL,home,thestatsapi,MEDIUM,PIT_SAFE
mt_830976530,COMP_NEUTRAL,A_DEF_touches_in_box_against_87ed3e,touches_in_box_against,touches_in_box,AGAINST,FULL,UNCONDITIONED,TEAM_B,19.6,19.6,-1.0,0.25,21.7396,-2.1395,7,4,SHRUNK,VENUE_OVERALL,home,thestatsapi,MEDIUM,PIT_SAFE
mt_830976530,COMP_NEUTRAL,A_DEF_corners_against_f5bcd2,corners_against,corners,AGAINST,FULL,UNCONDITIONED,TEAM_B,3.9231,3.9231,0.0573,0.4375,3.7889,0.1342,7,4,SHRUNK,VENUE_OVERALL,home,thestatsapi,MEDIUM,PIT_SAFE
mt_830976530,COMP_NEUTRAL,A_DEF_blocked_shots_for_20370e,blocked_shots_for,blocked_shots,FOR,FULL,UNCONDITIONED,TEAM_B,2.4615,2.4615,0.4287,0.5625,1.9574,0.5041,7,4,SHRUNK,VENUE_OVERALL,home,thestatsapi,MEDIUM,PIT_SAFE
mt_830976530,COMP_NEUTRAL,A_DEF_clearances_for_eac015,clearances_for,clearances,FOR,FULL,UNCONDITIONED,TEAM_B,15.3692,15.3692,-0.0238,0.4375,15.6041,-0.2349,7,4,SHRUNK,VENUE_OVERALL,home,thestatsapi,MEDIUM,PIT_SAFE
mt_830976530,COMP_NEUTRAL,A_DEF_interceptions_for_c5a4f2,interceptions_for,interceptions,FOR,FULL,UNCONDITIONED,TEAM_B,8.1538,8.1538,1.0,0.75,7.6098,0.544,7,4,SHRUNK,VENUE_OVERALL,home,thestatsapi,MEDIUM,PIT_SAFE
mt_830976530,COMP_NEUTRAL,A_DIS_fouls_for_984d35,fouls_for,fouls,FOR,FULL,UNCONDITIONED,TEAM_B,12.9077,12.9077,1.0,0.75,12.3039,0.6038,7,4,SHRUNK,VENUE_OVERALL,home,thestatsapi,MEDIUM,PIT_SAFE
mt_830976530,COMP_NEUTRAL,A_DIS_tackles_for_a47f32,tackles_for,tackles,FOR,FULL,UNCONDITIONED,TEAM_B,17.1385,17.1385,-1.0,0.25,18.1335,-0.995,7,4,SHRUNK,VENUE_OVERALL,home,thestatsapi,MEDIUM,PIT_SAFE
mt_830976530,COMP_NEUTRAL,A_DIS_yellow_cards_for_968d17,yellow_cards_for,yellow_cards,FOR,FULL,UNCONDITIONED,TEAM_B,2.4615,2.4615,1.0,0.75,2.3791,0.0824,7,4,SHRUNK,VENUE_OVERALL,home,thestatsapi,MEDIUM,PIT_SAFE
mt_830976530,COMP_NEUTRAL,A_DIS_fouls_against_ff71ec,fouls_against,fouls,AGAINST,FULL,UNCONDITIONED,TEAM_B,12.4462,12.4462,1.0,0.75,11.5945,0.8516,7,4,SHRUNK,VENUE_OVERALL,home,thestatsapi,MEDIUM,PIT_SAFE
mt_830976530,COMP_NEUTRAL,B_ATK_crosses_for_c0fb03,crosses_for,crosses,FOR,FULL,UNCONDITIONED,TEAM_A,5.7033,5.7033,1.0677,0.8125,3.2917,2.4116,7,4,SHRUNK,VENUE_OVERALL,away,thestatsapi,MEDIUM,PIT_SAFE
mt_830976530,COMP_NEUTRAL,B_ATK_total_shots_for_9cdb05,total_shots_for,total_shots,FOR,FULL,UNCONDITIONED,TEAM_A,10.3571,10.3571,0.6973,0.5833,6.9274,3.4297,8,5,SHRUNK,VENUE_OVERALL,away,thestatsapi,MEDIUM,PIT_SAFE
mt_830976530,COMP_NEUTRAL,B_ATK_shots_on_target_for_1ce4b0,shots_on_target_for,shots_on_target,FOR,FULL,UNCONDITIONED,TEAM_A,4.1571,4.1571,-1.0,0.25,4.2939,-0.1368,8,5,SHRUNK,VENUE_OVERALL,away,thestatsapi,MEDIUM,PIT_SAFE
mt_830976530,COMP_NEUTRAL,B_ATK_shots_inside_box_for_82ead0,shots_inside_box_for,shots_inside_box,FOR,FULL,UNCONDITIONED,TEAM_A,7.8286,7.8286,1.0,0.75,7.745,0.0835,8,5,SHRUNK,VENUE_OVERALL,away,thestatsapi,MEDIUM,PIT_SAFE
mt_830976530,COMP_NEUTRAL,B_ATK_touches_in_box_for_9b921d,touches_in_box_for,touches_in_box,FOR,FULL,UNCONDITIONED,TEAM_A,22.5165,22.5165,0.3473,0.4375,18.6998,3.8167,7,4,SHRUNK,VENUE_OVERALL,away,thestatsapi,MEDIUM,PIT_SAFE
mt_830976530,COMP_NEUTRAL,B_ATK_corners_for_08c472,corners_for,corners,FOR,FULL,UNCONDITIONED,TEAM_A,4.6857,4.6857,0.6419,0.6875,3.404,1.2817,8,5,SHRUNK,VENUE_OVERALL,away,thestatsapi,MEDIUM,PIT_SAFE
mt_830976530,COMP_NEUTRAL,B_ATK_possession_for_5c14a8,possession_for,possession,FOR,FULL,UNCONDITIONED,TEAM_A,40.3143,40.3143,0.3616,0.5833,31.8228,8.4915,8,5,SHRUNK,VENUE_OVERALL,away,thestatsapi,MEDIUM,PIT_SAFE
mt_830976530,COMP_NEUTRAL,B_ATK_throw_ins_for_bc92f7,throw_ins_for,throw_ins,FOR,FULL,UNCONDITIONED,TEAM_A,22.7912,22.7912,1.0,0.75,19.7571,3.0341,7,4,SHRUNK,VENUE_OVERALL,away,thestatsapi,MEDIUM,PIT_SAFE
mt_830976530,COMP_NEUTRAL,B_ATK_final_third_entries_for_bba7f7,final_third_entries_for,final_third_entries,FOR,FULL,UNCONDITIONED,TEAM_A,55.2857,55.2857,1.0,0.75,55.1813,0.1044,7,4,SHRUNK,VENUE_OVERALL,away,thestatsapi,MEDIUM,PIT_SAFE
mt_830976530,COMP_NEUTRAL,B_DEF_crosses_against_64dd39,crosses_against,crosses,AGAINST,FULL,UNCONDITIONED,TEAM_A,5.2308,5.2308,0.8431,0.6875,3.4368,1.794,7,4,SHRUNK,VENUE_OVERALL,away,thestatsapi,MEDIUM,PIT_SAFE
mt_830976530,COMP_NEUTRAL,B_DEF_total_shots_against_6e4f79,total_shots_against,total_shots,AGAINST,FULL,UNCONDITIONED,TEAM_A,12.1714,12.1714,1.0,0.75,10.7241,1.4473,8,5,SHRUNK,VENUE_OVERALL,away,thestatsapi,MEDIUM,PIT_SAFE
mt_830976530,COMP_NEUTRAL,B_DEF_shots_inside_box_against_66cc91,shots_inside_box_against,shots_inside_box,AGAINST,FULL,UNCONDITIONED,TEAM_A,8.8429,8.8429,0.3199,0.625,8.5114,0.3316,8,5,SHRUNK,VENUE_OVERALL,away,thestatsapi,MEDIUM,PIT_SAFE
mt_830976530,COMP_NEUTRAL,B_DEF_touches_in_box_against_693970,touches_in_box_against,touches_in_box,AGAINST,FULL,UNCONDITIONED,TEAM_A,23.8791,23.8791,1.0,0.75,21.7396,2.1395,7,4,SHRUNK,VENUE_OVERALL,away,thestatsapi,MEDIUM,PIT_SAFE
mt_830976530,COMP_NEUTRAL,B_DEF_corners_against_5104bc,corners_against,corners,AGAINST,FULL,UNCONDITIONED,TEAM_A,5.8143,5.8143,0.8652,0.6875,3.7889,2.0254,8,5,SHRUNK,VENUE_OVERALL,away,thestatsapi,MEDIUM,PIT_SAFE
mt_830976530,COMP_NEUTRAL,B_DEF_blocked_shots_for_38f487,blocked_shots_for,blocked_shots,FOR,FULL,UNCONDITIONED,TEAM_A,2.7857,2.7857,0.7044,0.6875,1.9574,0.8283,8,5,SHRUNK,VENUE_OVERALL,away,thestatsapi,MEDIUM,PIT_SAFE
mt_830976530,COMP_NEUTRAL,B_DEF_clearances_for_a4ef15,clearances_for,clearances,FOR,FULL,UNCONDITIONED,TEAM_A,24.5495,24.5495,0.9051,0.6875,15.6041,8.9454,7,4,SHRUNK,VENUE_OVERALL,away,thestatsapi,MEDIUM,PIT_SAFE
mt_830976530,COMP_NEUTRAL,B_DEF_interceptions_for_acca43,interceptions_for,interceptions,FOR,FULL,UNCONDITIONED,TEAM_A,7.0659,7.0659,-1.0,0.25,7.6098,-0.5439,7,4,SHRUNK,VENUE_OVERALL,away,thestatsapi,MEDIUM,PIT_SAFE
mt_830976530,COMP_NEUTRAL,B_DIS_fouls_for_887a44,fouls_for,fouls,FOR,FULL,UNCONDITIONED,TEAM_A,11.7,11.7,-1.0,0.25,12.3039,-0.6039,8,5,SHRUNK,VENUE_OVERALL,away,thestatsapi,MEDIUM,PIT_SAFE
mt_830976530,COMP_NEUTRAL,B_DIS_tackles_for_b2a719,tackles_for,tackles,FOR,FULL,UNCONDITIONED,TEAM_A,19.1286,19.1286,1.0,0.75,18.1335,0.995,8,5,SHRUNK,VENUE_OVERALL,away,thestatsapi,MEDIUM,PIT_SAFE
mt_830976530,COMP_NEUTRAL,B_DIS_yellow_cards_for_9fdbbb,yellow_cards_for,yellow_cards,FOR,FULL,UNCONDITIONED,TEAM_A,2.2967,2.2967,-1.0,0.25,2.3791,-0.0824,7,4,SHRUNK,VENUE_OVERALL,away,thestatsapi,MEDIUM,PIT_SAFE
mt_830976530,COMP_NEUTRAL,B_DIS_fouls_against_56c2b1,fouls_against,fouls,AGAINST,FULL,UNCONDITIONED,TEAM_A,10.7429,10.7429,-1.0,0.25,11.5945,-0.8516,8,5,SHRUNK,VENUE_OVERALL,away,thestatsapi,MEDIUM,PIT_SAFE
mt_830976530,COMP_NEUTRAL,ENV_corners_a02f1c,league_corners_env,league_corners_env,NEUTRAL,FULL,UNCONDITIONED,,9.1765,9.1765,,0.5,9.1765,0.0,0,0,DIRECT,COMPETITION_PRIOR,,derived,HIGH,PIT_SAFE
mt_830976530,COMP_NEUTRAL,ENV_total_shots_c7e65c,league_total_shots_env,league_total_shots_env,NEUTRAL,FULL,UNCONDITIONED,,24.5368,24.5368,,0.5,24.5368,0.0,0,0,DIRECT,COMPETITION_PRIOR,,derived,HIGH,PIT_SAFE
mt_830976530,COMP_NEUTRAL,ENV_fouls_e03325,league_fouls_env,league_fouls_env,NEUTRAL,FULL,UNCONDITIONED,,24.7868,24.7868,,0.5,24.7868,0.0,0,0,DIRECT,COMPETITION_PRIOR,,derived,HIGH,PIT_SAFE
mt_830976530,COMP_NEUTRAL,ENV_yellow_cards_74159c,league_yellow_cards_env,league_yellow_cards_env,NEUTRAL,FULL,UNCONDITIONED,,4.25,4.25,,0.5,4.25,0.0,0,0,DIRECT,COMPETITION_PRIOR,,derived,HIGH,PIT_SAFE
mt_830976530,COMP_NEUTRAL,A_FC_fc_crosses_for_f9ad24,fc_crosses_for,crosses,FOR,FULL,TEAM_FORMATION_CONDITIONED,,2.5714,2.5714,-0.3189,0.3125,3.2917,-0.7203,0,0,SHRUNK,TEAM_BASELINE,home,derived_formation,LOW,PIT_SAFE
mt_830976530,COMP_NEUTRAL,A_FC_formation_delta_crosses_for_3512ea,formation_delta_crosses_for,crosses,FOR,FULL,TEAM_FORMATION_CONDITIONED,,0.0,0.0,-1.4574,0.125,3.2917,-3.2917,0,0,DERIVED,TEAM_BASELINE,home,derived_formation,LOW,PIT_SAFE
mt_830976530,COMP_NEUTRAL,A_FC_fc_corners_for_e6bf34,fc_corners_for,corners,FOR,FULL,TEAM_FORMATION_CONDITIONED,,4.0,4.0,0.2985,0.3125,3.404,0.596,0,0,SHRUNK,TEAM_BASELINE,home,derived_formation,LOW,PIT_SAFE
mt_830976530,COMP_NEUTRAL,A_FC_formation_delta_corners_for_d964f1,formation_delta_corners_for,corners,FOR,FULL,TEAM_FORMATION_CONDITIONED,,0.0,0.0,-1.7047,0.125,3.404,-3.404,0,0,DERIVED,TEAM_BASELINE,home,derived_formation,LOW,PIT_SAFE
mt_830976530,COMP_NEUTRAL,A_FC_fc_corners_against_a0aa65,fc_corners_against,corners,AGAINST,FULL,TEAM_FORMATION_CONDITIONED,,3.8571,3.8571,0.0291,0.3125,3.7889,0.0682,0,0,SHRUNK,TEAM_BASELINE,home,derived_formation,LOW,PIT_SAFE
mt_830976530,COMP_NEUTRAL,A_FC_formation_delta_corners_against_d60957,formation_delta_corners_against,corners,AGAINST,FULL,TEAM_FORMATION_CONDITIONED,,0.0,0.0,-1.6185,0.125,3.7889,-3.7889,0,0,DERIVED,TEAM_BASELINE,home,derived_formation,LOW,PIT_SAFE
mt_830976530,COMP_NEUTRAL,A_FC_fc_touches_in_box_for_60bf5c,fc_touches_in_box_for,touches_in_box,FOR,FULL,TEAM_FORMATION_CONDITIONED,,25.2857,25.2857,0.5992,0.5625,18.6998,6.5859,0,0,SHRUNK,TEAM_BASELINE,home,derived_formation,LOW,PIT_SAFE
mt_830976530,COMP_NEUTRAL,A_FC_formation_delta_touches_in_box_for_d1cbe9,formation_delta_touches_in_box_for,touches_in_box,FOR,FULL,TEAM_FORMATION_CONDITIONED,,0.0,0.0,-1.7015,0.125,18.6998,-18.6998,0,0,DERIVED,TEAM_BASELINE,home,derived_formation,LOW,PIT_SAFE
mt_830976530,COMP_NEUTRAL,A_FC_fc_total_shots_for_8dd152,fc_total_shots_for,total_shots,FOR,FULL,TEAM_FORMATION_CONDITIONED,,10.4286,10.4286,0.7119,0.75,6.9274,3.5012,0,0,SHRUNK,TEAM_BASELINE,home,derived_formation,LOW,PIT_SAFE
mt_830976530,COMP_NEUTRAL,A_FC_formation_delta_total_shots_for_d67d42,formation_delta_total_shots_for,total_shots,FOR,FULL,TEAM_FORMATION_CONDITIONED,,0.0,0.0,-1.4085,0.1667,6.9274,-6.9274,0,0,DERIVED,TEAM_BASELINE,home,derived_formation,LOW,PIT_SAFE
mt_830976530,COMP_NEUTRAL,A_FC_fc_possession_for_190e99,fc_possession_for,possession,FOR,FULL,TEAM_FORMATION_CONDITIONED,,55.8571,55.8571,1.0235,0.75,31.8228,24.0343,0,0,SHRUNK,TEAM_BASELINE,home,derived_formation,LOW,PIT_SAFE
mt_830976530,COMP_NEUTRAL,A_FC_formation_delta_possession_for_4cfd68,formation_delta_possession_for,possession,FOR,FULL,TEAM_FORMATION_CONDITIONED,,0.0,0.0,-1.3552,0.1667,31.8228,-31.8228,0,0,DERIVED,TEAM_BASELINE,home,derived_formation,LOW,PIT_SAFE
mt_830976530,COMP_NEUTRAL,A_FC_fc_crosses_against_0765d0,fc_crosses_against,crosses,AGAINST,FULL,TEAM_FORMATION_CONDITIONED,,3.5714,3.5714,0.0633,0.4375,3.4368,0.1346,0,0,SHRUNK,TEAM_BASELINE,home,derived_formation,LOW,PIT_SAFE
mt_830976530,COMP_NEUTRAL,A_FC_formation_delta_crosses_against_a0beeb,formation_delta_crosses_against,crosses,AGAINST,FULL,TEAM_FORMATION_CONDITIONED,,0.0,0.0,-1.6151,0.125,3.4368,-3.4368,0,0,DERIVED,TEAM_BASELINE,home,derived_formation,LOW,PIT_SAFE
mt_830976530,COMP_NEUTRAL,A_FC_fc_clearances_for_aa7fb9,fc_clearances_for,clearances,FOR,FULL,TEAM_FORMATION_CONDITIONED,,15.0,15.0,-0.0611,0.3125,15.6041,-0.6041,0,0,SHRUNK,TEAM_BASELINE,home,derived_formation,LOW,PIT_SAFE
mt_830976530,COMP_NEUTRAL,A_FC_formation_delta_clearances_for_36e081,formation_delta_clearances_for,clearances,FOR,FULL,TEAM_FORMATION_CONDITIONED,,0.0,0.0,-1.5787,0.125,15.6041,-15.6041,0,0,DERIVED,TEAM_BASELINE,home,derived_formation,LOW,PIT_SAFE
mt_830976530,COMP_NEUTRAL,A_FC_fc_blocked_shots_for_3b8117,fc_blocked_shots_for,blocked_shots,FOR,FULL,TEAM_FORMATION_CONDITIONED,,2.0,2.0,0.0363,0.3125,1.9574,0.0426,0,0,SHRUNK,TEAM_BASELINE,home,derived_formation,LOW,PIT_SAFE
mt_830976530,COMP_NEUTRAL,A_FC_formation_delta_blocked_shots_for_841080,formation_delta_blocked_shots_for,blocked_shots,FOR,FULL,TEAM_FORMATION_CONDITIONED,,0.0,0.0,-1.6645,0.125,1.9574,-1.9574,0,0,DERIVED,TEAM_BASELINE,home,derived_formation,LOW,PIT_SAFE
mt_830976530,COMP_NEUTRAL,A_FMX_fmx_crosses_for_ccbb06,fmx_crosses_for,crosses,FOR,FULL,OPP_FORMATION_CONDITIONED,4-2-3-1,3.5512,3.5512,0.1149,0.5625,3.2917,0.2595,7,4,HIERARCHICAL,VENUE_OVERALL,home,derived_formation,MEDIUM,PIT_SAFE
mt_830976530,COMP_NEUTRAL,A_FMX_fmx_crosses_against_f9d90b,fmx_crosses_against,crosses,AGAINST,FULL,OPP_FORMATION_CONDITIONED,4-2-3-1,4.1116,4.1116,0.3171,0.5625,3.4368,0.6748,7,4,HIERARCHICAL,VENUE_OVERALL,home,derived_formation,MEDIUM,PIT_SAFE
mt_830976530,COMP_NEUTRAL,A_FMX_fmx_corners_for_8ac96d,fmx_corners_for,corners,FOR,FULL,OPP_FORMATION_CONDITIONED,4-2-3-1,4.7485,4.7485,0.6733,0.8125,3.404,1.3445,7,4,HIERARCHICAL,VENUE_OVERALL,home,derived_formation,MEDIUM,PIT_SAFE
mt_830976530,COMP_NEUTRAL,A_FMX_fmx_corners_against_8f9dfb,fmx_corners_against,corners,AGAINST,FULL,OPP_FORMATION_CONDITIONED,4-2-3-1,4.6057,4.6057,0.3489,0.5625,3.7889,0.8168,7,4,HIERARCHICAL,VENUE_OVERALL,home,derived_formation,MEDIUM,PIT_SAFE
mt_830976530,COMP_NEUTRAL,A_FMX_fmx_touches_in_box_for_d7d390,fmx_touches_in_box_for,touches_in_box,FOR,FULL,OPP_FORMATION_CONDITIONED,4-2-3-1,28.6313,28.6313,0.9037,0.9375,18.6998,9.9315,7,4,HIERARCHICAL,VENUE_OVERALL,home,derived_formation,MEDIUM,PIT_SAFE
mt_830976530,COMP_NEUTRAL,A_FMX_fmx_clearances_for_12931c,fmx_clearances_for,clearances,FOR,FULL,OPP_FORMATION_CONDITIONED,4-2-3-1,18.5233,18.5233,0.2954,0.5625,15.6041,2.9192,7,4,HIERARCHICAL,VENUE_OVERALL,home,derived_formation,MEDIUM,PIT_SAFE
mt_830976530,COMP_NEUTRAL,A_FMX_fmx_blocked_shots_for_303eaf,fmx_blocked_shots_for,blocked_shots,FOR,FULL,OPP_FORMATION_CONDITIONED,4-2-3-1,2.892,2.892,0.7948,0.8125,1.9574,0.9346,7,4,HIERARCHICAL,VENUE_OVERALL,home,derived_formation,MEDIUM,PIT_SAFE
mt_830976530,COMP_NEUTRAL,A_FMX_fmx_shots_inside_box_against_33d733,fmx_shots_inside_box_against,shots_inside_box,AGAINST,FULL,OPP_FORMATION_CONDITIONED,4-2-3-1,8.2689,8.2689,-0.2339,0.375,8.5114,-0.2424,7,4,HIERARCHICAL,VENUE_OVERALL,home,derived_formation,MEDIUM,PIT_SAFE
mt_830976530,COMP_NEUTRAL,B_FC_fc_crosses_for_bc29f6,fc_crosses_for,crosses,FOR,FULL,TEAM_FORMATION_CONDITIONED,,5.5714,5.5714,1.0093,0.6875,3.2917,2.2797,0,0,SHRUNK,TEAM_BASELINE,away,derived_formation,LOW,PIT_SAFE
mt_830976530,COMP_NEUTRAL,B_FC_formation_delta_crosses_for_6e7fd1,formation_delta_crosses_for,crosses,FOR,FULL,TEAM_FORMATION_CONDITIONED,,0.0,0.0,-1.4574,0.125,3.2917,-3.2917,0,0,DERIVED,TEAM_BASELINE,away,derived_formation,LOW,PIT_SAFE
mt_830976530,COMP_NEUTRAL,B_FC_fc_corners_for_92d927,fc_corners_for,corners,FOR,FULL,TEAM_FORMATION_CONDITIONED,,4.5,4.5,0.5489,0.5625,3.404,1.096,0,0,SHRUNK,TEAM_BASELINE,away,derived_formation,LOW,PIT_SAFE
mt_830976530,COMP_NEUTRAL,B_FC_formation_delta_corners_for_642abb,formation_delta_corners_for,corners,FOR,FULL,TEAM_FORMATION_CONDITIONED,,0.0,0.0,-1.7047,0.125,3.404,-3.404,0,0,DERIVED,TEAM_BASELINE,away,derived_formation,LOW,PIT_SAFE
mt_830976530,COMP_NEUTRAL,B_FC_fc_corners_against_f351f8,fc_corners_against,corners,AGAINST,FULL,TEAM_FORMATION_CONDITIONED,,5.875,5.875,0.8911,0.8125,3.7889,2.0861,0,0,SHRUNK,TEAM_BASELINE,away,derived_formation,LOW,PIT_SAFE
mt_830976530,COMP_NEUTRAL,B_FC_formation_delta_corners_against_c0ed1c,formation_delta_corners_against,corners,AGAINST,FULL,TEAM_FORMATION_CONDITIONED,,0.0,0.0,-1.6185,0.125,3.7889,-3.7889,0,0,DERIVED,TEAM_BASELINE,away,derived_formation,LOW,PIT_SAFE
mt_830976530,COMP_NEUTRAL,B_FC_fc_touches_in_box_for_51eb78,fc_touches_in_box_for,touches_in_box,FOR,FULL,TEAM_FORMATION_CONDITIONED,,21.4286,21.4286,0.2483,0.3125,18.6998,2.7288,0,0,SHRUNK,TEAM_BASELINE,away,derived_formation,LOW,PIT_SAFE
mt_830976530,COMP_NEUTRAL,B_FC_formation_delta_touches_in_box_for_9e315d,formation_delta_touches_in_box_for,touches_in_box,FOR,FULL,TEAM_FORMATION_CONDITIONED,,0.0,0.0,-1.7015,0.125,18.6998,-18.6998,0,0,DERIVED,TEAM_BASELINE,away,derived_formation,LOW,PIT_SAFE
mt_830976530,COMP_NEUTRAL,B_FC_fc_total_shots_for_fdf52e,fc_total_shots_for,total_shots,FOR,FULL,TEAM_FORMATION_CONDITIONED,,9.625,9.625,0.5485,0.4167,6.9274,2.6976,0,0,SHRUNK,TEAM_BASELINE,away,derived_formation,LOW,PIT_SAFE
mt_830976530,COMP_NEUTRAL,B_FC_formation_delta_total_shots_for_99a1b8,formation_delta_total_shots_for,total_shots,FOR,FULL,TEAM_FORMATION_CONDITIONED,,0.0,0.0,-1.4085,0.1667,6.9274,-6.9274,0,0,DERIVED,TEAM_BASELINE,away,derived_formation,LOW,PIT_SAFE
mt_830976530,COMP_NEUTRAL,B_FC_fc_possession_for_03b3be,fc_possession_for,possession,FOR,FULL,TEAM_FORMATION_CONDITIONED,,38.75,38.75,0.295,0.4167,31.8228,6.9272,0,0,SHRUNK,TEAM_BASELINE,away,derived_formation,LOW,PIT_SAFE
mt_830976530,COMP_NEUTRAL,B_FC_formation_delta_possession_for_4ea9b3,formation_delta_possession_for,possession,FOR,FULL,TEAM_FORMATION_CONDITIONED,,0.0,0.0,-1.3552,0.1667,31.8228,-31.8228,0,0,DERIVED,TEAM_BASELINE,away,derived_formation,LOW,PIT_SAFE
mt_830976530,COMP_NEUTRAL,B_FC_fc_crosses_against_390a5e,fc_crosses_against,crosses,AGAINST,FULL,TEAM_FORMATION_CONDITIONED,,5.4286,5.4286,0.936,0.8125,3.4368,1.9918,0,0,SHRUNK,TEAM_BASELINE,away,derived_formation,LOW,PIT_SAFE
mt_830976530,COMP_NEUTRAL,B_FC_formation_delta_crosses_against_b11abf,formation_delta_crosses_against,crosses,AGAINST,FULL,TEAM_FORMATION_CONDITIONED,,0.0,0.0,-1.6151,0.125,3.4368,-3.4368,0,0,DERIVED,TEAM_BASELINE,away,derived_formation,LOW,PIT_SAFE
mt_830976530,COMP_NEUTRAL,B_FC_fc_clearances_for_f0caa5,fc_clearances_for,clearances,FOR,FULL,TEAM_FORMATION_CONDITIONED,,24.7143,24.7143,0.9217,0.8125,15.6041,9.1102,0,0,SHRUNK,TEAM_BASELINE,away,derived_formation,LOW,PIT_SAFE
mt_830976530,COMP_NEUTRAL,B_FC_formation_delta_clearances_for_6dfa85,formation_delta_clearances_for,clearances,FOR,FULL,TEAM_FORMATION_CONDITIONED,,0.0,0.0,-1.5787,0.125,15.6041,-15.6041,0,0,DERIVED,TEAM_BASELINE,away,derived_formation,LOW,PIT_SAFE
mt_830976530,COMP_NEUTRAL,B_FC_fc_blocked_shots_for_fc8a00,fc_blocked_shots_for,blocked_shots,FOR,FULL,TEAM_FORMATION_CONDITIONED,,2.375,2.375,0.3552,0.4375,1.9574,0.4176,0,0,SHRUNK,TEAM_BASELINE,away,derived_formation,LOW,PIT_SAFE
mt_830976530,COMP_NEUTRAL,B_FC_formation_delta_blocked_shots_for_69116f,formation_delta_blocked_shots_for,blocked_shots,FOR,FULL,TEAM_FORMATION_CONDITIONED,,0.0,0.0,-1.6645,0.125,1.9574,-1.9574,0,0,DERIVED,TEAM_BASELINE,away,derived_formation,LOW,PIT_SAFE
mt_830976530,COMP_NEUTRAL,B_FMX_fmx_crosses_for_a6cf05,fmx_crosses_for,crosses,FOR,FULL,OPP_FORMATION_CONDITIONED,5-4-1,6.0133,6.0133,1.205,0.9375,3.2917,2.7216,7,4,HIERARCHICAL,VENUE_OVERALL,away,derived_formation,MEDIUM,PIT_SAFE
mt_830976530,COMP_NEUTRAL,B_FMX_fmx_crosses_against_921484,fmx_crosses_against,crosses,AGAINST,FULL,OPP_FORMATION_CONDITIONED,5-4-1,5.6595,5.6595,1.0445,0.9375,3.4368,2.2227,7,4,HIERARCHICAL,VENUE_OVERALL,away,derived_formation,MEDIUM,PIT_SAFE
mt_830976530,COMP_NEUTRAL,B_FMX_fmx_corners_for_fe978f,fmx_corners_for,corners,FOR,FULL,OPP_FORMATION_CONDITIONED,5-4-1,5.2053,5.2053,0.9021,0.9375,3.404,1.8013,8,5,HIERARCHICAL,VENUE_OVERALL,away,derived_formation,MEDIUM,PIT_SAFE
mt_830976530,COMP_NEUTRAL,B_FMX_fmx_corners_against_24784c,fmx_corners_against,corners,AGAINST,FULL,OPP_FORMATION_CONDITIONED,5-4-1,6.2359,6.2359,1.0453,0.9375,3.7889,2.447,8,5,HIERARCHICAL,VENUE_OVERALL,away,derived_formation,MEDIUM,PIT_SAFE
mt_830976530,COMP_NEUTRAL,B_FMX_fmx_touches_in_box_for_2043e4,fmx_touches_in_box_for,touches_in_box,FOR,FULL,OPP_FORMATION_CONDITIONED,5-4-1,25.5974,25.5974,0.6276,0.6875,18.6998,6.8976,7,4,HIERARCHICAL,VENUE_OVERALL,away,derived_formation,MEDIUM,PIT_SAFE
mt_830976530,COMP_NEUTRAL,B_FMX_fmx_clearances_for_99a884,fmx_clearances_for,clearances,FOR,FULL,OPP_FORMATION_CONDITIONED,5-4-1,26.6764,26.6764,1.1202,0.9375,15.6041,11.0723,7,4,HIERARCHICAL,VENUE_OVERALL,away,derived_formation,MEDIUM,PIT_SAFE
mt_830976530,COMP_NEUTRAL,B_FMX_fmx_blocked_shots_for_406c5b,fmx_blocked_shots_for,blocked_shots,FOR,FULL,OPP_FORMATION_CONDITIONED,5-4-1,3.1447,3.1447,1.0097,0.9375,1.9574,1.1873,8,5,HIERARCHICAL,VENUE_OVERALL,away,derived_formation,MEDIUM,PIT_SAFE
mt_830976530,COMP_NEUTRAL,B_FMX_fmx_shots_inside_box_against_45d091,fmx_shots_inside_box_against,shots_inside_box,AGAINST,FULL,OPP_FORMATION_CONDITIONED,5-4-1,9.9028,9.9028,1.3425,0.875,8.5114,1.3914,8,5,HIERARCHICAL,VENUE_OVERALL,away,derived_formation,MEDIUM,PIT_SAFE
mt_584193391,COMP_NEUTRAL,A_ATK_crosses_for_8bac7a,crosses_for,crosses,FOR,FULL,UNCONDITIONED,TEAM_B,3.6818,3.6818,0.4665,0.5625,2.8951,0.7867,6,4,SHRUNK,VENUE_OVERALL,home,thestatsapi,MEDIUM,PIT_SAFE
mt_584193391,COMP_NEUTRAL,A_ATK_total_shots_for_4f0dff,total_shots_for,total_shots,FOR,FULL,UNCONDITIONED,TEAM_B,9.0076,9.0076,0.6161,0.5833,6.2482,2.7594,6,4,SHRUNK,VENUE_OVERALL,home,thestatsapi,MEDIUM,PIT_SAFE
mt_584193391,COMP_NEUTRAL,A_ATK_shots_on_target_for_256abe,shots_on_target_for,shots_on_target,FOR,FULL,UNCONDITIONED,TEAM_B,2.7955,2.7955,-1.0,0.25,2.966,-0.1705,6,4,SHRUNK,VENUE_OVERALL,home,thestatsapi,MEDIUM,PIT_SAFE
mt_584193391,COMP_NEUTRAL,A_ATK_shots_inside_box_for_a33851,shots_inside_box_for,shots_inside_box,FOR,FULL,UNCONDITIONED,TEAM_B,5.053,5.053,-1.0,0.25,5.8712,-0.8182,6,4,SHRUNK,VENUE_OVERALL,home,thestatsapi,MEDIUM,PIT_SAFE
mt_584193391,COMP_NEUTRAL,A_ATK_touches_in_box_for_0f4037,touches_in_box_for,touches_in_box,FOR,FULL,UNCONDITIONED,TEAM_B,13.6591,13.6591,0.0939,0.4375,12.9053,0.7538,6,4,SHRUNK,VENUE_OVERALL,home,thestatsapi,MEDIUM,PIT_SAFE
mt_584193391,COMP_NEUTRAL,A_ATK_corners_for_766bc7,corners_for,corners,FOR,FULL,UNCONDITIONED,TEAM_B,4.3712,4.3712,0.4574,0.5625,3.4221,0.9491,6,4,SHRUNK,VENUE_OVERALL,home,thestatsapi,MEDIUM,PIT_SAFE
mt_584193391,COMP_NEUTRAL,A_ATK_possession_for_520f5b,possession_for,possession,FOR,FULL,UNCONDITIONED,TEAM_B,41.2652,41.2652,0.5153,0.5833,30.0833,11.1819,6,4,SHRUNK,VENUE_OVERALL,home,thestatsapi,MEDIUM,PIT_SAFE
mt_584193391,COMP_NEUTRAL,A_ATK_throw_ins_for_b40e01,throw_ins_for,throw_ins,FOR,FULL,UNCONDITIONED,TEAM_B,22.9394,22.9394,1.0,0.75,22.6023,0.3371,6,4,SHRUNK,VENUE_OVERALL,home,thestatsapi,MEDIUM,PIT_SAFE
mt_584193391,COMP_NEUTRAL,A_ATK_final_third_entries_for_a257e4,final_third_entries_for,final_third_entries,FOR,FULL,UNCONDITIONED,TEAM_B,50.8788,50.8788,1.0,0.75,50.0455,0.8333,6,4,SHRUNK,VENUE_OVERALL,home,thestatsapi,MEDIUM,PIT_SAFE
mt_584193391,COMP_NEUTRAL,A_DEF_crosses_against_e1b680,crosses_against,crosses,AGAINST,FULL,UNCONDITIONED,TEAM_B,5.447,5.447,0.8293,0.8125,3.6326,1.8144,6,4,SHRUNK,VENUE_OVERALL,home,thestatsapi,MEDIUM,PIT_SAFE
mt_584193391,COMP_NEUTRAL,A_DEF_total_shots_against_75aec2,total_shots_against,total_shots,AGAINST,FULL,UNCONDITIONED,TEAM_B,15.6061,15.6061,1.0,0.75,14.6477,0.9584,6,4,SHRUNK,VENUE_OVERALL,home,thestatsapi,MEDIUM,PIT_SAFE
mt_584193391,COMP_NEUTRAL,A_DEF_shots_inside_box_against_6888d2,shots_inside_box_against,shots_inside_box,AGAINST,FULL,UNCONDITIONED,TEAM_B,9.7424,9.7424,-0.2707,0.375,9.8859,-0.1435,6,4,SHRUNK,VENUE_OVERALL,home,thestatsapi,MEDIUM,PIT_SAFE
mt_584193391,COMP_NEUTRAL,A_DEF_touches_in_box_against_aab02b,touches_in_box_against,touches_in_box,AGAINST,FULL,UNCONDITIONED,TEAM_B,23.7727,23.7727,1.0,0.75,23.7576,0.0151,6,4,SHRUNK,VENUE_OVERALL,home,thestatsapi,MEDIUM,PIT_SAFE
mt_584193391,COMP_NEUTRAL,A_DEF_corners_against_5eef4c,corners_against,corners,AGAINST,FULL,UNCONDITIONED,TEAM_B,6.3106,6.3106,0.3419,0.4375,5.328,0.9826,6,4,SHRUNK,VENUE_OVERALL,home,thestatsapi,MEDIUM,PIT_SAFE
mt_584193391,COMP_NEUTRAL,A_DEF_blocked_shots_for_4c763a,blocked_shots_for,blocked_shots,FOR,FULL,UNCONDITIONED,TEAM_B,2.5985,2.5985,0.5133,0.5625,1.9659,0.6326,6,4,SHRUNK,VENUE_OVERALL,home,thestatsapi,MEDIUM,PIT_SAFE
mt_584193391,COMP_NEUTRAL,A_DEF_clearances_for_f4d093,clearances_for,clearances,FOR,FULL,UNCONDITIONED,TEAM_B,22.5303,22.5303,0.524,0.6875,17.3259,5.2044,6,4,SHRUNK,VENUE_OVERALL,home,thestatsapi,MEDIUM,PIT_SAFE
mt_584193391,COMP_NEUTRAL,A_DEF_interceptions_for_91b07c,interceptions_for,interceptions,FOR,FULL,UNCONDITIONED,TEAM_B,10.803,10.803,1.0,0.75,9.9167,0.8864,6,4,SHRUNK,VENUE_OVERALL,home,thestatsapi,MEDIUM,PIT_SAFE
mt_584193391,COMP_NEUTRAL,A_DIS_fouls_for_85c8a6,fouls_for,fouls,FOR,FULL,UNCONDITIONED,TEAM_B,12.447,12.447,1.0,0.75,12.3788,0.0682,6,4,SHRUNK,VENUE_OVERALL,home,thestatsapi,MEDIUM,PIT_SAFE
mt_584193391,COMP_NEUTRAL,A_DIS_tackles_for_e45006,tackles_for,tackles,FOR,FULL,UNCONDITIONED,TEAM_B,15.6667,15.6667,1.0,0.75,14.8712,0.7955,6,4,SHRUNK,VENUE_OVERALL,home,thestatsapi,MEDIUM,PIT_SAFE
mt_584193391,COMP_NEUTRAL,A_DIS_yellow_cards_for_405b37,yellow_cards_for,yellow_cards,FOR,FULL,UNCONDITIONED,TEAM_B,1.7273,1.7273,1.0,0.75,1.6932,0.0341,5,3,SHRUNK,VENUE_OVERALL,home,thestatsapi,MEDIUM,PIT_SAFE
mt_584193391,COMP_NEUTRAL,A_DIS_fouls_against_3b4899,fouls_against,fouls,AGAINST,FULL,UNCONDITIONED,TEAM_B,12.0985,12.0985,1.0,0.75,11.572,0.5265,6,4,SHRUNK,VENUE_OVERALL,home,thestatsapi,MEDIUM,PIT_SAFE
mt_584193391,COMP_NEUTRAL,B_ATK_crosses_for_e3afb3,crosses_for,crosses,FOR,FULL,UNCONDITIONED,TEAM_A,3.3106,3.3106,0.2464,0.4375,2.8951,0.4155,6,4,SHRUNK,VENUE_OVERALL,away,thestatsapi,MEDIUM,PIT_SAFE
mt_584193391,COMP_NEUTRAL,B_ATK_total_shots_for_66a735,total_shots_for,total_shots,FOR,FULL,UNCONDITIONED,TEAM_A,10.053,10.053,0.8495,0.9167,6.2482,3.8048,6,4,SHRUNK,VENUE_OVERALL,away,thestatsapi,MEDIUM,PIT_SAFE
mt_584193391,COMP_NEUTRAL,B_ATK_shots_on_target_for_605148,shots_on_target_for,shots_on_target,FOR,FULL,UNCONDITIONED,TEAM_A,3.1364,3.1364,1.0,0.75,2.966,0.1704,6,4,SHRUNK,VENUE_OVERALL,away,thestatsapi,MEDIUM,PIT_SAFE
mt_584193391,COMP_NEUTRAL,B_ATK_shots_inside_box_for_151678,shots_inside_box_for,shots_inside_box,FOR,FULL,UNCONDITIONED,TEAM_A,6.6894,6.6894,1.0,0.75,5.8712,0.8182,6,4,SHRUNK,VENUE_OVERALL,away,thestatsapi,MEDIUM,PIT_SAFE
mt_584193391,COMP_NEUTRAL,B_ATK_touches_in_box_for_258c46,touches_in_box_for,touches_in_box,FOR,FULL,UNCONDITIONED,TEAM_A,18.1515,18.1515,0.6537,0.6875,12.9053,5.2462,6,4,SHRUNK,VENUE_OVERALL,away,thestatsapi,MEDIUM,PIT_SAFE
mt_584193391,COMP_NEUTRAL,B_ATK_corners_for_2f936d,corners_for,corners,FOR,FULL,UNCONDITIONED,TEAM_A,4.0,4.0,0.2785,0.4375,3.4221,0.5779,6,4,SHRUNK,VENUE_OVERALL,away,thestatsapi,MEDIUM,PIT_SAFE
mt_584193391,COMP_NEUTRAL,B_ATK_possession_for_260c1b,possession_for,possession,FOR,FULL,UNCONDITIONED,TEAM_A,49.5682,49.5682,0.8979,0.9167,30.0833,19.4848,6,4,SHRUNK,VENUE_OVERALL,away,thestatsapi,MEDIUM,PIT_SAFE
mt_584193391,COMP_NEUTRAL,B_ATK_throw_ins_for_51839b,throw_ins_for,throw_ins,FOR,FULL,UNCONDITIONED,TEAM_A,22.2652,22.2652,-1.0,0.25,22.6023,-0.3371,6,4,SHRUNK,VENUE_OVERALL,away,thestatsapi,MEDIUM,PIT_SAFE
mt_584193391,COMP_NEUTRAL,B_ATK_final_third_entries_for_03f557,final_third_entries_for,final_third_entries,FOR,FULL,UNCONDITIONED,TEAM_A,49.2121,49.2121,-1.0,0.25,50.0455,-0.8334,6,4,SHRUNK,VENUE_OVERALL,away,thestatsapi,MEDIUM,PIT_SAFE
mt_584193391,COMP_NEUTRAL,B_DEF_crosses_against_529739,crosses_against,crosses,AGAINST,FULL,UNCONDITIONED,TEAM_A,4.1136,4.1136,0.2199,0.4375,3.6326,0.481,6,4,SHRUNK,VENUE_OVERALL,away,thestatsapi,MEDIUM,PIT_SAFE
mt_584193391,COMP_NEUTRAL,B_DEF_total_shots_against_d12d06,total_shots_against,total_shots,AGAINST,FULL,UNCONDITIONED,TEAM_A,13.6894,13.6894,-1.0,0.25,14.6477,-0.9583,6,4,SHRUNK,VENUE_OVERALL,away,thestatsapi,MEDIUM,PIT_SAFE
mt_584193391,COMP_NEUTRAL,B_DEF_shots_inside_box_against_b30a09,shots_inside_box_against,shots_inside_box,AGAINST,FULL,UNCONDITIONED,TEAM_A,9.1212,9.1212,-1.4426,0.125,9.8859,-0.7647,6,4,SHRUNK,VENUE_OVERALL,away,thestatsapi,MEDIUM,PIT_SAFE
mt_584193391,COMP_NEUTRAL,B_DEF_touches_in_box_against_8a6603,touches_in_box_against,touches_in_box,AGAINST,FULL,UNCONDITIONED,TEAM_A,23.7424,23.7424,-1.0,0.25,23.7576,-0.0152,6,4,SHRUNK,VENUE_OVERALL,away,thestatsapi,MEDIUM,PIT_SAFE
mt_584193391,COMP_NEUTRAL,B_DEF_corners_against_256353,corners_against,corners,AGAINST,FULL,UNCONDITIONED,TEAM_A,7.0985,7.0985,0.6161,0.6875,5.328,1.7705,6,4,SHRUNK,VENUE_OVERALL,away,thestatsapi,MEDIUM,PIT_SAFE
mt_584193391,COMP_NEUTRAL,B_DEF_blocked_shots_for_78b9af,blocked_shots_for,blocked_shots,FOR,FULL,UNCONDITIONED,TEAM_A,2.2576,2.2576,0.2367,0.4375,1.9659,0.2917,6,4,SHRUNK,VENUE_OVERALL,away,thestatsapi,MEDIUM,PIT_SAFE
mt_584193391,COMP_NEUTRAL,B_DEF_clearances_for_8dc6cf,clearances_for,clearances,FOR,FULL,UNCONDITIONED,TEAM_A,21.4773,21.4773,0.418,0.3125,17.3259,4.1514,6,4,SHRUNK,VENUE_OVERALL,away,thestatsapi,MEDIUM,PIT_SAFE
mt_584193391,COMP_NEUTRAL,B_DEF_interceptions_for_bfaf26,interceptions_for,interceptions,FOR,FULL,UNCONDITIONED,TEAM_A,9.0303,9.0303,-1.0,0.25,9.9167,-0.8864,6,4,SHRUNK,VENUE_OVERALL,away,thestatsapi,MEDIUM,PIT_SAFE
mt_584193391,COMP_NEUTRAL,B_DIS_fouls_for_50b577,fouls_for,fouls,FOR,FULL,UNCONDITIONED,TEAM_A,12.3106,12.3106,-1.0,0.25,12.3788,-0.0682,6,4,SHRUNK,VENUE_OVERALL,away,thestatsapi,MEDIUM,PIT_SAFE
mt_584193391,COMP_NEUTRAL,B_DIS_tackles_for_09433c,tackles_for,tackles,FOR,FULL,UNCONDITIONED,TEAM_A,14.0758,14.0758,-1.0,0.25,14.8712,-0.7955,6,4,SHRUNK,VENUE_OVERALL,away,thestatsapi,MEDIUM,PIT_SAFE
mt_584193391,COMP_NEUTRAL,B_DIS_yellow_cards_for_c51770,yellow_cards_for,yellow_cards,FOR,FULL,UNCONDITIONED,TEAM_A,1.6591,1.6591,-1.0,0.25,1.6932,-0.0341,6,4,SHRUNK,VENUE_OVERALL,away,thestatsapi,MEDIUM,PIT_SAFE
mt_584193391,COMP_NEUTRAL,B_DIS_fouls_against_06b69e,fouls_against,fouls,AGAINST,FULL,UNCONDITIONED,TEAM_A,11.0455,11.0455,-1.0,0.25,11.572,-0.5265,6,4,SHRUNK,VENUE_OVERALL,away,thestatsapi,MEDIUM,PIT_SAFE
mt_584193391,COMP_NEUTRAL,ENV_corners_6147aa,league_corners_env,league_corners_env,NEUTRAL,FULL,UNCONDITIONED,,9.8673,9.8673,,0.5,9.8673,0.0,0,0,DIRECT,COMPETITION_PRIOR,,derived,HIGH,PIT_SAFE
mt_584193391,COMP_NEUTRAL,ENV_total_shots_2eee41,league_total_shots_env,league_total_shots_env,NEUTRAL,FULL,UNCONDITIONED,,23.6531,23.6531,,0.5,23.6531,0.0,0,0,DIRECT,COMPETITION_PRIOR,,derived,HIGH,PIT_SAFE
mt_584193391,COMP_NEUTRAL,ENV_fouls_5495f8,league_fouls_env,league_fouls_env,NEUTRAL,FULL,UNCONDITIONED,,25.6531,25.6531,,0.5,25.6531,0.0,0,0,DIRECT,COMPETITION_PRIOR,,derived,HIGH,PIT_SAFE
mt_584193391,COMP_NEUTRAL,ENV_yellow_cards_40fd2b,league_yellow_cards_env,league_yellow_cards_env,NEUTRAL,FULL,UNCONDITIONED,,3.9263,3.9263,,0.5,3.9263,0.0,0,0,DIRECT,COMPETITION_PRIOR,,derived,HIGH,PIT_SAFE
mt_584193391,COMP_NEUTRAL,A_FC_fc_crosses_for_a7b232,fc_crosses_for,crosses,FOR,FULL,TEAM_FORMATION_CONDITIONED,,4.0,4.0,0.6552,0.6875,2.8951,1.1049,0,0,SHRUNK,TEAM_BASELINE,home,derived_formation,LOW,PIT_SAFE
mt_584193391,COMP_NEUTRAL,A_FC_formation_delta_crosses_for_45c6c0,formation_delta_crosses_for,crosses,FOR,FULL,TEAM_FORMATION_CONDITIONED,,0.0,0.0,-1.7168,0.0625,2.8951,-2.8951,0,0,DERIVED,TEAM_BASELINE,home,derived_formation,LOW,PIT_SAFE
mt_584193391,COMP_NEUTRAL,A_FC_fc_corners_for_99d7d2,fc_corners_for,corners,FOR,FULL,TEAM_FORMATION_CONDITIONED,,4.8333,4.8333,0.6801,0.6875,3.4221,1.4112,0,0,SHRUNK,TEAM_BASELINE,home,derived_formation,LOW,PIT_SAFE
mt_584193391,COMP_NEUTRAL,A_FC_formation_delta_corners_for_cdf3a9,formation_delta_corners_for,corners,FOR,FULL,TEAM_FORMATION_CONDITIONED,,0.0,0.0,-1.6493,0.1875,3.4221,-3.4221,0,0,DERIVED,TEAM_BASELINE,home,derived_formation,LOW,PIT_SAFE
mt_584193391,COMP_NEUTRAL,A_FC_fc_corners_against_2cac2d,fc_corners_against,corners,AGAINST,FULL,TEAM_FORMATION_CONDITIONED,,6.1667,6.1667,0.2918,0.3125,5.328,0.8387,0,0,SHRUNK,TEAM_BASELINE,home,derived_formation,LOW,PIT_SAFE
mt_584193391,COMP_NEUTRAL,A_FC_formation_delta_corners_against_e5164e,formation_delta_corners_against,corners,AGAINST,FULL,TEAM_FORMATION_CONDITIONED,,0.0,0.0,-1.854,0.0625,5.328,-5.328,0,0,DERIVED,TEAM_BASELINE,home,derived_formation,LOW,PIT_SAFE
mt_584193391,COMP_NEUTRAL,A_FC_fc_touches_in_box_for_f56920,fc_touches_in_box_for,touches_in_box,FOR,FULL,TEAM_FORMATION_CONDITIONED,,13.5,13.5,0.0741,0.3125,12.9053,0.5947,0,0,SHRUNK,TEAM_BASELINE,home,derived_formation,LOW,PIT_SAFE
mt_584193391,COMP_NEUTRAL,A_FC_formation_delta_touches_in_box_for_7d6c90,formation_delta_touches_in_box_for,touches_in_box,FOR,FULL,TEAM_FORMATION_CONDITIONED,,0.0,0.0,-1.6081,0.1875,12.9053,-12.9053,0,0,DERIVED,TEAM_BASELINE,home,derived_formation,LOW,PIT_SAFE
mt_584193391,COMP_NEUTRAL,A_FC_fc_total_shots_for_7c478d,fc_total_shots_for,total_shots,FOR,FULL,TEAM_FORMATION_CONDITIONED,,8.8333,8.8333,0.5772,0.4167,6.2482,2.5851,0,0,SHRUNK,TEAM_BASELINE,home,derived_formation,LOW,PIT_SAFE
mt_584193391,COMP_NEUTRAL,A_FC_formation_delta_total_shots_for_9e05e9,formation_delta_total_shots_for,total_shots,FOR,FULL,TEAM_FORMATION_CONDITIONED,,0.0,0.0,-1.395,0.25,6.2482,-6.2482,0,0,DERIVED,TEAM_BASELINE,home,derived_formation,LOW,PIT_SAFE
mt_584193391,COMP_NEUTRAL,A_FC_fc_possession_for_c018f1,fc_possession_for,possession,FOR,FULL,TEAM_FORMATION_CONDITIONED,,41.1667,41.1667,0.5107,0.4167,30.0833,11.0833,0,0,SHRUNK,TEAM_BASELINE,home,derived_formation,LOW,PIT_SAFE
mt_584193391,COMP_NEUTRAL,A_FC_formation_delta_possession_for_12a2e0,formation_delta_possession_for,possession,FOR,FULL,TEAM_FORMATION_CONDITIONED,,0.0,0.0,-1.3862,0.25,30.0833,-30.0833,0,0,DERIVED,TEAM_BASELINE,home,derived_formation,LOW,PIT_SAFE
mt_584193391,COMP_NEUTRAL,A_FC_fc_crosses_against_0944a6,fc_crosses_against,crosses,AGAINST,FULL,TEAM_FORMATION_CONDITIONED,,5.1667,5.1667,0.7012,0.6875,3.6326,1.5341,0,0,SHRUNK,TEAM_BASELINE,home,derived_formation,LOW,PIT_SAFE
mt_584193391,COMP_NEUTRAL,A_FC_formation_delta_crosses_against_8d8d3b,formation_delta_crosses_against,crosses,AGAINST,FULL,TEAM_FORMATION_CONDITIONED,,0.0,0.0,-1.6603,0.0625,3.6326,-3.6326,0,0,DERIVED,TEAM_BASELINE,home,derived_formation,LOW,PIT_SAFE
mt_584193391,COMP_NEUTRAL,A_FC_fc_clearances_for_2c7be7,fc_clearances_for,clearances,FOR,FULL,TEAM_FORMATION_CONDITIONED,,22.3333,22.3333,0.5042,0.5625,17.3259,5.0074,0,0,SHRUNK,TEAM_BASELINE,home,derived_formation,LOW,PIT_SAFE
mt_584193391,COMP_NEUTRAL,A_FC_formation_delta_clearances_for_d90a4f,formation_delta_clearances_for,clearances,FOR,FULL,TEAM_FORMATION_CONDITIONED,,0.0,0.0,-1.7445,0.0625,17.3259,-17.3259,0,0,DERIVED,TEAM_BASELINE,home,derived_formation,LOW,PIT_SAFE
mt_584193391,COMP_NEUTRAL,A_FC_fc_blocked_shots_for_792bc6,fc_blocked_shots_for,blocked_shots,FOR,FULL,TEAM_FORMATION_CONDITIONED,,2.8333,2.8333,0.7039,0.6875,1.9659,0.8674,0,0,SHRUNK,TEAM_BASELINE,home,derived_formation,LOW,PIT_SAFE
mt_584193391,COMP_NEUTRAL,A_FC_formation_delta_blocked_shots_for_76857a,formation_delta_blocked_shots_for,blocked_shots,FOR,FULL,TEAM_FORMATION_CONDITIONED,,0.0,0.0,-1.5952,0.1875,1.9659,-1.9659,0,0,DERIVED,TEAM_BASELINE,home,derived_formation,LOW,PIT_SAFE
mt_584193391,COMP_NEUTRAL,A_FMX_fmx_crosses_for_addb88,fmx_crosses_for,crosses,FOR,FULL,OPP_FORMATION_CONDITIONED,3-4-3,4.5756,4.5756,0.9965,0.9375,2.8951,1.6805,6,4,HIERARCHICAL,VENUE_OVERALL,home,derived_formation,MEDIUM,PIT_SAFE
mt_584193391,COMP_NEUTRAL,A_FMX_fmx_crosses_against_8c58d5,fmx_crosses_against,crosses,AGAINST,FULL,OPP_FORMATION_CONDITIONED,3-4-3,5.9237,5.9237,1.0472,0.9375,3.6326,2.2911,6,4,HIERARCHICAL,VENUE_OVERALL,home,derived_formation,MEDIUM,PIT_SAFE
mt_584193391,COMP_NEUTRAL,A_FMX_fmx_corners_for_b96b5f,fmx_corners_for,corners,FOR,FULL,OPP_FORMATION_CONDITIONED,3-4-3,5.4227,5.4227,0.9642,0.9375,3.4221,2.0006,6,4,HIERARCHICAL,VENUE_OVERALL,home,derived_formation,MEDIUM,PIT_SAFE
mt_584193391,COMP_NEUTRAL,A_FMX_fmx_corners_against_327705,fmx_corners_against,corners,AGAINST,FULL,OPP_FORMATION_CONDITIONED,3-4-3,6.9129,6.9129,0.5515,0.5625,5.328,1.5849,6,4,HIERARCHICAL,VENUE_OVERALL,home,derived_formation,MEDIUM,PIT_SAFE
mt_584193391,COMP_NEUTRAL,A_FMX_fmx_touches_in_box_for_8a4d59,fmx_touches_in_box_for,touches_in_box,FOR,FULL,OPP_FORMATION_CONDITIONED,3-4-3,18.247,18.247,0.6656,0.8125,12.9053,5.3417,6,4,HIERARCHICAL,VENUE_OVERALL,home,derived_formation,MEDIUM,PIT_SAFE
mt_584193391,COMP_NEUTRAL,A_FMX_fmx_clearances_for_307220,fmx_clearances_for,clearances,FOR,FULL,OPP_FORMATION_CONDITIONED,3-4-3,25.2975,25.2975,0.8026,0.9375,17.3259,7.9716,6,4,HIERARCHICAL,VENUE_OVERALL,home,derived_formation,MEDIUM,PIT_SAFE
mt_584193391,COMP_NEUTRAL,A_FMX_fmx_blocked_shots_for_e3a3fa,fmx_blocked_shots_for,blocked_shots,FOR,FULL,OPP_FORMATION_CONDITIONED,3-4-3,3.197,3.197,0.999,0.9375,1.9659,1.2311,6,4,HIERARCHICAL,VENUE_OVERALL,home,derived_formation,MEDIUM,PIT_SAFE
mt_584193391,COMP_NEUTRAL,A_FMX_fmx_shots_inside_box_against_91d462,fmx_shots_inside_box_against,shots_inside_box,AGAINST,FULL,OPP_FORMATION_CONDITIONED,3-4-3,10.5704,10.5704,1.2913,0.875,9.8859,0.6845,6,4,HIERARCHICAL,VENUE_OVERALL,home,derived_formation,MEDIUM,PIT_SAFE
mt_584193391,COMP_NEUTRAL,B_FC_fc_crosses_for_f3e667,fc_crosses_for,crosses,FOR,FULL,TEAM_FORMATION_CONDITIONED,,3.2857,3.2857,0.2316,0.3125,2.8951,0.3906,1,1,DIRECT,EXACT_FORMATION,away,derived_formation,LOW,PIT_SAFE
mt_584193391,COMP_NEUTRAL,B_FC_formation_delta_crosses_for_b987cc,formation_delta_crosses_for,crosses,FOR,FULL,TEAM_FORMATION_CONDITIONED,,0.119,0.119,-1.6462,0.1875,2.8951,-2.7761,1,1,DERIVED,EXACT_FORMATION,away,derived_formation,LOW,PIT_SAFE
mt_584193391,COMP_NEUTRAL,B_FC_fc_corners_for_a12a61,fc_corners_for,corners,FOR,FULL,TEAM_FORMATION_CONDITIONED,,3.8571,3.8571,0.2097,0.3125,3.4221,0.435,1,1,DIRECT,EXACT_FORMATION,away,derived_formation,LOW,PIT_SAFE
mt_584193391,COMP_NEUTRAL,B_FC_formation_delta_corners_for_b9f090,formation_delta_corners_for,corners,FOR,FULL,TEAM_FORMATION_CONDITIONED,,-0.1429,-0.1429,-1.7182,0.0625,3.4221,-3.565,1,1,DERIVED,EXACT_FORMATION,away,derived_formation,LOW,PIT_SAFE
mt_584193391,COMP_NEUTRAL,B_FC_fc_corners_against_698f2e,fc_corners_against,corners,AGAINST,FULL,TEAM_FORMATION_CONDITIONED,,7.7143,7.7143,0.8304,0.9375,5.328,2.3863,1,1,DIRECT,EXACT_FORMATION,away,derived_formation,LOW,PIT_SAFE
mt_584193391,COMP_NEUTRAL,B_FC_formation_delta_corners_against_82ad16,formation_delta_corners_against,corners,AGAINST,FULL,TEAM_FORMATION_CONDITIONED,,0.881,0.881,-1.5475,0.1875,5.328,-4.447,1,1,DERIVED,EXACT_FORMATION,away,derived_formation,LOW,PIT_SAFE
mt_584193391,COMP_NEUTRAL,B_FC_fc_touches_in_box_for_bb7cdd,fc_touches_in_box_for,touches_in_box,FOR,FULL,TEAM_FORMATION_CONDITIONED,,18.1429,18.1429,0.6527,0.5625,12.9053,5.2376,1,1,DIRECT,EXACT_FORMATION,away,derived_formation,LOW,PIT_SAFE
mt_584193391,COMP_NEUTRAL,B_FC_formation_delta_touches_in_box_for_c49da5,formation_delta_touches_in_box_for,touches_in_box,FOR,FULL,TEAM_FORMATION_CONDITIONED,,-0.5238,-0.5238,-1.6734,0.0625,12.9053,-13.4291,1,1,DERIVED,EXACT_FORMATION,away,derived_formation,LOW,PIT_SAFE
mt_584193391,COMP_NEUTRAL,B_FC_fc_total_shots_for_d0c18c,fc_total_shots_for,total_shots,FOR,FULL,TEAM_FORMATION_CONDITIONED,,9.7143,9.7143,0.7739,0.75,6.2482,3.4661,1,1,DIRECT,EXACT_FORMATION,away,derived_formation,LOW,PIT_SAFE
mt_584193391,COMP_NEUTRAL,B_FC_formation_delta_total_shots_for_011974,formation_delta_total_shots_for,total_shots,FOR,FULL,TEAM_FORMATION_CONDITIONED,,-0.119,-0.119,-1.4216,0.0833,6.2482,-6.3672,1,1,DERIVED,EXACT_FORMATION,away,derived_formation,LOW,PIT_SAFE
mt_584193391,COMP_NEUTRAL,B_FC_fc_possession_for_fa88cc,fc_possession_for,possession,FOR,FULL,TEAM_FORMATION_CONDITIONED,,49.0,49.0,0.8717,0.75,30.0833,18.9167,1,1,DIRECT,EXACT_FORMATION,away,derived_formation,LOW,PIT_SAFE
mt_584193391,COMP_NEUTRAL,B_FC_formation_delta_possession_for_d3d479,formation_delta_possession_for,possession,FOR,FULL,TEAM_FORMATION_CONDITIONED,,-0.5,-0.5,-1.4093,0.0833,30.0833,-30.5833,1,1,DERIVED,EXACT_FORMATION,away,derived_formation,LOW,PIT_SAFE
mt_584193391,COMP_NEUTRAL,B_FC_fc_crosses_against_40bebe,fc_crosses_against,crosses,AGAINST,FULL,TEAM_FORMATION_CONDITIONED,,3.5714,3.5714,-0.028,0.3125,3.6326,-0.0612,1,1,DIRECT,EXACT_FORMATION,away,derived_formation,LOW,PIT_SAFE
mt_584193391,COMP_NEUTRAL,B_FC_formation_delta_crosses_against_829f45,formation_delta_crosses_against,crosses,AGAINST,FULL,TEAM_FORMATION_CONDITIONED,,0.0714,0.0714,-1.6277,0.1875,3.6326,-3.5612,1,1,DERIVED,EXACT_FORMATION,away,derived_formation,LOW,PIT_SAFE
mt_584193391,COMP_NEUTRAL,B_FC_fc_clearances_for_6a61de,fc_clearances_for,clearances,FOR,FULL,TEAM_FORMATION_CONDITIONED,,22.0,22.0,0.4706,0.4375,17.3259,4.6741,1,1,DIRECT,EXACT_FORMATION,away,derived_formation,LOW,PIT_SAFE
mt_584193391,COMP_NEUTRAL,B_FC_formation_delta_clearances_for_80d00d,formation_delta_clearances_for,clearances,FOR,FULL,TEAM_FORMATION_CONDITIONED,,0.5,0.5,-1.6942,0.1875,17.3259,-16.8259,1,1,DERIVED,EXACT_FORMATION,away,derived_formation,LOW,PIT_SAFE
mt_584193391,COMP_NEUTRAL,B_FC_fc_blocked_shots_for_d0a836,fc_blocked_shots_for,blocked_shots,FOR,FULL,TEAM_FORMATION_CONDITIONED,,2.1429,2.1429,0.1436,0.3125,1.9659,0.177,1,1,DIRECT,EXACT_FORMATION,away,derived_formation,LOW,PIT_SAFE
mt_584193391,COMP_NEUTRAL,B_FC_formation_delta_blocked_shots_for_3c6870,formation_delta_blocked_shots_for,blocked_shots,FOR,FULL,TEAM_FORMATION_CONDITIONED,,-0.1905,-0.1905,-1.7498,0.0625,1.9659,-2.1564,1,1,DERIVED,EXACT_FORMATION,away,derived_formation,LOW,PIT_SAFE
mt_584193391,COMP_NEUTRAL,B_FMX_fmx_crosses_for_e4c56b,fmx_crosses_for,crosses,FOR,FULL,OPP_FORMATION_CONDITIONED,4-1-4-1,4.1884,4.1884,0.7669,0.8125,2.8951,1.2933,6,4,HIERARCHICAL,VENUE_OVERALL,away,derived_formation,MEDIUM,PIT_SAFE
mt_584193391,COMP_NEUTRAL,B_FMX_fmx_crosses_against_d32359,fmx_crosses_against,crosses,AGAINST,FULL,OPP_FORMATION_CONDITIONED,4-1-4-1,4.7668,4.7668,0.5184,0.5625,3.6326,1.1342,6,4,HIERARCHICAL,VENUE_OVERALL,away,derived_formation,MEDIUM,PIT_SAFE
mt_584193391,COMP_NEUTRAL,B_FMX_fmx_corners_for_a03ddb,fmx_corners_for,corners,FOR,FULL,OPP_FORMATION_CONDITIONED,4-1-4-1,5.0354,5.0354,0.7775,0.8125,3.4221,1.6133,6,4,HIERARCHICAL,VENUE_OVERALL,away,derived_formation,MEDIUM,PIT_SAFE
mt_584193391,COMP_NEUTRAL,B_FMX_fmx_corners_against_c2c22d,fmx_corners_against,corners,AGAINST,FULL,OPP_FORMATION_CONDITIONED,4-1-4-1,7.5403,7.5403,0.7698,0.8125,5.328,2.2123,6,4,HIERARCHICAL,VENUE_OVERALL,away,derived_formation,MEDIUM,PIT_SAFE
mt_584193391,COMP_NEUTRAL,B_FMX_fmx_touches_in_box_for_bd5f67,fmx_touches_in_box_for,touches_in_box,FOR,FULL,OPP_FORMATION_CONDITIONED,4-1-4-1,22.0656,22.0656,1.1415,0.9375,12.9053,9.1603,6,4,HIERARCHICAL,VENUE_OVERALL,away,derived_formation,MEDIUM,PIT_SAFE
mt_584193391,COMP_NEUTRAL,B_FMX_fmx_clearances_for_9892d8,fmx_clearances_for,clearances,FOR,FULL,OPP_FORMATION_CONDITIONED,4-1-4-1,24.4691,24.4691,0.7192,0.8125,17.3259,7.1432,6,4,HIERARCHICAL,VENUE_OVERALL,away,derived_formation,MEDIUM,PIT_SAFE
mt_584193391,COMP_NEUTRAL,B_FMX_fmx_blocked_shots_for_b33722,fmx_blocked_shots_for,blocked_shots,FOR,FULL,OPP_FORMATION_CONDITIONED,4-1-4-1,2.8882,2.8882,0.7484,0.8125,1.9659,0.9223,6,4,HIERARCHICAL,VENUE_OVERALL,away,derived_formation,MEDIUM,PIT_SAFE
mt_584193391,COMP_NEUTRAL,B_FMX_fmx_shots_inside_box_against_e7b902,fmx_shots_inside_box_against,shots_inside_box,AGAINST,FULL,OPP_FORMATION_CONDITIONED,4-1-4-1,10.1096,10.1096,0.422,0.625,9.8859,0.2237,6,4,HIERARCHICAL,VENUE_OVERALL,away,derived_formation,MEDIUM,PIT_SAFE
mt_978826968,COMP_NEUTRAL,A_ATK_crosses_for_95de0a,crosses_for,crosses,FOR,FULL,UNCONDITIONED,TEAM_B,5.1385,5.1385,0.4309,0.3125,4.1103,1.0282,7,4,SHRUNK,VENUE_OVERALL,home,thestatsapi,MEDIUM,PIT_SAFE
mt_978826968,COMP_NEUTRAL,A_ATK_total_shots_for_7edb52,total_shots_for,total_shots,FOR,FULL,UNCONDITIONED,TEAM_B,16.0462,16.0462,1.0475,0.75,9.0147,7.0315,7,4,SHRUNK,VENUE_OVERALL,home,thestatsapi,MEDIUM,PIT_SAFE
mt_978826968,COMP_NEUTRAL,A_ATK_shots_on_target_for_eb2779,shots_on_target_for,shots_on_target,FOR,FULL,UNCONDITIONED,TEAM_B,6.2308,6.2308,1.0,0.75,4.8,1.4308,7,4,SHRUNK,VENUE_OVERALL,home,thestatsapi,MEDIUM,PIT_SAFE
mt_978826968,COMP_NEUTRAL,A_ATK_shots_inside_box_for_d4087b,shots_inside_box_for,shots_inside_box,FOR,FULL,UNCONDITIONED,TEAM_B,9.7846,9.7846,1.0,0.75,8.5384,1.2462,7,4,SHRUNK,VENUE_OVERALL,home,thestatsapi,MEDIUM,PIT_SAFE
mt_978826968,COMP_NEUTRAL,A_ATK_touches_in_box_for_a66f0c,touches_in_box_for,touches_in_box,FOR,FULL,UNCONDITIONED,TEAM_B,,,,,,,1,1,DIRECT,ALL_VENUES,home,thestatsapi,LOW,UNAVAILABLE
mt_978826968,COMP_NEUTRAL,A_ATK_corners_for_a7b2d4,corners_for,corners,FOR,FULL,UNCONDITIONED,TEAM_B,7.7692,7.7692,0.884,0.6875,5.0256,2.7436,7,4,SHRUNK,VENUE_OVERALL,home,thestatsapi,MEDIUM,PIT_SAFE
mt_978826968,COMP_NEUTRAL,A_ATK_possession_for_fbf04d,possession_for,possession,FOR,FULL,UNCONDITIONED,TEAM_B,65.0462,65.0462,1.0171,0.75,37.1905,27.8557,7,4,SHRUNK,VENUE_OVERALL,home,thestatsapi,MEDIUM,PIT_SAFE
mt_978826968,COMP_NEUTRAL,A_ATK_throw_ins_for_b10448,throw_ins_for,throw_ins,FOR,FULL,UNCONDITIONED,TEAM_B,20.5077,20.5077,-1.0,0.25,24.2,-3.6923,7,4,SHRUNK,VENUE_OVERALL,home,thestatsapi,MEDIUM,PIT_SAFE
mt_978826968,COMP_NEUTRAL,A_ATK_final_third_entries_for_f0fb1f,final_third_entries_for,final_third_entries,FOR,FULL,UNCONDITIONED,TEAM_B,61.9385,61.9385,1.0,0.75,56.9077,5.0308,7,4,SHRUNK,VENUE_OVERALL,home,thestatsapi,MEDIUM,PIT_SAFE
mt_978826968,COMP_NEUTRAL,A_DEF_crosses_against_28650d,crosses_against,crosses,AGAINST,FULL,UNCONDITIONED,TEAM_B,2.9692,2.9692,0.1941,0.4375,2.6573,0.3119,7,4,SHRUNK,VENUE_OVERALL,home,thestatsapi,MEDIUM,PIT_SAFE
mt_978826968,COMP_NEUTRAL,A_DEF_total_shots_against_aa3682,total_shots_against,total_shots,AGAINST,FULL,UNCONDITIONED,TEAM_B,11.8308,11.8308,1.0,0.75,11.5385,0.2923,7,4,SHRUNK,VENUE_OVERALL,home,thestatsapi,MEDIUM,PIT_SAFE
mt_978826968,COMP_NEUTRAL,A_DEF_shots_inside_box_against_39235d,shots_inside_box_against,shots_inside_box,AGAINST,FULL,UNCONDITIONED,TEAM_B,7.8615,7.8615,-0.6695,0.375,8.2585,-0.397,7,4,SHRUNK,VENUE_OVERALL,home,thestatsapi,MEDIUM,PIT_SAFE
mt_978826968,COMP_NEUTRAL,A_DEF_touches_in_box_against_fdd3bc,touches_in_box_against,touches_in_box,AGAINST,FULL,UNCONDITIONED,TEAM_B,,,,,,,1,1,DIRECT,ALL_VENUES,home,thestatsapi,LOW,UNAVAILABLE
mt_978826968,COMP_NEUTRAL,A_DEF_corners_against_2bbd6a,corners_against,corners,AGAINST,FULL,UNCONDITIONED,TEAM_B,4.2923,4.2923,0.3588,0.4375,3.5396,0.7527,7,4,SHRUNK,VENUE_OVERALL,home,thestatsapi,MEDIUM,PIT_SAFE
mt_978826968,COMP_NEUTRAL,A_DEF_blocked_shots_for_fb534f,blocked_shots_for,blocked_shots,FOR,FULL,UNCONDITIONED,TEAM_B,4.9077,4.9077,0.8156,0.6875,3.278,1.6297,7,4,SHRUNK,VENUE_OVERALL,home,thestatsapi,MEDIUM,PIT_SAFE
mt_978826968,COMP_NEUTRAL,A_DEF_clearances_for_7f04bb,clearances_for,clearances,FOR,FULL,UNCONDITIONED,TEAM_B,14.0462,14.0462,0.192,0.4375,12.5827,1.4635,7,4,SHRUNK,VENUE_OVERALL,home,thestatsapi,MEDIUM,PIT_SAFE
mt_978826968,COMP_NEUTRAL,A_DEF_interceptions_for_b20b85,interceptions_for,interceptions,FOR,FULL,UNCONDITIONED,TEAM_B,8.3538,8.3538,-1.0,0.25,9.1846,-0.8308,7,4,SHRUNK,VENUE_OVERALL,home,thestatsapi,MEDIUM,PIT_SAFE
mt_978826968,COMP_NEUTRAL,A_DIS_fouls_for_03aeaa,fouls_for,fouls,FOR,FULL,UNCONDITIONED,TEAM_B,10.0308,10.0308,1.0,0.75,8.7538,1.2769,7,4,SHRUNK,VENUE_OVERALL,home,thestatsapi,MEDIUM,PIT_SAFE
mt_978826968,COMP_NEUTRAL,A_DIS_tackles_for_88bee5,tackles_for,tackles,FOR,FULL,UNCONDITIONED,TEAM_B,14.7231,14.7231,-1.0,0.25,15.4,-0.6769,7,4,SHRUNK,VENUE_OVERALL,home,thestatsapi,MEDIUM,PIT_SAFE
mt_978826968,COMP_NEUTRAL,A_DIS_yellow_cards_for_74184f,yellow_cards_for,yellow_cards,FOR,FULL,UNCONDITIONED,TEAM_B,2.8769,2.8769,1.0,0.75,2.6154,0.2615,7,4,SHRUNK,VENUE_OVERALL,home,thestatsapi,MEDIUM,PIT_SAFE
mt_978826968,COMP_NEUTRAL,A_DIS_fouls_against_4c5843,fouls_against,fouls,AGAINST,FULL,UNCONDITIONED,TEAM_B,13.2308,13.2308,1.0,0.75,12.0923,1.1385,7,4,SHRUNK,VENUE_OVERALL,home,thestatsapi,MEDIUM,PIT_SAFE
mt_978826968,COMP_NEUTRAL,B_ATK_crosses_for_565d7b,crosses_for,crosses,FOR,FULL,UNCONDITIONED,TEAM_A,5.4,5.4,0.5405,0.5625,4.1103,1.2897,7,4,SHRUNK,VENUE_OVERALL,away,thestatsapi,MEDIUM,PIT_SAFE
mt_978826968,COMP_NEUTRAL,B_ATK_total_shots_for_96f353,total_shots_for,total_shots,FOR,FULL,UNCONDITIONED,TEAM_A,11.1846,11.1846,0.3232,0.5833,9.0147,2.1699,7,4,SHRUNK,VENUE_OVERALL,away,thestatsapi,MEDIUM,PIT_SAFE
mt_978826968,COMP_NEUTRAL,B_ATK_shots_on_target_for_b45bdd,shots_on_target_for,shots_on_target,FOR,FULL,UNCONDITIONED,TEAM_A,3.3692,3.3692,-1.0,0.25,4.8,-1.4308,7,4,SHRUNK,VENUE_OVERALL,away,thestatsapi,MEDIUM,PIT_SAFE
mt_978826968,COMP_NEUTRAL,B_ATK_shots_inside_box_for_330571,shots_inside_box_for,shots_inside_box,FOR,FULL,UNCONDITIONED,TEAM_A,7.2923,7.2923,-1.0,0.25,8.5384,-1.2461,7,4,SHRUNK,VENUE_OVERALL,away,thestatsapi,MEDIUM,PIT_SAFE
mt_978826968,COMP_NEUTRAL,B_ATK_touches_in_box_for_448252,touches_in_box_for,touches_in_box,FOR,FULL,UNCONDITIONED,TEAM_A,,,,,,,1,1,SHRUNK,ALL_VENUES,away,thestatsapi,LOW,UNAVAILABLE
mt_978826968,COMP_NEUTRAL,B_ATK_corners_for_fc51ce,corners_for,corners,FOR,FULL,UNCONDITIONED,TEAM_A,5.2615,5.2615,0.076,0.4375,5.0256,0.2359,7,4,SHRUNK,VENUE_OVERALL,away,thestatsapi,MEDIUM,PIT_SAFE
mt_978826968,COMP_NEUTRAL,B_ATK_possession_for_a8b899,possession_for,possession,FOR,FULL,UNCONDITIONED,TEAM_A,47.9538,47.9538,0.393,0.5833,37.1905,10.7633,7,4,SHRUNK,VENUE_OVERALL,away,thestatsapi,MEDIUM,PIT_SAFE
mt_978826968,COMP_NEUTRAL,B_ATK_throw_ins_for_5fb030,throw_ins_for,throw_ins,FOR,FULL,UNCONDITIONED,TEAM_A,27.8923,27.8923,1.0,0.75,24.2,3.6923,7,4,SHRUNK,VENUE_OVERALL,away,thestatsapi,MEDIUM,PIT_SAFE
mt_978826968,COMP_NEUTRAL,B_ATK_final_third_entries_for_3cbd67,final_third_entries_for,final_third_entries,FOR,FULL,UNCONDITIONED,TEAM_A,51.8769,51.8769,-1.0,0.25,56.9077,-5.0308,7,4,SHRUNK,VENUE_OVERALL,away,thestatsapi,MEDIUM,PIT_SAFE
mt_978826968,COMP_NEUTRAL,B_DEF_crosses_against_887622,crosses_against,crosses,AGAINST,FULL,UNCONDITIONED,TEAM_A,3.7692,3.7692,0.6921,0.6875,2.6573,1.1119,7,4,SHRUNK,VENUE_OVERALL,away,thestatsapi,MEDIUM,PIT_SAFE
mt_978826968,COMP_NEUTRAL,B_DEF_total_shots_against_6f8698,total_shots_against,total_shots,AGAINST,FULL,UNCONDITIONED,TEAM_A,11.2462,11.2462,-1.0,0.25,11.5385,-0.2923,7,4,SHRUNK,VENUE_OVERALL,away,thestatsapi,MEDIUM,PIT_SAFE
mt_978826968,COMP_NEUTRAL,B_DEF_shots_inside_box_against_e9b682,shots_inside_box_against,shots_inside_box,AGAINST,FULL,UNCONDITIONED,TEAM_A,7.5077,7.5077,-1.2661,0.125,8.2585,-0.7508,7,4,SHRUNK,VENUE_OVERALL,away,thestatsapi,MEDIUM,PIT_SAFE
mt_978826968,COMP_NEUTRAL,B_DEF_touches_in_box_against_5e509d,touches_in_box_against,touches_in_box,AGAINST,FULL,UNCONDITIONED,TEAM_A,,,,,,,1,1,SHRUNK,ALL_VENUES,away,thestatsapi,LOW,UNAVAILABLE
mt_978826968,COMP_NEUTRAL,B_DEF_corners_against_5e3f97,corners_against,corners,AGAINST,FULL,UNCONDITIONED,TEAM_A,4.7846,4.7846,0.5934,0.6875,3.5396,1.245,7,4,SHRUNK,VENUE_OVERALL,away,thestatsapi,MEDIUM,PIT_SAFE
mt_978826968,COMP_NEUTRAL,B_DEF_blocked_shots_for_6d8ac2,blocked_shots_for,blocked_shots,FOR,FULL,UNCONDITIONED,TEAM_A,3.5077,3.5077,0.115,0.4375,3.278,0.2297,7,4,SHRUNK,VENUE_OVERALL,away,thestatsapi,MEDIUM,PIT_SAFE
mt_978826968,COMP_NEUTRAL,B_DEF_clearances_for_5d5187,clearances_for,clearances,FOR,FULL,UNCONDITIONED,TEAM_A,18.0615,18.0615,0.7186,0.6875,12.5827,5.4788,7,4,SHRUNK,VENUE_OVERALL,away,thestatsapi,MEDIUM,PIT_SAFE
mt_978826968,COMP_NEUTRAL,B_DEF_interceptions_for_dd5a14,interceptions_for,interceptions,FOR,FULL,UNCONDITIONED,TEAM_A,10.0154,10.0154,1.0,0.75,9.1846,0.8308,7,4,SHRUNK,VENUE_OVERALL,away,thestatsapi,MEDIUM,PIT_SAFE
mt_978826968,COMP_NEUTRAL,B_DIS_fouls_for_f9d172,fouls_for,fouls,FOR,FULL,UNCONDITIONED,TEAM_A,7.4769,7.4769,-1.0,0.25,8.7538,-1.277,7,4,SHRUNK,VENUE_OVERALL,away,thestatsapi,MEDIUM,PIT_SAFE
mt_978826968,COMP_NEUTRAL,B_DIS_tackles_for_7e906f,tackles_for,tackles,FOR,FULL,UNCONDITIONED,TEAM_A,16.0769,16.0769,1.0,0.75,15.4,0.6769,7,4,SHRUNK,VENUE_OVERALL,away,thestatsapi,MEDIUM,PIT_SAFE
mt_978826968,COMP_NEUTRAL,B_DIS_yellow_cards_for_095c81,yellow_cards_for,yellow_cards,FOR,FULL,UNCONDITIONED,TEAM_A,2.3538,2.3538,-1.0,0.25,2.6154,-0.2616,7,4,SHRUNK,VENUE_OVERALL,away,thestatsapi,MEDIUM,PIT_SAFE
mt_978826968,COMP_NEUTRAL,B_DIS_fouls_against_aacd94,fouls_against,fouls,AGAINST,FULL,UNCONDITIONED,TEAM_A,10.9538,10.9538,-1.0,0.25,12.0923,-1.1385,7,4,SHRUNK,VENUE_OVERALL,away,thestatsapi,MEDIUM,PIT_SAFE
mt_978826968,COMP_NEUTRAL,ENV_corners_51f86e,league_corners_env,league_corners_env,NEUTRAL,FULL,UNCONDITIONED,,10.8681,10.8681,,0.5,10.8681,0.0,0,0,DIRECT,COMPETITION_PRIOR,,derived,HIGH,PIT_SAFE
mt_978826968,COMP_NEUTRAL,ENV_total_shots_b5ee6a,league_total_shots_env,league_total_shots_env,NEUTRAL,FULL,UNCONDITIONED,,25.6374,25.6374,,0.5,25.6374,0.0,0,0,DIRECT,COMPETITION_PRIOR,,derived,HIGH,PIT_SAFE
mt_978826968,COMP_NEUTRAL,ENV_fouls_b5dcf0,league_fouls_env,league_fouls_env,NEUTRAL,FULL,UNCONDITIONED,,22.0714,22.0714,,0.5,22.0714,0.0,0,0,DIRECT,COMPETITION_PRIOR,,derived,HIGH,PIT_SAFE
mt_978826968,COMP_NEUTRAL,ENV_yellow_cards_bcf94d,league_yellow_cards_env,league_yellow_cards_env,NEUTRAL,FULL,UNCONDITIONED,,4.4556,4.4556,,0.5,4.4556,0.0,0,0,DIRECT,COMPETITION_PRIOR,,derived,HIGH,PIT_SAFE
mt_978826968,COMP_NEUTRAL,A_FC_fc_crosses_for_837a0d,fc_crosses_for,crosses,FOR,FULL,TEAM_FORMATION_CONDITIONED,,5.1429,5.1429,0.4327,0.4375,4.1103,1.0326,0,0,SHRUNK,TEAM_BASELINE,home,derived_formation,LOW,PIT_SAFE
mt_978826968,COMP_NEUTRAL,A_FC_formation_delta_crosses_for_a0c03b,formation_delta_crosses_for,crosses,FOR,FULL,TEAM_FORMATION_CONDITIONED,,0.0,0.0,-1.7226,0.125,4.1103,-4.1103,0,0,DERIVED,TEAM_BASELINE,home,derived_formation,LOW,PIT_SAFE
mt_978826968,COMP_NEUTRAL,A_FC_fc_corners_for_2e5bc2,fc_corners_for,corners,FOR,FULL,TEAM_FORMATION_CONDITIONED,,7.8571,7.8571,0.9123,0.8125,5.0256,2.8315,0,0,SHRUNK,TEAM_BASELINE,home,derived_formation,LOW,PIT_SAFE
mt_978826968,COMP_NEUTRAL,A_FC_formation_delta_corners_for_6d65b2,formation_delta_corners_for,corners,FOR,FULL,TEAM_FORMATION_CONDITIONED,,0.0,0.0,-1.6192,0.125,5.0256,-5.0256,0,0,DERIVED,TEAM_BASELINE,home,derived_formation,LOW,PIT_SAFE
mt_978826968,COMP_NEUTRAL,A_FC_fc_corners_against_cac299,fc_corners_against,corners,AGAINST,FULL,TEAM_FORMATION_CONDITIONED,,3.8571,3.8571,0.1513,0.3125,3.5396,0.3175,0,0,SHRUNK,TEAM_BASELINE,home,derived_formation,LOW,PIT_SAFE
mt_978826968,COMP_NEUTRAL,A_FC_formation_delta_corners_against_78317e,formation_delta_corners_against,corners,AGAINST,FULL,TEAM_FORMATION_CONDITIONED,,0.0,0.0,-1.6871,0.125,3.5396,-3.5396,0,0,DERIVED,TEAM_BASELINE,home,derived_formation,LOW,PIT_SAFE
mt_978826968,COMP_NEUTRAL,A_FC_fc_total_shots_for_f6aa9b,fc_total_shots_for,total_shots,FOR,FULL,TEAM_FORMATION_CONDITIONED,,16.1429,16.1429,1.0619,0.9167,9.0147,7.1282,0,0,SHRUNK,TEAM_BASELINE,home,derived_formation,LOW,PIT_SAFE
mt_978826968,COMP_NEUTRAL,A_FC_formation_delta_total_shots_for_4ea300,formation_delta_total_shots_for,total_shots,FOR,FULL,TEAM_FORMATION_CONDITIONED,,0.0,0.0,-1.3429,0.1667,9.0147,-9.0147,0,0,DERIVED,TEAM_BASELINE,home,derived_formation,LOW,PIT_SAFE
mt_978826968,COMP_NEUTRAL,A_FC_fc_possession_for_f250f7,fc_possession_for,possession,FOR,FULL,TEAM_FORMATION_CONDITIONED,,65.1429,65.1429,1.0206,0.9167,37.1905,27.9524,0,0,SHRUNK,TEAM_BASELINE,home,derived_formation,LOW,PIT_SAFE
mt_978826968,COMP_NEUTRAL,A_FC_formation_delta_possession_for_544a4b,formation_delta_possession_for,possession,FOR,FULL,TEAM_FORMATION_CONDITIONED,,0.0,0.0,-1.3579,0.1667,37.1905,-37.1905,0,0,DERIVED,TEAM_BASELINE,home,derived_formation,LOW,PIT_SAFE
mt_978826968,COMP_NEUTRAL,A_FC_fc_crosses_against_d5047f,fc_crosses_against,crosses,AGAINST,FULL,TEAM_FORMATION_CONDITIONED,,2.7143,2.7143,0.0355,0.3125,2.6573,0.057,0,0,SHRUNK,TEAM_BASELINE,home,derived_formation,LOW,PIT_SAFE
mt_978826968,COMP_NEUTRAL,A_FC_formation_delta_crosses_against_d96894,formation_delta_crosses_against,crosses,AGAINST,FULL,TEAM_FORMATION_CONDITIONED,,0.0,0.0,-1.6541,0.125,2.6573,-2.6573,0,0,DERIVED,TEAM_BASELINE,home,derived_formation,LOW,PIT_SAFE
mt_978826968,COMP_NEUTRAL,A_FC_fc_clearances_for_e68a10,fc_clearances_for,clearances,FOR,FULL,TEAM_FORMATION_CONDITIONED,,12.7143,12.7143,0.0173,0.3125,12.5827,0.1316,0,0,SHRUNK,TEAM_BASELINE,home,derived_formation,LOW,PIT_SAFE
mt_978826968,COMP_NEUTRAL,A_FC_formation_delta_clearances_for_6855d0,formation_delta_clearances_for,clearances,FOR,FULL,TEAM_FORMATION_CONDITIONED,,0.0,0.0,-1.6504,0.125,12.5827,-12.5827,0,0,DERIVED,TEAM_BASELINE,home,derived_formation,LOW,PIT_SAFE
mt_978826968,COMP_NEUTRAL,A_FC_fc_blocked_shots_for_09eee5,fc_blocked_shots_for,blocked_shots,FOR,FULL,TEAM_FORMATION_CONDITIONED,,5.0,5.0,0.8617,0.8125,3.278,1.722,0,0,SHRUNK,TEAM_BASELINE,home,derived_formation,LOW,PIT_SAFE
mt_978826968,COMP_NEUTRAL,A_FC_formation_delta_blocked_shots_for_b8c681,formation_delta_blocked_shots_for,blocked_shots,FOR,FULL,TEAM_FORMATION_CONDITIONED,,0.0,0.0,-1.6404,0.125,3.278,-3.278,0,0,DERIVED,TEAM_BASELINE,home,derived_formation,LOW,PIT_SAFE
mt_978826968,COMP_NEUTRAL,A_FMX_fmx_crosses_for_809584,fmx_crosses_for,crosses,FOR,FULL,OPP_FORMATION_CONDITIONED,3-4-3,5.5237,5.5237,0.5923,0.6875,4.1103,1.4134,7,4,HIERARCHICAL,VENUE_OVERALL,home,derived_formation,MEDIUM,PIT_SAFE
mt_978826968,COMP_NEUTRAL,A_FMX_fmx_crosses_against_9dd382,fmx_crosses_against,crosses,AGAINST,FULL,OPP_FORMATION_CONDITIONED,3-4-3,3.6007,3.6007,0.5872,0.5625,2.6573,0.9434,7,4,HIERARCHICAL,VENUE_OVERALL,home,derived_formation,MEDIUM,PIT_SAFE
mt_978826968,COMP_NEUTRAL,A_FMX_fmx_corners_for_e44369,fmx_corners_for,corners,FOR,FULL,OPP_FORMATION_CONDITIONED,3-4-3,8.1914,8.1914,1.02,0.9375,5.0256,3.1658,7,4,HIERARCHICAL,VENUE_OVERALL,home,derived_formation,MEDIUM,PIT_SAFE
mt_978826968,COMP_NEUTRAL,A_FMX_fmx_corners_against_d23827,fmx_corners_against,corners,AGAINST,FULL,OPP_FORMATION_CONDITIONED,3-4-3,5.0925,5.0925,0.7402,0.8125,3.5396,1.5529,7,4,HIERARCHICAL,VENUE_OVERALL,home,derived_formation,MEDIUM,PIT_SAFE
mt_978826968,COMP_NEUTRAL,A_FMX_fmx_clearances_for_c7d350,fmx_clearances_for,clearances,FOR,FULL,OPP_FORMATION_CONDITIONED,3-4-3,16.7493,16.7493,0.5465,0.5625,12.5827,4.1667,7,4,HIERARCHICAL,VENUE_OVERALL,home,derived_formation,MEDIUM,PIT_SAFE
mt_978826968,COMP_NEUTRAL,A_FMX_fmx_blocked_shots_for_4330fe,fmx_blocked_shots_for,blocked_shots,FOR,FULL,OPP_FORMATION_CONDITIONED,3-4-3,5.3108,5.3108,1.0173,0.9375,3.278,2.0328,7,4,HIERARCHICAL,VENUE_OVERALL,home,derived_formation,MEDIUM,PIT_SAFE
mt_978826968,COMP_NEUTRAL,A_FMX_fmx_shots_inside_box_against_6df548,fmx_shots_inside_box_against,shots_inside_box,AGAINST,FULL,OPP_FORMATION_CONDITIONED,3-4-3,8.9478,8.9478,1.1623,0.875,8.2585,0.6893,7,4,HIERARCHICAL,VENUE_OVERALL,home,derived_formation,MEDIUM,PIT_SAFE
mt_978826968,COMP_NEUTRAL,B_FC_fc_crosses_for_98f682,fc_crosses_for,crosses,FOR,FULL,TEAM_FORMATION_CONDITIONED,,5.8571,5.8571,0.7321,0.9375,4.1103,1.7468,0,0,SHRUNK,TEAM_BASELINE,away,derived_formation,LOW,PIT_SAFE
mt_978826968,COMP_NEUTRAL,B_FC_formation_delta_crosses_for_3a19db,formation_delta_crosses_for,crosses,FOR,FULL,TEAM_FORMATION_CONDITIONED,,0.0,0.0,-1.7226,0.125,4.1103,-4.1103,0,0,DERIVED,TEAM_BASELINE,away,derived_formation,LOW,PIT_SAFE
mt_978826968,COMP_NEUTRAL,B_FC_fc_corners_for_3b1b46,fc_corners_for,corners,FOR,FULL,TEAM_FORMATION_CONDITIONED,,5.1429,5.1429,0.0378,0.3125,5.0256,0.1173,0,0,SHRUNK,TEAM_BASELINE,away,derived_formation,LOW,PIT_SAFE
mt_978826968,COMP_NEUTRAL,B_FC_formation_delta_corners_for_ed3b3d,formation_delta_corners_for,corners,FOR,FULL,TEAM_FORMATION_CONDITIONED,,0.0,0.0,-1.6192,0.125,5.0256,-5.0256,0,0,DERIVED,TEAM_BASELINE,away,derived_formation,LOW,PIT_SAFE
mt_978826968,COMP_NEUTRAL,B_FC_fc_corners_against_7200f8,fc_corners_against,corners,AGAINST,FULL,TEAM_FORMATION_CONDITIONED,,4.7143,4.7143,0.5599,0.5625,3.5396,1.1747,0,0,SHRUNK,TEAM_BASELINE,away,derived_formation,LOW,PIT_SAFE
mt_978826968,COMP_NEUTRAL,B_FC_formation_delta_corners_against_588bcd,formation_delta_corners_against,corners,AGAINST,FULL,TEAM_FORMATION_CONDITIONED,,0.0,0.0,-1.6871,0.125,3.5396,-3.5396,0,0,DERIVED,TEAM_BASELINE,away,derived_formation,LOW,PIT_SAFE
mt_978826968,COMP_NEUTRAL,B_FC_fc_total_shots_for_ad4507,fc_total_shots_for,total_shots,FOR,FULL,TEAM_FORMATION_CONDITIONED,,10.7143,10.7143,0.2532,0.4167,9.0147,1.6996,0,0,SHRUNK,TEAM_BASELINE,away,derived_formation,LOW,PIT_SAFE
mt_978826968,COMP_NEUTRAL,B_FC_formation_delta_total_shots_for_4bbede,formation_delta_total_shots_for,total_shots,FOR,FULL,TEAM_FORMATION_CONDITIONED,,0.0,0.0,-1.3429,0.1667,9.0147,-9.0147,0,0,DERIVED,TEAM_BASELINE,away,derived_formation,LOW,PIT_SAFE
mt_978826968,COMP_NEUTRAL,B_FC_fc_possession_for_1514f6,fc_possession_for,possession,FOR,FULL,TEAM_FORMATION_CONDITIONED,,45.0,45.0,0.2852,0.4167,37.1905,7.8095,0,0,SHRUNK,TEAM_BASELINE,away,derived_formation,LOW,PIT_SAFE
mt_978826968,COMP_NEUTRAL,B_FC_formation_delta_possession_for_377637,formation_delta_possession_for,possession,FOR,FULL,TEAM_FORMATION_CONDITIONED,,0.0,0.0,-1.3579,0.1667,37.1905,-37.1905,0,0,DERIVED,TEAM_BASELINE,away,derived_formation,LOW,PIT_SAFE
mt_978826968,COMP_NEUTRAL,B_FC_fc_crosses_against_768a24,fc_crosses_against,crosses,AGAINST,FULL,TEAM_FORMATION_CONDITIONED,,3.8571,3.8571,0.7468,0.8125,2.6573,1.1998,0,0,SHRUNK,TEAM_BASELINE,away,derived_formation,LOW,PIT_SAFE
mt_978826968,COMP_NEUTRAL,B_FC_formation_delta_crosses_against_dcdf5a,formation_delta_crosses_against,crosses,AGAINST,FULL,TEAM_FORMATION_CONDITIONED,,0.0,0.0,-1.6541,0.125,2.6573,-2.6573,0,0,DERIVED,TEAM_BASELINE,away,derived_formation,LOW,PIT_SAFE
mt_978826968,COMP_NEUTRAL,B_FC_fc_clearances_for_581ab4,fc_clearances_for,clearances,FOR,FULL,TEAM_FORMATION_CONDITIONED,,18.5714,18.5714,0.7855,0.8125,12.5827,5.9887,0,0,SHRUNK,TEAM_BASELINE,away,derived_formation,LOW,PIT_SAFE
mt_978826968,COMP_NEUTRAL,B_FC_formation_delta_clearances_for_806c4b,formation_delta_clearances_for,clearances,FOR,FULL,TEAM_FORMATION_CONDITIONED,,0.0,0.0,-1.6504,0.125,12.5827,-12.5827,0,0,DERIVED,TEAM_BASELINE,away,derived_formation,LOW,PIT_SAFE
mt_978826968,COMP_NEUTRAL,B_FC_fc_blocked_shots_for_d89107,fc_blocked_shots_for,blocked_shots,FOR,FULL,TEAM_FORMATION_CONDITIONED,,3.4286,3.4286,0.0754,0.3125,3.278,0.1506,0,0,SHRUNK,TEAM_BASELINE,away,derived_formation,LOW,PIT_SAFE
mt_978826968,COMP_NEUTRAL,B_FC_formation_delta_blocked_shots_for_848585,formation_delta_blocked_shots_for,blocked_shots,FOR,FULL,TEAM_FORMATION_CONDITIONED,,0.0,0.0,-1.6404,0.125,3.278,-3.278,0,0,DERIVED,TEAM_BASELINE,away,derived_formation,LOW,PIT_SAFE
mt_978826968,COMP_NEUTRAL,B_FMX_fmx_crosses_for_8674a3,fmx_crosses_for,crosses,FOR,FULL,OPP_FORMATION_CONDITIONED,4-3-3,5.8204,5.8204,0.7167,0.8125,4.1103,1.7101,7,4,HIERARCHICAL,VENUE_OVERALL,away,derived_formation,MEDIUM,PIT_SAFE
mt_978826968,COMP_NEUTRAL,B_FMX_fmx_crosses_against_5cc7dd,fmx_crosses_against,crosses,AGAINST,FULL,OPP_FORMATION_CONDITIONED,4-3-3,4.3479,4.3479,1.0523,0.9375,2.6573,1.6906,7,4,HIERARCHICAL,VENUE_OVERALL,away,derived_formation,MEDIUM,PIT_SAFE
mt_978826968,COMP_NEUTRAL,B_FMX_fmx_corners_for_092194,fmx_corners_for,corners,FOR,FULL,OPP_FORMATION_CONDITIONED,4-3-3,5.9826,5.9826,0.3083,0.5625,5.0256,0.957,7,4,HIERARCHICAL,VENUE_OVERALL,away,derived_formation,MEDIUM,PIT_SAFE
mt_978826968,COMP_NEUTRAL,B_FMX_fmx_corners_against_17552d,fmx_corners_against,corners,AGAINST,FULL,OPP_FORMATION_CONDITIONED,4-3-3,5.576,5.576,0.9706,0.9375,3.5396,2.0364,7,4,HIERARCHICAL,VENUE_OVERALL,away,derived_formation,MEDIUM,PIT_SAFE
mt_978826968,COMP_NEUTRAL,B_FMX_fmx_clearances_for_06357a,fmx_clearances_for,clearances,FOR,FULL,OPP_FORMATION_CONDITIONED,4-3-3,20.5185,20.5185,1.0409,0.9375,12.5827,7.9358,7,4,HIERARCHICAL,VENUE_OVERALL,away,derived_formation,MEDIUM,PIT_SAFE
mt_978826968,COMP_NEUTRAL,B_FMX_fmx_blocked_shots_for_3b7f3a,fmx_blocked_shots_for,blocked_shots,FOR,FULL,OPP_FORMATION_CONDITIONED,4-3-3,4.0691,4.0691,0.3959,0.5625,3.278,0.7911,7,4,HIERARCHICAL,VENUE_OVERALL,away,derived_formation,MEDIUM,PIT_SAFE
mt_978826968,COMP_NEUTRAL,B_FMX_fmx_shots_inside_box_against_714c14,fmx_shots_inside_box_against,shots_inside_box,AGAINST,FULL,OPP_FORMATION_CONDITIONED,4-3-3,8.7171,8.7171,0.7733,0.625,8.2585,0.4586,7,4,HIERARCHICAL,VENUE_OVERALL,away,derived_formation,MEDIUM,PIT_SAFE
mt_830905035,COMP_NEUTRAL,A_ATK_crosses_for_d693ba,crosses_for,crosses,FOR,FULL,UNCONDITIONED,TEAM_B,4.6308,4.6308,0.354,0.3125,3.8206,0.8102,7,4,SHRUNK,VENUE_OVERALL,home,thestatsapi,MEDIUM,PIT_SAFE
mt_830905035,COMP_NEUTRAL,A_ATK_total_shots_for_3f9f0d,total_shots_for,total_shots,FOR,FULL,UNCONDITIONED,TEAM_B,16.9385,16.9385,0.9116,0.75,9.8556,7.0829,7,4,SHRUNK,VENUE_OVERALL,home,thestatsapi,MEDIUM,PIT_SAFE
mt_830905035,COMP_NEUTRAL,A_ATK_shots_on_target_for_6138ce,shots_on_target_for,shots_on_target,FOR,FULL,UNCONDITIONED,TEAM_B,6.3231,6.3231,1.0,0.75,5.0901,1.233,7,4,SHRUNK,VENUE_OVERALL,home,thestatsapi,MEDIUM,PIT_SAFE
mt_830905035,COMP_NEUTRAL,A_ATK_shots_inside_box_for_3ff7c6,shots_inside_box_for,shots_inside_box,FOR,FULL,UNCONDITIONED,TEAM_B,12.6923,12.6923,1.0,0.75,10.6538,2.0385,7,4,SHRUNK,VENUE_OVERALL,home,thestatsapi,MEDIUM,PIT_SAFE
mt_830905035,COMP_NEUTRAL,A_ATK_touches_in_box_for_6039dd,touches_in_box_for,touches_in_box,FOR,FULL,UNCONDITIONED,TEAM_B,42.9846,42.9846,0.9485,0.6875,25.9817,17.0029,7,4,SHRUNK,VENUE_OVERALL,home,thestatsapi,MEDIUM,PIT_SAFE
mt_830905035,COMP_NEUTRAL,A_ATK_corners_for_9b4fc1,corners_for,corners,FOR,FULL,UNCONDITIONED,TEAM_B,7.9538,7.9538,0.9247,0.6875,4.8962,3.0576,7,4,SHRUNK,VENUE_OVERALL,home,thestatsapi,MEDIUM,PIT_SAFE
mt_830905035,COMP_NEUTRAL,A_ATK_possession_for_1b9038,possession_for,possession,FOR,FULL,UNCONDITIONED,TEAM_B,54.0308,54.0308,1.0062,0.75,30.8953,23.1355,7,4,SHRUNK,VENUE_OVERALL,home,thestatsapi,MEDIUM,PIT_SAFE
mt_830905035,COMP_NEUTRAL,A_ATK_throw_ins_for_d2b5cc,throw_ins_for,throw_ins,FOR,FULL,UNCONDITIONED,TEAM_B,16.1538,16.1538,-1.0,0.25,17.0549,-0.9011,7,4,SHRUNK,VENUE_OVERALL,home,thestatsapi,MEDIUM,PIT_SAFE
mt_830905035,COMP_NEUTRAL,A_ATK_final_third_entries_for_32ffb8,final_third_entries_for,final_third_entries,FOR,FULL,UNCONDITIONED,TEAM_B,49.7231,49.7231,-1.0,0.25,52.0868,-2.3637,7,4,SHRUNK,VENUE_OVERALL,home,thestatsapi,MEDIUM,PIT_SAFE
mt_830905035,COMP_NEUTRAL,A_DEF_crosses_against_6d407f,crosses_against,crosses,AGAINST,FULL,UNCONDITIONED,TEAM_B,3.5231,3.5231,0.0244,0.3125,3.4732,0.0499,7,4,SHRUNK,VENUE_OVERALL,home,thestatsapi,MEDIUM,PIT_SAFE
mt_830905035,COMP_NEUTRAL,A_DEF_total_shots_against_f64214,total_shots_against,total_shots,AGAINST,FULL,UNCONDITIONED,TEAM_B,10.4462,10.4462,-1.0,0.25,11.3824,-0.9362,7,4,SHRUNK,VENUE_OVERALL,home,thestatsapi,MEDIUM,PIT_SAFE
mt_830905035,COMP_NEUTRAL,A_DEF_shots_inside_box_against_5ff1f1,shots_inside_box_against,shots_inside_box,AGAINST,FULL,UNCONDITIONED,TEAM_B,6.6769,6.6769,-1.4019,0.125,8.5635,-1.8866,7,4,SHRUNK,VENUE_OVERALL,home,thestatsapi,MEDIUM,PIT_SAFE
mt_830905035,COMP_NEUTRAL,A_DEF_touches_in_box_against_5bf1fb,touches_in_box_against,touches_in_box,AGAINST,FULL,UNCONDITIONED,TEAM_B,18.3846,18.3846,-1.0,0.25,22.0989,-3.7143,7,4,SHRUNK,VENUE_OVERALL,home,thestatsapi,MEDIUM,PIT_SAFE
mt_830905035,COMP_NEUTRAL,A_DEF_corners_against_000eed,corners_against,corners,AGAINST,FULL,UNCONDITIONED,TEAM_B,2.6154,2.6154,-0.2703,0.4375,3.2692,-0.6538,7,4,SHRUNK,VENUE_OVERALL,home,thestatsapi,MEDIUM,PIT_SAFE
mt_830905035,COMP_NEUTRAL,A_DEF_blocked_shots_for_f0e959,blocked_shots_for,blocked_shots,FOR,FULL,UNCONDITIONED,TEAM_B,4.7538,4.7538,0.7152,0.6875,3.1661,1.5877,7,4,SHRUNK,VENUE_OVERALL,home,thestatsapi,MEDIUM,PIT_SAFE
mt_830905035,COMP_NEUTRAL,A_DEF_clearances_for_8e4007,clearances_for,clearances,FOR,FULL,UNCONDITIONED,TEAM_B,15.8923,15.8923,0.1127,0.4375,14.9255,0.9668,7,4,SHRUNK,VENUE_OVERALL,home,thestatsapi,MEDIUM,PIT_SAFE
mt_830905035,COMP_NEUTRAL,A_DEF_interceptions_for_a7dc7e,interceptions_for,interceptions,FOR,FULL,UNCONDITIONED,TEAM_B,6.6308,6.6308,-1.0,0.25,7.6836,-1.0528,7,4,SHRUNK,VENUE_OVERALL,home,thestatsapi,MEDIUM,PIT_SAFE
mt_830905035,COMP_NEUTRAL,A_DIS_fouls_for_4a324b,fouls_for,fouls,FOR,FULL,UNCONDITIONED,TEAM_B,12.3077,12.3077,1.0,0.75,12.0604,0.2473,7,4,SHRUNK,VENUE_OVERALL,home,thestatsapi,MEDIUM,PIT_SAFE
mt_830905035,COMP_NEUTRAL,A_DIS_tackles_for_bc4d12,tackles_for,tackles,FOR,FULL,UNCONDITIONED,TEAM_B,16.5077,16.5077,-1.0,0.25,18.4846,-1.9769,7,4,SHRUNK,VENUE_OVERALL,home,thestatsapi,MEDIUM,PIT_SAFE
mt_830905035,COMP_NEUTRAL,A_DIS_yellow_cards_for_44607b,yellow_cards_for,yellow_cards,FOR,FULL,UNCONDITIONED,TEAM_B,2.2923,2.2923,1.0,0.75,2.2087,0.0837,7,4,SHRUNK,VENUE_OVERALL,home,thestatsapi,MEDIUM,PIT_SAFE
mt_830905035,COMP_NEUTRAL,A_DIS_fouls_against_ac883d,fouls_against,fouls,AGAINST,FULL,UNCONDITIONED,TEAM_B,10.1385,10.1385,-1.0,0.25,10.5198,-0.3813,7,4,SHRUNK,VENUE_OVERALL,home,thestatsapi,MEDIUM,PIT_SAFE
mt_830905035,COMP_NEUTRAL,B_ATK_crosses_for_130916,crosses_for,crosses,FOR,FULL,UNCONDITIONED,TEAM_A,5.3846,5.3846,0.6834,0.8125,3.8206,1.564,7,4,SHRUNK,VENUE_OVERALL,away,thestatsapi,MEDIUM,PIT_SAFE
mt_830905035,COMP_NEUTRAL,B_ATK_total_shots_for_debb3f,total_shots_for,total_shots,FOR,FULL,UNCONDITIONED,TEAM_A,12.5165,12.5165,0.3425,0.5833,9.8556,2.6609,7,4,SHRUNK,VENUE_OVERALL,away,thestatsapi,MEDIUM,PIT_SAFE
mt_830905035,COMP_NEUTRAL,B_ATK_shots_on_target_for_a7c8b9,shots_on_target_for,shots_on_target,FOR,FULL,UNCONDITIONED,TEAM_A,3.8571,3.8571,-1.0,0.25,5.0901,-1.233,7,4,SHRUNK,VENUE_OVERALL,away,thestatsapi,MEDIUM,PIT_SAFE
mt_830905035,COMP_NEUTRAL,B_ATK_shots_inside_box_for_a3eb2f,shots_inside_box_for,shots_inside_box,FOR,FULL,UNCONDITIONED,TEAM_A,8.6154,8.6154,-1.0,0.25,10.6538,-2.0384,7,4,SHRUNK,VENUE_OVERALL,away,thestatsapi,MEDIUM,PIT_SAFE
mt_830905035,COMP_NEUTRAL,B_ATK_touches_in_box_for_e48821,touches_in_box_for,touches_in_box,FOR,FULL,UNCONDITIONED,TEAM_A,22.4286,22.4286,-0.1982,0.4375,25.9817,-3.5531,7,4,SHRUNK,VENUE_OVERALL,away,thestatsapi,MEDIUM,PIT_SAFE
mt_830905035,COMP_NEUTRAL,B_ATK_corners_for_3dbf25,corners_for,corners,FOR,FULL,UNCONDITIONED,TEAM_A,4.2088,4.2088,-0.2079,0.3125,4.8962,-0.6874,7,4,SHRUNK,VENUE_OVERALL,away,thestatsapi,MEDIUM,PIT_SAFE
mt_830905035,COMP_NEUTRAL,B_ATK_possession_for_b6c6dc,possession_for,possession,FOR,FULL,UNCONDITIONED,TEAM_A,39.3407,39.3407,0.3673,0.5833,30.8953,8.4454,7,4,SHRUNK,VENUE_OVERALL,away,thestatsapi,MEDIUM,PIT_SAFE
mt_830905035,COMP_NEUTRAL,B_ATK_throw_ins_for_be7a5d,throw_ins_for,throw_ins,FOR,FULL,UNCONDITIONED,TEAM_A,17.956,17.956,1.0,0.75,17.0549,0.9011,7,4,SHRUNK,VENUE_OVERALL,away,thestatsapi,MEDIUM,PIT_SAFE
mt_830905035,COMP_NEUTRAL,B_ATK_final_third_entries_for_6aa1f6,final_third_entries_for,final_third_entries,FOR,FULL,UNCONDITIONED,TEAM_A,54.4505,54.4505,1.0,0.75,52.0868,2.3637,7,4,SHRUNK,VENUE_OVERALL,away,thestatsapi,MEDIUM,PIT_SAFE
mt_830905035,COMP_NEUTRAL,B_DEF_crosses_against_8164a2,crosses_against,crosses,AGAINST,FULL,UNCONDITIONED,TEAM_A,5.1099,5.1099,0.7993,0.6875,3.4732,1.6367,7,4,SHRUNK,VENUE_OVERALL,away,thestatsapi,MEDIUM,PIT_SAFE
mt_830905035,COMP_NEUTRAL,B_DEF_total_shots_against_1e8a4c,total_shots_against,total_shots,AGAINST,FULL,UNCONDITIONED,TEAM_A,12.3187,12.3187,1.0,0.75,11.3824,0.9363,7,4,SHRUNK,VENUE_OVERALL,away,thestatsapi,MEDIUM,PIT_SAFE
mt_830905035,COMP_NEUTRAL,B_DEF_shots_inside_box_against_d7eb46,shots_inside_box_against,shots_inside_box,AGAINST,FULL,UNCONDITIONED,TEAM_A,9.0549,9.0549,0.3651,0.625,8.5635,0.4914,7,4,SHRUNK,VENUE_OVERALL,away,thestatsapi,MEDIUM,PIT_SAFE
mt_830905035,COMP_NEUTRAL,B_DEF_touches_in_box_against_a4a5c1,touches_in_box_against,touches_in_box,AGAINST,FULL,UNCONDITIONED,TEAM_A,25.8132,25.8132,1.0,0.75,22.0989,3.7143,7,4,SHRUNK,VENUE_OVERALL,away,thestatsapi,MEDIUM,PIT_SAFE
mt_830905035,COMP_NEUTRAL,B_DEF_corners_against_f83788,corners_against,corners,AGAINST,FULL,UNCONDITIONED,TEAM_A,5.7253,5.7253,1.0154,0.6875,3.2692,2.4561,7,4,SHRUNK,VENUE_OVERALL,away,thestatsapi,MEDIUM,PIT_SAFE
mt_830905035,COMP_NEUTRAL,B_DEF_blocked_shots_for_3acaae,blocked_shots_for,blocked_shots,FOR,FULL,UNCONDITIONED,TEAM_A,3.5714,3.5714,0.1826,0.4375,3.1661,0.4053,7,4,SHRUNK,VENUE_OVERALL,away,thestatsapi,MEDIUM,PIT_SAFE
mt_830905035,COMP_NEUTRAL,B_DEF_clearances_for_b34ece,clearances_for,clearances,FOR,FULL,UNCONDITIONED,TEAM_A,21.2747,21.2747,0.7399,0.6875,14.9255,6.3492,7,4,SHRUNK,VENUE_OVERALL,away,thestatsapi,MEDIUM,PIT_SAFE
mt_830905035,COMP_NEUTRAL,B_DEF_interceptions_for_d8a103,interceptions_for,interceptions,FOR,FULL,UNCONDITIONED,TEAM_A,8.7363,8.7363,1.0,0.75,7.6836,1.0527,7,4,SHRUNK,VENUE_OVERALL,away,thestatsapi,MEDIUM,PIT_SAFE
mt_830905035,COMP_NEUTRAL,B_DIS_fouls_for_c569e1,fouls_for,fouls,FOR,FULL,UNCONDITIONED,TEAM_A,11.8132,11.8132,-1.0,0.25,12.0604,-0.2472,7,4,SHRUNK,VENUE_OVERALL,away,thestatsapi,MEDIUM,PIT_SAFE
mt_830905035,COMP_NEUTRAL,B_DIS_tackles_for_079ad8,tackles_for,tackles,FOR,FULL,UNCONDITIONED,TEAM_A,20.4615,20.4615,1.0,0.75,18.4846,1.9769,7,4,SHRUNK,VENUE_OVERALL,away,thestatsapi,MEDIUM,PIT_SAFE
mt_830905035,COMP_NEUTRAL,B_DIS_yellow_cards_for_f423e0,yellow_cards_for,yellow_cards,FOR,FULL,UNCONDITIONED,TEAM_A,2.125,2.125,-1.0,0.25,2.2087,-0.0837,6,4,SHRUNK,VENUE_OVERALL,away,thestatsapi,MEDIUM,PIT_SAFE
mt_830905035,COMP_NEUTRAL,B_DIS_fouls_against_b7a811,fouls_against,fouls,AGAINST,FULL,UNCONDITIONED,TEAM_A,10.9011,10.9011,1.0,0.75,10.5198,0.3813,7,4,SHRUNK,VENUE_OVERALL,away,thestatsapi,MEDIUM,PIT_SAFE
mt_830905035,COMP_NEUTRAL,ENV_corners_17e455,league_corners_env,league_corners_env,NEUTRAL,FULL,UNCONDITIONED,,11.1141,11.1141,,0.5,11.1141,0.0,0,0,DIRECT,COMPETITION_PRIOR,,derived,HIGH,PIT_SAFE
mt_830905035,COMP_NEUTRAL,ENV_total_shots_6f4b8c,league_total_shots_env,league_total_shots_env,NEUTRAL,FULL,UNCONDITIONED,,26.7651,26.7651,,0.5,26.7651,0.0,0,0,DIRECT,COMPETITION_PRIOR,,derived,HIGH,PIT_SAFE
mt_830905035,COMP_NEUTRAL,ENV_fouls_ce539a,league_fouls_env,league_fouls_env,NEUTRAL,FULL,UNCONDITIONED,,22.7315,22.7315,,0.5,22.7315,0.0,0,0,DIRECT,COMPETITION_PRIOR,,derived,HIGH,PIT_SAFE
mt_830905035,COMP_NEUTRAL,ENV_yellow_cards_ff32b3,league_yellow_cards_env,league_yellow_cards_env,NEUTRAL,FULL,UNCONDITIONED,,5.0,5.0,,0.5,5.0,0.0,0,0,DIRECT,COMPETITION_PRIOR,,derived,HIGH,PIT_SAFE
mt_830905035,COMP_NEUTRAL,A_FC_fc_crosses_for_fe28b3,fc_crosses_for,crosses,FOR,FULL,TEAM_FORMATION_CONDITIONED,,4.7143,4.7143,0.3905,0.4375,3.8206,0.8937,0,0,SHRUNK,TEAM_BASELINE,home,derived_formation,LOW,PIT_SAFE
mt_830905035,COMP_NEUTRAL,A_FC_formation_delta_crosses_for_3b9aa8,formation_delta_crosses_for,crosses,FOR,FULL,TEAM_FORMATION_CONDITIONED,,0.0,0.0,-1.6694,0.1875,3.8206,-3.8206,0,0,DERIVED,TEAM_BASELINE,home,derived_formation,LOW,PIT_SAFE
mt_830905035,COMP_NEUTRAL,A_FC_fc_corners_for_ad05c9,fc_corners_for,corners,FOR,FULL,TEAM_FORMATION_CONDITIONED,,9.0,9.0,1.2411,0.9375,4.8962,4.1038,0,0,SHRUNK,TEAM_BASELINE,home,derived_formation,LOW,PIT_SAFE
mt_830905035,COMP_NEUTRAL,A_FC_formation_delta_corners_for_1749e4,formation_delta_corners_for,corners,FOR,FULL,TEAM_FORMATION_CONDITIONED,,0.0,0.0,-1.4808,0.0625,4.8962,-4.8962,0,0,DERIVED,TEAM_BASELINE,home,derived_formation,LOW,PIT_SAFE
mt_830905035,COMP_NEUTRAL,A_FC_fc_corners_against_ac574e,fc_corners_against,corners,AGAINST,FULL,TEAM_FORMATION_CONDITIONED,,2.0,2.0,-0.5247,0.3125,3.2692,-1.2692,0,0,SHRUNK,TEAM_BASELINE,home,derived_formation,LOW,PIT_SAFE
mt_830905035,COMP_NEUTRAL,A_FC_formation_delta_corners_against_d7e2b6,formation_delta_corners_against,corners,AGAINST,FULL,TEAM_FORMATION_CONDITIONED,,0.0,0.0,-1.3515,0.1875,3.2692,-3.2692,0,0,DERIVED,TEAM_BASELINE,home,derived_formation,LOW,PIT_SAFE
mt_830905035,COMP_NEUTRAL,A_FC_fc_touches_in_box_for_5dbbeb,fc_touches_in_box_for,touches_in_box,FOR,FULL,TEAM_FORMATION_CONDITIONED,,48.5714,48.5714,1.2601,0.9375,25.9817,22.5897,0,0,SHRUNK,TEAM_BASELINE,home,derived_formation,LOW,PIT_SAFE
mt_830905035,COMP_NEUTRAL,A_FC_formation_delta_touches_in_box_for_a9e7b8,formation_delta_touches_in_box_for,touches_in_box,FOR,FULL,TEAM_FORMATION_CONDITIONED,,0.0,0.0,-1.4493,0.1875,25.9817,-25.9817,0,0,DERIVED,TEAM_BASELINE,home,derived_formation,LOW,PIT_SAFE
mt_830905035,COMP_NEUTRAL,A_FC_fc_total_shots_for_547967,fc_total_shots_for,total_shots,FOR,FULL,TEAM_FORMATION_CONDITIONED,,19.2857,19.2857,1.2137,0.9167,9.8556,9.4301,0,0,SHRUNK,TEAM_BASELINE,home,derived_formation,LOW,PIT_SAFE
mt_830905035,COMP_NEUTRAL,A_FC_formation_delta_total_shots_for_cbfe66,formation_delta_total_shots_for,total_shots,FOR,FULL,TEAM_FORMATION_CONDITIONED,,0.0,0.0,-1.2685,0.25,9.8556,-9.8556,0,0,DERIVED,TEAM_BASELINE,home,derived_formation,LOW,PIT_SAFE
mt_830905035,COMP_NEUTRAL,A_FC_fc_possession_for_64691c,fc_possession_for,possession,FOR,FULL,TEAM_FORMATION_CONDITIONED,,54.8571,54.8571,1.0422,0.9167,30.8953,23.9619,0,0,SHRUNK,TEAM_BASELINE,home,derived_formation,LOW,PIT_SAFE
mt_830905035,COMP_NEUTRAL,A_FC_formation_delta_possession_for_d3329e,formation_delta_possession_for,possession,FOR,FULL,TEAM_FORMATION_CONDITIONED,,0.0,0.0,-1.3437,0.25,30.8953,-30.8953,0,0,DERIVED,TEAM_BASELINE,home,derived_formation,LOW,PIT_SAFE
mt_830905035,COMP_NEUTRAL,A_FC_fc_crosses_against_43f9b4,fc_crosses_against,crosses,AGAINST,FULL,TEAM_FORMATION_CONDITIONED,,3.5714,3.5714,0.048,0.4375,3.4732,0.0982,0,0,SHRUNK,TEAM_BASELINE,home,derived_formation,LOW,PIT_SAFE
mt_830905035,COMP_NEUTRAL,A_FC_formation_delta_crosses_against_066d09,formation_delta_crosses_against,crosses,AGAINST,FULL,TEAM_FORMATION_CONDITIONED,,0.0,0.0,-1.6961,0.0625,3.4732,-3.4732,0,0,DERIVED,TEAM_BASELINE,home,derived_formation,LOW,PIT_SAFE
mt_830905035,COMP_NEUTRAL,A_FC_fc_clearances_for_ec86c0,fc_clearances_for,clearances,FOR,FULL,TEAM_FORMATION_CONDITIONED,,14.1429,14.1429,-0.0912,0.3125,14.9255,-0.7826,0,0,SHRUNK,TEAM_BASELINE,home,derived_formation,LOW,PIT_SAFE
mt_830905035,COMP_NEUTRAL,A_FC_formation_delta_clearances_for_3c1a8c,formation_delta_clearances_for,clearances,FOR,FULL,TEAM_FORMATION_CONDITIONED,,0.0,0.0,-1.7393,0.0625,14.9255,-14.9255,0,0,DERIVED,TEAM_BASELINE,home,derived_formation,LOW,PIT_SAFE
mt_830905035,COMP_NEUTRAL,A_FC_fc_blocked_shots_for_e74255,fc_blocked_shots_for,blocked_shots,FOR,FULL,TEAM_FORMATION_CONDITIONED,,5.5714,5.5714,1.0834,0.9375,3.1661,2.4053,0,0,SHRUNK,TEAM_BASELINE,home,derived_formation,LOW,PIT_SAFE
mt_830905035,COMP_NEUTRAL,A_FC_formation_delta_blocked_shots_for_61662c,formation_delta_blocked_shots_for,blocked_shots,FOR,FULL,TEAM_FORMATION_CONDITIONED,,0.0,0.0,-1.4261,0.1875,3.1661,-3.1661,0,0,DERIVED,TEAM_BASELINE,home,derived_formation,LOW,PIT_SAFE
mt_830905035,COMP_NEUTRAL,A_FMX_fmx_crosses_for_a2fdb4,fmx_crosses_for,crosses,FOR,FULL,OPP_FORMATION_CONDITIONED,4-2-3-1,5.1481,5.1481,0.5801,0.6875,3.8206,1.3275,7,4,HIERARCHICAL,VENUE_OVERALL,home,derived_formation,MEDIUM,PIT_SAFE
mt_830905035,COMP_NEUTRAL,A_FMX_fmx_crosses_against_ed30c0,fmx_crosses_against,crosses,AGAINST,FULL,OPP_FORMATION_CONDITIONED,4-2-3-1,4.1811,4.1811,0.3457,0.5625,3.4732,0.7079,7,4,HIERARCHICAL,VENUE_OVERALL,home,derived_formation,MEDIUM,PIT_SAFE
mt_830905035,COMP_NEUTRAL,A_FMX_fmx_corners_for_5ad653,fmx_corners_for,corners,FOR,FULL,OPP_FORMATION_CONDITIONED,4-2-3-1,8.5315,8.5315,1.0994,0.8125,4.8962,3.6353,7,4,HIERARCHICAL,VENUE_OVERALL,home,derived_formation,MEDIUM,PIT_SAFE
mt_830905035,COMP_NEUTRAL,A_FMX_fmx_corners_against_3aff21,fmx_corners_against,corners,AGAINST,FULL,OPP_FORMATION_CONDITIONED,4-2-3-1,3.6414,3.6414,0.1539,0.5625,3.2692,0.3722,7,4,HIERARCHICAL,VENUE_OVERALL,home,derived_formation,MEDIUM,PIT_SAFE
mt_830905035,COMP_NEUTRAL,A_FMX_fmx_touches_in_box_for_c60270,fmx_touches_in_box_for,touches_in_box,FOR,FULL,OPP_FORMATION_CONDITIONED,4-2-3-1,45.325,45.325,1.079,0.8125,25.9817,19.3433,7,4,HIERARCHICAL,VENUE_OVERALL,home,derived_formation,MEDIUM,PIT_SAFE
mt_830905035,COMP_NEUTRAL,A_FMX_fmx_clearances_for_ca9364,fmx_clearances_for,clearances,FOR,FULL,OPP_FORMATION_CONDITIONED,4-2-3-1,19.0013,19.0013,0.475,0.5625,14.9255,4.0758,7,4,HIERARCHICAL,VENUE_OVERALL,home,derived_formation,MEDIUM,PIT_SAFE
mt_830905035,COMP_NEUTRAL,A_FMX_fmx_blocked_shots_for_725921,fmx_blocked_shots_for,blocked_shots,FOR,FULL,OPP_FORMATION_CONDITIONED,4-2-3-1,5.2608,5.2608,0.9435,0.8125,3.1661,2.0947,7,4,HIERARCHICAL,VENUE_OVERALL,home,derived_formation,MEDIUM,PIT_SAFE
mt_830905035,COMP_NEUTRAL,A_FMX_fmx_shots_inside_box_against_956c6f,fmx_shots_inside_box_against,shots_inside_box,AGAINST,FULL,OPP_FORMATION_CONDITIONED,4-2-3-1,8.1497,8.1497,-0.3075,0.375,8.5635,-0.4138,7,4,HIERARCHICAL,VENUE_OVERALL,home,derived_formation,MEDIUM,PIT_SAFE
mt_830905035,COMP_NEUTRAL,B_FC_fc_crosses_for_b8b005,fc_crosses_for,crosses,FOR,FULL,TEAM_FORMATION_CONDITIONED,,5.0893,5.0893,0.5544,0.5625,3.8206,1.2687,2,2,DIRECT,EXACT_FORMATION,away,derived_formation,LOW,PIT_SAFE
mt_830905035,COMP_NEUTRAL,B_FC_formation_delta_crosses_for_30c3c4,formation_delta_crosses_for,crosses,FOR,FULL,TEAM_FORMATION_CONDITIONED,,-0.1964,-0.1964,-1.7552,0.0625,3.8206,-4.017,2,1,DERIVED,EXACT_FORMATION,away,derived_formation,LOW,PIT_SAFE
mt_830905035,COMP_NEUTRAL,B_FC_fc_corners_for_3f0b7f,fc_corners_for,corners,FOR,FULL,TEAM_FORMATION_CONDITIONED,,4.2321,4.2321,-0.2009,0.4375,4.8962,-0.6641,2,2,DIRECT,EXACT_FORMATION,away,derived_formation,LOW,PIT_SAFE
mt_830905035,COMP_NEUTRAL,B_FC_formation_delta_corners_for_965569,formation_delta_corners_for,corners,FOR,FULL,TEAM_FORMATION_CONDITIONED,,0.0893,0.0893,-1.4538,0.1875,4.8962,-4.8069,2,1,DERIVED,EXACT_FORMATION,away,derived_formation,LOW,PIT_SAFE
mt_830905035,COMP_NEUTRAL,B_FC_fc_corners_against_cc1705,fc_corners_against,corners,AGAINST,FULL,TEAM_FORMATION_CONDITIONED,,5.7679,5.7679,1.033,0.8125,3.2692,2.4987,2,2,DIRECT,EXACT_FORMATION,away,derived_formation,LOW,PIT_SAFE
mt_830905035,COMP_NEUTRAL,B_FC_formation_delta_corners_against_8fca47,formation_delta_corners_against,corners,AGAINST,FULL,TEAM_FORMATION_CONDITIONED,,-0.0893,-0.0893,-1.3884,0.0625,3.2692,-3.3585,2,1,DERIVED,EXACT_FORMATION,away,derived_formation,LOW,PIT_SAFE
mt_830905035,COMP_NEUTRAL,B_FC_fc_touches_in_box_for_e40204,fc_touches_in_box_for,touches_in_box,FOR,FULL,TEAM_FORMATION_CONDITIONED,,22.0714,22.0714,-0.2181,0.3125,25.9817,-3.9103,2,2,DIRECT,EXACT_FORMATION,away,derived_formation,LOW,PIT_SAFE
mt_830905035,COMP_NEUTRAL,B_FC_formation_delta_touches_in_box_for_f46663,formation_delta_touches_in_box_for,touches_in_box,FOR,FULL,TEAM_FORMATION_CONDITIONED,,-0.3571,-0.3571,-1.4692,0.0625,25.9817,-26.3388,2,1,DERIVED,EXACT_FORMATION,away,derived_formation,LOW,PIT_SAFE
mt_830905035,COMP_NEUTRAL,B_FC_fc_total_shots_for_332641,fc_total_shots_for,total_shots,FOR,FULL,TEAM_FORMATION_CONDITIONED,,11.3393,11.3393,0.191,0.4167,9.8556,1.4837,2,2,DIRECT,EXACT_FORMATION,away,derived_formation,LOW,PIT_SAFE
mt_830905035,COMP_NEUTRAL,B_FC_formation_delta_total_shots_for_a0bbee,formation_delta_total_shots_for,total_shots,FOR,FULL,TEAM_FORMATION_CONDITIONED,,-0.9464,-0.9464,-1.3903,0.0833,9.8556,-10.802,2,1,DERIVED,EXACT_FORMATION,away,derived_formation,LOW,PIT_SAFE
mt_830905035,COMP_NEUTRAL,B_FC_fc_possession_for_20e924,fc_possession_for,possession,FOR,FULL,TEAM_FORMATION_CONDITIONED,,37.7143,37.7143,0.2966,0.4167,30.8953,6.8191,2,2,DIRECT,EXACT_FORMATION,away,derived_formation,LOW,PIT_SAFE
mt_830905035,COMP_NEUTRAL,B_FC_formation_delta_possession_for_78d09f,formation_delta_possession_for,possession,FOR,FULL,TEAM_FORMATION_CONDITIONED,,-0.5714,-0.5714,-1.3686,0.0833,30.8953,-31.4667,2,1,DERIVED,EXACT_FORMATION,away,derived_formation,LOW,PIT_SAFE
mt_830905035,COMP_NEUTRAL,B_FC_fc_crosses_against_8dd7ac,fc_crosses_against,crosses,AGAINST,FULL,TEAM_FORMATION_CONDITIONED,,5.4821,5.4821,0.9811,0.8125,3.4732,2.0089,2,2,DIRECT,EXACT_FORMATION,away,derived_formation,LOW,PIT_SAFE
mt_830905035,COMP_NEUTRAL,B_FC_formation_delta_crosses_against_dca275,formation_delta_crosses_against,crosses,AGAINST,FULL,TEAM_FORMATION_CONDITIONED,,0.3393,0.3393,-1.5304,0.1875,3.4732,-3.1339,2,1,DERIVED,EXACT_FORMATION,away,derived_formation,LOW,PIT_SAFE
mt_830905035,COMP_NEUTRAL,B_FC_fc_clearances_for_ca84c6,fc_clearances_for,clearances,FOR,FULL,TEAM_FORMATION_CONDITIONED,,22.9107,22.9107,0.9305,0.8125,14.9255,7.9852,2,2,DIRECT,EXACT_FORMATION,away,derived_formation,LOW,PIT_SAFE
mt_830905035,COMP_NEUTRAL,B_FC_formation_delta_clearances_for_2414e2,formation_delta_clearances_for,clearances,FOR,FULL,TEAM_FORMATION_CONDITIONED,,2.1964,2.1964,-1.4833,0.1875,14.9255,-12.7291,2,1,DERIVED,EXACT_FORMATION,away,derived_formation,LOW,PIT_SAFE
mt_830905035,COMP_NEUTRAL,B_FC_fc_blocked_shots_for_b493b9,fc_blocked_shots_for,blocked_shots,FOR,FULL,TEAM_FORMATION_CONDITIONED,,2.8036,2.8036,-0.1633,0.3125,3.1661,-0.3625,2,2,DIRECT,EXACT_FORMATION,away,derived_formation,LOW,PIT_SAFE
mt_830905035,COMP_NEUTRAL,B_FC_formation_delta_blocked_shots_for_50b9e6,formation_delta_blocked_shots_for,blocked_shots,FOR,FULL,TEAM_FORMATION_CONDITIONED,,-0.7679,-0.7679,-1.772,0.0625,3.1661,-3.934,2,1,DERIVED,EXACT_FORMATION,away,derived_formation,LOW,PIT_SAFE
mt_830905035,COMP_NEUTRAL,B_FMX_fmx_crosses_for_df8b57,fmx_crosses_for,crosses,FOR,FULL,OPP_FORMATION_CONDITIONED,4-4-2,5.794,5.794,0.8623,0.9375,3.8206,1.9734,7,4,HIERARCHICAL,VENUE_OVERALL,away,derived_formation,MEDIUM,PIT_SAFE
mt_830905035,COMP_NEUTRAL,B_FMX_fmx_crosses_against_16b618,fmx_crosses_against,crosses,AGAINST,FULL,OPP_FORMATION_CONDITIONED,4-4-2,5.5786,5.5786,1.0282,0.9375,3.4732,2.1054,7,4,HIERARCHICAL,VENUE_OVERALL,away,derived_formation,MEDIUM,PIT_SAFE
mt_830905035,COMP_NEUTRAL,B_FMX_fmx_corners_for_801bc8,fmx_corners_for,corners,FOR,FULL,OPP_FORMATION_CONDITIONED,4-4-2,5.1543,5.1543,0.0781,0.5625,4.8962,0.2581,7,4,HIERARCHICAL,VENUE_OVERALL,away,derived_formation,MEDIUM,PIT_SAFE
mt_830905035,COMP_NEUTRAL,B_FMX_fmx_corners_against_a880c7,fmx_corners_against,corners,AGAINST,FULL,OPP_FORMATION_CONDITIONED,4-4-2,6.4927,6.4927,1.3326,0.9375,3.2692,3.2235,7,4,HIERARCHICAL,VENUE_OVERALL,away,derived_formation,MEDIUM,PIT_SAFE
mt_830905035,COMP_NEUTRAL,B_FMX_fmx_touches_in_box_for_47aae7,fmx_touches_in_box_for,touches_in_box,FOR,FULL,OPP_FORMATION_CONDITIONED,4-4-2,26.8297,26.8297,0.0473,0.5625,25.9817,0.848,7,4,HIERARCHICAL,VENUE_OVERALL,away,derived_formation,MEDIUM,PIT_SAFE
mt_830905035,COMP_NEUTRAL,B_FMX_fmx_clearances_for_be81e2,fmx_clearances_for,clearances,FOR,FULL,OPP_FORMATION_CONDITIONED,4-4-2,23.986,23.986,1.0558,0.9375,14.9255,9.0605,7,4,HIERARCHICAL,VENUE_OVERALL,away,derived_formation,MEDIUM,PIT_SAFE
mt_830905035,COMP_NEUTRAL,B_FMX_fmx_blocked_shots_for_7af064,fmx_blocked_shots_for,blocked_shots,FOR,FULL,OPP_FORMATION_CONDITIONED,4-4-2,4.1354,4.1354,0.4366,0.5625,3.1661,0.9693,7,4,HIERARCHICAL,VENUE_OVERALL,away,derived_formation,MEDIUM,PIT_SAFE
mt_830905035,COMP_NEUTRAL,B_FMX_fmx_shots_inside_box_against_afdb5d,fmx_shots_inside_box_against,shots_inside_box,AGAINST,FULL,OPP_FORMATION_CONDITIONED,4-4-2,10.3726,10.3726,1.3442,0.875,8.5635,1.8091,7,4,HIERARCHICAL,VENUE_OVERALL,away,derived_formation,MEDIUM,PIT_SAFE
mt_830906938,COMP_NEUTRAL,A_ATK_crosses_for_abeb13,crosses_for,crosses,FOR,FULL,UNCONDITIONED,TEAM_B,5.4308,5.4308,0.9253,0.6875,3.3892,2.0416,7,4,SHRUNK,VENUE_OVERALL,home,thestatsapi,MEDIUM,PIT_SAFE
mt_830906938,COMP_NEUTRAL,A_ATK_total_shots_for_d23f74,total_shots_for,total_shots,FOR,FULL,UNCONDITIONED,TEAM_B,10.9077,10.9077,0.4046,0.4167,8.3324,2.5753,7,4,SHRUNK,VENUE_OVERALL,home,thestatsapi,MEDIUM,PIT_SAFE
mt_830906938,COMP_NEUTRAL,A_ATK_shots_on_target_for_371863,shots_on_target_for,shots_on_target,FOR,FULL,UNCONDITIONED,TEAM_B,4.0923,4.0923,-1.0,0.25,5.0,-0.9077,7,4,SHRUNK,VENUE_OVERALL,home,thestatsapi,MEDIUM,PIT_SAFE
mt_830906938,COMP_NEUTRAL,A_ATK_shots_inside_box_for_41f5a8,shots_inside_box_for,shots_inside_box,FOR,FULL,UNCONDITIONED,TEAM_B,7.4,7.4,-1.0,0.25,8.5385,-1.1385,7,4,SHRUNK,VENUE_OVERALL,home,thestatsapi,MEDIUM,PIT_SAFE
mt_830906938,COMP_NEUTRAL,A_ATK_touches_in_box_for_11de8f,touches_in_box_for,touches_in_box,FOR,FULL,UNCONDITIONED,TEAM_B,25.1846,25.1846,0.2914,0.3125,21.2595,3.9251,7,4,SHRUNK,VENUE_OVERALL,home,thestatsapi,MEDIUM,PIT_SAFE
mt_830906938,COMP_NEUTRAL,A_ATK_corners_for_f1a657,corners_for,corners,FOR,FULL,UNCONDITIONED,TEAM_B,4.8308,4.8308,0.4897,0.4375,3.725,1.1058,7,4,SHRUNK,VENUE_OVERALL,home,thestatsapi,MEDIUM,PIT_SAFE
mt_830906938,COMP_NEUTRAL,A_ATK_possession_for_e3d94a,possession_for,possession,FOR,FULL,UNCONDITIONED,TEAM_B,59.4,59.4,0.7208,0.75,39.2522,20.1478,7,4,SHRUNK,VENUE_OVERALL,home,thestatsapi,MEDIUM,PIT_SAFE
mt_830906938,COMP_NEUTRAL,A_ATK_throw_ins_for_70bc4f,throw_ins_for,throw_ins,FOR,FULL,UNCONDITIONED,TEAM_B,21.0,21.0,1.0,0.75,18.9693,2.0307,7,4,SHRUNK,VENUE_OVERALL,home,thestatsapi,MEDIUM,PIT_SAFE
mt_830906938,COMP_NEUTRAL,A_ATK_final_third_entries_for_6598ac,final_third_entries_for,final_third_entries,FOR,FULL,UNCONDITIONED,TEAM_B,59.5385,59.5385,-1.0,0.25,61.4308,-1.8923,7,4,SHRUNK,VENUE_OVERALL,home,thestatsapi,MEDIUM,PIT_SAFE
mt_830906938,COMP_NEUTRAL,A_DEF_crosses_against_8da1cf,crosses_against,crosses,AGAINST,FULL,UNCONDITIONED,TEAM_B,2.7538,2.7538,0.3921,0.4375,2.2208,0.533,7,4,SHRUNK,VENUE_OVERALL,home,thestatsapi,MEDIUM,PIT_SAFE
mt_830906938,COMP_NEUTRAL,A_DEF_total_shots_against_155821,total_shots_against,total_shots,AGAINST,FULL,UNCONDITIONED,TEAM_B,10.2615,10.2615,1.0,0.75,9.9923,0.2692,7,4,SHRUNK,VENUE_OVERALL,home,thestatsapi,MEDIUM,PIT_SAFE
mt_830906938,COMP_NEUTRAL,A_DEF_shots_inside_box_against_dd7cdc,shots_inside_box_against,shots_inside_box,AGAINST,FULL,UNCONDITIONED,TEAM_B,5.7692,5.7692,-1.2709,0.125,6.5804,-0.8112,7,4,SHRUNK,VENUE_OVERALL,home,thestatsapi,MEDIUM,PIT_SAFE
mt_830906938,COMP_NEUTRAL,A_DEF_touches_in_box_against_0a63b8,touches_in_box_against,touches_in_box,AGAINST,FULL,UNCONDITIONED,TEAM_B,17.9538,17.9538,1.0,0.75,17.8538,0.1,7,4,SHRUNK,VENUE_OVERALL,home,thestatsapi,MEDIUM,PIT_SAFE
mt_830906938,COMP_NEUTRAL,A_DEF_corners_against_0a6a80,corners_against,corners,AGAINST,FULL,UNCONDITIONED,TEAM_B,3.0769,3.0769,0.0024,0.4375,3.0723,0.0046,7,4,SHRUNK,VENUE_OVERALL,home,thestatsapi,MEDIUM,PIT_SAFE
mt_830906938,COMP_NEUTRAL,A_DEF_blocked_shots_for_b56b92,blocked_shots_for,blocked_shots,FOR,FULL,UNCONDITIONED,TEAM_B,2.7692,2.7692,0.0314,0.4375,2.713,0.0562,7,4,SHRUNK,VENUE_OVERALL,home,thestatsapi,MEDIUM,PIT_SAFE
mt_830906938,COMP_NEUTRAL,A_DEF_clearances_for_e8875e,clearances_for,clearances,FOR,FULL,UNCONDITIONED,TEAM_B,14.9846,14.9846,0.2861,0.4375,12.9173,2.0673,7,4,SHRUNK,VENUE_OVERALL,home,thestatsapi,MEDIUM,PIT_SAFE
mt_830906938,COMP_NEUTRAL,A_DEF_interceptions_for_fc4e57,interceptions_for,interceptions,FOR,FULL,UNCONDITIONED,TEAM_B,6.6154,6.6154,-1.0,0.25,7.4846,-0.8692,7,4,SHRUNK,VENUE_OVERALL,home,thestatsapi,MEDIUM,PIT_SAFE
mt_830906938,COMP_NEUTRAL,A_DIS_fouls_for_399d1c,fouls_for,fouls,FOR,FULL,UNCONDITIONED,TEAM_B,11.0154,11.0154,1.0,0.75,10.4769,0.5385,7,4,SHRUNK,VENUE_OVERALL,home,thestatsapi,MEDIUM,PIT_SAFE
mt_830906938,COMP_NEUTRAL,A_DIS_tackles_for_d6d72f,tackles_for,tackles,FOR,FULL,UNCONDITIONED,TEAM_B,15.2462,15.2462,1.0,0.75,15.2154,0.0308,7,4,SHRUNK,VENUE_OVERALL,home,thestatsapi,MEDIUM,PIT_SAFE
mt_830906938,COMP_NEUTRAL,A_DIS_yellow_cards_for_5fb517,yellow_cards_for,yellow_cards,FOR,FULL,UNCONDITIONED,TEAM_B,2.5357,2.5357,1.0,0.75,1.9832,0.5524,6,4,SHRUNK,VENUE_OVERALL,home,thestatsapi,MEDIUM,PIT_SAFE
mt_830906938,COMP_NEUTRAL,A_DIS_fouls_against_637728,fouls_against,fouls,AGAINST,FULL,UNCONDITIONED,TEAM_B,12.4,12.4,-1.0,0.25,13.6,-1.2,7,4,SHRUNK,VENUE_OVERALL,home,thestatsapi,MEDIUM,PIT_SAFE
mt_830906938,COMP_NEUTRAL,B_ATK_crosses_for_8de436,crosses_for,crosses,FOR,FULL,UNCONDITIONED,TEAM_A,3.0308,3.0308,-0.1624,0.4375,3.3892,-0.3584,7,4,SHRUNK,VENUE_OVERALL,away,thestatsapi,MEDIUM,PIT_SAFE
mt_830906938,COMP_NEUTRAL,B_ATK_total_shots_for_4211ec,total_shots_for,total_shots,FOR,FULL,UNCONDITIONED,TEAM_A,15.0154,15.0154,1.0498,0.9167,8.3324,6.683,7,4,SHRUNK,VENUE_OVERALL,away,thestatsapi,MEDIUM,PIT_SAFE
mt_830906938,COMP_NEUTRAL,B_ATK_shots_on_target_for_9632a7,shots_on_target_for,shots_on_target,FOR,FULL,UNCONDITIONED,TEAM_A,5.9077,5.9077,1.0,0.75,5.0,0.9077,7,4,SHRUNK,VENUE_OVERALL,away,thestatsapi,MEDIUM,PIT_SAFE
mt_830906938,COMP_NEUTRAL,B_ATK_shots_inside_box_for_4f5da9,shots_inside_box_for,shots_inside_box,FOR,FULL,UNCONDITIONED,TEAM_A,9.6769,9.6769,1.0,0.75,8.5385,1.1384,7,4,SHRUNK,VENUE_OVERALL,away,thestatsapi,MEDIUM,PIT_SAFE
mt_830906938,COMP_NEUTRAL,B_ATK_touches_in_box_for_1db69a,touches_in_box_for,touches_in_box,FOR,FULL,UNCONDITIONED,TEAM_A,32.2154,32.2154,0.8134,0.8125,21.2595,10.956,7,4,SHRUNK,VENUE_OVERALL,away,thestatsapi,MEDIUM,PIT_SAFE
mt_830906938,COMP_NEUTRAL,B_ATK_corners_for_a3819b,corners_for,corners,FOR,FULL,UNCONDITIONED,TEAM_A,5.0769,5.0769,0.5987,0.6875,3.725,1.3519,7,4,SHRUNK,VENUE_OVERALL,away,thestatsapi,MEDIUM,PIT_SAFE
mt_830906938,COMP_NEUTRAL,B_ATK_possession_for_f9f93b,possession_for,possession,FOR,FULL,UNCONDITIONED,TEAM_A,59.1846,59.1846,0.713,0.5833,39.2522,19.9324,7,4,SHRUNK,VENUE_OVERALL,away,thestatsapi,MEDIUM,PIT_SAFE
mt_830906938,COMP_NEUTRAL,B_ATK_throw_ins_for_c4a81a,throw_ins_for,throw_ins,FOR,FULL,UNCONDITIONED,TEAM_A,16.9385,16.9385,-1.0,0.25,18.9693,-2.0308,7,4,SHRUNK,VENUE_OVERALL,away,thestatsapi,MEDIUM,PIT_SAFE
mt_830906938,COMP_NEUTRAL,B_ATK_final_third_entries_for_879a1d,final_third_entries_for,final_third_entries,FOR,FULL,UNCONDITIONED,TEAM_A,63.3231,63.3231,1.0,0.75,61.4308,1.8923,7,4,SHRUNK,VENUE_OVERALL,away,thestatsapi,MEDIUM,PIT_SAFE
mt_830906938,COMP_NEUTRAL,B_DEF_crosses_against_c03686,crosses_against,crosses,AGAINST,FULL,UNCONDITIONED,TEAM_A,2.8,2.8,0.4261,0.6875,2.2208,0.5792,7,4,SHRUNK,VENUE_OVERALL,away,thestatsapi,MEDIUM,PIT_SAFE
mt_830906938,COMP_NEUTRAL,B_DEF_total_shots_against_9342eb,total_shots_against,total_shots,AGAINST,FULL,UNCONDITIONED,TEAM_A,9.7231,9.7231,-1.0,0.25,9.9923,-0.2692,7,4,SHRUNK,VENUE_OVERALL,away,thestatsapi,MEDIUM,PIT_SAFE
mt_830906938,COMP_NEUTRAL,B_DEF_shots_inside_box_against_3ae336,shots_inside_box_against,shots_inside_box,AGAINST,FULL,UNCONDITIONED,TEAM_A,6.2,6.2,-0.596,0.375,6.5804,-0.3804,7,4,SHRUNK,VENUE_OVERALL,away,thestatsapi,MEDIUM,PIT_SAFE
mt_830906938,COMP_NEUTRAL,B_DEF_touches_in_box_against_4ad41e,touches_in_box_against,touches_in_box,AGAINST,FULL,UNCONDITIONED,TEAM_A,17.7538,17.7538,-1.0,0.25,17.8538,-0.1,7,4,SHRUNK,VENUE_OVERALL,away,thestatsapi,MEDIUM,PIT_SAFE
mt_830906938,COMP_NEUTRAL,B_DEF_corners_against_15a34c,corners_against,corners,AGAINST,FULL,UNCONDITIONED,TEAM_A,4.5846,4.5846,0.7845,0.6875,3.0723,1.5123,7,4,SHRUNK,VENUE_OVERALL,away,thestatsapi,MEDIUM,PIT_SAFE
mt_830906938,COMP_NEUTRAL,B_DEF_blocked_shots_for_79683a,blocked_shots_for,blocked_shots,FOR,FULL,UNCONDITIONED,TEAM_A,4.5077,4.5077,1.0016,0.8125,2.713,1.7947,7,4,SHRUNK,VENUE_OVERALL,away,thestatsapi,MEDIUM,PIT_SAFE
mt_830906938,COMP_NEUTRAL,B_DEF_clearances_for_55b362,clearances_for,clearances,FOR,FULL,UNCONDITIONED,TEAM_A,15.9077,15.9077,0.4139,0.5625,12.9173,2.9904,7,4,SHRUNK,VENUE_OVERALL,away,thestatsapi,MEDIUM,PIT_SAFE
mt_830906938,COMP_NEUTRAL,B_DEF_interceptions_for_6f4bef,interceptions_for,interceptions,FOR,FULL,UNCONDITIONED,TEAM_A,8.3538,8.3538,1.0,0.75,7.4846,0.8692,7,4,SHRUNK,VENUE_OVERALL,away,thestatsapi,MEDIUM,PIT_SAFE
mt_830906938,COMP_NEUTRAL,B_DIS_fouls_for_ba0bc3,fouls_for,fouls,FOR,FULL,UNCONDITIONED,TEAM_A,9.9385,9.9385,-1.0,0.25,10.4769,-0.5384,7,4,SHRUNK,VENUE_OVERALL,away,thestatsapi,MEDIUM,PIT_SAFE
mt_830906938,COMP_NEUTRAL,B_DIS_tackles_for_743c57,tackles_for,tackles,FOR,FULL,UNCONDITIONED,TEAM_A,15.1846,15.1846,-1.0,0.25,15.2154,-0.0308,7,4,SHRUNK,VENUE_OVERALL,away,thestatsapi,MEDIUM,PIT_SAFE
mt_830906938,COMP_NEUTRAL,B_DIS_yellow_cards_for_550dcf,yellow_cards_for,yellow_cards,FOR,FULL,UNCONDITIONED,TEAM_A,1.4308,1.4308,-1.0,0.25,1.9832,-0.5524,7,4,SHRUNK,VENUE_OVERALL,away,thestatsapi,MEDIUM,PIT_SAFE
mt_830906938,COMP_NEUTRAL,B_DIS_fouls_against_b56a60,fouls_against,fouls,AGAINST,FULL,UNCONDITIONED,TEAM_A,14.8,14.8,1.0,0.75,13.6,1.2,7,4,SHRUNK,VENUE_OVERALL,away,thestatsapi,MEDIUM,PIT_SAFE
mt_830906938,COMP_NEUTRAL,ENV_corners_833431,league_corners_env,league_corners_env,NEUTRAL,FULL,UNCONDITIONED,,9.3725,9.3725,,0.5,9.3725,0.0,0,0,DIRECT,COMPETITION_PRIOR,,derived,HIGH,PIT_SAFE
mt_830906938,COMP_NEUTRAL,ENV_total_shots_f591fb,league_total_shots_env,league_total_shots_env,NEUTRAL,FULL,UNCONDITIONED,,23.4052,23.4052,,0.5,23.4052,0.0,0,0,DIRECT,COMPETITION_PRIOR,,derived,HIGH,PIT_SAFE
mt_830906938,COMP_NEUTRAL,ENV_fouls_1df8c9,league_fouls_env,league_fouls_env,NEUTRAL,FULL,UNCONDITIONED,,25.183,25.183,,0.5,25.183,0.0,0,0,DIRECT,COMPETITION_PRIOR,,derived,HIGH,PIT_SAFE
mt_830906938,COMP_NEUTRAL,ENV_yellow_cards_fba5e7,league_yellow_cards_env,league_yellow_cards_env,NEUTRAL,FULL,UNCONDITIONED,,4.9054,4.9054,,0.5,4.9054,0.0,0,0,DIRECT,COMPETITION_PRIOR,,derived,HIGH,PIT_SAFE
mt_830906938,COMP_NEUTRAL,A_FC_fc_crosses_for_b3f6c0,fc_crosses_for,crosses,FOR,FULL,TEAM_FORMATION_CONDITIONED,,5.8571,5.8571,1.1185,0.8125,3.3892,2.4679,0,0,SHRUNK,TEAM_BASELINE,home,derived_formation,LOW,PIT_SAFE
mt_830906938,COMP_NEUTRAL,A_FC_formation_delta_crosses_for_f8e9fb,formation_delta_crosses_for,crosses,FOR,FULL,TEAM_FORMATION_CONDITIONED,,0.0,0.0,-1.5361,0.0625,3.3892,-3.3892,0,0,DERIVED,TEAM_BASELINE,home,derived_formation,LOW,PIT_SAFE
mt_830906938,COMP_NEUTRAL,A_FC_fc_corners_for_167ec8,fc_corners_for,corners,FOR,FULL,TEAM_FORMATION_CONDITIONED,,4.8571,4.8571,0.5014,0.5625,3.725,1.1321,0,0,SHRUNK,TEAM_BASELINE,home,derived_formation,LOW,PIT_SAFE
mt_830906938,COMP_NEUTRAL,A_FC_formation_delta_corners_for_e19640,formation_delta_corners_for,corners,FOR,FULL,TEAM_FORMATION_CONDITIONED,,0.0,0.0,-1.6496,0.1875,3.725,-3.725,0,0,DERIVED,TEAM_BASELINE,home,derived_formation,LOW,PIT_SAFE
mt_830906938,COMP_NEUTRAL,A_FC_fc_corners_against_aae480,fc_corners_against,corners,AGAINST,FULL,TEAM_FORMATION_CONDITIONED,,2.8571,2.8571,-0.1116,0.3125,3.0723,-0.2152,0,0,SHRUNK,TEAM_BASELINE,home,derived_formation,LOW,PIT_SAFE
mt_830906938,COMP_NEUTRAL,A_FC_formation_delta_corners_against_8a3ffd,formation_delta_corners_against,corners,AGAINST,FULL,TEAM_FORMATION_CONDITIONED,,0.0,0.0,-1.5938,0.0625,3.0723,-3.0723,0,0,DERIVED,TEAM_BASELINE,home,derived_formation,LOW,PIT_SAFE
mt_830906938,COMP_NEUTRAL,A_FC_fc_touches_in_box_for_bdfec0,fc_touches_in_box_for,touches_in_box,FOR,FULL,TEAM_FORMATION_CONDITIONED,,27.0,27.0,0.4262,0.4375,21.2595,5.7405,0,0,SHRUNK,TEAM_BASELINE,home,derived_formation,LOW,PIT_SAFE
mt_830906938,COMP_NEUTRAL,A_FC_formation_delta_touches_in_box_for_44b92c,formation_delta_touches_in_box_for,touches_in_box,FOR,FULL,TEAM_FORMATION_CONDITIONED,,0.0,0.0,-1.5785,0.1875,21.2595,-21.2595,0,0,DERIVED,TEAM_BASELINE,home,derived_formation,LOW,PIT_SAFE
mt_830906938,COMP_NEUTRAL,A_FC_fc_total_shots_for_93520c,fc_total_shots_for,total_shots,FOR,FULL,TEAM_FORMATION_CONDITIONED,,11.2857,11.2857,0.4639,0.5833,8.3324,2.9533,0,0,SHRUNK,TEAM_BASELINE,home,derived_formation,LOW,PIT_SAFE
mt_830906938,COMP_NEUTRAL,A_FC_formation_delta_total_shots_for_f8ec4d,formation_delta_total_shots_for,total_shots,FOR,FULL,TEAM_FORMATION_CONDITIONED,,0.0,0.0,-1.309,0.25,8.3324,-8.3324,0,0,DERIVED,TEAM_BASELINE,home,derived_formation,LOW,PIT_SAFE
mt_830906938,COMP_NEUTRAL,A_FC_fc_possession_for_6f9e8f,fc_possession_for,possession,FOR,FULL,TEAM_FORMATION_CONDITIONED,,59.8571,59.8571,0.7371,0.9167,39.2522,20.6049,0,0,SHRUNK,TEAM_BASELINE,home,derived_formation,LOW,PIT_SAFE
mt_830906938,COMP_NEUTRAL,A_FC_formation_delta_possession_for_ac4886,formation_delta_possession_for,possession,FOR,FULL,TEAM_FORMATION_CONDITIONED,,0.0,0.0,-1.4042,0.25,39.2522,-39.2522,0,0,DERIVED,TEAM_BASELINE,home,derived_formation,LOW,PIT_SAFE
mt_830906938,COMP_NEUTRAL,A_FC_fc_crosses_against_af1fdb,fc_crosses_against,crosses,AGAINST,FULL,TEAM_FORMATION_CONDITIONED,,2.4286,2.4286,0.1529,0.3125,2.2208,0.2078,0,0,SHRUNK,TEAM_BASELINE,home,derived_formation,LOW,PIT_SAFE
mt_830906938,COMP_NEUTRAL,A_FC_formation_delta_crosses_against_0759c1,formation_delta_crosses_against,crosses,AGAINST,FULL,TEAM_FORMATION_CONDITIONED,,0.0,0.0,-1.6337,0.1875,2.2208,-2.2208,0,0,DERIVED,TEAM_BASELINE,home,derived_formation,LOW,PIT_SAFE
mt_830906938,COMP_NEUTRAL,A_FC_fc_clearances_for_afdb5e,fc_clearances_for,clearances,FOR,FULL,TEAM_FORMATION_CONDITIONED,,14.0,14.0,0.1498,0.3125,12.9173,1.0827,0,0,SHRUNK,TEAM_BASELINE,home,derived_formation,LOW,PIT_SAFE
mt_830906938,COMP_NEUTRAL,A_FC_formation_delta_clearances_for_dfcfef,formation_delta_clearances_for,clearances,FOR,FULL,TEAM_FORMATION_CONDITIONED,,0.0,0.0,-1.7876,0.0625,12.9173,-12.9173,0,0,DERIVED,TEAM_BASELINE,home,derived_formation,LOW,PIT_SAFE
mt_830906938,COMP_NEUTRAL,A_FC_fc_blocked_shots_for_bb389f,fc_blocked_shots_for,blocked_shots,FOR,FULL,TEAM_FORMATION_CONDITIONED,,2.5714,2.5714,-0.079,0.3125,2.713,-0.1416,0,0,SHRUNK,TEAM_BASELINE,home,derived_formation,LOW,PIT_SAFE
mt_830906938,COMP_NEUTRAL,A_FC_formation_delta_blocked_shots_for_355e59,formation_delta_blocked_shots_for,blocked_shots,FOR,FULL,TEAM_FORMATION_CONDITIONED,,0.0,0.0,-1.5141,0.1875,2.713,-2.713,0,0,DERIVED,TEAM_BASELINE,home,derived_formation,LOW,PIT_SAFE
mt_830906938,COMP_NEUTRAL,A_FMX_fmx_crosses_for_376fad,fmx_crosses_for,crosses,FOR,FULL,OPP_FORMATION_CONDITIONED,4-4-2,5.9429,5.9429,1.1574,0.9375,3.3892,2.5537,7,4,HIERARCHICAL,VENUE_OVERALL,home,derived_formation,MEDIUM,PIT_SAFE
mt_830906938,COMP_NEUTRAL,A_FMX_fmx_crosses_against_ec9641,fmx_crosses_against,crosses,AGAINST,FULL,OPP_FORMATION_CONDITIONED,4-4-2,3.5033,3.5033,0.9434,0.8125,2.2208,1.2825,7,4,HIERARCHICAL,VENUE_OVERALL,home,derived_formation,MEDIUM,PIT_SAFE
mt_830906938,COMP_NEUTRAL,A_FMX_fmx_corners_for_5a0fa8,fmx_corners_for,corners,FOR,FULL,OPP_FORMATION_CONDITIONED,4-4-2,5.4337,5.4337,0.7567,0.8125,3.725,1.7087,7,4,HIERARCHICAL,VENUE_OVERALL,home,derived_formation,MEDIUM,PIT_SAFE
mt_830906938,COMP_NEUTRAL,A_FMX_fmx_corners_against_9b6576,fmx_corners_against,corners,AGAINST,FULL,OPP_FORMATION_CONDITIONED,4-4-2,3.8733,3.8733,0.4155,0.5625,3.0723,0.801,7,4,HIERARCHICAL,VENUE_OVERALL,home,derived_formation,MEDIUM,PIT_SAFE
mt_830906938,COMP_NEUTRAL,A_FMX_fmx_touches_in_box_for_bc1894,fmx_touches_in_box_for,touches_in_box,FOR,FULL,OPP_FORMATION_CONDITIONED,4-4-2,27.8158,27.8158,0.4868,0.6875,21.2595,6.5563,7,4,HIERARCHICAL,VENUE_OVERALL,home,derived_formation,MEDIUM,PIT_SAFE
mt_830906938,COMP_NEUTRAL,A_FMX_fmx_clearances_for_037e41,fmx_clearances_for,clearances,FOR,FULL,OPP_FORMATION_CONDITIONED,4-4-2,18.2724,18.2724,0.7411,0.6875,12.9173,5.3551,7,4,HIERARCHICAL,VENUE_OVERALL,home,derived_formation,MEDIUM,PIT_SAFE
mt_830906938,COMP_NEUTRAL,A_FMX_fmx_blocked_shots_for_f1d0cc,fmx_blocked_shots_for,blocked_shots,FOR,FULL,OPP_FORMATION_CONDITIONED,4-4-2,3.1821,3.1821,0.2618,0.5625,2.713,0.4691,7,4,HIERARCHICAL,VENUE_OVERALL,home,derived_formation,MEDIUM,PIT_SAFE
mt_830906938,COMP_NEUTRAL,A_FMX_fmx_shots_inside_box_against_6c69e9,fmx_shots_inside_box_against,shots_inside_box,AGAINST,FULL,OPP_FORMATION_CONDITIONED,4-4-2,6.9345,6.9345,0.5547,0.625,6.5804,0.3541,7,4,HIERARCHICAL,VENUE_OVERALL,home,derived_formation,MEDIUM,PIT_SAFE
mt_830906938,COMP_NEUTRAL,B_FC_fc_crosses_for_304802,fc_crosses_for,crosses,FOR,FULL,TEAM_FORMATION_CONDITIONED,,2.9107,2.9107,-0.2169,0.3125,3.3892,-0.4785,2,2,DIRECT,EXACT_FORMATION,away,derived_formation,LOW,PIT_SAFE
mt_830906938,COMP_NEUTRAL,B_FC_formation_delta_crosses_for_457386,formation_delta_crosses_for,crosses,FOR,FULL,TEAM_FORMATION_CONDITIONED,,0.1964,0.1964,-1.4471,0.1875,3.3892,-3.1928,2,1,DERIVED,EXACT_FORMATION,away,derived_formation,LOW,PIT_SAFE
mt_830906938,COMP_NEUTRAL,B_FC_fc_corners_for_82a570,fc_corners_for,corners,FOR,FULL,TEAM_FORMATION_CONDITIONED,,4.3036,4.3036,0.2562,0.3125,3.725,0.5786,2,2,DIRECT,EXACT_FORMATION,away,derived_formation,LOW,PIT_SAFE
mt_830906938,COMP_NEUTRAL,B_FC_formation_delta_corners_for_076b21,formation_delta_corners_for,corners,FOR,FULL,TEAM_FORMATION_CONDITIONED,,-0.2679,-0.2679,-1.7682,0.0625,3.725,-3.9929,2,1,DERIVED,EXACT_FORMATION,away,derived_formation,LOW,PIT_SAFE
mt_830906938,COMP_NEUTRAL,B_FC_fc_corners_against_7a624f,fc_corners_against,corners,AGAINST,FULL,TEAM_FORMATION_CONDITIONED,,4.8929,4.8929,0.9445,0.8125,3.0723,1.8206,2,2,DIRECT,EXACT_FORMATION,away,derived_formation,LOW,PIT_SAFE
mt_830906938,COMP_NEUTRAL,B_FC_formation_delta_corners_against_8bf53d,formation_delta_corners_against,corners,AGAINST,FULL,TEAM_FORMATION_CONDITIONED,,0.0357,0.0357,-1.5753,0.1875,3.0723,-3.0366,2,1,DERIVED,EXACT_FORMATION,away,derived_formation,LOW,PIT_SAFE
mt_830906938,COMP_NEUTRAL,B_FC_fc_touches_in_box_for_52910e,fc_touches_in_box_for,touches_in_box,FOR,FULL,TEAM_FORMATION_CONDITIONED,,27.6429,27.6429,0.474,0.5625,21.2595,6.3834,2,2,DIRECT,EXACT_FORMATION,away,derived_formation,LOW,PIT_SAFE
mt_830906938,COMP_NEUTRAL,B_FC_formation_delta_touches_in_box_for_28d67c,formation_delta_touches_in_box_for,touches_in_box,FOR,FULL,TEAM_FORMATION_CONDITIONED,,-3.2143,-3.2143,-1.8171,0.0625,21.2595,-24.4738,2,1,DERIVED,EXACT_FORMATION,away,derived_formation,LOW,PIT_SAFE
mt_830906938,COMP_NEUTRAL,B_FC_fc_total_shots_for_9fb4c6,fc_total_shots_for,total_shots,FOR,FULL,TEAM_FORMATION_CONDITIONED,,13.6786,13.6786,0.8398,0.75,8.3324,5.3462,2,2,DIRECT,EXACT_FORMATION,away,derived_formation,LOW,PIT_SAFE
mt_830906938,COMP_NEUTRAL,B_FC_formation_delta_total_shots_for_6be69c,formation_delta_total_shots_for,total_shots,FOR,FULL,TEAM_FORMATION_CONDITIONED,,-0.8929,-0.8929,-1.4492,0.0833,8.3324,-9.2253,2,1,DERIVED,EXACT_FORMATION,away,derived_formation,LOW,PIT_SAFE
mt_830906938,COMP_NEUTRAL,B_FC_fc_possession_for_4a646e,fc_possession_for,possession,FOR,FULL,TEAM_FORMATION_CONDITIONED,,57.6071,57.6071,0.6566,0.4167,39.2522,18.3549,2,2,DIRECT,EXACT_FORMATION,away,derived_formation,LOW,PIT_SAFE
mt_830906938,COMP_NEUTRAL,B_FC_formation_delta_possession_for_fe8466,formation_delta_possession_for,possession,FOR,FULL,TEAM_FORMATION_CONDITIONED,,-0.5357,-0.5357,-1.4233,0.0833,39.2522,-39.7879,2,1,DERIVED,EXACT_FORMATION,away,derived_formation,LOW,PIT_SAFE
mt_830906938,COMP_NEUTRAL,B_FC_fc_crosses_against_894369,fc_crosses_against,crosses,AGAINST,FULL,TEAM_FORMATION_CONDITIONED,,2.7679,2.7679,0.4024,0.5625,2.2208,0.5471,2,2,DIRECT,EXACT_FORMATION,away,derived_formation,LOW,PIT_SAFE
mt_830906938,COMP_NEUTRAL,B_FC_formation_delta_crosses_against_7961df,formation_delta_crosses_against,crosses,AGAINST,FULL,TEAM_FORMATION_CONDITIONED,,-0.0893,-0.0893,-1.6994,0.0625,2.2208,-2.3101,2,1,DERIVED,EXACT_FORMATION,away,derived_formation,LOW,PIT_SAFE
mt_830906938,COMP_NEUTRAL,B_FC_fc_clearances_for_127d1c,fc_clearances_for,clearances,FOR,FULL,TEAM_FORMATION_CONDITIONED,,19.0714,19.0714,0.8517,0.8125,12.9173,6.1541,2,2,DIRECT,EXACT_FORMATION,away,derived_formation,LOW,PIT_SAFE
mt_830906938,COMP_NEUTRAL,B_FC_formation_delta_clearances_for_c250ea,formation_delta_clearances_for,clearances,FOR,FULL,TEAM_FORMATION_CONDITIONED,,1.6429,1.6429,-1.5603,0.1875,12.9173,-11.2744,2,1,DERIVED,EXACT_FORMATION,away,derived_formation,LOW,PIT_SAFE
mt_830906938,COMP_NEUTRAL,B_FC_fc_blocked_shots_for_bb864c,fc_blocked_shots_for,blocked_shots,FOR,FULL,TEAM_FORMATION_CONDITIONED,,4.1964,4.1964,0.8279,0.6875,2.713,1.4834,2,2,DIRECT,EXACT_FORMATION,away,derived_formation,LOW,PIT_SAFE
mt_830906938,COMP_NEUTRAL,B_FC_formation_delta_blocked_shots_for_7b1e50,formation_delta_blocked_shots_for,blocked_shots,FOR,FULL,TEAM_FORMATION_CONDITIONED,,-0.2321,-0.2321,-1.6437,0.0625,2.713,-2.9451,2,1,DERIVED,EXACT_FORMATION,away,derived_formation,LOW,PIT_SAFE
mt_830906938,COMP_NEUTRAL,B_FMX_fmx_crosses_for_733ec7,fmx_crosses_for,crosses,FOR,FULL,OPP_FORMATION_CONDITIONED,4-3-3,3.7451,3.7451,0.1613,0.5625,3.3892,0.3559,7,4,HIERARCHICAL,VENUE_OVERALL,away,derived_formation,MEDIUM,PIT_SAFE
mt_830906938,COMP_NEUTRAL,B_FMX_fmx_crosses_against_ac6e12,fmx_crosses_against,crosses,AGAINST,FULL,OPP_FORMATION_CONDITIONED,4-3-3,3.6022,3.6022,1.0162,0.9375,2.2208,1.3814,7,4,HIERARCHICAL,VENUE_OVERALL,away,derived_formation,MEDIUM,PIT_SAFE
mt_830906938,COMP_NEUTRAL,B_FMX_fmx_corners_for_95256d,fmx_corners_for,corners,FOR,FULL,OPP_FORMATION_CONDITIONED,4-3-3,5.5656,5.5656,0.8151,0.9375,3.725,1.8406,7,4,HIERARCHICAL,VENUE_OVERALL,away,derived_formation,MEDIUM,PIT_SAFE
mt_830906938,COMP_NEUTRAL,B_FMX_fmx_corners_against_f276bd,fmx_corners_against,corners,AGAINST,FULL,OPP_FORMATION_CONDITIONED,4-3-3,5.2579,5.2579,1.1338,0.9375,3.0723,2.1856,7,4,HIERARCHICAL,VENUE_OVERALL,away,derived_formation,MEDIUM,PIT_SAFE
mt_830906938,COMP_NEUTRAL,B_FMX_fmx_touches_in_box_for_76beee,fmx_touches_in_box_for,touches_in_box,FOR,FULL,OPP_FORMATION_CONDITIONED,4-3-3,33.4312,33.4312,0.9037,0.9375,21.2595,12.1717,7,4,HIERARCHICAL,VENUE_OVERALL,away,derived_formation,MEDIUM,PIT_SAFE
mt_830906938,COMP_NEUTRAL,B_FMX_fmx_clearances_for_d2a144,fmx_clearances_for,clearances,FOR,FULL,OPP_FORMATION_CONDITIONED,4-3-3,19.4592,19.4592,0.9053,0.9375,12.9173,6.5419,7,4,HIERARCHICAL,VENUE_OVERALL,away,derived_formation,MEDIUM,PIT_SAFE
mt_830906938,COMP_NEUTRAL,B_FMX_fmx_blocked_shots_for_751ee3,fmx_blocked_shots_for,blocked_shots,FOR,FULL,OPP_FORMATION_CONDITIONED,4-3-3,4.7095,4.7095,1.1142,0.9375,2.713,1.9965,7,4,HIERARCHICAL,VENUE_OVERALL,away,derived_formation,MEDIUM,PIT_SAFE
mt_830906938,COMP_NEUTRAL,B_FMX_fmx_shots_inside_box_against_018809,fmx_shots_inside_box_against,shots_inside_box,AGAINST,FULL,OPP_FORMATION_CONDITIONED,4-3-3,7.418,7.418,1.3122,0.875,6.5804,0.8376,7,4,HIERARCHICAL,VENUE_OVERALL,away,derived_formation,MEDIUM,PIT_SAFE
mt_196039593,COMP_NEUTRAL,A_ATK_crosses_for_e9973f,crosses_for,crosses,FOR,FULL,UNCONDITIONED,TEAM_B,6.0,6.0,0.8225,0.6875,3.9725,2.0275,7,4,SHRUNK,VENUE_OVERALL,home,thestatsapi,MEDIUM,PIT_SAFE
mt_196039593,COMP_NEUTRAL,A_ATK_total_shots_for_8a2f74,total_shots_for,total_shots,FOR,FULL,UNCONDITIONED,TEAM_B,16.033,16.033,0.8841,0.75,9.768,6.265,7,4,SHRUNK,VENUE_OVERALL,home,thestatsapi,MEDIUM,PIT_SAFE
mt_196039593,COMP_NEUTRAL,A_ATK_shots_on_target_for_2dd960,shots_on_target_for,shots_on_target,FOR,FULL,UNCONDITIONED,TEAM_B,5.1868,5.1868,-1.0,0.25,5.2434,-0.0566,7,4,SHRUNK,VENUE_OVERALL,home,thestatsapi,MEDIUM,PIT_SAFE
mt_196039593,COMP_NEUTRAL,A_ATK_shots_inside_box_for_dd65e0,shots_inside_box_for,shots_inside_box,FOR,FULL,UNCONDITIONED,TEAM_B,9.2637,9.2637,1.0,0.75,8.5533,0.7104,7,4,SHRUNK,VENUE_OVERALL,home,thestatsapi,MEDIUM,PIT_SAFE
mt_196039593,COMP_NEUTRAL,A_ATK_touches_in_box_for_fba419,touches_in_box_for,touches_in_box,FOR,FULL,UNCONDITIONED,TEAM_B,24.4286,24.4286,0.6225,0.6875,17.8736,6.555,7,4,SHRUNK,VENUE_OVERALL,home,thestatsapi,MEDIUM,PIT_SAFE
mt_196039593,COMP_NEUTRAL,A_ATK_corners_for_f37e2d,corners_for,corners,FOR,FULL,UNCONDITIONED,TEAM_B,5.7582,5.7582,0.7312,0.8125,3.985,1.7732,7,4,SHRUNK,VENUE_OVERALL,home,thestatsapi,MEDIUM,PIT_SAFE
mt_196039593,COMP_NEUTRAL,A_ATK_possession_for_cd7ed9,possession_for,possession,FOR,FULL,UNCONDITIONED,TEAM_B,54.2198,54.2198,0.7589,0.9167,35.1569,19.0629,7,4,SHRUNK,VENUE_OVERALL,home,thestatsapi,MEDIUM,PIT_SAFE
mt_196039593,COMP_NEUTRAL,A_ATK_throw_ins_for_475708,throw_ins_for,throw_ins,FOR,FULL,UNCONDITIONED,TEAM_B,19.7582,19.7582,-1.0,0.25,20.7934,-1.0352,7,4,SHRUNK,VENUE_OVERALL,home,thestatsapi,MEDIUM,PIT_SAFE
mt_196039593,COMP_NEUTRAL,A_ATK_final_third_entries_for_67f8a7,final_third_entries_for,final_third_entries,FOR,FULL,UNCONDITIONED,TEAM_B,59.1648,59.1648,1.0,0.75,58.6395,0.5252,7,4,SHRUNK,VENUE_OVERALL,home,thestatsapi,MEDIUM,PIT_SAFE
mt_196039593,COMP_NEUTRAL,A_DEF_crosses_against_31411a,crosses_against,crosses,AGAINST,FULL,UNCONDITIONED,TEAM_B,2.4066,2.4066,-0.3011,0.4375,3.0845,-0.6779,7,4,SHRUNK,VENUE_OVERALL,home,thestatsapi,MEDIUM,PIT_SAFE
mt_196039593,COMP_NEUTRAL,A_DEF_total_shots_against_a702f7,total_shots_against,total_shots,AGAINST,FULL,UNCONDITIONED,TEAM_B,9.989,9.989,-1.0,0.25,11.8588,-1.8698,7,4,SHRUNK,VENUE_OVERALL,home,thestatsapi,MEDIUM,PIT_SAFE
mt_196039593,COMP_NEUTRAL,A_DEF_shots_inside_box_against_acad8c,shots_inside_box_against,shots_inside_box,AGAINST,FULL,UNCONDITIONED,TEAM_B,7.011,7.011,-1.4348,0.125,8.0169,-1.0059,7,4,SHRUNK,VENUE_OVERALL,home,thestatsapi,MEDIUM,PIT_SAFE
mt_196039593,COMP_NEUTRAL,A_DEF_touches_in_box_against_88c4d9,touches_in_box_against,touches_in_box,AGAINST,FULL,UNCONDITIONED,TEAM_B,19.1538,19.1538,-1.0,0.25,20.3554,-1.2016,7,4,SHRUNK,VENUE_OVERALL,home,thestatsapi,MEDIUM,PIT_SAFE
mt_196039593,COMP_NEUTRAL,A_DEF_corners_against_8eb85d,corners_against,corners,AGAINST,FULL,UNCONDITIONED,TEAM_B,4.1209,4.1209,0.2418,0.4375,3.5939,0.527,7,4,SHRUNK,VENUE_OVERALL,home,thestatsapi,MEDIUM,PIT_SAFE
mt_196039593,COMP_NEUTRAL,A_DEF_blocked_shots_for_a4ea9f,blocked_shots_for,blocked_shots,FOR,FULL,UNCONDITIONED,TEAM_B,4.0659,4.0659,0.914,0.8125,2.577,1.4889,7,4,SHRUNK,VENUE_OVERALL,home,thestatsapi,MEDIUM,PIT_SAFE
mt_196039593,COMP_NEUTRAL,A_DEF_clearances_for_772694,clearances_for,clearances,FOR,FULL,UNCONDITIONED,TEAM_B,17.1648,17.1648,0.3374,0.4375,14.1845,2.9803,7,4,SHRUNK,VENUE_OVERALL,home,thestatsapi,MEDIUM,PIT_SAFE
mt_196039593,COMP_NEUTRAL,A_DEF_interceptions_for_3ae29a,interceptions_for,interceptions,FOR,FULL,UNCONDITIONED,TEAM_B,7.4945,7.4945,-1.0,0.25,7.8687,-0.3742,7,4,SHRUNK,VENUE_OVERALL,home,thestatsapi,MEDIUM,PIT_SAFE
mt_196039593,COMP_NEUTRAL,A_DIS_fouls_for_edd139,fouls_for,fouls,FOR,FULL,UNCONDITIONED,TEAM_B,16.2088,16.2088,1.0,0.75,14.7115,1.4973,7,4,SHRUNK,VENUE_OVERALL,home,thestatsapi,MEDIUM,PIT_SAFE
mt_196039593,COMP_NEUTRAL,A_DIS_tackles_for_e82254,tackles_for,tackles,FOR,FULL,UNCONDITIONED,TEAM_B,16.5934,16.5934,1.0,0.75,16.1967,0.3967,7,4,SHRUNK,VENUE_OVERALL,home,thestatsapi,MEDIUM,PIT_SAFE
mt_196039593,COMP_NEUTRAL,A_DIS_yellow_cards_for_ce503b,yellow_cards_for,yellow_cards,FOR,FULL,UNCONDITIONED,TEAM_B,3.044,3.044,1.0,0.75,2.7649,0.2792,7,4,SHRUNK,VENUE_OVERALL,home,thestatsapi,MEDIUM,PIT_SAFE
mt_196039593,COMP_NEUTRAL,A_DIS_fouls_against_cce6dc,fouls_against,fouls,AGAINST,FULL,UNCONDITIONED,TEAM_B,11.5165,11.5165,-1.0,0.25,11.6154,-0.0989,7,4,SHRUNK,VENUE_OVERALL,home,thestatsapi,MEDIUM,PIT_SAFE
mt_196039593,COMP_NEUTRAL,B_ATK_crosses_for_042379,crosses_for,crosses,FOR,FULL,UNCONDITIONED,TEAM_A,4.2143,4.2143,0.0981,0.4375,3.9725,0.2418,8,5,SHRUNK,VENUE_OVERALL,away,thestatsapi,MEDIUM,PIT_SAFE
mt_196039593,COMP_NEUTRAL,B_ATK_total_shots_for_dd9abd,total_shots_for,total_shots,FOR,FULL,UNCONDITIONED,TEAM_A,13.2714,13.2714,0.4944,0.5833,9.768,3.5034,8,5,SHRUNK,VENUE_OVERALL,away,thestatsapi,MEDIUM,PIT_SAFE
mt_196039593,COMP_NEUTRAL,B_ATK_shots_on_target_for_14cd6d,shots_on_target_for,shots_on_target,FOR,FULL,UNCONDITIONED,TEAM_A,5.3,5.3,1.0,0.75,5.2434,0.0566,8,5,SHRUNK,VENUE_OVERALL,away,thestatsapi,MEDIUM,PIT_SAFE
mt_196039593,COMP_NEUTRAL,B_ATK_shots_inside_box_for_73233a,shots_inside_box_for,shots_inside_box,FOR,FULL,UNCONDITIONED,TEAM_A,7.8429,7.8429,-1.0,0.25,8.5533,-0.7104,8,5,SHRUNK,VENUE_OVERALL,away,thestatsapi,MEDIUM,PIT_SAFE
mt_196039593,COMP_NEUTRAL,B_ATK_touches_in_box_for_df9c43,touches_in_box_for,touches_in_box,FOR,FULL,UNCONDITIONED,TEAM_A,21.5429,21.5429,0.3484,0.4375,17.8736,3.6693,8,5,SHRUNK,VENUE_OVERALL,away,thestatsapi,MEDIUM,PIT_SAFE
mt_196039593,COMP_NEUTRAL,B_ATK_corners_for_46b304,corners_for,corners,FOR,FULL,UNCONDITIONED,TEAM_A,4.6571,4.6571,0.2771,0.4375,3.985,0.6721,8,5,SHRUNK,VENUE_OVERALL,away,thestatsapi,MEDIUM,PIT_SAFE
mt_196039593,COMP_NEUTRAL,B_ATK_possession_for_a4b014,possession_for,possession,FOR,FULL,UNCONDITIONED,TEAM_A,51.8286,51.8286,0.6637,0.4167,35.1569,16.6717,8,5,SHRUNK,VENUE_OVERALL,away,thestatsapi,MEDIUM,PIT_SAFE
mt_196039593,COMP_NEUTRAL,B_ATK_throw_ins_for_c83575,throw_ins_for,throw_ins,FOR,FULL,UNCONDITIONED,TEAM_A,21.8286,21.8286,1.0,0.75,20.7934,1.0352,8,5,SHRUNK,VENUE_OVERALL,away,thestatsapi,MEDIUM,PIT_SAFE
mt_196039593,COMP_NEUTRAL,B_ATK_final_third_entries_for_a58739,final_third_entries_for,final_third_entries,FOR,FULL,UNCONDITIONED,TEAM_A,58.1143,58.1143,-1.0,0.25,58.6395,-0.5252,8,5,SHRUNK,VENUE_OVERALL,away,thestatsapi,MEDIUM,PIT_SAFE
mt_196039593,COMP_NEUTRAL,B_DEF_crosses_against_9e2e7d,crosses_against,crosses,AGAINST,FULL,UNCONDITIONED,TEAM_A,5.2429,5.2429,0.9588,0.6875,3.0845,2.1584,8,5,SHRUNK,VENUE_OVERALL,away,thestatsapi,MEDIUM,PIT_SAFE
mt_196039593,COMP_NEUTRAL,B_DEF_total_shots_against_1cc49d,total_shots_against,total_shots,AGAINST,FULL,UNCONDITIONED,TEAM_A,13.7286,13.7286,1.0,0.75,11.8588,1.8698,8,5,SHRUNK,VENUE_OVERALL,away,thestatsapi,MEDIUM,PIT_SAFE
mt_196039593,COMP_NEUTRAL,B_DEF_shots_inside_box_against_ccbfa7,shots_inside_box_against,shots_inside_box,AGAINST,FULL,UNCONDITIONED,TEAM_A,7.9571,7.9571,-0.0853,0.375,8.0169,-0.0598,8,5,SHRUNK,VENUE_OVERALL,away,thestatsapi,MEDIUM,PIT_SAFE
mt_196039593,COMP_NEUTRAL,B_DEF_touches_in_box_against_01ec94,touches_in_box_against,touches_in_box,AGAINST,FULL,UNCONDITIONED,TEAM_A,21.5571,21.5571,1.0,0.75,20.3554,1.2017,8,5,SHRUNK,VENUE_OVERALL,away,thestatsapi,MEDIUM,PIT_SAFE
mt_196039593,COMP_NEUTRAL,B_DEF_corners_against_820fd2,corners_against,corners,AGAINST,FULL,UNCONDITIONED,TEAM_A,5.0714,5.0714,0.6779,0.6875,3.5939,1.4775,8,5,SHRUNK,VENUE_OVERALL,away,thestatsapi,MEDIUM,PIT_SAFE
mt_196039593,COMP_NEUTRAL,B_DEF_blocked_shots_for_5eb569,blocked_shots_for,blocked_shots,FOR,FULL,UNCONDITIONED,TEAM_A,2.7286,2.7286,0.0931,0.4375,2.577,0.1516,8,5,SHRUNK,VENUE_OVERALL,away,thestatsapi,MEDIUM,PIT_SAFE
mt_196039593,COMP_NEUTRAL,B_DEF_clearances_for_cc536d,clearances_for,clearances,FOR,FULL,UNCONDITIONED,TEAM_A,19.4286,19.4286,0.5937,0.5625,14.1845,5.2441,8,5,SHRUNK,VENUE_OVERALL,away,thestatsapi,MEDIUM,PIT_SAFE
mt_196039593,COMP_NEUTRAL,B_DEF_interceptions_for_008bcf,interceptions_for,interceptions,FOR,FULL,UNCONDITIONED,TEAM_A,8.2429,8.2429,1.0,0.75,7.8687,0.3742,8,5,SHRUNK,VENUE_OVERALL,away,thestatsapi,MEDIUM,PIT_SAFE
mt_196039593,COMP_NEUTRAL,B_DIS_fouls_for_c15ae6,fouls_for,fouls,FOR,FULL,UNCONDITIONED,TEAM_A,13.2143,13.2143,-1.0,0.25,14.7115,-1.4972,8,5,SHRUNK,VENUE_OVERALL,away,thestatsapi,MEDIUM,PIT_SAFE
mt_196039593,COMP_NEUTRAL,B_DIS_tackles_for_e5b338,tackles_for,tackles,FOR,FULL,UNCONDITIONED,TEAM_A,15.8,15.8,-1.0,0.25,16.1967,-0.3967,8,5,SHRUNK,VENUE_OVERALL,away,thestatsapi,MEDIUM,PIT_SAFE
mt_196039593,COMP_NEUTRAL,B_DIS_yellow_cards_for_3df318,yellow_cards_for,yellow_cards,FOR,FULL,UNCONDITIONED,TEAM_A,2.4857,2.4857,-1.0,0.25,2.7649,-0.2792,8,5,SHRUNK,VENUE_OVERALL,away,thestatsapi,MEDIUM,PIT_SAFE
mt_196039593,COMP_NEUTRAL,B_DIS_fouls_against_c4a953,fouls_against,fouls,AGAINST,FULL,UNCONDITIONED,TEAM_A,11.7143,11.7143,1.0,0.75,11.6154,0.0989,8,5,SHRUNK,VENUE_OVERALL,away,thestatsapi,MEDIUM,PIT_SAFE
mt_196039593,COMP_NEUTRAL,ENV_corners_245e1a,league_corners_env,league_corners_env,NEUTRAL,FULL,UNCONDITIONED,,9.5732,9.5732,,0.5,9.5732,0.0,0,0,DIRECT,COMPETITION_PRIOR,,derived,HIGH,PIT_SAFE
mt_196039593,COMP_NEUTRAL,ENV_total_shots_4b0f7a,league_total_shots_env,league_total_shots_env,NEUTRAL,FULL,UNCONDITIONED,,24.811,24.811,,0.5,24.811,0.0,0,0,DIRECT,COMPETITION_PRIOR,,derived,HIGH,PIT_SAFE
mt_196039593,COMP_NEUTRAL,ENV_fouls_51177d,league_fouls_env,league_fouls_env,NEUTRAL,FULL,UNCONDITIONED,,26.0,26.0,,0.5,26.0,0.0,0,0,DIRECT,COMPETITION_PRIOR,,derived,HIGH,PIT_SAFE
mt_196039593,COMP_NEUTRAL,ENV_yellow_cards_383918,league_yellow_cards_env,league_yellow_cards_env,NEUTRAL,FULL,UNCONDITIONED,,4.8598,4.8598,,0.5,4.8598,0.0,0,0,DIRECT,COMPETITION_PRIOR,,derived,HIGH,PIT_SAFE
mt_196039593,COMP_NEUTRAL,A_FC_fc_crosses_for_dc55ff,fc_crosses_for,crosses,FOR,FULL,TEAM_FORMATION_CONDITIONED,,6.4464,6.4464,1.0036,0.8125,3.9725,2.4739,2,2,DIRECT,EXACT_FORMATION,home,derived_formation,LOW,PIT_SAFE
mt_196039593,COMP_NEUTRAL,A_FC_formation_delta_crosses_for_669f1b,formation_delta_crosses_for,crosses,FOR,FULL,TEAM_FORMATION_CONDITIONED,,0.0179,0.0179,-1.6042,0.1875,3.9725,-3.9546,2,1,DERIVED,EXACT_FORMATION,home,derived_formation,LOW,PIT_SAFE
mt_196039593,COMP_NEUTRAL,A_FC_fc_corners_for_b8aec6,fc_corners_for,corners,FOR,FULL,TEAM_FORMATION_CONDITIONED,,5.6429,5.6429,0.6836,0.6875,3.985,1.6579,2,2,DIRECT,EXACT_FORMATION,home,derived_formation,LOW,PIT_SAFE
mt_196039593,COMP_NEUTRAL,A_FC_formation_delta_corners_for_dd7ccb,formation_delta_corners_for,corners,FOR,FULL,TEAM_FORMATION_CONDITIONED,,-0.2143,-0.2143,-1.7315,0.0625,3.985,-4.1993,2,1,DERIVED,EXACT_FORMATION,home,derived_formation,LOW,PIT_SAFE
mt_196039593,COMP_NEUTRAL,A_FC_fc_corners_against_d0e56a,fc_corners_against,corners,AGAINST,FULL,TEAM_FORMATION_CONDITIONED,,3.7679,3.7679,0.0798,0.3125,3.5939,0.174,2,2,DIRECT,EXACT_FORMATION,home,derived_formation,LOW,PIT_SAFE
mt_196039593,COMP_NEUTRAL,A_FC_formation_delta_corners_against_a90c05,formation_delta_corners_against,corners,AGAINST,FULL,TEAM_FORMATION_CONDITIONED,,-0.0893,-0.0893,-1.69,0.0625,3.5939,-3.6832,2,1,DERIVED,EXACT_FORMATION,home,derived_formation,LOW,PIT_SAFE
mt_196039593,COMP_NEUTRAL,A_FC_fc_touches_in_box_for_da650d,fc_touches_in_box_for,touches_in_box,FOR,FULL,TEAM_FORMATION_CONDITIONED,,25.0893,25.0893,0.6852,0.8125,17.8736,7.2157,2,2,DIRECT,EXACT_FORMATION,home,derived_formation,LOW,PIT_SAFE
mt_196039593,COMP_NEUTRAL,A_FC_formation_delta_touches_in_box_for_43fb36,formation_delta_touches_in_box_for,touches_in_box,FOR,FULL,TEAM_FORMATION_CONDITIONED,,-0.1964,-0.1964,-1.716,0.0625,17.8736,-18.07,2,1,DERIVED,EXACT_FORMATION,home,derived_formation,LOW,PIT_SAFE
mt_196039593,COMP_NEUTRAL,A_FC_fc_total_shots_for_ac443c,fc_total_shots_for,total_shots,FOR,FULL,TEAM_FORMATION_CONDITIONED,,16.7679,16.7679,0.9879,0.9167,9.768,6.9999,2,2,DIRECT,EXACT_FORMATION,home,derived_formation,LOW,PIT_SAFE
mt_196039593,COMP_NEUTRAL,A_FC_formation_delta_total_shots_for_9a79ef,formation_delta_total_shots_for,total_shots,FOR,FULL,TEAM_FORMATION_CONDITIONED,,-0.0893,-0.0893,-1.3911,0.0833,9.768,-9.8573,2,1,DERIVED,EXACT_FORMATION,home,derived_formation,LOW,PIT_SAFE
mt_196039593,COMP_NEUTRAL,A_FC_fc_possession_for_f1d544,fc_possession_for,possession,FOR,FULL,TEAM_FORMATION_CONDITIONED,,53.5893,53.5893,0.7338,0.75,35.1569,18.4324,2,2,DIRECT,EXACT_FORMATION,home,derived_formation,LOW,PIT_SAFE
mt_196039593,COMP_NEUTRAL,A_FC_formation_delta_possession_for_e8ad7c,formation_delta_possession_for,possession,FOR,FULL,TEAM_FORMATION_CONDITIONED,,-0.6964,-0.6964,-1.4272,0.0833,35.1569,-35.8533,2,1,DERIVED,EXACT_FORMATION,home,derived_formation,LOW,PIT_SAFE
mt_196039593,COMP_NEUTRAL,A_FC_fc_crosses_against_a1a95c,fc_crosses_against,crosses,AGAINST,FULL,TEAM_FORMATION_CONDITIONED,,2.1071,2.1071,-0.4341,0.3125,3.0845,-0.9774,2,2,DIRECT,EXACT_FORMATION,home,derived_formation,LOW,PIT_SAFE
mt_196039593,COMP_NEUTRAL,A_FC_formation_delta_crosses_against_da53b2,formation_delta_crosses_against,crosses,AGAINST,FULL,TEAM_FORMATION_CONDITIONED,,-0.0357,-0.0357,-1.386,0.0625,3.0845,-3.1202,2,1,DERIVED,EXACT_FORMATION,home,derived_formation,LOW,PIT_SAFE
mt_196039593,COMP_NEUTRAL,A_FC_fc_clearances_for_098b45,fc_clearances_for,clearances,FOR,FULL,TEAM_FORMATION_CONDITIONED,,15.1786,15.1786,0.1126,0.3125,14.1845,0.9941,2,2,DIRECT,EXACT_FORMATION,home,derived_formation,LOW,PIT_SAFE
mt_196039593,COMP_NEUTRAL,A_FC_formation_delta_clearances_for_94656a,formation_delta_clearances_for,clearances,FOR,FULL,TEAM_FORMATION_CONDITIONED,,-1.3929,-1.3929,-1.7637,0.0625,14.1845,-15.5774,2,1,DERIVED,EXACT_FORMATION,home,derived_formation,LOW,PIT_SAFE
mt_196039593,COMP_NEUTRAL,A_FC_fc_blocked_shots_for_64c922,fc_blocked_shots_for,blocked_shots,FOR,FULL,TEAM_FORMATION_CONDITIONED,,3.875,3.875,0.7968,0.6875,2.577,1.298,2,2,DIRECT,EXACT_FORMATION,home,derived_formation,LOW,PIT_SAFE
mt_196039593,COMP_NEUTRAL,A_FC_formation_delta_blocked_shots_for_ea9c60,formation_delta_blocked_shots_for,blocked_shots,FOR,FULL,TEAM_FORMATION_CONDITIONED,,-0.125,-0.125,-1.6586,0.0625,2.577,-2.702,2,1,DERIVED,EXACT_FORMATION,home,derived_formation,LOW,PIT_SAFE
mt_196039593,COMP_NEUTRAL,A_FMX_fmx_crosses_for_92062d,fmx_crosses_for,crosses,FOR,FULL,OPP_FORMATION_CONDITIONED,4-2-3-1,6.4829,6.4829,1.0184,0.9375,3.9725,2.5104,7,4,HIERARCHICAL,VENUE_OVERALL,home,derived_formation,MEDIUM,PIT_SAFE
mt_196039593,COMP_NEUTRAL,A_FMX_fmx_crosses_against_e024b0,fmx_crosses_against,crosses,AGAINST,FULL,OPP_FORMATION_CONDITIONED,4-2-3-1,3.2752,3.2752,0.0847,0.5625,3.0845,0.1907,7,4,HIERARCHICAL,VENUE_OVERALL,home,derived_formation,MEDIUM,PIT_SAFE
mt_196039593,COMP_NEUTRAL,A_FMX_fmx_corners_for_efe095,fmx_corners_for,corners,FOR,FULL,OPP_FORMATION_CONDITIONED,4-2-3-1,6.3024,6.3024,0.9556,0.9375,3.985,2.3174,7,4,HIERARCHICAL,VENUE_OVERALL,home,derived_formation,MEDIUM,PIT_SAFE
mt_196039593,COMP_NEUTRAL,A_FMX_fmx_corners_against_f00c2a,fmx_corners_against,corners,AGAINST,FULL,OPP_FORMATION_CONDITIONED,4-2-3-1,4.8332,4.8332,0.5686,0.5625,3.5939,1.2393,7,4,HIERARCHICAL,VENUE_OVERALL,home,derived_formation,MEDIUM,PIT_SAFE
mt_196039593,COMP_NEUTRAL,A_FMX_fmx_touches_in_box_for_ee7e55,fmx_touches_in_box_for,touches_in_box,FOR,FULL,OPP_FORMATION_CONDITIONED,4-2-3-1,27.0878,27.0878,0.875,0.9375,17.8736,9.2142,7,4,HIERARCHICAL,VENUE_OVERALL,home,derived_formation,MEDIUM,PIT_SAFE
mt_196039593,COMP_NEUTRAL,A_FMX_fmx_clearances_for_58a63d,fmx_clearances_for,clearances,FOR,FULL,OPP_FORMATION_CONDITIONED,4-2-3-1,20.3599,20.3599,0.6992,0.6875,14.1845,6.1754,7,4,HIERARCHICAL,VENUE_OVERALL,home,derived_formation,MEDIUM,PIT_SAFE
mt_196039593,COMP_NEUTRAL,A_FMX_fmx_blocked_shots_for_2c884e,fmx_blocked_shots_for,blocked_shots,FOR,FULL,OPP_FORMATION_CONDITIONED,4-2-3-1,4.329,4.329,1.0755,0.9375,2.577,1.752,7,4,HIERARCHICAL,VENUE_OVERALL,home,derived_formation,MEDIUM,PIT_SAFE
mt_196039593,COMP_NEUTRAL,A_FMX_fmx_shots_inside_box_against_043756,fmx_shots_inside_box_against,shots_inside_box,AGAINST,FULL,OPP_FORMATION_CONDITIONED,4-2-3-1,8.1123,8.1123,0.1361,0.625,8.0169,0.0954,7,4,HIERARCHICAL,VENUE_OVERALL,home,derived_formation,MEDIUM,PIT_SAFE
mt_196039593,COMP_NEUTRAL,B_FC_fc_crosses_for_4bc724,fc_crosses_for,crosses,FOR,FULL,TEAM_FORMATION_CONDITIONED,,3.875,3.875,-0.0395,0.3125,3.9725,-0.0975,0,0,SHRUNK,TEAM_BASELINE,away,derived_formation,LOW,PIT_SAFE
mt_196039593,COMP_NEUTRAL,B_FC_formation_delta_crosses_for_8c6ba7,formation_delta_crosses_for,crosses,FOR,FULL,TEAM_FORMATION_CONDITIONED,,0.0,0.0,-1.6115,0.0625,3.9725,-3.9725,0,0,DERIVED,TEAM_BASELINE,away,derived_formation,LOW,PIT_SAFE
mt_196039593,COMP_NEUTRAL,B_FC_fc_corners_for_c93fc3,fc_corners_for,corners,FOR,FULL,TEAM_FORMATION_CONDITIONED,,4.5,4.5,0.2124,0.3125,3.985,0.515,0,0,SHRUNK,TEAM_BASELINE,away,derived_formation,LOW,PIT_SAFE
mt_196039593,COMP_NEUTRAL,B_FC_formation_delta_corners_for_41ebfc,formation_delta_corners_for,corners,FOR,FULL,TEAM_FORMATION_CONDITIONED,,0.0,0.0,-1.6431,0.1875,3.985,-3.985,0,0,DERIVED,TEAM_BASELINE,away,derived_formation,LOW,PIT_SAFE
mt_196039593,COMP_NEUTRAL,B_FC_fc_corners_against_9f348d,fc_corners_against,corners,AGAINST,FULL,TEAM_FORMATION_CONDITIONED,,5.375,5.375,0.8172,0.8125,3.5939,1.7811,0,0,SHRUNK,TEAM_BASELINE,away,derived_formation,LOW,PIT_SAFE
mt_196039593,COMP_NEUTRAL,B_FC_formation_delta_corners_against_7871df,formation_delta_corners_against,corners,AGAINST,FULL,TEAM_FORMATION_CONDITIONED,,0.0,0.0,-1.649,0.1875,3.5939,-3.5939,0,0,DERIVED,TEAM_BASELINE,away,derived_formation,LOW,PIT_SAFE
mt_196039593,COMP_NEUTRAL,B_FC_fc_touches_in_box_for_0c1b67,fc_touches_in_box_for,touches_in_box,FOR,FULL,TEAM_FORMATION_CONDITIONED,,21.0,21.0,0.2969,0.3125,17.8736,3.1264,0,0,SHRUNK,TEAM_BASELINE,away,derived_formation,LOW,PIT_SAFE
mt_196039593,COMP_NEUTRAL,B_FC_formation_delta_touches_in_box_for_71eecc,formation_delta_touches_in_box_for,touches_in_box,FOR,FULL,TEAM_FORMATION_CONDITIONED,,0.0,0.0,-1.6973,0.1875,17.8736,-17.8736,0,0,DERIVED,TEAM_BASELINE,away,derived_formation,LOW,PIT_SAFE
mt_196039593,COMP_NEUTRAL,B_FC_fc_total_shots_for_31e340,fc_total_shots_for,total_shots,FOR,FULL,TEAM_FORMATION_CONDITIONED,,12.625,12.625,0.4032,0.4167,9.768,2.857,0,0,SHRUNK,TEAM_BASELINE,away,derived_formation,LOW,PIT_SAFE
mt_196039593,COMP_NEUTRAL,B_FC_formation_delta_total_shots_for_0681ad,formation_delta_total_shots_for,total_shots,FOR,FULL,TEAM_FORMATION_CONDITIONED,,0.0,0.0,-1.3785,0.25,9.768,-9.768,0,0,DERIVED,TEAM_BASELINE,away,derived_formation,LOW,PIT_SAFE
mt_196039593,COMP_NEUTRAL,B_FC_fc_possession_for_a537a7,fc_possession_for,possession,FOR,FULL,TEAM_FORMATION_CONDITIONED,,52.0,52.0,0.6705,0.5833,35.1569,16.8431,0,0,SHRUNK,TEAM_BASELINE,away,derived_formation,LOW,PIT_SAFE
mt_196039593,COMP_NEUTRAL,B_FC_formation_delta_possession_for_cfbe81,formation_delta_possession_for,possession,FOR,FULL,TEAM_FORMATION_CONDITIONED,,0.0,0.0,-1.3995,0.25,35.1569,-35.1569,0,0,DERIVED,TEAM_BASELINE,away,derived_formation,LOW,PIT_SAFE
mt_196039593,COMP_NEUTRAL,B_FC_fc_crosses_against_b6e672,fc_crosses_against,crosses,AGAINST,FULL,TEAM_FORMATION_CONDITIONED,,5.875,5.875,1.2395,0.9375,3.0845,2.7905,0,0,SHRUNK,TEAM_BASELINE,away,derived_formation,LOW,PIT_SAFE
mt_196039593,COMP_NEUTRAL,B_FC_formation_delta_crosses_against_3ab3c1,formation_delta_crosses_against,crosses,AGAINST,FULL,TEAM_FORMATION_CONDITIONED,,0.0,0.0,-1.3701,0.1875,3.0845,-3.0845,0,0,DERIVED,TEAM_BASELINE,away,derived_formation,LOW,PIT_SAFE
mt_196039593,COMP_NEUTRAL,B_FC_fc_clearances_for_f48e48,fc_clearances_for,clearances,FOR,FULL,TEAM_FORMATION_CONDITIONED,,20.5,20.5,0.715,0.8125,14.1845,6.3155,0,0,SHRUNK,TEAM_BASELINE,away,derived_formation,LOW,PIT_SAFE
mt_196039593,COMP_NEUTRAL,B_FC_formation_delta_clearances_for_ae7423,formation_delta_clearances_for,clearances,FOR,FULL,TEAM_FORMATION_CONDITIONED,,0.0,0.0,-1.606,0.1875,14.1845,-14.1845,0,0,DERIVED,TEAM_BASELINE,away,derived_formation,LOW,PIT_SAFE
mt_196039593,COMP_NEUTRAL,B_FC_fc_blocked_shots_for_100d3d,fc_blocked_shots_for,blocked_shots,FOR,FULL,TEAM_FORMATION_CONDITIONED,,2.625,2.625,0.0295,0.3125,2.577,0.048,0,0,SHRUNK,TEAM_BASELINE,away,derived_formation,LOW,PIT_SAFE
mt_196039593,COMP_NEUTRAL,B_FC_formation_delta_blocked_shots_for_9cddd2,formation_delta_blocked_shots_for,blocked_shots,FOR,FULL,TEAM_FORMATION_CONDITIONED,,0.0,0.0,-1.5819,0.1875,2.577,-2.577,0,0,DERIVED,TEAM_BASELINE,away,derived_formation,LOW,PIT_SAFE
mt_196039593,COMP_NEUTRAL,B_FMX_fmx_crosses_for_22b614,fmx_crosses_for,crosses,FOR,FULL,OPP_FORMATION_CONDITIONED,4-2-3-1,4.7434,4.7434,0.3127,0.5625,3.9725,0.7709,8,5,HIERARCHICAL,VENUE_OVERALL,away,derived_formation,MEDIUM,PIT_SAFE
mt_196039593,COMP_NEUTRAL,B_FMX_fmx_crosses_against_708980,fmx_crosses_against,crosses,AGAINST,FULL,OPP_FORMATION_CONDITIONED,4-2-3-1,5.8046,5.8046,1.2083,0.8125,3.0845,2.7201,8,5,HIERARCHICAL,VENUE_OVERALL,away,derived_formation,MEDIUM,PIT_SAFE
mt_196039593,COMP_NEUTRAL,B_FMX_fmx_corners_for_646b66,fmx_corners_for,corners,FOR,FULL,OPP_FORMATION_CONDITIONED,4-2-3-1,5.2334,5.2334,0.5148,0.5625,3.985,1.2484,8,5,HIERARCHICAL,VENUE_OVERALL,away,derived_formation,MEDIUM,PIT_SAFE
mt_196039593,COMP_NEUTRAL,B_FMX_fmx_corners_against_92acad,fmx_corners_against,corners,AGAINST,FULL,OPP_FORMATION_CONDITIONED,4-2-3-1,5.6722,5.6722,0.9536,0.9375,3.5939,2.0783,8,5,HIERARCHICAL,VENUE_OVERALL,away,derived_formation,MEDIUM,PIT_SAFE
mt_196039593,COMP_NEUTRAL,B_FMX_fmx_touches_in_box_for_2986da,fmx_touches_in_box_for,touches_in_box,FOR,FULL,OPP_FORMATION_CONDITIONED,4-2-3-1,24.0368,24.0368,0.5853,0.5625,17.8736,6.1632,8,5,HIERARCHICAL,VENUE_OVERALL,away,derived_formation,MEDIUM,PIT_SAFE
mt_196039593,COMP_NEUTRAL,B_FMX_fmx_clearances_for_a8525c,fmx_clearances_for,clearances,FOR,FULL,OPP_FORMATION_CONDITIONED,4-2-3-1,22.2367,22.2367,0.9117,0.9375,14.1845,8.0522,8,5,HIERARCHICAL,VENUE_OVERALL,away,derived_formation,MEDIUM,PIT_SAFE
mt_196039593,COMP_NEUTRAL,B_FMX_fmx_blocked_shots_for_81432b,fmx_blocked_shots_for,blocked_shots,FOR,FULL,OPP_FORMATION_CONDITIONED,4-2-3-1,3.1175,3.1175,0.3318,0.5625,2.577,0.5405,8,5,HIERARCHICAL,VENUE_OVERALL,away,derived_formation,MEDIUM,PIT_SAFE
mt_196039593,COMP_NEUTRAL,B_FMX_fmx_shots_inside_box_against_e61fec,fmx_shots_inside_box_against,shots_inside_box,AGAINST,FULL,OPP_FORMATION_CONDITIONED,4-2-3-1,8.9871,8.9871,1.384,0.875,8.0169,0.9702,8,5,HIERARCHICAL,VENUE_OVERALL,away,derived_formation,MEDIUM,PIT_SAFE
