fixture_id,competition,strata,mechanism_key,worst_severity,presence_stable,status_agree,instability_cause,statuses,confidences
mt_012249215,champ,BEHAVIOR_HEAVY|FORMATION_HEAVY|HIGH_SHRINKAGE|POTENTIALLY_CONFLICTED|STRONG_EVIDENCE|TACTICAL_CLUSTER_DIVERSE|WEAK_EVIDENCE,matchup_states:BOX_PRESSURE_MATCHUP,0,True,True,STABLE,UNKNOWN|UNKNOWN|UNKNOWN,UNKNOWN|UNKNOWN|UNKNOWN
mt_012249215,champ,BEHAVIOR_HEAVY|FORMATION_HEAVY|HIGH_SHRINKAGE|POTENTIALLY_CONFLICTED|STRONG_EVIDENCE|TACTICAL_CLUSTER_DIVERSE|WEAK_EVIDENCE,matchup_states:CONTACT_MATCHUP,0,True,True,STABLE,NEUTRAL|NEUTRAL|NEUTRAL,MEDIUM|MEDIUM|MEDIUM
mt_012249215,champ,BEHAVIOR_HEAVY|FORMATION_HEAVY|HIGH_SHRINKAGE|POTENTIALLY_CONFLICTED|STRONG_EVIDENCE|TACTICAL_CLUSTER_DIVERSE|WEAK_EVIDENCE,matchup_states:CORNER_MECHANISM_MATCHUP,0,True,True,STABLE,A_ADVANTAGE|A_ADVANTAGE|A_ADVANTAGE,MEDIUM_HIGH|MEDIUM_HIGH|MEDIUM_HIGH
mt_012249215,champ,BEHAVIOR_HEAVY|FORMATION_HEAVY|HIGH_SHRINKAGE|POTENTIALLY_CONFLICTED|STRONG_EVIDENCE|TACTICAL_CLUSTER_DIVERSE|WEAK_EVIDENCE,matchup_states:SECOND_HALF_PRESSURE_SHIFT,0,False,True,STABLE,UNKNOWN|UNKNOWN,UNKNOWN|UNKNOWN
mt_012249215,champ,BEHAVIOR_HEAVY|FORMATION_HEAVY|HIGH_SHRINKAGE|POTENTIALLY_CONFLICTED|STRONG_EVIDENCE|TACTICAL_CLUSTER_DIVERSE|WEAK_EVIDENCE,matchup_states:SHOT_CREATION_MATCHUP,0,True,True,STABLE,A_ADVANTAGE|A_ADVANTAGE|A_ADVANTAGE,MEDIUM_HIGH|MEDIUM_HIGH|MEDIUM_HIGH
mt_012249215,champ,BEHAVIOR_HEAVY|FORMATION_HEAVY|HIGH_SHRINKAGE|POTENTIALLY_CONFLICTED|STRONG_EVIDENCE|TACTICAL_CLUSTER_DIVERSE|WEAK_EVIDENCE,matchup_states:WIDE_PRESSURE_MATCHUP,1,True,False,STABLE,NEUTRAL|NEUTRAL|A_ADVANTAGE,MEDIUM_HIGH|MEDIUM_HIGH|MEDIUM_HIGH
mt_012249215,champ,BEHAVIOR_HEAVY|FORMATION_HEAVY|HIGH_SHRINKAGE|POTENTIALLY_CONFLICTED|STRONG_EVIDENCE|TACTICAL_CLUSTER_DIVERSE|WEAK_EVIDENCE,team_a_states:BOOKING_CONVERSION,1,True,True,STABLE,MEDIUM|MEDIUM|MEDIUM,HIGH|MEDIUM_HIGH|HIGH
mt_012249215,champ,BEHAVIOR_HEAVY|FORMATION_HEAVY|HIGH_SHRINKAGE|POTENTIALLY_CONFLICTED|STRONG_EVIDENCE|TACTICAL_CLUSTER_DIVERSE|WEAK_EVIDENCE,team_a_states:BOX_PRESSURE,0,True,True,STABLE,UNKNOWN|UNKNOWN|UNKNOWN,UNKNOWN|UNKNOWN|UNKNOWN
mt_012249215,champ,BEHAVIOR_HEAVY|FORMATION_HEAVY|HIGH_SHRINKAGE|POTENTIALLY_CONFLICTED|STRONG_EVIDENCE|TACTICAL_CLUSTER_DIVERSE|WEAK_EVIDENCE,team_a_states:BOX_PROTECTION,0,True,True,STABLE,UNKNOWN|UNKNOWN|UNKNOWN,UNKNOWN|UNKNOWN|UNKNOWN
mt_012249215,champ,BEHAVIOR_HEAVY|FORMATION_HEAVY|HIGH_SHRINKAGE|POTENTIALLY_CONFLICTED|STRONG_EVIDENCE|TACTICAL_CLUSTER_DIVERSE|WEAK_EVIDENCE,team_a_states:CLEARANCE_DEPENDENCE,0,True,True,STABLE,MEDIUM|MEDIUM|MEDIUM,HIGH|HIGH|HIGH
mt_012249215,champ,BEHAVIOR_HEAVY|FORMATION_HEAVY|HIGH_SHRINKAGE|POTENTIALLY_CONFLICTED|STRONG_EVIDENCE|TACTICAL_CLUSTER_DIVERSE|WEAK_EVIDENCE,team_a_states:CONTACT_INTENSITY,0,True,True,STABLE,MEDIUM|MEDIUM|MEDIUM,HIGH|HIGH|HIGH
mt_012249215,champ,BEHAVIOR_HEAVY|FORMATION_HEAVY|HIGH_SHRINKAGE|POTENTIALLY_CONFLICTED|STRONG_EVIDENCE|TACTICAL_CLUSTER_DIVERSE|WEAK_EVIDENCE,team_a_states:CORNER_CONCESSION,0,True,True,STABLE,LOW|LOW|LOW,HIGH|HIGH|HIGH
mt_012249215,champ,BEHAVIOR_HEAVY|FORMATION_HEAVY|HIGH_SHRINKAGE|POTENTIALLY_CONFLICTED|STRONG_EVIDENCE|TACTICAL_CLUSTER_DIVERSE|WEAK_EVIDENCE,team_a_states:CROSS_ALLOWANCE,0,True,True,STABLE,LOW|LOW|LOW,HIGH|HIGH|HIGH
mt_012249215,champ,BEHAVIOR_HEAVY|FORMATION_HEAVY|HIGH_SHRINKAGE|POTENTIALLY_CONFLICTED|STRONG_EVIDENCE|TACTICAL_CLUSTER_DIVERSE|WEAK_EVIDENCE,team_a_states:FOUL_DRAWING,4,True,False,RESOLVED_VS_UNCERTAIN_FLIP,UNKNOWN|MEDIUM|UNKNOWN,UNKNOWN|MEDIUM_HIGH|UNKNOWN
mt_012249215,champ,BEHAVIOR_HEAVY|FORMATION_HEAVY|HIGH_SHRINKAGE|POTENTIALLY_CONFLICTED|STRONG_EVIDENCE|TACTICAL_CLUSTER_DIVERSE|WEAK_EVIDENCE,team_a_states:FOUL_TENDENCY,0,True,True,STABLE,MEDIUM|MEDIUM|MEDIUM,HIGH|HIGH|HIGH
mt_012249215,champ,BEHAVIOR_HEAVY|FORMATION_HEAVY|HIGH_SHRINKAGE|POTENTIALLY_CONFLICTED|STRONG_EVIDENCE|TACTICAL_CLUSTER_DIVERSE|WEAK_EVIDENCE,team_a_states:SAVE_ENVIRONMENT,0,False,True,STABLE,UNKNOWN|UNKNOWN,UNKNOWN|UNKNOWN
mt_012249215,champ,BEHAVIOR_HEAVY|FORMATION_HEAVY|HIGH_SHRINKAGE|POTENTIALLY_CONFLICTED|STRONG_EVIDENCE|TACTICAL_CLUSTER_DIVERSE|WEAK_EVIDENCE,team_a_states:SECOND_HALF_ESCALATION,0,False,True,STABLE,UNKNOWN,UNKNOWN
mt_012249215,champ,BEHAVIOR_HEAVY|FORMATION_HEAVY|HIGH_SHRINKAGE|POTENTIALLY_CONFLICTED|STRONG_EVIDENCE|TACTICAL_CLUSTER_DIVERSE|WEAK_EVIDENCE,team_a_states:SET_PIECE_GENERATION,0,True,True,STABLE,MEDIUM|MEDIUM|MEDIUM,HIGH|HIGH|HIGH
mt_012249215,champ,BEHAVIOR_HEAVY|FORMATION_HEAVY|HIGH_SHRINKAGE|POTENTIALLY_CONFLICTED|STRONG_EVIDENCE|TACTICAL_CLUSTER_DIVERSE|WEAK_EVIDENCE,team_a_states:SHOT_QUALITY,4,True,False,RESOLVED_VS_UNCERTAIN_FLIP,UNKNOWN|MEDIUM|UNKNOWN,UNKNOWN|MEDIUM_HIGH|UNKNOWN
mt_012249215,champ,BEHAVIOR_HEAVY|FORMATION_HEAVY|HIGH_SHRINKAGE|POTENTIALLY_CONFLICTED|STRONG_EVIDENCE|TACTICAL_CLUSTER_DIVERSE|WEAK_EVIDENCE,team_a_states:SHOT_SUPPRESSION,0,True,True,STABLE,MEDIUM|MEDIUM|MEDIUM,HIGH|HIGH|HIGH
mt_012249215,champ,BEHAVIOR_HEAVY|FORMATION_HEAVY|HIGH_SHRINKAGE|POTENTIALLY_CONFLICTED|STRONG_EVIDENCE|TACTICAL_CLUSTER_DIVERSE|WEAK_EVIDENCE,team_a_states:SHOT_VOLUME,0,True,True,STABLE,MEDIUM|MEDIUM|MEDIUM,HIGH|HIGH|HIGH
mt_012249215,champ,BEHAVIOR_HEAVY|FORMATION_HEAVY|HIGH_SHRINKAGE|POTENTIALLY_CONFLICTED|STRONG_EVIDENCE|TACTICAL_CLUSTER_DIVERSE|WEAK_EVIDENCE,team_a_states:TERRITORIAL_PRESSURE,0,True,True,STABLE,MEDIUM|MEDIUM|MEDIUM,MEDIUM_HIGH|MEDIUM_HIGH|MEDIUM_HIGH
mt_012249215,champ,BEHAVIOR_HEAVY|FORMATION_HEAVY|HIGH_SHRINKAGE|POTENTIALLY_CONFLICTED|STRONG_EVIDENCE|TACTICAL_CLUSTER_DIVERSE|WEAK_EVIDENCE,team_a_states:WIDTH_PRESSURE,0,True,True,STABLE,MEDIUM|MEDIUM|MEDIUM,MEDIUM_HIGH|MEDIUM_HIGH|MEDIUM_HIGH
mt_012249215,champ,BEHAVIOR_HEAVY|FORMATION_HEAVY|HIGH_SHRINKAGE|POTENTIALLY_CONFLICTED|STRONG_EVIDENCE|TACTICAL_CLUSTER_DIVERSE|WEAK_EVIDENCE,team_b_states:BOOKING_CONVERSION,1,True,False,STABLE,LOW|MEDIUM|MEDIUM,HIGH|MEDIUM_HIGH|HIGH
mt_012249215,champ,BEHAVIOR_HEAVY|FORMATION_HEAVY|HIGH_SHRINKAGE|POTENTIALLY_CONFLICTED|STRONG_EVIDENCE|TACTICAL_CLUSTER_DIVERSE|WEAK_EVIDENCE,team_b_states:BOX_PRESSURE,0,True,True,STABLE,UNKNOWN|UNKNOWN|UNKNOWN,UNKNOWN|UNKNOWN|UNKNOWN
mt_012249215,champ,BEHAVIOR_HEAVY|FORMATION_HEAVY|HIGH_SHRINKAGE|POTENTIALLY_CONFLICTED|STRONG_EVIDENCE|TACTICAL_CLUSTER_DIVERSE|WEAK_EVIDENCE,team_b_states:BOX_PROTECTION,0,True,True,STABLE,UNKNOWN|UNKNOWN|UNKNOWN,UNKNOWN|UNKNOWN|UNKNOWN
mt_012249215,champ,BEHAVIOR_HEAVY|FORMATION_HEAVY|HIGH_SHRINKAGE|POTENTIALLY_CONFLICTED|STRONG_EVIDENCE|TACTICAL_CLUSTER_DIVERSE|WEAK_EVIDENCE,team_b_states:CLEARANCE_DEPENDENCE,0,True,True,STABLE,HIGH|HIGH|HIGH,HIGH|HIGH|HIGH
mt_012249215,champ,BEHAVIOR_HEAVY|FORMATION_HEAVY|HIGH_SHRINKAGE|POTENTIALLY_CONFLICTED|STRONG_EVIDENCE|TACTICAL_CLUSTER_DIVERSE|WEAK_EVIDENCE,team_b_states:CONTACT_INTENSITY,0,True,True,STABLE,MEDIUM|MEDIUM|MEDIUM,HIGH|HIGH|HIGH
mt_012249215,champ,BEHAVIOR_HEAVY|FORMATION_HEAVY|HIGH_SHRINKAGE|POTENTIALLY_CONFLICTED|STRONG_EVIDENCE|TACTICAL_CLUSTER_DIVERSE|WEAK_EVIDENCE,team_b_states:CORNER_CONCESSION,0,True,True,STABLE,MEDIUM|MEDIUM|MEDIUM,HIGH|HIGH|HIGH
mt_012249215,champ,BEHAVIOR_HEAVY|FORMATION_HEAVY|HIGH_SHRINKAGE|POTENTIALLY_CONFLICTED|STRONG_EVIDENCE|TACTICAL_CLUSTER_DIVERSE|WEAK_EVIDENCE,team_b_states:CROSS_ALLOWANCE,0,True,True,STABLE,MEDIUM|MEDIUM|MEDIUM,HIGH|HIGH|HIGH
mt_012249215,champ,BEHAVIOR_HEAVY|FORMATION_HEAVY|HIGH_SHRINKAGE|POTENTIALLY_CONFLICTED|STRONG_EVIDENCE|TACTICAL_CLUSTER_DIVERSE|WEAK_EVIDENCE,team_b_states:FOUL_DRAWING,4,True,False,RESOLVED_VS_UNCERTAIN_FLIP,UNKNOWN|MEDIUM|UNKNOWN,UNKNOWN|MEDIUM_HIGH|UNKNOWN
mt_012249215,champ,BEHAVIOR_HEAVY|FORMATION_HEAVY|HIGH_SHRINKAGE|POTENTIALLY_CONFLICTED|STRONG_EVIDENCE|TACTICAL_CLUSTER_DIVERSE|WEAK_EVIDENCE,team_b_states:FOUL_TENDENCY,0,True,True,STABLE,MEDIUM|MEDIUM|MEDIUM,HIGH|HIGH|HIGH
mt_012249215,champ,BEHAVIOR_HEAVY|FORMATION_HEAVY|HIGH_SHRINKAGE|POTENTIALLY_CONFLICTED|STRONG_EVIDENCE|TACTICAL_CLUSTER_DIVERSE|WEAK_EVIDENCE,team_b_states:SAVE_ENVIRONMENT,0,False,True,STABLE,UNKNOWN|UNKNOWN,UNKNOWN|UNKNOWN
mt_012249215,champ,BEHAVIOR_HEAVY|FORMATION_HEAVY|HIGH_SHRINKAGE|POTENTIALLY_CONFLICTED|STRONG_EVIDENCE|TACTICAL_CLUSTER_DIVERSE|WEAK_EVIDENCE,team_b_states:SECOND_HALF_ESCALATION,0,False,True,STABLE,UNKNOWN,UNKNOWN
mt_012249215,champ,BEHAVIOR_HEAVY|FORMATION_HEAVY|HIGH_SHRINKAGE|POTENTIALLY_CONFLICTED|STRONG_EVIDENCE|TACTICAL_CLUSTER_DIVERSE|WEAK_EVIDENCE,team_b_states:SET_PIECE_GENERATION,1,True,False,STABLE,LOW|MEDIUM|MEDIUM,HIGH|HIGH|HIGH
mt_012249215,champ,BEHAVIOR_HEAVY|FORMATION_HEAVY|HIGH_SHRINKAGE|POTENTIALLY_CONFLICTED|STRONG_EVIDENCE|TACTICAL_CLUSTER_DIVERSE|WEAK_EVIDENCE,team_b_states:SHOT_QUALITY,4,True,False,RESOLVED_VS_UNCERTAIN_FLIP,UNKNOWN|MEDIUM|UNKNOWN,UNKNOWN|MEDIUM_HIGH|UNKNOWN
mt_012249215,champ,BEHAVIOR_HEAVY|FORMATION_HEAVY|HIGH_SHRINKAGE|POTENTIALLY_CONFLICTED|STRONG_EVIDENCE|TACTICAL_CLUSTER_DIVERSE|WEAK_EVIDENCE,team_b_states:SHOT_SUPPRESSION,0,True,True,STABLE,LOW|LOW|LOW,HIGH|HIGH|HIGH
mt_012249215,champ,BEHAVIOR_HEAVY|FORMATION_HEAVY|HIGH_SHRINKAGE|POTENTIALLY_CONFLICTED|STRONG_EVIDENCE|TACTICAL_CLUSTER_DIVERSE|WEAK_EVIDENCE,team_b_states:SHOT_VOLUME,0,True,True,STABLE,MEDIUM|MEDIUM|MEDIUM,HIGH|HIGH|HIGH
mt_012249215,champ,BEHAVIOR_HEAVY|FORMATION_HEAVY|HIGH_SHRINKAGE|POTENTIALLY_CONFLICTED|STRONG_EVIDENCE|TACTICAL_CLUSTER_DIVERSE|WEAK_EVIDENCE,team_b_states:TERRITORIAL_PRESSURE,0,True,True,STABLE,LOW|LOW|LOW,HIGH|HIGH|HIGH
mt_012249215,champ,BEHAVIOR_HEAVY|FORMATION_HEAVY|HIGH_SHRINKAGE|POTENTIALLY_CONFLICTED|STRONG_EVIDENCE|TACTICAL_CLUSTER_DIVERSE|WEAK_EVIDENCE,team_b_states:WIDTH_PRESSURE,0,True,True,STABLE,MEDIUM|MEDIUM|MEDIUM,MEDIUM_HIGH|MEDIUM_HIGH|MEDIUM_HIGH
mt_978814872,champ,BEHAVIOR_HEAVY|FORMATION_HEAVY|POTENTIALLY_CONFLICTED|SMALL_N|STRONG_EVIDENCE|WEAK_EVIDENCE,matchup_states:BOX_PRESSURE_MATCHUP,0,True,True,STABLE,UNKNOWN|UNKNOWN|UNKNOWN,UNKNOWN|UNKNOWN|UNKNOWN
mt_978814872,champ,BEHAVIOR_HEAVY|FORMATION_HEAVY|POTENTIALLY_CONFLICTED|SMALL_N|STRONG_EVIDENCE|WEAK_EVIDENCE,matchup_states:CONTACT_MATCHUP,1,True,False,STABLE,NEUTRAL|NEUTRAL|B_ADVANTAGE,MEDIUM|MEDIUM|MEDIUM
mt_978814872,champ,BEHAVIOR_HEAVY|FORMATION_HEAVY|POTENTIALLY_CONFLICTED|SMALL_N|STRONG_EVIDENCE|WEAK_EVIDENCE,matchup_states:CORNER_MECHANISM_MATCHUP,1,True,False,STABLE,A_ADVANTAGE|A_ADVANTAGE|NEUTRAL,MEDIUM_HIGH|MEDIUM_HIGH|MEDIUM
mt_978814872,champ,BEHAVIOR_HEAVY|FORMATION_HEAVY|POTENTIALLY_CONFLICTED|SMALL_N|STRONG_EVIDENCE|WEAK_EVIDENCE,matchup_states:SHOT_CREATION_MATCHUP,1,True,True,STABLE,A_ADVANTAGE|A_ADVANTAGE|A_ADVANTAGE,MEDIUM_HIGH|MEDIUM_HIGH|MEDIUM
mt_978814872,champ,BEHAVIOR_HEAVY|FORMATION_HEAVY|POTENTIALLY_CONFLICTED|SMALL_N|STRONG_EVIDENCE|WEAK_EVIDENCE,matchup_states:WIDE_PRESSURE_MATCHUP,1,True,True,STABLE,B_ADVANTAGE|B_ADVANTAGE|B_ADVANTAGE,MEDIUM_HIGH|MEDIUM_HIGH|MEDIUM
mt_978814872,champ,BEHAVIOR_HEAVY|FORMATION_HEAVY|POTENTIALLY_CONFLICTED|SMALL_N|STRONG_EVIDENCE|WEAK_EVIDENCE,team_a_states:BOOKING_CONVERSION,0,True,True,STABLE,MEDIUM|MEDIUM|MEDIUM,HIGH|HIGH|HIGH
mt_978814872,champ,BEHAVIOR_HEAVY|FORMATION_HEAVY|POTENTIALLY_CONFLICTED|SMALL_N|STRONG_EVIDENCE|WEAK_EVIDENCE,team_a_states:BOX_PRESSURE,0,True,True,STABLE,UNKNOWN|UNKNOWN|UNKNOWN,UNKNOWN|UNKNOWN|UNKNOWN
mt_978814872,champ,BEHAVIOR_HEAVY|FORMATION_HEAVY|POTENTIALLY_CONFLICTED|SMALL_N|STRONG_EVIDENCE|WEAK_EVIDENCE,team_a_states:BOX_PROTECTION,0,True,True,STABLE,UNKNOWN|UNKNOWN|UNKNOWN,UNKNOWN|UNKNOWN|UNKNOWN
mt_978814872,champ,BEHAVIOR_HEAVY|FORMATION_HEAVY|POTENTIALLY_CONFLICTED|SMALL_N|STRONG_EVIDENCE|WEAK_EVIDENCE,team_a_states:CLEARANCE_DEPENDENCE,0,True,True,STABLE,MEDIUM|MEDIUM|MEDIUM,HIGH|HIGH|HIGH
mt_978814872,champ,BEHAVIOR_HEAVY|FORMATION_HEAVY|POTENTIALLY_CONFLICTED|SMALL_N|STRONG_EVIDENCE|WEAK_EVIDENCE,team_a_states:CONTACT_INTENSITY,0,True,True,STABLE,MEDIUM|MEDIUM|MEDIUM,HIGH|HIGH|HIGH
mt_978814872,champ,BEHAVIOR_HEAVY|FORMATION_HEAVY|POTENTIALLY_CONFLICTED|SMALL_N|STRONG_EVIDENCE|WEAK_EVIDENCE,team_a_states:CORNER_CONCESSION,0,True,True,STABLE,MEDIUM|MEDIUM|MEDIUM,HIGH|HIGH|HIGH
mt_978814872,champ,BEHAVIOR_HEAVY|FORMATION_HEAVY|POTENTIALLY_CONFLICTED|SMALL_N|STRONG_EVIDENCE|WEAK_EVIDENCE,team_a_states:CROSS_ALLOWANCE,0,True,True,STABLE,MEDIUM|MEDIUM|MEDIUM,HIGH|HIGH|HIGH
mt_978814872,champ,BEHAVIOR_HEAVY|FORMATION_HEAVY|POTENTIALLY_CONFLICTED|SMALL_N|STRONG_EVIDENCE|WEAK_EVIDENCE,team_a_states:FOUL_DRAWING,0,True,True,STABLE,MEDIUM|MEDIUM|MEDIUM,HIGH|HIGH|HIGH
mt_978814872,champ,BEHAVIOR_HEAVY|FORMATION_HEAVY|POTENTIALLY_CONFLICTED|SMALL_N|STRONG_EVIDENCE|WEAK_EVIDENCE,team_a_states:FOUL_TENDENCY,0,True,True,STABLE,LOW|LOW|LOW,HIGH|HIGH|HIGH
mt_978814872,champ,BEHAVIOR_HEAVY|FORMATION_HEAVY|POTENTIALLY_CONFLICTED|SMALL_N|STRONG_EVIDENCE|WEAK_EVIDENCE,team_a_states:SET_PIECE_GENERATION,0,True,True,STABLE,MEDIUM|MEDIUM|MEDIUM,HIGH|HIGH|HIGH
mt_978814872,champ,BEHAVIOR_HEAVY|FORMATION_HEAVY|POTENTIALLY_CONFLICTED|SMALL_N|STRONG_EVIDENCE|WEAK_EVIDENCE,team_a_states:SHOT_QUALITY,1,True,True,STABLE,MEDIUM|MEDIUM|MEDIUM,MEDIUM_HIGH|MEDIUM_HIGH|MEDIUM
mt_978814872,champ,BEHAVIOR_HEAVY|FORMATION_HEAVY|POTENTIALLY_CONFLICTED|SMALL_N|STRONG_EVIDENCE|WEAK_EVIDENCE,team_a_states:SHOT_SUPPRESSION,0,True,True,STABLE,MEDIUM|MEDIUM|MEDIUM,HIGH|HIGH|HIGH
mt_978814872,champ,BEHAVIOR_HEAVY|FORMATION_HEAVY|POTENTIALLY_CONFLICTED|SMALL_N|STRONG_EVIDENCE|WEAK_EVIDENCE,team_a_states:SHOT_VOLUME,0,True,True,STABLE,MEDIUM|MEDIUM|MEDIUM,HIGH|HIGH|HIGH
mt_978814872,champ,BEHAVIOR_HEAVY|FORMATION_HEAVY|POTENTIALLY_CONFLICTED|SMALL_N|STRONG_EVIDENCE|WEAK_EVIDENCE,team_a_states:TERRITORIAL_PRESSURE,1,True,False,STABLE,LOW|LOW|MEDIUM,MEDIUM|MEDIUM|MEDIUM
mt_978814872,champ,BEHAVIOR_HEAVY|FORMATION_HEAVY|POTENTIALLY_CONFLICTED|SMALL_N|STRONG_EVIDENCE|WEAK_EVIDENCE,team_a_states:WIDTH_PRESSURE,0,True,True,STABLE,LOW|LOW|LOW,MEDIUM|MEDIUM|MEDIUM
mt_978814872,champ,BEHAVIOR_HEAVY|FORMATION_HEAVY|POTENTIALLY_CONFLICTED|SMALL_N|STRONG_EVIDENCE|WEAK_EVIDENCE,team_b_states:BOOKING_CONVERSION,0,True,True,STABLE,MEDIUM|MEDIUM|MEDIUM,HIGH|HIGH|HIGH
mt_978814872,champ,BEHAVIOR_HEAVY|FORMATION_HEAVY|POTENTIALLY_CONFLICTED|SMALL_N|STRONG_EVIDENCE|WEAK_EVIDENCE,team_b_states:BOX_PRESSURE,0,True,True,STABLE,UNKNOWN|UNKNOWN|UNKNOWN,UNKNOWN|UNKNOWN|UNKNOWN
mt_978814872,champ,BEHAVIOR_HEAVY|FORMATION_HEAVY|POTENTIALLY_CONFLICTED|SMALL_N|STRONG_EVIDENCE|WEAK_EVIDENCE,team_b_states:BOX_PROTECTION,0,True,True,STABLE,UNKNOWN|UNKNOWN|UNKNOWN,UNKNOWN|UNKNOWN|UNKNOWN
mt_978814872,champ,BEHAVIOR_HEAVY|FORMATION_HEAVY|POTENTIALLY_CONFLICTED|SMALL_N|STRONG_EVIDENCE|WEAK_EVIDENCE,team_b_states:CLEARANCE_DEPENDENCE,0,True,True,STABLE,MEDIUM|MEDIUM|MEDIUM,HIGH|HIGH|HIGH
mt_978814872,champ,BEHAVIOR_HEAVY|FORMATION_HEAVY|POTENTIALLY_CONFLICTED|SMALL_N|STRONG_EVIDENCE|WEAK_EVIDENCE,team_b_states:CONTACT_INTENSITY,0,True,True,STABLE,MEDIUM|MEDIUM|MEDIUM,HIGH|HIGH|HIGH
mt_978814872,champ,BEHAVIOR_HEAVY|FORMATION_HEAVY|POTENTIALLY_CONFLICTED|SMALL_N|STRONG_EVIDENCE|WEAK_EVIDENCE,team_b_states:CORNER_CONCESSION,0,True,True,STABLE,MEDIUM|MEDIUM|MEDIUM,HIGH|HIGH|HIGH
mt_978814872,champ,BEHAVIOR_HEAVY|FORMATION_HEAVY|POTENTIALLY_CONFLICTED|SMALL_N|STRONG_EVIDENCE|WEAK_EVIDENCE,team_b_states:CROSS_ALLOWANCE,0,True,True,STABLE,MEDIUM|MEDIUM|MEDIUM,HIGH|HIGH|HIGH
mt_978814872,champ,BEHAVIOR_HEAVY|FORMATION_HEAVY|POTENTIALLY_CONFLICTED|SMALL_N|STRONG_EVIDENCE|WEAK_EVIDENCE,team_b_states:FOUL_DRAWING,0,True,True,STABLE,LOW|LOW|LOW,HIGH|HIGH|HIGH
mt_978814872,champ,BEHAVIOR_HEAVY|FORMATION_HEAVY|POTENTIALLY_CONFLICTED|SMALL_N|STRONG_EVIDENCE|WEAK_EVIDENCE,team_b_states:FOUL_TENDENCY,0,True,True,STABLE,MEDIUM|MEDIUM|MEDIUM,HIGH|HIGH|HIGH
mt_978814872,champ,BEHAVIOR_HEAVY|FORMATION_HEAVY|POTENTIALLY_CONFLICTED|SMALL_N|STRONG_EVIDENCE|WEAK_EVIDENCE,team_b_states:SET_PIECE_GENERATION,0,True,True,STABLE,MEDIUM|MEDIUM|MEDIUM,HIGH|HIGH|HIGH
mt_978814872,champ,BEHAVIOR_HEAVY|FORMATION_HEAVY|POTENTIALLY_CONFLICTED|SMALL_N|STRONG_EVIDENCE|WEAK_EVIDENCE,team_b_states:SHOT_QUALITY,1,True,True,STABLE,MEDIUM|MEDIUM|MEDIUM,MEDIUM_HIGH|MEDIUM_HIGH|MEDIUM
mt_978814872,champ,BEHAVIOR_HEAVY|FORMATION_HEAVY|POTENTIALLY_CONFLICTED|SMALL_N|STRONG_EVIDENCE|WEAK_EVIDENCE,team_b_states:SHOT_SUPPRESSION,1,True,False,STABLE,MEDIUM|MEDIUM|HIGH,HIGH|HIGH|HIGH
mt_978814872,champ,BEHAVIOR_HEAVY|FORMATION_HEAVY|POTENTIALLY_CONFLICTED|SMALL_N|STRONG_EVIDENCE|WEAK_EVIDENCE,team_b_states:SHOT_VOLUME,0,True,True,STABLE,MEDIUM|MEDIUM|MEDIUM,HIGH|HIGH|HIGH
mt_978814872,champ,BEHAVIOR_HEAVY|FORMATION_HEAVY|POTENTIALLY_CONFLICTED|SMALL_N|STRONG_EVIDENCE|WEAK_EVIDENCE,team_b_states:TERRITORIAL_PRESSURE,1,True,True,STABLE,MEDIUM|MEDIUM|MEDIUM,MEDIUM_HIGH|HIGH|MEDIUM
mt_978814872,champ,BEHAVIOR_HEAVY|FORMATION_HEAVY|POTENTIALLY_CONFLICTED|SMALL_N|STRONG_EVIDENCE|WEAK_EVIDENCE,team_b_states:WIDTH_PRESSURE,0,True,True,STABLE,MEDIUM|MEDIUM|MEDIUM,HIGH|HIGH|HIGH
mt_581147561,champ,BEHAVIOR_HEAVY|FORMATION_HEAVY|HIGH_SHRINKAGE|WEAK_EVIDENCE,matchup_states:BOX_PRESSURE_MATCHUP,0,False,True,STABLE,A_ADVANTAGE|A_ADVANTAGE,MEDIUM_LOW|MEDIUM_LOW
mt_581147561,champ,BEHAVIOR_HEAVY|FORMATION_HEAVY|HIGH_SHRINKAGE|WEAK_EVIDENCE,matchup_states:CONTACT_MATCHUP,0,False,True,STABLE,NEUTRAL|NEUTRAL,MEDIUM_LOW|MEDIUM_LOW
mt_581147561,champ,BEHAVIOR_HEAVY|FORMATION_HEAVY|HIGH_SHRINKAGE|WEAK_EVIDENCE,matchup_states:CORNER_MECHANISM_MATCHUP,0,False,True,STABLE,NEUTRAL|NEUTRAL,MEDIUM_LOW|MEDIUM_LOW
mt_581147561,champ,BEHAVIOR_HEAVY|FORMATION_HEAVY|HIGH_SHRINKAGE|WEAK_EVIDENCE,matchup_states:SHOT_CREATION_MATCHUP,0,False,True,STABLE,A_ADVANTAGE|A_ADVANTAGE,MEDIUM_LOW|MEDIUM_LOW
mt_581147561,champ,BEHAVIOR_HEAVY|FORMATION_HEAVY|HIGH_SHRINKAGE|WEAK_EVIDENCE,matchup_states:WIDE_PRESSURE_MATCHUP,0,False,True,STABLE,NEUTRAL|NEUTRAL,MEDIUM_LOW|MEDIUM_LOW
mt_581147561,champ,BEHAVIOR_HEAVY|FORMATION_HEAVY|HIGH_SHRINKAGE|WEAK_EVIDENCE,team_a_states:BOOKING_CONVERSION,0,False,True,STABLE,MEDIUM|MEDIUM,MEDIUM_LOW|MEDIUM_LOW
mt_581147561,champ,BEHAVIOR_HEAVY|FORMATION_HEAVY|HIGH_SHRINKAGE|WEAK_EVIDENCE,team_a_states:BOX_PRESSURE,0,False,True,STABLE,MEDIUM|MEDIUM,MEDIUM_LOW|MEDIUM_LOW
mt_581147561,champ,BEHAVIOR_HEAVY|FORMATION_HEAVY|HIGH_SHRINKAGE|WEAK_EVIDENCE,team_a_states:BOX_PROTECTION,0,False,True,STABLE,MEDIUM|MEDIUM,MEDIUM_LOW|MEDIUM_LOW
mt_581147561,champ,BEHAVIOR_HEAVY|FORMATION_HEAVY|HIGH_SHRINKAGE|WEAK_EVIDENCE,team_a_states:CLEARANCE_DEPENDENCE,0,False,True,STABLE,MEDIUM|MEDIUM,MEDIUM_LOW|MEDIUM_LOW
mt_581147561,champ,BEHAVIOR_HEAVY|FORMATION_HEAVY|HIGH_SHRINKAGE|WEAK_EVIDENCE,team_a_states:CONTACT_INTENSITY,0,False,True,STABLE,MEDIUM|MEDIUM,MEDIUM_LOW|MEDIUM_LOW
mt_581147561,champ,BEHAVIOR_HEAVY|FORMATION_HEAVY|HIGH_SHRINKAGE|WEAK_EVIDENCE,team_a_states:CORNER_CONCESSION,0,False,True,STABLE,MEDIUM|MEDIUM,MEDIUM_LOW|MEDIUM_LOW
mt_581147561,champ,BEHAVIOR_HEAVY|FORMATION_HEAVY|HIGH_SHRINKAGE|WEAK_EVIDENCE,team_a_states:CROSS_ALLOWANCE,0,False,True,STABLE,LOW|LOW,MEDIUM_LOW|MEDIUM_LOW
mt_581147561,champ,BEHAVIOR_HEAVY|FORMATION_HEAVY|HIGH_SHRINKAGE|WEAK_EVIDENCE,team_a_states:FOUL_DRAWING,0,False,True,STABLE,MEDIUM|MEDIUM,MEDIUM_LOW|MEDIUM_LOW
mt_581147561,champ,BEHAVIOR_HEAVY|FORMATION_HEAVY|HIGH_SHRINKAGE|WEAK_EVIDENCE,team_a_states:FOUL_TENDENCY,0,False,True,STABLE,MEDIUM|MEDIUM,MEDIUM_LOW|MEDIUM_LOW
mt_581147561,champ,BEHAVIOR_HEAVY|FORMATION_HEAVY|HIGH_SHRINKAGE|WEAK_EVIDENCE,team_a_states:SET_PIECE_GENERATION,0,False,True,STABLE,MEDIUM|MEDIUM,MEDIUM_LOW|MEDIUM_LOW
mt_581147561,champ,BEHAVIOR_HEAVY|FORMATION_HEAVY|HIGH_SHRINKAGE|WEAK_EVIDENCE,team_a_states:SHOT_SUPPRESSION,0,False,True,STABLE,MEDIUM|MEDIUM,MEDIUM_LOW|MEDIUM_LOW
mt_581147561,champ,BEHAVIOR_HEAVY|FORMATION_HEAVY|HIGH_SHRINKAGE|WEAK_EVIDENCE,team_a_states:SHOT_VOLUME,0,False,True,STABLE,MEDIUM|MEDIUM,MEDIUM_LOW|MEDIUM_LOW
mt_581147561,champ,BEHAVIOR_HEAVY|FORMATION_HEAVY|HIGH_SHRINKAGE|WEAK_EVIDENCE,team_a_states:TERRITORIAL_PRESSURE,0,False,True,STABLE,MEDIUM|MEDIUM,MEDIUM_LOW|MEDIUM_LOW
mt_581147561,champ,BEHAVIOR_HEAVY|FORMATION_HEAVY|HIGH_SHRINKAGE|WEAK_EVIDENCE,team_a_states:WIDTH_PRESSURE,0,False,True,STABLE,MEDIUM|MEDIUM,MEDIUM_LOW|MEDIUM_LOW
mt_581147561,champ,BEHAVIOR_HEAVY|FORMATION_HEAVY|HIGH_SHRINKAGE|WEAK_EVIDENCE,team_b_states:BOOKING_CONVERSION,0,False,True,STABLE,MEDIUM|MEDIUM,MEDIUM_LOW|MEDIUM_LOW
mt_581147561,champ,BEHAVIOR_HEAVY|FORMATION_HEAVY|HIGH_SHRINKAGE|WEAK_EVIDENCE,team_b_states:BOX_PRESSURE,0,False,True,STABLE,LOW|LOW,MEDIUM_LOW|MEDIUM_LOW
mt_581147561,champ,BEHAVIOR_HEAVY|FORMATION_HEAVY|HIGH_SHRINKAGE|WEAK_EVIDENCE,team_b_states:BOX_PROTECTION,0,False,True,STABLE,LOW|LOW,MEDIUM_LOW|MEDIUM_LOW
mt_581147561,champ,BEHAVIOR_HEAVY|FORMATION_HEAVY|HIGH_SHRINKAGE|WEAK_EVIDENCE,team_b_states:CLEARANCE_DEPENDENCE,0,False,True,STABLE,MEDIUM|MEDIUM,MEDIUM_LOW|MEDIUM_LOW
mt_581147561,champ,BEHAVIOR_HEAVY|FORMATION_HEAVY|HIGH_SHRINKAGE|WEAK_EVIDENCE,team_b_states:CONTACT_INTENSITY,0,False,True,STABLE,MEDIUM|MEDIUM,MEDIUM_LOW|MEDIUM_LOW
mt_581147561,champ,BEHAVIOR_HEAVY|FORMATION_HEAVY|HIGH_SHRINKAGE|WEAK_EVIDENCE,team_b_states:CORNER_CONCESSION,0,False,True,STABLE,MEDIUM|MEDIUM,MEDIUM_LOW|MEDIUM_LOW
mt_581147561,champ,BEHAVIOR_HEAVY|FORMATION_HEAVY|HIGH_SHRINKAGE|WEAK_EVIDENCE,team_b_states:CROSS_ALLOWANCE,0,False,True,STABLE,LOW|LOW,MEDIUM_LOW|MEDIUM_LOW
mt_581147561,champ,BEHAVIOR_HEAVY|FORMATION_HEAVY|HIGH_SHRINKAGE|WEAK_EVIDENCE,team_b_states:FOUL_DRAWING,0,False,True,STABLE,MEDIUM|MEDIUM,MEDIUM_LOW|MEDIUM_LOW
mt_581147561,champ,BEHAVIOR_HEAVY|FORMATION_HEAVY|HIGH_SHRINKAGE|WEAK_EVIDENCE,team_b_states:FOUL_TENDENCY,0,False,True,STABLE,MEDIUM|MEDIUM,MEDIUM_LOW|MEDIUM_LOW
mt_581147561,champ,BEHAVIOR_HEAVY|FORMATION_HEAVY|HIGH_SHRINKAGE|WEAK_EVIDENCE,team_b_states:SET_PIECE_GENERATION,0,False,True,STABLE,MEDIUM|MEDIUM,MEDIUM_LOW|MEDIUM_LOW
mt_581147561,champ,BEHAVIOR_HEAVY|FORMATION_HEAVY|HIGH_SHRINKAGE|WEAK_EVIDENCE,team_b_states:SHOT_SUPPRESSION,0,False,True,STABLE,LOW|LOW,MEDIUM_LOW|MEDIUM_LOW
mt_581147561,champ,BEHAVIOR_HEAVY|FORMATION_HEAVY|HIGH_SHRINKAGE|WEAK_EVIDENCE,team_b_states:SHOT_VOLUME,0,False,True,STABLE,LOW|LOW,MEDIUM_LOW|MEDIUM_LOW
mt_581147561,champ,BEHAVIOR_HEAVY|FORMATION_HEAVY|HIGH_SHRINKAGE|WEAK_EVIDENCE,team_b_states:TERRITORIAL_PRESSURE,0,False,True,STABLE,LOW|LOW,MEDIUM_LOW|MEDIUM_LOW
mt_581147561,champ,BEHAVIOR_HEAVY|FORMATION_HEAVY|HIGH_SHRINKAGE|WEAK_EVIDENCE,team_b_states:WIDTH_PRESSURE,0,False,True,STABLE,LOW|LOW,MEDIUM_LOW|MEDIUM_LOW
mt_972821383,epl,BEHAVIOR_HEAVY|FORMATION_HEAVY|POTENTIALLY_CONFLICTED|SMALL_N|STRONG_EVIDENCE|TACTICAL_CLUSTER_DIVERSE|WEAK_EVIDENCE,matchup_states:BOX_PRESSURE_MATCHUP,0,True,True,STABLE,A_ADVANTAGE|A_ADVANTAGE|A_ADVANTAGE,MEDIUM_HIGH|MEDIUM_HIGH|MEDIUM_HIGH
mt_972821383,epl,BEHAVIOR_HEAVY|FORMATION_HEAVY|POTENTIALLY_CONFLICTED|SMALL_N|STRONG_EVIDENCE|TACTICAL_CLUSTER_DIVERSE|WEAK_EVIDENCE,matchup_states:CONTACT_MATCHUP,1,True,True,STABLE,NEUTRAL|NEUTRAL|NEUTRAL,MEDIUM_LOW|MEDIUM_LOW|MEDIUM
mt_972821383,epl,BEHAVIOR_HEAVY|FORMATION_HEAVY|POTENTIALLY_CONFLICTED|SMALL_N|STRONG_EVIDENCE|TACTICAL_CLUSTER_DIVERSE|WEAK_EVIDENCE,matchup_states:CORNER_MECHANISM_MATCHUP,0,True,True,STABLE,A_ADVANTAGE|A_ADVANTAGE|A_ADVANTAGE,MEDIUM|MEDIUM|MEDIUM
mt_972821383,epl,BEHAVIOR_HEAVY|FORMATION_HEAVY|POTENTIALLY_CONFLICTED|SMALL_N|STRONG_EVIDENCE|TACTICAL_CLUSTER_DIVERSE|WEAK_EVIDENCE,matchup_states:SHOT_CREATION_MATCHUP,0,True,True,STABLE,A_ADVANTAGE|A_ADVANTAGE|A_ADVANTAGE,MEDIUM_HIGH|MEDIUM_HIGH|MEDIUM_HIGH
mt_972821383,epl,BEHAVIOR_HEAVY|FORMATION_HEAVY|POTENTIALLY_CONFLICTED|SMALL_N|STRONG_EVIDENCE|TACTICAL_CLUSTER_DIVERSE|WEAK_EVIDENCE,matchup_states:WIDE_PRESSURE_MATCHUP,1,True,False,STABLE,NEUTRAL|NEUTRAL|A_ADVANTAGE,MEDIUM|MEDIUM|MEDIUM
mt_972821383,epl,BEHAVIOR_HEAVY|FORMATION_HEAVY|POTENTIALLY_CONFLICTED|SMALL_N|STRONG_EVIDENCE|TACTICAL_CLUSTER_DIVERSE|WEAK_EVIDENCE,team_a_states:BOOKING_CONVERSION,0,True,True,STABLE,MEDIUM|MEDIUM|MEDIUM,MEDIUM|MEDIUM|MEDIUM
mt_972821383,epl,BEHAVIOR_HEAVY|FORMATION_HEAVY|POTENTIALLY_CONFLICTED|SMALL_N|STRONG_EVIDENCE|TACTICAL_CLUSTER_DIVERSE|WEAK_EVIDENCE,team_a_states:BOX_PRESSURE,0,True,True,STABLE,HIGH|HIGH|HIGH,MEDIUM_HIGH|MEDIUM_HIGH|MEDIUM_HIGH
mt_972821383,epl,BEHAVIOR_HEAVY|FORMATION_HEAVY|POTENTIALLY_CONFLICTED|SMALL_N|STRONG_EVIDENCE|TACTICAL_CLUSTER_DIVERSE|WEAK_EVIDENCE,team_a_states:BOX_PROTECTION,0,True,True,STABLE,HIGH|HIGH|HIGH,MEDIUM_HIGH|MEDIUM_HIGH|MEDIUM_HIGH
mt_972821383,epl,BEHAVIOR_HEAVY|FORMATION_HEAVY|POTENTIALLY_CONFLICTED|SMALL_N|STRONG_EVIDENCE|TACTICAL_CLUSTER_DIVERSE|WEAK_EVIDENCE,team_a_states:CLEARANCE_DEPENDENCE,0,True,True,STABLE,MEDIUM|MEDIUM|MEDIUM,MEDIUM|MEDIUM|MEDIUM
mt_972821383,epl,BEHAVIOR_HEAVY|FORMATION_HEAVY|POTENTIALLY_CONFLICTED|SMALL_N|STRONG_EVIDENCE|TACTICAL_CLUSTER_DIVERSE|WEAK_EVIDENCE,team_a_states:CONTACT_INTENSITY,0,True,True,STABLE,MEDIUM|MEDIUM|MEDIUM,MEDIUM|MEDIUM|MEDIUM
mt_972821383,epl,BEHAVIOR_HEAVY|FORMATION_HEAVY|POTENTIALLY_CONFLICTED|SMALL_N|STRONG_EVIDENCE|TACTICAL_CLUSTER_DIVERSE|WEAK_EVIDENCE,team_a_states:CORNER_CONCESSION,0,True,True,STABLE,MEDIUM|MEDIUM|MEDIUM,MEDIUM_HIGH|MEDIUM_HIGH|MEDIUM_HIGH
mt_972821383,epl,BEHAVIOR_HEAVY|FORMATION_HEAVY|POTENTIALLY_CONFLICTED|SMALL_N|STRONG_EVIDENCE|TACTICAL_CLUSTER_DIVERSE|WEAK_EVIDENCE,team_a_states:CROSS_ALLOWANCE,0,True,True,STABLE,LOW|LOW|LOW,MEDIUM_HIGH|MEDIUM_HIGH|MEDIUM_HIGH
mt_972821383,epl,BEHAVIOR_HEAVY|FORMATION_HEAVY|POTENTIALLY_CONFLICTED|SMALL_N|STRONG_EVIDENCE|TACTICAL_CLUSTER_DIVERSE|WEAK_EVIDENCE,team_a_states:FOUL_DRAWING,0,True,True,STABLE,MEDIUM|MEDIUM|MEDIUM,MEDIUM|MEDIUM|MEDIUM
mt_972821383,epl,BEHAVIOR_HEAVY|FORMATION_HEAVY|POTENTIALLY_CONFLICTED|SMALL_N|STRONG_EVIDENCE|TACTICAL_CLUSTER_DIVERSE|WEAK_EVIDENCE,team_a_states:FOUL_TENDENCY,0,True,True,STABLE,MEDIUM|MEDIUM|MEDIUM,MEDIUM|MEDIUM|MEDIUM
mt_972821383,epl,BEHAVIOR_HEAVY|FORMATION_HEAVY|POTENTIALLY_CONFLICTED|SMALL_N|STRONG_EVIDENCE|TACTICAL_CLUSTER_DIVERSE|WEAK_EVIDENCE,team_a_states:SET_PIECE_GENERATION,0,True,True,STABLE,MEDIUM|MEDIUM|MEDIUM,MEDIUM_HIGH|MEDIUM_HIGH|MEDIUM_HIGH
mt_972821383,epl,BEHAVIOR_HEAVY|FORMATION_HEAVY|POTENTIALLY_CONFLICTED|SMALL_N|STRONG_EVIDENCE|TACTICAL_CLUSTER_DIVERSE|WEAK_EVIDENCE,team_a_states:SHOT_SUPPRESSION,0,True,True,STABLE,HIGH|HIGH|HIGH,MEDIUM_HIGH|MEDIUM_HIGH|MEDIUM_HIGH
mt_972821383,epl,BEHAVIOR_HEAVY|FORMATION_HEAVY|POTENTIALLY_CONFLICTED|SMALL_N|STRONG_EVIDENCE|TACTICAL_CLUSTER_DIVERSE|WEAK_EVIDENCE,team_a_states:SHOT_VOLUME,0,True,True,STABLE,HIGH|HIGH|HIGH,HIGH|HIGH|HIGH
mt_972821383,epl,BEHAVIOR_HEAVY|FORMATION_HEAVY|POTENTIALLY_CONFLICTED|SMALL_N|STRONG_EVIDENCE|TACTICAL_CLUSTER_DIVERSE|WEAK_EVIDENCE,team_a_states:TERRITORIAL_PRESSURE,0,True,True,STABLE,HIGH|HIGH|HIGH,MEDIUM_HIGH|MEDIUM_HIGH|MEDIUM_HIGH
mt_972821383,epl,BEHAVIOR_HEAVY|FORMATION_HEAVY|POTENTIALLY_CONFLICTED|SMALL_N|STRONG_EVIDENCE|TACTICAL_CLUSTER_DIVERSE|WEAK_EVIDENCE,team_a_states:WIDTH_PRESSURE,0,True,True,STABLE,MEDIUM|MEDIUM|MEDIUM,MEDIUM|MEDIUM|MEDIUM
mt_972821383,epl,BEHAVIOR_HEAVY|FORMATION_HEAVY|POTENTIALLY_CONFLICTED|SMALL_N|STRONG_EVIDENCE|TACTICAL_CLUSTER_DIVERSE|WEAK_EVIDENCE,team_b_states:BOOKING_CONVERSION,0,True,True,STABLE,MEDIUM|MEDIUM|MEDIUM,MEDIUM|MEDIUM|MEDIUM
mt_972821383,epl,BEHAVIOR_HEAVY|FORMATION_HEAVY|POTENTIALLY_CONFLICTED|SMALL_N|STRONG_EVIDENCE|TACTICAL_CLUSTER_DIVERSE|WEAK_EVIDENCE,team_b_states:BOX_PRESSURE,0,True,True,STABLE,MEDIUM|MEDIUM|MEDIUM,MEDIUM|MEDIUM|MEDIUM
mt_972821383,epl,BEHAVIOR_HEAVY|FORMATION_HEAVY|POTENTIALLY_CONFLICTED|SMALL_N|STRONG_EVIDENCE|TACTICAL_CLUSTER_DIVERSE|WEAK_EVIDENCE,team_b_states:BOX_PROTECTION,0,True,True,STABLE,LOW|LOW|LOW,MEDIUM|MEDIUM|MEDIUM
mt_972821383,epl,BEHAVIOR_HEAVY|FORMATION_HEAVY|POTENTIALLY_CONFLICTED|SMALL_N|STRONG_EVIDENCE|TACTICAL_CLUSTER_DIVERSE|WEAK_EVIDENCE,team_b_states:CLEARANCE_DEPENDENCE,0,True,True,STABLE,HIGH|HIGH|HIGH,MEDIUM_HIGH|MEDIUM_HIGH|MEDIUM_HIGH
mt_972821383,epl,BEHAVIOR_HEAVY|FORMATION_HEAVY|POTENTIALLY_CONFLICTED|SMALL_N|STRONG_EVIDENCE|TACTICAL_CLUSTER_DIVERSE|WEAK_EVIDENCE,team_b_states:CONTACT_INTENSITY,0,True,True,STABLE,MEDIUM|MEDIUM|MEDIUM,MEDIUM|MEDIUM|MEDIUM
mt_972821383,epl,BEHAVIOR_HEAVY|FORMATION_HEAVY|POTENTIALLY_CONFLICTED|SMALL_N|STRONG_EVIDENCE|TACTICAL_CLUSTER_DIVERSE|WEAK_EVIDENCE,team_b_states:CORNER_CONCESSION,0,True,True,STABLE,MEDIUM|MEDIUM|MEDIUM,MEDIUM_HIGH|MEDIUM_HIGH|MEDIUM_HIGH
mt_972821383,epl,BEHAVIOR_HEAVY|FORMATION_HEAVY|POTENTIALLY_CONFLICTED|SMALL_N|STRONG_EVIDENCE|TACTICAL_CLUSTER_DIVERSE|WEAK_EVIDENCE,team_b_states:CROSS_ALLOWANCE,1,True,False,STABLE,MEDIUM|MEDIUM|HIGH,MEDIUM_HIGH|MEDIUM_HIGH|MEDIUM_HIGH
mt_972821383,epl,BEHAVIOR_HEAVY|FORMATION_HEAVY|POTENTIALLY_CONFLICTED|SMALL_N|STRONG_EVIDENCE|TACTICAL_CLUSTER_DIVERSE|WEAK_EVIDENCE,team_b_states:FOUL_DRAWING,0,True,True,STABLE,MEDIUM|MEDIUM|MEDIUM,MEDIUM|MEDIUM|MEDIUM
mt_972821383,epl,BEHAVIOR_HEAVY|FORMATION_HEAVY|POTENTIALLY_CONFLICTED|SMALL_N|STRONG_EVIDENCE|TACTICAL_CLUSTER_DIVERSE|WEAK_EVIDENCE,team_b_states:FOUL_TENDENCY,0,True,True,STABLE,MEDIUM|MEDIUM|MEDIUM,MEDIUM|MEDIUM|MEDIUM
mt_972821383,epl,BEHAVIOR_HEAVY|FORMATION_HEAVY|POTENTIALLY_CONFLICTED|SMALL_N|STRONG_EVIDENCE|TACTICAL_CLUSTER_DIVERSE|WEAK_EVIDENCE,team_b_states:SET_PIECE_GENERATION,0,True,True,STABLE,LOW|LOW|LOW,MEDIUM_HIGH|MEDIUM_HIGH|MEDIUM_HIGH
mt_972821383,epl,BEHAVIOR_HEAVY|FORMATION_HEAVY|POTENTIALLY_CONFLICTED|SMALL_N|STRONG_EVIDENCE|TACTICAL_CLUSTER_DIVERSE|WEAK_EVIDENCE,team_b_states:SHOT_SUPPRESSION,0,True,True,STABLE,LOW|LOW|LOW,MEDIUM|MEDIUM|MEDIUM
mt_972821383,epl,BEHAVIOR_HEAVY|FORMATION_HEAVY|POTENTIALLY_CONFLICTED|SMALL_N|STRONG_EVIDENCE|TACTICAL_CLUSTER_DIVERSE|WEAK_EVIDENCE,team_b_states:SHOT_VOLUME,0,True,True,STABLE,MEDIUM|MEDIUM|MEDIUM,MEDIUM_HIGH|MEDIUM_HIGH|MEDIUM_HIGH
mt_972821383,epl,BEHAVIOR_HEAVY|FORMATION_HEAVY|POTENTIALLY_CONFLICTED|SMALL_N|STRONG_EVIDENCE|TACTICAL_CLUSTER_DIVERSE|WEAK_EVIDENCE,team_b_states:TERRITORIAL_PRESSURE,0,True,True,STABLE,MEDIUM|MEDIUM|MEDIUM,MEDIUM|MEDIUM|MEDIUM
mt_972821383,epl,BEHAVIOR_HEAVY|FORMATION_HEAVY|POTENTIALLY_CONFLICTED|SMALL_N|STRONG_EVIDENCE|TACTICAL_CLUSTER_DIVERSE|WEAK_EVIDENCE,team_b_states:WIDTH_PRESSURE,0,True,True,STABLE,MEDIUM|MEDIUM|MEDIUM,MEDIUM|MEDIUM|MEDIUM
mt_629495329,laliga,BEHAVIOR_HEAVY|FORMATION_HEAVY|HIGH_SHRINKAGE|WEAK_EVIDENCE,matchup_states:BOX_PRESSURE_MATCHUP,1,True,False,STABLE,B_ADVANTAGE|STRONG_B_ADVANTAGE|B_ADVANTAGE,MEDIUM_HIGH|MEDIUM|MEDIUM
mt_629495329,laliga,BEHAVIOR_HEAVY|FORMATION_HEAVY|HIGH_SHRINKAGE|WEAK_EVIDENCE,matchup_states:CONTACT_MATCHUP,0,True,True,STABLE,NEUTRAL|NEUTRAL|NEUTRAL,MEDIUM|MEDIUM|MEDIUM
mt_629495329,laliga,BEHAVIOR_HEAVY|FORMATION_HEAVY|HIGH_SHRINKAGE|WEAK_EVIDENCE,matchup_states:CORNER_MECHANISM_MATCHUP,0,True,True,STABLE,NEUTRAL|NEUTRAL|NEUTRAL,MEDIUM|MEDIUM|MEDIUM
mt_629495329,laliga,BEHAVIOR_HEAVY|FORMATION_HEAVY|HIGH_SHRINKAGE|WEAK_EVIDENCE,matchup_states:SHOT_CREATION_MATCHUP,1,True,False,STABLE,B_ADVANTAGE|STRONG_B_ADVANTAGE|B_ADVANTAGE,MEDIUM_HIGH|MEDIUM|MEDIUM
mt_629495329,laliga,BEHAVIOR_HEAVY|FORMATION_HEAVY|HIGH_SHRINKAGE|WEAK_EVIDENCE,matchup_states:WIDE_PRESSURE_MATCHUP,0,True,True,STABLE,A_ADVANTAGE|A_ADVANTAGE|A_ADVANTAGE,MEDIUM|MEDIUM|MEDIUM
mt_629495329,laliga,BEHAVIOR_HEAVY|FORMATION_HEAVY|HIGH_SHRINKAGE|WEAK_EVIDENCE,team_a_states:BOOKING_CONVERSION,0,True,True,STABLE,MEDIUM|MEDIUM|MEDIUM,MEDIUM|MEDIUM|MEDIUM
mt_629495329,laliga,BEHAVIOR_HEAVY|FORMATION_HEAVY|HIGH_SHRINKAGE|WEAK_EVIDENCE,team_a_states:BOX_PRESSURE,1,True,False,STABLE,MEDIUM|LOW|LOW,MEDIUM|MEDIUM|MEDIUM
mt_629495329,laliga,BEHAVIOR_HEAVY|FORMATION_HEAVY|HIGH_SHRINKAGE|WEAK_EVIDENCE,team_a_states:BOX_PROTECTION,0,True,True,STABLE,LOW|LOW|LOW,MEDIUM|MEDIUM|MEDIUM
mt_629495329,laliga,BEHAVIOR_HEAVY|FORMATION_HEAVY|HIGH_SHRINKAGE|WEAK_EVIDENCE,team_a_states:CLEARANCE_DEPENDENCE,1,True,False,STABLE,HIGH|HIGH|MEDIUM,MEDIUM|MEDIUM|MEDIUM
mt_629495329,laliga,BEHAVIOR_HEAVY|FORMATION_HEAVY|HIGH_SHRINKAGE|WEAK_EVIDENCE,team_a_states:CONTACT_INTENSITY,0,True,True,STABLE,MEDIUM|MEDIUM|MEDIUM,MEDIUM|MEDIUM|MEDIUM
mt_629495329,laliga,BEHAVIOR_HEAVY|FORMATION_HEAVY|HIGH_SHRINKAGE|WEAK_EVIDENCE,team_a_states:CORNER_CONCESSION,0,True,True,STABLE,MEDIUM|MEDIUM|MEDIUM,MEDIUM|MEDIUM|MEDIUM
mt_629495329,laliga,BEHAVIOR_HEAVY|FORMATION_HEAVY|HIGH_SHRINKAGE|WEAK_EVIDENCE,team_a_states:CROSS_ALLOWANCE,0,True,True,STABLE,LOW|LOW|LOW,MEDIUM|MEDIUM|MEDIUM
mt_629495329,laliga,BEHAVIOR_HEAVY|FORMATION_HEAVY|HIGH_SHRINKAGE|WEAK_EVIDENCE,team_a_states:FOUL_DRAWING,0,False,True,STABLE,MEDIUM|MEDIUM,MEDIUM|MEDIUM
mt_629495329,laliga,BEHAVIOR_HEAVY|FORMATION_HEAVY|HIGH_SHRINKAGE|WEAK_EVIDENCE,team_a_states:FOUL_TENDENCY,0,True,True,STABLE,MEDIUM|MEDIUM|MEDIUM,MEDIUM|MEDIUM|MEDIUM
mt_629495329,laliga,BEHAVIOR_HEAVY|FORMATION_HEAVY|HIGH_SHRINKAGE|WEAK_EVIDENCE,team_a_states:SET_PIECE_GENERATION,0,True,True,STABLE,MEDIUM|MEDIUM|MEDIUM,MEDIUM|MEDIUM|MEDIUM
mt_629495329,laliga,BEHAVIOR_HEAVY|FORMATION_HEAVY|HIGH_SHRINKAGE|WEAK_EVIDENCE,team_a_states:SHOT_SUPPRESSION,0,True,True,STABLE,LOW|LOW|LOW,MEDIUM|MEDIUM|MEDIUM
mt_629495329,laliga,BEHAVIOR_HEAVY|FORMATION_HEAVY|HIGH_SHRINKAGE|WEAK_EVIDENCE,team_a_states:SHOT_VOLUME,1,True,False,STABLE,MEDIUM|LOW|LOW,MEDIUM|MEDIUM|MEDIUM
mt_629495329,laliga,BEHAVIOR_HEAVY|FORMATION_HEAVY|HIGH_SHRINKAGE|WEAK_EVIDENCE,team_a_states:TERRITORIAL_PRESSURE,1,True,False,STABLE,MEDIUM|LOW|LOW,MEDIUM|MEDIUM|MEDIUM
mt_629495329,laliga,BEHAVIOR_HEAVY|FORMATION_HEAVY|HIGH_SHRINKAGE|WEAK_EVIDENCE,team_a_states:WIDTH_PRESSURE,0,True,True,STABLE,HIGH|HIGH|HIGH,MEDIUM|MEDIUM|MEDIUM
mt_629495329,laliga,BEHAVIOR_HEAVY|FORMATION_HEAVY|HIGH_SHRINKAGE|WEAK_EVIDENCE,team_b_states:BOOKING_CONVERSION,0,True,True,STABLE,MEDIUM|MEDIUM|MEDIUM,MEDIUM|MEDIUM|MEDIUM
mt_629495329,laliga,BEHAVIOR_HEAVY|FORMATION_HEAVY|HIGH_SHRINKAGE|WEAK_EVIDENCE,team_b_states:BOX_PRESSURE,1,True,False,STABLE,VERY_HIGH|VERY_HIGH|HIGH,MEDIUM_HIGH|MEDIUM|MEDIUM
mt_629495329,laliga,BEHAVIOR_HEAVY|FORMATION_HEAVY|HIGH_SHRINKAGE|WEAK_EVIDENCE,team_b_states:BOX_PROTECTION,1,True,False,STABLE,MEDIUM|MEDIUM|LOW,MEDIUM|MEDIUM|MEDIUM
mt_629495329,laliga,BEHAVIOR_HEAVY|FORMATION_HEAVY|HIGH_SHRINKAGE|WEAK_EVIDENCE,team_b_states:CLEARANCE_DEPENDENCE,0,True,True,STABLE,MEDIUM|MEDIUM|MEDIUM,MEDIUM|MEDIUM|MEDIUM
mt_629495329,laliga,BEHAVIOR_HEAVY|FORMATION_HEAVY|HIGH_SHRINKAGE|WEAK_EVIDENCE,team_b_states:CONTACT_INTENSITY,0,True,True,STABLE,MEDIUM|MEDIUM|MEDIUM,MEDIUM|MEDIUM|MEDIUM
mt_629495329,laliga,BEHAVIOR_HEAVY|FORMATION_HEAVY|HIGH_SHRINKAGE|WEAK_EVIDENCE,team_b_states:CORNER_CONCESSION,0,True,True,STABLE,MEDIUM|MEDIUM|MEDIUM,MEDIUM|MEDIUM|MEDIUM
mt_629495329,laliga,BEHAVIOR_HEAVY|FORMATION_HEAVY|HIGH_SHRINKAGE|WEAK_EVIDENCE,team_b_states:CROSS_ALLOWANCE,0,True,True,STABLE,LOW|LOW|LOW,MEDIUM|MEDIUM|MEDIUM
mt_629495329,laliga,BEHAVIOR_HEAVY|FORMATION_HEAVY|HIGH_SHRINKAGE|WEAK_EVIDENCE,team_b_states:FOUL_DRAWING,0,False,True,STABLE,HIGH|HIGH,MEDIUM|MEDIUM
mt_629495329,laliga,BEHAVIOR_HEAVY|FORMATION_HEAVY|HIGH_SHRINKAGE|WEAK_EVIDENCE,team_b_states:FOUL_TENDENCY,1,True,False,STABLE,MEDIUM|LOW|LOW,MEDIUM|MEDIUM|MEDIUM
mt_629495329,laliga,BEHAVIOR_HEAVY|FORMATION_HEAVY|HIGH_SHRINKAGE|WEAK_EVIDENCE,team_b_states:SET_PIECE_GENERATION,0,True,True,STABLE,MEDIUM|MEDIUM|MEDIUM,MEDIUM|MEDIUM|MEDIUM
mt_629495329,laliga,BEHAVIOR_HEAVY|FORMATION_HEAVY|HIGH_SHRINKAGE|WEAK_EVIDENCE,team_b_states:SHOT_SUPPRESSION,1,True,False,STABLE,HIGH|HIGH|MEDIUM,MEDIUM|MEDIUM|MEDIUM
mt_629495329,laliga,BEHAVIOR_HEAVY|FORMATION_HEAVY|HIGH_SHRINKAGE|WEAK_EVIDENCE,team_b_states:SHOT_VOLUME,1,True,True,STABLE,HIGH|HIGH|HIGH,MEDIUM_HIGH|MEDIUM|MEDIUM
mt_629495329,laliga,BEHAVIOR_HEAVY|FORMATION_HEAVY|HIGH_SHRINKAGE|WEAK_EVIDENCE,team_b_states:TERRITORIAL_PRESSURE,1,True,False,STABLE,VERY_HIGH|VERY_HIGH|HIGH,MEDIUM_HIGH|MEDIUM|MEDIUM
mt_629495329,laliga,BEHAVIOR_HEAVY|FORMATION_HEAVY|HIGH_SHRINKAGE|WEAK_EVIDENCE,team_b_states:WIDTH_PRESSURE,1,True,False,STABLE,MEDIUM|LOW|LOW,MEDIUM|MEDIUM|MEDIUM
mt_408750625,laliga2,BEHAVIOR_HEAVY|FORMATION_HEAVY|HIGH_SHRINKAGE|WEAK_EVIDENCE,matchup_states:BOX_PRESSURE_MATCHUP,0,True,True,STABLE,A_ADVANTAGE|A_ADVANTAGE|A_ADVANTAGE,MEDIUM|MEDIUM|MEDIUM
mt_408750625,laliga2,BEHAVIOR_HEAVY|FORMATION_HEAVY|HIGH_SHRINKAGE|WEAK_EVIDENCE,matchup_states:CONTACT_MATCHUP,1,True,False,STABLE,NEUTRAL|A_ADVANTAGE|NEUTRAL,MEDIUM_LOW|MEDIUM|MEDIUM
mt_408750625,laliga2,BEHAVIOR_HEAVY|FORMATION_HEAVY|HIGH_SHRINKAGE|WEAK_EVIDENCE,matchup_states:CORNER_MECHANISM_MATCHUP,1,True,False,STABLE,B_ADVANTAGE|B_ADVANTAGE|NEUTRAL,MEDIUM_LOW|MEDIUM|MEDIUM
mt_408750625,laliga2,BEHAVIOR_HEAVY|FORMATION_HEAVY|HIGH_SHRINKAGE|WEAK_EVIDENCE,matchup_states:SHOT_CREATION_MATCHUP,1,True,False,STABLE,A_ADVANTAGE|NEUTRAL|NEUTRAL,MEDIUM|MEDIUM|MEDIUM
mt_408750625,laliga2,BEHAVIOR_HEAVY|FORMATION_HEAVY|HIGH_SHRINKAGE|WEAK_EVIDENCE,matchup_states:WIDE_PRESSURE_MATCHUP,0,True,True,STABLE,A_ADVANTAGE|A_ADVANTAGE|A_ADVANTAGE,MEDIUM|MEDIUM|MEDIUM
mt_408750625,laliga2,BEHAVIOR_HEAVY|FORMATION_HEAVY|HIGH_SHRINKAGE|WEAK_EVIDENCE,team_a_states:BOOKING_CONVERSION,1,True,False,STABLE,HIGH|HIGH|MEDIUM,MEDIUM|MEDIUM|MEDIUM
mt_408750625,laliga2,BEHAVIOR_HEAVY|FORMATION_HEAVY|HIGH_SHRINKAGE|WEAK_EVIDENCE,team_a_states:BOX_PRESSURE,0,True,True,STABLE,MEDIUM|MEDIUM|MEDIUM,MEDIUM|MEDIUM|MEDIUM
mt_408750625,laliga2,BEHAVIOR_HEAVY|FORMATION_HEAVY|HIGH_SHRINKAGE|WEAK_EVIDENCE,team_a_states:BOX_PROTECTION,0,True,True,STABLE,MEDIUM|MEDIUM|MEDIUM,MEDIUM|MEDIUM|MEDIUM
mt_408750625,laliga2,BEHAVIOR_HEAVY|FORMATION_HEAVY|HIGH_SHRINKAGE|WEAK_EVIDENCE,team_a_states:CLEARANCE_DEPENDENCE,0,True,True,STABLE,MEDIUM|MEDIUM|MEDIUM,MEDIUM|MEDIUM|MEDIUM
mt_408750625,laliga2,BEHAVIOR_HEAVY|FORMATION_HEAVY|HIGH_SHRINKAGE|WEAK_EVIDENCE,team_a_states:CONTACT_INTENSITY,0,True,True,STABLE,MEDIUM|MEDIUM|MEDIUM,MEDIUM|MEDIUM|MEDIUM
mt_408750625,laliga2,BEHAVIOR_HEAVY|FORMATION_HEAVY|HIGH_SHRINKAGE|WEAK_EVIDENCE,team_a_states:CORNER_CONCESSION,0,True,True,STABLE,MEDIUM|MEDIUM|MEDIUM,MEDIUM|MEDIUM|MEDIUM
mt_408750625,laliga2,BEHAVIOR_HEAVY|FORMATION_HEAVY|HIGH_SHRINKAGE|WEAK_EVIDENCE,team_a_states:CROSS_ALLOWANCE,1,True,False,STABLE,VERY_LOW|VERY_LOW|LOW,MEDIUM|MEDIUM|MEDIUM
mt_408750625,laliga2,BEHAVIOR_HEAVY|FORMATION_HEAVY|HIGH_SHRINKAGE|WEAK_EVIDENCE,team_a_states:FOUL_DRAWING,0,True,True,STABLE,MEDIUM|MEDIUM|MEDIUM,MEDIUM|MEDIUM|MEDIUM
mt_408750625,laliga2,BEHAVIOR_HEAVY|FORMATION_HEAVY|HIGH_SHRINKAGE|WEAK_EVIDENCE,team_a_states:FOUL_TENDENCY,1,True,False,STABLE,HIGH|HIGH|MEDIUM,MEDIUM|MEDIUM|MEDIUM
mt_408750625,laliga2,BEHAVIOR_HEAVY|FORMATION_HEAVY|HIGH_SHRINKAGE|WEAK_EVIDENCE,team_a_states:SET_PIECE_GENERATION,0,True,True,STABLE,MEDIUM|MEDIUM|MEDIUM,MEDIUM|MEDIUM|MEDIUM
mt_408750625,laliga2,BEHAVIOR_HEAVY|FORMATION_HEAVY|HIGH_SHRINKAGE|WEAK_EVIDENCE,team_a_states:SHOT_SUPPRESSION,0,True,True,STABLE,MEDIUM|MEDIUM|MEDIUM,MEDIUM|MEDIUM|MEDIUM
mt_408750625,laliga2,BEHAVIOR_HEAVY|FORMATION_HEAVY|HIGH_SHRINKAGE|WEAK_EVIDENCE,team_a_states:SHOT_VOLUME,0,True,True,STABLE,MEDIUM|MEDIUM|MEDIUM,MEDIUM|MEDIUM|MEDIUM
mt_408750625,laliga2,BEHAVIOR_HEAVY|FORMATION_HEAVY|HIGH_SHRINKAGE|WEAK_EVIDENCE,team_a_states:TERRITORIAL_PRESSURE,0,True,True,STABLE,MEDIUM|MEDIUM|MEDIUM,MEDIUM|MEDIUM|MEDIUM
mt_408750625,laliga2,BEHAVIOR_HEAVY|FORMATION_HEAVY|HIGH_SHRINKAGE|WEAK_EVIDENCE,team_a_states:WIDTH_PRESSURE,0,True,True,STABLE,HIGH|HIGH|HIGH,MEDIUM|MEDIUM|MEDIUM
mt_408750625,laliga2,BEHAVIOR_HEAVY|FORMATION_HEAVY|HIGH_SHRINKAGE|WEAK_EVIDENCE,team_b_states:BOOKING_CONVERSION,0,True,True,STABLE,MEDIUM|MEDIUM|MEDIUM,MEDIUM|MEDIUM|MEDIUM
mt_408750625,laliga2,BEHAVIOR_HEAVY|FORMATION_HEAVY|HIGH_SHRINKAGE|WEAK_EVIDENCE,team_b_states:BOX_PRESSURE,0,True,True,STABLE,MEDIUM|MEDIUM|MEDIUM,MEDIUM|MEDIUM|MEDIUM
mt_408750625,laliga2,BEHAVIOR_HEAVY|FORMATION_HEAVY|HIGH_SHRINKAGE|WEAK_EVIDENCE,team_b_states:BOX_PROTECTION,0,True,True,STABLE,MEDIUM|MEDIUM|MEDIUM,MEDIUM|MEDIUM|MEDIUM
mt_408750625,laliga2,BEHAVIOR_HEAVY|FORMATION_HEAVY|HIGH_SHRINKAGE|WEAK_EVIDENCE,team_b_states:CLEARANCE_DEPENDENCE,0,True,True,STABLE,HIGH|HIGH|HIGH,MEDIUM|MEDIUM|MEDIUM
mt_408750625,laliga2,BEHAVIOR_HEAVY|FORMATION_HEAVY|HIGH_SHRINKAGE|WEAK_EVIDENCE,team_b_states:CONTACT_INTENSITY,0,True,True,STABLE,MEDIUM|MEDIUM|MEDIUM,MEDIUM|MEDIUM|MEDIUM
mt_408750625,laliga2,BEHAVIOR_HEAVY|FORMATION_HEAVY|HIGH_SHRINKAGE|WEAK_EVIDENCE,team_b_states:CORNER_CONCESSION,0,True,True,STABLE,MEDIUM|MEDIUM|MEDIUM,MEDIUM|MEDIUM|MEDIUM
mt_408750625,laliga2,BEHAVIOR_HEAVY|FORMATION_HEAVY|HIGH_SHRINKAGE|WEAK_EVIDENCE,team_b_states:CROSS_ALLOWANCE,1,True,False,STABLE,VERY_LOW|VERY_LOW|LOW,MEDIUM|MEDIUM|MEDIUM
mt_408750625,laliga2,BEHAVIOR_HEAVY|FORMATION_HEAVY|HIGH_SHRINKAGE|WEAK_EVIDENCE,team_b_states:FOUL_DRAWING,0,True,True,STABLE,MEDIUM|MEDIUM|MEDIUM,MEDIUM|MEDIUM|MEDIUM
mt_408750625,laliga2,BEHAVIOR_HEAVY|FORMATION_HEAVY|HIGH_SHRINKAGE|WEAK_EVIDENCE,team_b_states:FOUL_TENDENCY,0,True,True,STABLE,MEDIUM|MEDIUM|MEDIUM,MEDIUM|MEDIUM|MEDIUM
mt_408750625,laliga2,BEHAVIOR_HEAVY|FORMATION_HEAVY|HIGH_SHRINKAGE|WEAK_EVIDENCE,team_b_states:SET_PIECE_GENERATION,0,True,True,STABLE,MEDIUM|MEDIUM|MEDIUM,MEDIUM|MEDIUM|MEDIUM
mt_408750625,laliga2,BEHAVIOR_HEAVY|FORMATION_HEAVY|HIGH_SHRINKAGE|WEAK_EVIDENCE,team_b_states:SHOT_SUPPRESSION,0,True,True,STABLE,MEDIUM|MEDIUM|MEDIUM,MEDIUM|MEDIUM|MEDIUM
mt_408750625,laliga2,BEHAVIOR_HEAVY|FORMATION_HEAVY|HIGH_SHRINKAGE|WEAK_EVIDENCE,team_b_states:SHOT_VOLUME,0,True,True,STABLE,MEDIUM|MEDIUM|MEDIUM,MEDIUM|MEDIUM|MEDIUM
mt_408750625,laliga2,BEHAVIOR_HEAVY|FORMATION_HEAVY|HIGH_SHRINKAGE|WEAK_EVIDENCE,team_b_states:TERRITORIAL_PRESSURE,0,True,True,STABLE,MEDIUM|MEDIUM|MEDIUM,MEDIUM|MEDIUM|MEDIUM
mt_408750625,laliga2,BEHAVIOR_HEAVY|FORMATION_HEAVY|HIGH_SHRINKAGE|WEAK_EVIDENCE,team_b_states:WIDTH_PRESSURE,0,True,True,STABLE,MEDIUM|MEDIUM|MEDIUM,MEDIUM|MEDIUM|MEDIUM
mt_584193286,ligue1,BEHAVIOR_HEAVY|FORMATION_HEAVY|HIGH_SHRINKAGE|WEAK_EVIDENCE,matchup_states:BOX_PRESSURE_MATCHUP,0,True,True,STABLE,B_ADVANTAGE|B_ADVANTAGE|B_ADVANTAGE,MEDIUM|MEDIUM|MEDIUM
mt_584193286,ligue1,BEHAVIOR_HEAVY|FORMATION_HEAVY|HIGH_SHRINKAGE|WEAK_EVIDENCE,matchup_states:CONTACT_MATCHUP,0,True,True,STABLE,NEUTRAL|NEUTRAL|NEUTRAL,MEDIUM|MEDIUM|MEDIUM
mt_584193286,ligue1,BEHAVIOR_HEAVY|FORMATION_HEAVY|HIGH_SHRINKAGE|WEAK_EVIDENCE,matchup_states:CORNER_MECHANISM_MATCHUP,0,True,True,STABLE,B_ADVANTAGE|B_ADVANTAGE|B_ADVANTAGE,MEDIUM|MEDIUM|MEDIUM
mt_584193286,ligue1,BEHAVIOR_HEAVY|FORMATION_HEAVY|HIGH_SHRINKAGE|WEAK_EVIDENCE,matchup_states:SHOT_CREATION_MATCHUP,0,True,True,STABLE,B_ADVANTAGE|B_ADVANTAGE|B_ADVANTAGE,MEDIUM|MEDIUM|MEDIUM
mt_584193286,ligue1,BEHAVIOR_HEAVY|FORMATION_HEAVY|HIGH_SHRINKAGE|WEAK_EVIDENCE,matchup_states:WIDE_PRESSURE_MATCHUP,0,True,True,STABLE,B_ADVANTAGE|B_ADVANTAGE|B_ADVANTAGE,MEDIUM|MEDIUM|MEDIUM
mt_584193286,ligue1,BEHAVIOR_HEAVY|FORMATION_HEAVY|HIGH_SHRINKAGE|WEAK_EVIDENCE,team_a_states:BOOKING_CONVERSION,0,True,True,STABLE,MEDIUM|MEDIUM|MEDIUM,MEDIUM|MEDIUM|MEDIUM
mt_584193286,ligue1,BEHAVIOR_HEAVY|FORMATION_HEAVY|HIGH_SHRINKAGE|WEAK_EVIDENCE,team_a_states:BOX_PRESSURE,0,True,True,STABLE,MEDIUM|MEDIUM|MEDIUM,MEDIUM|MEDIUM|MEDIUM
mt_584193286,ligue1,BEHAVIOR_HEAVY|FORMATION_HEAVY|HIGH_SHRINKAGE|WEAK_EVIDENCE,team_a_states:BOX_PROTECTION,0,True,True,STABLE,HIGH|HIGH|HIGH,MEDIUM|MEDIUM|MEDIUM
mt_584193286,ligue1,BEHAVIOR_HEAVY|FORMATION_HEAVY|HIGH_SHRINKAGE|WEAK_EVIDENCE,team_a_states:CLEARANCE_DEPENDENCE,0,True,True,STABLE,MEDIUM|MEDIUM|MEDIUM,MEDIUM|MEDIUM|MEDIUM
mt_584193286,ligue1,BEHAVIOR_HEAVY|FORMATION_HEAVY|HIGH_SHRINKAGE|WEAK_EVIDENCE,team_a_states:CONTACT_INTENSITY,0,True,True,STABLE,MEDIUM|MEDIUM|MEDIUM,MEDIUM|MEDIUM|MEDIUM
mt_584193286,ligue1,BEHAVIOR_HEAVY|FORMATION_HEAVY|HIGH_SHRINKAGE|WEAK_EVIDENCE,team_a_states:CORNER_CONCESSION,0,True,True,STABLE,MEDIUM|MEDIUM|MEDIUM,MEDIUM|MEDIUM|MEDIUM
mt_584193286,ligue1,BEHAVIOR_HEAVY|FORMATION_HEAVY|HIGH_SHRINKAGE|WEAK_EVIDENCE,team_a_states:CROSS_ALLOWANCE,0,True,True,STABLE,LOW|LOW|LOW,MEDIUM|MEDIUM|MEDIUM
mt_584193286,ligue1,BEHAVIOR_HEAVY|FORMATION_HEAVY|HIGH_SHRINKAGE|WEAK_EVIDENCE,team_a_states:FOUL_DRAWING,0,False,True,STABLE,MEDIUM|MEDIUM,MEDIUM|MEDIUM
mt_584193286,ligue1,BEHAVIOR_HEAVY|FORMATION_HEAVY|HIGH_SHRINKAGE|WEAK_EVIDENCE,team_a_states:FOUL_TENDENCY,0,True,True,STABLE,MEDIUM|MEDIUM|MEDIUM,MEDIUM|MEDIUM|MEDIUM
mt_584193286,ligue1,BEHAVIOR_HEAVY|FORMATION_HEAVY|HIGH_SHRINKAGE|WEAK_EVIDENCE,team_a_states:SET_PIECE_GENERATION,0,True,True,STABLE,MEDIUM|MEDIUM|MEDIUM,MEDIUM|MEDIUM|MEDIUM
mt_584193286,ligue1,BEHAVIOR_HEAVY|FORMATION_HEAVY|HIGH_SHRINKAGE|WEAK_EVIDENCE,team_a_states:SHOT_SUPPRESSION,0,True,True,STABLE,HIGH|HIGH|HIGH,MEDIUM|MEDIUM|MEDIUM
mt_584193286,ligue1,BEHAVIOR_HEAVY|FORMATION_HEAVY|HIGH_SHRINKAGE|WEAK_EVIDENCE,team_a_states:SHOT_VOLUME,0,True,True,STABLE,MEDIUM|MEDIUM|MEDIUM,MEDIUM|MEDIUM|MEDIUM
mt_584193286,ligue1,BEHAVIOR_HEAVY|FORMATION_HEAVY|HIGH_SHRINKAGE|WEAK_EVIDENCE,team_a_states:TERRITORIAL_PRESSURE,0,True,True,STABLE,MEDIUM|MEDIUM|MEDIUM,MEDIUM|MEDIUM|MEDIUM
mt_584193286,ligue1,BEHAVIOR_HEAVY|FORMATION_HEAVY|HIGH_SHRINKAGE|WEAK_EVIDENCE,team_a_states:WIDTH_PRESSURE,1,True,True,STABLE,LOW|LOW|LOW,MEDIUM|MEDIUM_LOW|MEDIUM
mt_584193286,ligue1,BEHAVIOR_HEAVY|FORMATION_HEAVY|HIGH_SHRINKAGE|WEAK_EVIDENCE,team_b_states:BOOKING_CONVERSION,0,True,True,STABLE,LOW|LOW|LOW,MEDIUM|MEDIUM|MEDIUM
mt_584193286,ligue1,BEHAVIOR_HEAVY|FORMATION_HEAVY|HIGH_SHRINKAGE|WEAK_EVIDENCE,team_b_states:BOX_PRESSURE,0,True,True,STABLE,HIGH|HIGH|HIGH,MEDIUM|MEDIUM|MEDIUM
mt_584193286,ligue1,BEHAVIOR_HEAVY|FORMATION_HEAVY|HIGH_SHRINKAGE|WEAK_EVIDENCE,team_b_states:BOX_PROTECTION,0,True,True,STABLE,HIGH|HIGH|HIGH,MEDIUM|MEDIUM|MEDIUM
mt_584193286,ligue1,BEHAVIOR_HEAVY|FORMATION_HEAVY|HIGH_SHRINKAGE|WEAK_EVIDENCE,team_b_states:CLEARANCE_DEPENDENCE,0,True,True,STABLE,LOW|LOW|LOW,MEDIUM|MEDIUM|MEDIUM
mt_584193286,ligue1,BEHAVIOR_HEAVY|FORMATION_HEAVY|HIGH_SHRINKAGE|WEAK_EVIDENCE,team_b_states:CONTACT_INTENSITY,0,True,True,STABLE,MEDIUM|MEDIUM|MEDIUM,MEDIUM|MEDIUM|MEDIUM
mt_584193286,ligue1,BEHAVIOR_HEAVY|FORMATION_HEAVY|HIGH_SHRINKAGE|WEAK_EVIDENCE,team_b_states:CORNER_CONCESSION,0,True,True,STABLE,LOW|LOW|LOW,MEDIUM|MEDIUM|MEDIUM
mt_584193286,ligue1,BEHAVIOR_HEAVY|FORMATION_HEAVY|HIGH_SHRINKAGE|WEAK_EVIDENCE,team_b_states:CROSS_ALLOWANCE,0,True,True,STABLE,LOW|LOW|LOW,MEDIUM|MEDIUM|MEDIUM
mt_584193286,ligue1,BEHAVIOR_HEAVY|FORMATION_HEAVY|HIGH_SHRINKAGE|WEAK_EVIDENCE,team_b_states:FOUL_DRAWING,0,False,True,STABLE,LOW|LOW,MEDIUM|MEDIUM
mt_584193286,ligue1,BEHAVIOR_HEAVY|FORMATION_HEAVY|HIGH_SHRINKAGE|WEAK_EVIDENCE,team_b_states:FOUL_TENDENCY,0,True,True,STABLE,LOW|LOW|LOW,MEDIUM|MEDIUM|MEDIUM
mt_584193286,ligue1,BEHAVIOR_HEAVY|FORMATION_HEAVY|HIGH_SHRINKAGE|WEAK_EVIDENCE,team_b_states:SET_PIECE_GENERATION,0,True,True,STABLE,HIGH|HIGH|HIGH,MEDIUM|MEDIUM|MEDIUM
mt_584193286,ligue1,BEHAVIOR_HEAVY|FORMATION_HEAVY|HIGH_SHRINKAGE|WEAK_EVIDENCE,team_b_states:SHOT_SUPPRESSION,0,True,True,STABLE,HIGH|HIGH|HIGH,MEDIUM|MEDIUM|MEDIUM
mt_584193286,ligue1,BEHAVIOR_HEAVY|FORMATION_HEAVY|HIGH_SHRINKAGE|WEAK_EVIDENCE,team_b_states:SHOT_VOLUME,0,True,True,STABLE,HIGH|HIGH|HIGH,MEDIUM|MEDIUM|MEDIUM
mt_584193286,ligue1,BEHAVIOR_HEAVY|FORMATION_HEAVY|HIGH_SHRINKAGE|WEAK_EVIDENCE,team_b_states:TERRITORIAL_PRESSURE,0,True,True,STABLE,HIGH|HIGH|HIGH,MEDIUM|MEDIUM|MEDIUM
mt_584193286,ligue1,BEHAVIOR_HEAVY|FORMATION_HEAVY|HIGH_SHRINKAGE|WEAK_EVIDENCE,team_b_states:WIDTH_PRESSURE,0,True,True,STABLE,MEDIUM|MEDIUM|MEDIUM,MEDIUM|MEDIUM|MEDIUM
mt_257018883,ligue2,BEHAVIOR_HEAVY|FORMATION_HEAVY|HIGH_SHRINKAGE|SMALL_N|WEAK_EVIDENCE,matchup_states:BOX_PRESSURE_MATCHUP,0,True,True,STABLE,A_ADVANTAGE|A_ADVANTAGE|A_ADVANTAGE,MEDIUM_LOW|MEDIUM_LOW|MEDIUM_LOW
mt_257018883,ligue2,BEHAVIOR_HEAVY|FORMATION_HEAVY|HIGH_SHRINKAGE|SMALL_N|WEAK_EVIDENCE,matchup_states:CONTACT_MATCHUP,0,True,True,STABLE,NEUTRAL|NEUTRAL|NEUTRAL,MEDIUM_LOW|MEDIUM_LOW|MEDIUM_LOW
mt_257018883,ligue2,BEHAVIOR_HEAVY|FORMATION_HEAVY|HIGH_SHRINKAGE|SMALL_N|WEAK_EVIDENCE,matchup_states:CORNER_MECHANISM_MATCHUP,0,True,True,STABLE,A_ADVANTAGE|A_ADVANTAGE|A_ADVANTAGE,MEDIUM_LOW|MEDIUM_LOW|MEDIUM_LOW
mt_257018883,ligue2,BEHAVIOR_HEAVY|FORMATION_HEAVY|HIGH_SHRINKAGE|SMALL_N|WEAK_EVIDENCE,matchup_states:SHOT_CREATION_MATCHUP,0,True,True,STABLE,NEUTRAL|NEUTRAL|NEUTRAL,MEDIUM_LOW|MEDIUM_LOW|MEDIUM_LOW
mt_257018883,ligue2,BEHAVIOR_HEAVY|FORMATION_HEAVY|HIGH_SHRINKAGE|SMALL_N|WEAK_EVIDENCE,matchup_states:WIDE_PRESSURE_MATCHUP,0,True,True,STABLE,A_ADVANTAGE|A_ADVANTAGE|A_ADVANTAGE,MEDIUM_LOW|MEDIUM_LOW|MEDIUM_LOW
mt_257018883,ligue2,BEHAVIOR_HEAVY|FORMATION_HEAVY|HIGH_SHRINKAGE|SMALL_N|WEAK_EVIDENCE,team_a_states:BOOKING_CONVERSION,0,True,True,STABLE,MEDIUM|MEDIUM|MEDIUM,MEDIUM_LOW|MEDIUM_LOW|MEDIUM_LOW
mt_257018883,ligue2,BEHAVIOR_HEAVY|FORMATION_HEAVY|HIGH_SHRINKAGE|SMALL_N|WEAK_EVIDENCE,team_a_states:BOX_PRESSURE,0,True,True,STABLE,MEDIUM|MEDIUM|MEDIUM,MEDIUM_LOW|MEDIUM_LOW|MEDIUM_LOW
mt_257018883,ligue2,BEHAVIOR_HEAVY|FORMATION_HEAVY|HIGH_SHRINKAGE|SMALL_N|WEAK_EVIDENCE,team_a_states:BOX_PROTECTION,1,True,False,STABLE,HIGH|MEDIUM|HIGH,MEDIUM_LOW|MEDIUM_LOW|MEDIUM_LOW
mt_257018883,ligue2,BEHAVIOR_HEAVY|FORMATION_HEAVY|HIGH_SHRINKAGE|SMALL_N|WEAK_EVIDENCE,team_a_states:CLEARANCE_DEPENDENCE,0,True,True,STABLE,MEDIUM|MEDIUM|MEDIUM,MEDIUM_LOW|MEDIUM_LOW|MEDIUM_LOW
mt_257018883,ligue2,BEHAVIOR_HEAVY|FORMATION_HEAVY|HIGH_SHRINKAGE|SMALL_N|WEAK_EVIDENCE,team_a_states:CONTACT_INTENSITY,0,True,True,STABLE,MEDIUM|MEDIUM|MEDIUM,MEDIUM_LOW|MEDIUM_LOW|MEDIUM_LOW
mt_257018883,ligue2,BEHAVIOR_HEAVY|FORMATION_HEAVY|HIGH_SHRINKAGE|SMALL_N|WEAK_EVIDENCE,team_a_states:CORNER_CONCESSION,1,True,True,STABLE,LOW|LOW|LOW,MEDIUM_LOW|MEDIUM|MEDIUM_LOW
mt_257018883,ligue2,BEHAVIOR_HEAVY|FORMATION_HEAVY|HIGH_SHRINKAGE|SMALL_N|WEAK_EVIDENCE,team_a_states:CROSS_ALLOWANCE,1,True,False,STABLE,VERY_LOW|LOW|VERY_LOW,MEDIUM_LOW|MEDIUM|MEDIUM_LOW
mt_257018883,ligue2,BEHAVIOR_HEAVY|FORMATION_HEAVY|HIGH_SHRINKAGE|SMALL_N|WEAK_EVIDENCE,team_a_states:FOUL_DRAWING,0,True,True,STABLE,MEDIUM|MEDIUM|MEDIUM,MEDIUM_LOW|MEDIUM_LOW|MEDIUM_LOW
mt_257018883,ligue2,BEHAVIOR_HEAVY|FORMATION_HEAVY|HIGH_SHRINKAGE|SMALL_N|WEAK_EVIDENCE,team_a_states:FOUL_TENDENCY,0,True,True,STABLE,MEDIUM|MEDIUM|MEDIUM,MEDIUM_LOW|MEDIUM_LOW|MEDIUM_LOW
mt_257018883,ligue2,BEHAVIOR_HEAVY|FORMATION_HEAVY|HIGH_SHRINKAGE|SMALL_N|WEAK_EVIDENCE,team_a_states:SET_PIECE_GENERATION,0,True,True,STABLE,MEDIUM|MEDIUM|MEDIUM,MEDIUM_LOW|MEDIUM_LOW|MEDIUM_LOW
mt_257018883,ligue2,BEHAVIOR_HEAVY|FORMATION_HEAVY|HIGH_SHRINKAGE|SMALL_N|WEAK_EVIDENCE,team_a_states:SHOT_SUPPRESSION,1,True,False,STABLE,HIGH|MEDIUM|HIGH,MEDIUM_LOW|MEDIUM_LOW|MEDIUM_LOW
mt_257018883,ligue2,BEHAVIOR_HEAVY|FORMATION_HEAVY|HIGH_SHRINKAGE|SMALL_N|WEAK_EVIDENCE,team_a_states:SHOT_VOLUME,0,True,True,STABLE,MEDIUM|MEDIUM|MEDIUM,MEDIUM_LOW|MEDIUM_LOW|MEDIUM_LOW
mt_257018883,ligue2,BEHAVIOR_HEAVY|FORMATION_HEAVY|HIGH_SHRINKAGE|SMALL_N|WEAK_EVIDENCE,team_a_states:TERRITORIAL_PRESSURE,0,True,True,STABLE,MEDIUM|MEDIUM|MEDIUM,MEDIUM_LOW|MEDIUM_LOW|MEDIUM_LOW
mt_257018883,ligue2,BEHAVIOR_HEAVY|FORMATION_HEAVY|HIGH_SHRINKAGE|SMALL_N|WEAK_EVIDENCE,team_a_states:WIDTH_PRESSURE,0,True,True,STABLE,MEDIUM|MEDIUM|MEDIUM,MEDIUM_LOW|MEDIUM_LOW|MEDIUM_LOW
mt_257018883,ligue2,BEHAVIOR_HEAVY|FORMATION_HEAVY|HIGH_SHRINKAGE|SMALL_N|WEAK_EVIDENCE,team_b_states:BOOKING_CONVERSION,0,True,True,STABLE,MEDIUM|MEDIUM|MEDIUM,MEDIUM_LOW|MEDIUM_LOW|MEDIUM_LOW
mt_257018883,ligue2,BEHAVIOR_HEAVY|FORMATION_HEAVY|HIGH_SHRINKAGE|SMALL_N|WEAK_EVIDENCE,team_b_states:BOX_PRESSURE,0,True,True,STABLE,LOW|LOW|LOW,MEDIUM_LOW|MEDIUM_LOW|MEDIUM_LOW
mt_257018883,ligue2,BEHAVIOR_HEAVY|FORMATION_HEAVY|HIGH_SHRINKAGE|SMALL_N|WEAK_EVIDENCE,team_b_states:BOX_PROTECTION,0,True,True,STABLE,MEDIUM|MEDIUM|MEDIUM,MEDIUM_LOW|MEDIUM_LOW|MEDIUM_LOW
mt_257018883,ligue2,BEHAVIOR_HEAVY|FORMATION_HEAVY|HIGH_SHRINKAGE|SMALL_N|WEAK_EVIDENCE,team_b_states:CLEARANCE_DEPENDENCE,1,True,False,STABLE,HIGH|MEDIUM|HIGH,MEDIUM_LOW|MEDIUM_LOW|MEDIUM_LOW
mt_257018883,ligue2,BEHAVIOR_HEAVY|FORMATION_HEAVY|HIGH_SHRINKAGE|SMALL_N|WEAK_EVIDENCE,team_b_states:CONTACT_INTENSITY,0,True,True,STABLE,MEDIUM|MEDIUM|MEDIUM,MEDIUM_LOW|MEDIUM_LOW|MEDIUM_LOW
mt_257018883,ligue2,BEHAVIOR_HEAVY|FORMATION_HEAVY|HIGH_SHRINKAGE|SMALL_N|WEAK_EVIDENCE,team_b_states:CORNER_CONCESSION,0,True,True,STABLE,MEDIUM|MEDIUM|MEDIUM,MEDIUM_LOW|MEDIUM_LOW|MEDIUM_LOW
mt_257018883,ligue2,BEHAVIOR_HEAVY|FORMATION_HEAVY|HIGH_SHRINKAGE|SMALL_N|WEAK_EVIDENCE,team_b_states:CROSS_ALLOWANCE,1,True,True,STABLE,MEDIUM|MEDIUM|MEDIUM,LOW|MEDIUM_LOW|LOW
mt_257018883,ligue2,BEHAVIOR_HEAVY|FORMATION_HEAVY|HIGH_SHRINKAGE|SMALL_N|WEAK_EVIDENCE,team_b_states:FOUL_DRAWING,0,True,True,STABLE,MEDIUM|MEDIUM|MEDIUM,MEDIUM_LOW|MEDIUM_LOW|MEDIUM_LOW
mt_257018883,ligue2,BEHAVIOR_HEAVY|FORMATION_HEAVY|HIGH_SHRINKAGE|SMALL_N|WEAK_EVIDENCE,team_b_states:FOUL_TENDENCY,0,True,True,STABLE,MEDIUM|MEDIUM|MEDIUM,MEDIUM_LOW|MEDIUM_LOW|MEDIUM_LOW
mt_257018883,ligue2,BEHAVIOR_HEAVY|FORMATION_HEAVY|HIGH_SHRINKAGE|SMALL_N|WEAK_EVIDENCE,team_b_states:SET_PIECE_GENERATION,0,True,True,STABLE,LOW|LOW|LOW,MEDIUM_LOW|MEDIUM_LOW|MEDIUM_LOW
mt_257018883,ligue2,BEHAVIOR_HEAVY|FORMATION_HEAVY|HIGH_SHRINKAGE|SMALL_N|WEAK_EVIDENCE,team_b_states:SHOT_SUPPRESSION,0,True,True,STABLE,MEDIUM|MEDIUM|MEDIUM,MEDIUM_LOW|MEDIUM_LOW|MEDIUM_LOW
mt_257018883,ligue2,BEHAVIOR_HEAVY|FORMATION_HEAVY|HIGH_SHRINKAGE|SMALL_N|WEAK_EVIDENCE,team_b_states:SHOT_VOLUME,0,True,True,STABLE,MEDIUM|MEDIUM|MEDIUM,MEDIUM_LOW|MEDIUM_LOW|MEDIUM_LOW
mt_257018883,ligue2,BEHAVIOR_HEAVY|FORMATION_HEAVY|HIGH_SHRINKAGE|SMALL_N|WEAK_EVIDENCE,team_b_states:TERRITORIAL_PRESSURE,0,True,True,STABLE,MEDIUM|MEDIUM|MEDIUM,MEDIUM_LOW|MEDIUM_LOW|MEDIUM_LOW
mt_257018883,ligue2,BEHAVIOR_HEAVY|FORMATION_HEAVY|HIGH_SHRINKAGE|SMALL_N|WEAK_EVIDENCE,team_b_states:WIDTH_PRESSURE,0,True,True,STABLE,LOW|LOW|LOW,MEDIUM_LOW|MEDIUM_LOW|MEDIUM_LOW
mt_012238074,champ,BEHAVIOR_HEAVY|FORMATION_HEAVY|HIGH_SHRINKAGE|WEAK_EVIDENCE,matchup_states:BOX_PRESSURE_MATCHUP,0,True,True,STABLE,B_ADVANTAGE|B_ADVANTAGE|B_ADVANTAGE,MEDIUM_LOW|MEDIUM_LOW|MEDIUM_LOW
mt_012238074,champ,BEHAVIOR_HEAVY|FORMATION_HEAVY|HIGH_SHRINKAGE|WEAK_EVIDENCE,matchup_states:CONTACT_MATCHUP,0,True,True,STABLE,B_ADVANTAGE|B_ADVANTAGE|B_ADVANTAGE,MEDIUM_LOW|MEDIUM_LOW|MEDIUM_LOW
mt_012238074,champ,BEHAVIOR_HEAVY|FORMATION_HEAVY|HIGH_SHRINKAGE|WEAK_EVIDENCE,matchup_states:CORNER_MECHANISM_MATCHUP,0,True,True,STABLE,NEUTRAL|NEUTRAL|NEUTRAL,MEDIUM_LOW|MEDIUM_LOW|MEDIUM_LOW
mt_012238074,champ,BEHAVIOR_HEAVY|FORMATION_HEAVY|HIGH_SHRINKAGE|WEAK_EVIDENCE,matchup_states:SECOND_HALF_PRESSURE_SHIFT,0,False,True,STABLE,UNKNOWN,UNKNOWN
mt_012238074,champ,BEHAVIOR_HEAVY|FORMATION_HEAVY|HIGH_SHRINKAGE|WEAK_EVIDENCE,matchup_states:SHOT_CREATION_MATCHUP,0,True,True,STABLE,B_ADVANTAGE|B_ADVANTAGE|B_ADVANTAGE,MEDIUM_LOW|MEDIUM_LOW|MEDIUM_LOW
mt_012238074,champ,BEHAVIOR_HEAVY|FORMATION_HEAVY|HIGH_SHRINKAGE|WEAK_EVIDENCE,matchup_states:WIDE_PRESSURE_MATCHUP,0,True,True,STABLE,NEUTRAL|NEUTRAL|NEUTRAL,MEDIUM_LOW|MEDIUM_LOW|MEDIUM_LOW
mt_012238074,champ,BEHAVIOR_HEAVY|FORMATION_HEAVY|HIGH_SHRINKAGE|WEAK_EVIDENCE,team_a_states:BOOKING_CONVERSION,0,True,True,STABLE,LOW|LOW|LOW,MEDIUM_LOW|MEDIUM_LOW|MEDIUM_LOW
mt_012238074,champ,BEHAVIOR_HEAVY|FORMATION_HEAVY|HIGH_SHRINKAGE|WEAK_EVIDENCE,team_a_states:BOX_PRESSURE,0,True,True,STABLE,MEDIUM|MEDIUM|MEDIUM,MEDIUM_LOW|MEDIUM_LOW|MEDIUM_LOW
mt_012238074,champ,BEHAVIOR_HEAVY|FORMATION_HEAVY|HIGH_SHRINKAGE|WEAK_EVIDENCE,team_a_states:BOX_PROTECTION,0,True,True,STABLE,MEDIUM|MEDIUM|MEDIUM,MEDIUM_LOW|MEDIUM_LOW|MEDIUM_LOW
mt_012238074,champ,BEHAVIOR_HEAVY|FORMATION_HEAVY|HIGH_SHRINKAGE|WEAK_EVIDENCE,team_a_states:CLEARANCE_DEPENDENCE,0,True,True,STABLE,MEDIUM|MEDIUM|MEDIUM,MEDIUM_LOW|MEDIUM_LOW|MEDIUM_LOW
mt_012238074,champ,BEHAVIOR_HEAVY|FORMATION_HEAVY|HIGH_SHRINKAGE|WEAK_EVIDENCE,team_a_states:CONTACT_INTENSITY,0,True,True,STABLE,MEDIUM|MEDIUM|MEDIUM,MEDIUM_LOW|MEDIUM_LOW|MEDIUM_LOW
mt_012238074,champ,BEHAVIOR_HEAVY|FORMATION_HEAVY|HIGH_SHRINKAGE|WEAK_EVIDENCE,team_a_states:CORNER_CONCESSION,0,True,True,STABLE,MEDIUM|MEDIUM|MEDIUM,MEDIUM_LOW|MEDIUM_LOW|MEDIUM_LOW
mt_012238074,champ,BEHAVIOR_HEAVY|FORMATION_HEAVY|HIGH_SHRINKAGE|WEAK_EVIDENCE,team_a_states:CROSS_ALLOWANCE,0,True,True,STABLE,LOW|LOW|LOW,MEDIUM_LOW|MEDIUM_LOW|MEDIUM_LOW
mt_012238074,champ,BEHAVIOR_HEAVY|FORMATION_HEAVY|HIGH_SHRINKAGE|WEAK_EVIDENCE,team_a_states:FOUL_DRAWING,0,True,True,STABLE,MEDIUM|MEDIUM|MEDIUM,MEDIUM_LOW|MEDIUM_LOW|MEDIUM_LOW
mt_012238074,champ,BEHAVIOR_HEAVY|FORMATION_HEAVY|HIGH_SHRINKAGE|WEAK_EVIDENCE,team_a_states:FOUL_TENDENCY,1,True,False,STABLE,MEDIUM|LOW|LOW,MEDIUM_LOW|MEDIUM_LOW|MEDIUM_LOW
mt_012238074,champ,BEHAVIOR_HEAVY|FORMATION_HEAVY|HIGH_SHRINKAGE|WEAK_EVIDENCE,team_a_states:SAVE_ENVIRONMENT,0,True,True,STABLE,UNKNOWN|UNKNOWN|UNKNOWN,UNKNOWN|UNKNOWN|UNKNOWN
mt_012238074,champ,BEHAVIOR_HEAVY|FORMATION_HEAVY|HIGH_SHRINKAGE|WEAK_EVIDENCE,team_a_states:SET_PIECE_GENERATION,0,True,True,STABLE,MEDIUM|MEDIUM|MEDIUM,MEDIUM_LOW|MEDIUM_LOW|MEDIUM_LOW
mt_012238074,champ,BEHAVIOR_HEAVY|FORMATION_HEAVY|HIGH_SHRINKAGE|WEAK_EVIDENCE,team_a_states:SHOT_QUALITY,0,True,True,STABLE,UNKNOWN|UNKNOWN|UNKNOWN,UNKNOWN|UNKNOWN|UNKNOWN
mt_012238074,champ,BEHAVIOR_HEAVY|FORMATION_HEAVY|HIGH_SHRINKAGE|WEAK_EVIDENCE,team_a_states:SHOT_SUPPRESSION,0,True,True,STABLE,MEDIUM|MEDIUM|MEDIUM,MEDIUM_LOW|MEDIUM_LOW|MEDIUM_LOW
mt_012238074,champ,BEHAVIOR_HEAVY|FORMATION_HEAVY|HIGH_SHRINKAGE|WEAK_EVIDENCE,team_a_states:SHOT_VOLUME,0,True,True,STABLE,MEDIUM|MEDIUM|MEDIUM,MEDIUM_LOW|MEDIUM_LOW|MEDIUM_LOW
mt_012238074,champ,BEHAVIOR_HEAVY|FORMATION_HEAVY|HIGH_SHRINKAGE|WEAK_EVIDENCE,team_a_states:TERRITORIAL_PRESSURE,0,True,True,STABLE,MEDIUM|MEDIUM|MEDIUM,MEDIUM_LOW|MEDIUM_LOW|MEDIUM_LOW
mt_012238074,champ,BEHAVIOR_HEAVY|FORMATION_HEAVY|HIGH_SHRINKAGE|WEAK_EVIDENCE,team_a_states:WIDTH_PRESSURE,0,True,True,STABLE,MEDIUM|MEDIUM|MEDIUM,MEDIUM_LOW|MEDIUM_LOW|MEDIUM_LOW
mt_012238074,champ,BEHAVIOR_HEAVY|FORMATION_HEAVY|HIGH_SHRINKAGE|WEAK_EVIDENCE,team_b_states:BOOKING_CONVERSION,0,True,True,STABLE,MEDIUM|MEDIUM|MEDIUM,MEDIUM_LOW|MEDIUM_LOW|MEDIUM_LOW
mt_012238074,champ,BEHAVIOR_HEAVY|FORMATION_HEAVY|HIGH_SHRINKAGE|WEAK_EVIDENCE,team_b_states:BOX_PRESSURE,0,True,True,STABLE,MEDIUM|MEDIUM|MEDIUM,MEDIUM_LOW|MEDIUM_LOW|MEDIUM_LOW
mt_012238074,champ,BEHAVIOR_HEAVY|FORMATION_HEAVY|HIGH_SHRINKAGE|WEAK_EVIDENCE,team_b_states:BOX_PROTECTION,0,True,True,STABLE,LOW|LOW|LOW,MEDIUM_LOW|MEDIUM_LOW|MEDIUM_LOW
mt_012238074,champ,BEHAVIOR_HEAVY|FORMATION_HEAVY|HIGH_SHRINKAGE|WEAK_EVIDENCE,team_b_states:CLEARANCE_DEPENDENCE,0,True,True,STABLE,MEDIUM|MEDIUM|MEDIUM,MEDIUM_LOW|MEDIUM_LOW|MEDIUM_LOW
mt_012238074,champ,BEHAVIOR_HEAVY|FORMATION_HEAVY|HIGH_SHRINKAGE|WEAK_EVIDENCE,team_b_states:CONTACT_INTENSITY,0,True,True,STABLE,MEDIUM|MEDIUM|MEDIUM,MEDIUM_LOW|MEDIUM_LOW|MEDIUM_LOW
mt_012238074,champ,BEHAVIOR_HEAVY|FORMATION_HEAVY|HIGH_SHRINKAGE|WEAK_EVIDENCE,team_b_states:CORNER_CONCESSION,0,True,True,STABLE,MEDIUM|MEDIUM|MEDIUM,MEDIUM_LOW|MEDIUM_LOW|MEDIUM_LOW
mt_012238074,champ,BEHAVIOR_HEAVY|FORMATION_HEAVY|HIGH_SHRINKAGE|WEAK_EVIDENCE,team_b_states:CROSS_ALLOWANCE,0,True,True,STABLE,MEDIUM|MEDIUM|MEDIUM,MEDIUM_LOW|MEDIUM_LOW|MEDIUM_LOW
mt_012238074,champ,BEHAVIOR_HEAVY|FORMATION_HEAVY|HIGH_SHRINKAGE|WEAK_EVIDENCE,team_b_states:FOUL_DRAWING,0,True,True,STABLE,MEDIUM|MEDIUM|MEDIUM,MEDIUM_LOW|MEDIUM_LOW|MEDIUM_LOW
mt_012238074,champ,BEHAVIOR_HEAVY|FORMATION_HEAVY|HIGH_SHRINKAGE|WEAK_EVIDENCE,team_b_states:FOUL_TENDENCY,0,True,True,STABLE,MEDIUM|MEDIUM|MEDIUM,MEDIUM_LOW|MEDIUM_LOW|MEDIUM_LOW
mt_012238074,champ,BEHAVIOR_HEAVY|FORMATION_HEAVY|HIGH_SHRINKAGE|WEAK_EVIDENCE,team_b_states:SAVE_ENVIRONMENT,0,True,True,STABLE,UNKNOWN|UNKNOWN|UNKNOWN,UNKNOWN|UNKNOWN|UNKNOWN
mt_012238074,champ,BEHAVIOR_HEAVY|FORMATION_HEAVY|HIGH_SHRINKAGE|WEAK_EVIDENCE,team_b_states:SET_PIECE_GENERATION,0,True,True,STABLE,MEDIUM|MEDIUM|MEDIUM,MEDIUM_LOW|MEDIUM_LOW|MEDIUM_LOW
mt_012238074,champ,BEHAVIOR_HEAVY|FORMATION_HEAVY|HIGH_SHRINKAGE|WEAK_EVIDENCE,team_b_states:SHOT_QUALITY,0,True,True,STABLE,UNKNOWN|UNKNOWN|UNKNOWN,UNKNOWN|UNKNOWN|UNKNOWN
mt_012238074,champ,BEHAVIOR_HEAVY|FORMATION_HEAVY|HIGH_SHRINKAGE|WEAK_EVIDENCE,team_b_states:SHOT_SUPPRESSION,0,True,True,STABLE,LOW|LOW|LOW,MEDIUM_LOW|MEDIUM_LOW|MEDIUM_LOW
mt_012238074,champ,BEHAVIOR_HEAVY|FORMATION_HEAVY|HIGH_SHRINKAGE|WEAK_EVIDENCE,team_b_states:SHOT_VOLUME,0,True,True,STABLE,MEDIUM|MEDIUM|MEDIUM,MEDIUM_LOW|MEDIUM_LOW|MEDIUM_LOW
mt_012238074,champ,BEHAVIOR_HEAVY|FORMATION_HEAVY|HIGH_SHRINKAGE|WEAK_EVIDENCE,team_b_states:TERRITORIAL_PRESSURE,0,True,True,STABLE,MEDIUM|MEDIUM|MEDIUM,MEDIUM_LOW|MEDIUM_LOW|MEDIUM_LOW
mt_012238074,champ,BEHAVIOR_HEAVY|FORMATION_HEAVY|HIGH_SHRINKAGE|WEAK_EVIDENCE,team_b_states:WIDTH_PRESSURE,0,True,True,STABLE,MEDIUM|MEDIUM|MEDIUM,MEDIUM_LOW|MEDIUM_LOW|MEDIUM_LOW
mt_196560601,epl,BEHAVIOR_HEAVY|FORMATION_HEAVY|HIGH_SHRINKAGE|WEAK_EVIDENCE,matchup_states:BOX_PRESSURE_MATCHUP,0,False,True,STABLE,NEUTRAL|NEUTRAL,MEDIUM_LOW|MEDIUM_LOW
mt_196560601,epl,BEHAVIOR_HEAVY|FORMATION_HEAVY|HIGH_SHRINKAGE|WEAK_EVIDENCE,matchup_states:CONTACT_MATCHUP,0,False,True,STABLE,NEUTRAL|NEUTRAL,MEDIUM_LOW|MEDIUM_LOW
mt_196560601,epl,BEHAVIOR_HEAVY|FORMATION_HEAVY|HIGH_SHRINKAGE|WEAK_EVIDENCE,matchup_states:CORNER_MECHANISM_MATCHUP,0,False,True,STABLE,NEUTRAL|NEUTRAL,MEDIUM_LOW|MEDIUM_LOW
mt_196560601,epl,BEHAVIOR_HEAVY|FORMATION_HEAVY|HIGH_SHRINKAGE|WEAK_EVIDENCE,matchup_states:SHOT_CREATION_MATCHUP,0,False,True,STABLE,NEUTRAL|NEUTRAL,MEDIUM_LOW|MEDIUM_LOW
mt_196560601,epl,BEHAVIOR_HEAVY|FORMATION_HEAVY|HIGH_SHRINKAGE|WEAK_EVIDENCE,matchup_states:WIDE_PRESSURE_MATCHUP,0,False,True,STABLE,NEUTRAL|NEUTRAL,MEDIUM_LOW|MEDIUM_LOW
mt_196560601,epl,BEHAVIOR_HEAVY|FORMATION_HEAVY|HIGH_SHRINKAGE|WEAK_EVIDENCE,team_a_states:BOOKING_CONVERSION,0,False,True,STABLE,MEDIUM|MEDIUM,MEDIUM_LOW|MEDIUM_LOW
mt_196560601,epl,BEHAVIOR_HEAVY|FORMATION_HEAVY|HIGH_SHRINKAGE|WEAK_EVIDENCE,team_a_states:BOX_PRESSURE,0,False,True,STABLE,MEDIUM|MEDIUM,MEDIUM_LOW|MEDIUM_LOW
mt_196560601,epl,BEHAVIOR_HEAVY|FORMATION_HEAVY|HIGH_SHRINKAGE|WEAK_EVIDENCE,team_a_states:BOX_PROTECTION,0,False,True,STABLE,LOW|LOW,MEDIUM_LOW|MEDIUM_LOW
mt_196560601,epl,BEHAVIOR_HEAVY|FORMATION_HEAVY|HIGH_SHRINKAGE|WEAK_EVIDENCE,team_a_states:CLEARANCE_DEPENDENCE,0,False,True,STABLE,MEDIUM|MEDIUM,MEDIUM_LOW|MEDIUM_LOW
mt_196560601,epl,BEHAVIOR_HEAVY|FORMATION_HEAVY|HIGH_SHRINKAGE|WEAK_EVIDENCE,team_a_states:CONTACT_INTENSITY,0,False,True,STABLE,MEDIUM|MEDIUM,MEDIUM_LOW|MEDIUM_LOW
mt_196560601,epl,BEHAVIOR_HEAVY|FORMATION_HEAVY|HIGH_SHRINKAGE|WEAK_EVIDENCE,team_a_states:CORNER_CONCESSION,0,False,True,STABLE,MEDIUM|MEDIUM,MEDIUM_LOW|MEDIUM_LOW
mt_196560601,epl,BEHAVIOR_HEAVY|FORMATION_HEAVY|HIGH_SHRINKAGE|WEAK_EVIDENCE,team_a_states:CROSS_ALLOWANCE,0,False,True,STABLE,LOW|LOW,MEDIUM_LOW|MEDIUM_LOW
mt_196560601,epl,BEHAVIOR_HEAVY|FORMATION_HEAVY|HIGH_SHRINKAGE|WEAK_EVIDENCE,team_a_states:FOUL_DRAWING,0,False,True,STABLE,MEDIUM|MEDIUM,MEDIUM_LOW|MEDIUM_LOW
mt_196560601,epl,BEHAVIOR_HEAVY|FORMATION_HEAVY|HIGH_SHRINKAGE|WEAK_EVIDENCE,team_a_states:FOUL_TENDENCY,0,False,True,STABLE,MEDIUM|MEDIUM,MEDIUM_LOW|MEDIUM_LOW
mt_196560601,epl,BEHAVIOR_HEAVY|FORMATION_HEAVY|HIGH_SHRINKAGE|WEAK_EVIDENCE,team_a_states:SET_PIECE_GENERATION,0,False,True,STABLE,MEDIUM|MEDIUM,MEDIUM_LOW|MEDIUM_LOW
mt_196560601,epl,BEHAVIOR_HEAVY|FORMATION_HEAVY|HIGH_SHRINKAGE|WEAK_EVIDENCE,team_a_states:SHOT_SUPPRESSION,0,False,True,STABLE,LOW|LOW,MEDIUM_LOW|MEDIUM_LOW
mt_196560601,epl,BEHAVIOR_HEAVY|FORMATION_HEAVY|HIGH_SHRINKAGE|WEAK_EVIDENCE,team_a_states:SHOT_VOLUME,0,False,True,STABLE,MEDIUM|MEDIUM,MEDIUM_LOW|MEDIUM_LOW
mt_196560601,epl,BEHAVIOR_HEAVY|FORMATION_HEAVY|HIGH_SHRINKAGE|WEAK_EVIDENCE,team_a_states:TERRITORIAL_PRESSURE,0,False,True,STABLE,MEDIUM|MEDIUM,MEDIUM_LOW|MEDIUM_LOW
mt_196560601,epl,BEHAVIOR_HEAVY|FORMATION_HEAVY|HIGH_SHRINKAGE|WEAK_EVIDENCE,team_a_states:WIDTH_PRESSURE,0,False,True,STABLE,MEDIUM|MEDIUM,MEDIUM_LOW|MEDIUM_LOW
mt_196560601,epl,BEHAVIOR_HEAVY|FORMATION_HEAVY|HIGH_SHRINKAGE|WEAK_EVIDENCE,team_b_states:BOOKING_CONVERSION,0,False,True,STABLE,MEDIUM|MEDIUM,MEDIUM_LOW|MEDIUM_LOW
mt_196560601,epl,BEHAVIOR_HEAVY|FORMATION_HEAVY|HIGH_SHRINKAGE|WEAK_EVIDENCE,team_b_states:BOX_PRESSURE,0,False,True,STABLE,MEDIUM|MEDIUM,MEDIUM_LOW|MEDIUM_LOW
mt_196560601,epl,BEHAVIOR_HEAVY|FORMATION_HEAVY|HIGH_SHRINKAGE|WEAK_EVIDENCE,team_b_states:BOX_PROTECTION,0,False,True,STABLE,LOW|LOW,MEDIUM_LOW|MEDIUM_LOW
mt_196560601,epl,BEHAVIOR_HEAVY|FORMATION_HEAVY|HIGH_SHRINKAGE|WEAK_EVIDENCE,team_b_states:CLEARANCE_DEPENDENCE,1,False,False,STABLE,HIGH|MEDIUM,MEDIUM_LOW|MEDIUM_LOW
mt_196560601,epl,BEHAVIOR_HEAVY|FORMATION_HEAVY|HIGH_SHRINKAGE|WEAK_EVIDENCE,team_b_states:CONTACT_INTENSITY,0,False,True,STABLE,MEDIUM|MEDIUM,MEDIUM_LOW|MEDIUM_LOW
mt_196560601,epl,BEHAVIOR_HEAVY|FORMATION_HEAVY|HIGH_SHRINKAGE|WEAK_EVIDENCE,team_b_states:CORNER_CONCESSION,0,False,True,STABLE,MEDIUM|MEDIUM,MEDIUM_LOW|MEDIUM_LOW
mt_196560601,epl,BEHAVIOR_HEAVY|FORMATION_HEAVY|HIGH_SHRINKAGE|WEAK_EVIDENCE,team_b_states:CROSS_ALLOWANCE,0,False,True,STABLE,MEDIUM|MEDIUM,MEDIUM_LOW|MEDIUM_LOW
mt_196560601,epl,BEHAVIOR_HEAVY|FORMATION_HEAVY|HIGH_SHRINKAGE|WEAK_EVIDENCE,team_b_states:FOUL_DRAWING,0,False,True,STABLE,MEDIUM|MEDIUM,MEDIUM_LOW|MEDIUM_LOW
mt_196560601,epl,BEHAVIOR_HEAVY|FORMATION_HEAVY|HIGH_SHRINKAGE|WEAK_EVIDENCE,team_b_states:FOUL_TENDENCY,0,False,True,STABLE,MEDIUM|MEDIUM,MEDIUM_LOW|MEDIUM_LOW
mt_196560601,epl,BEHAVIOR_HEAVY|FORMATION_HEAVY|HIGH_SHRINKAGE|WEAK_EVIDENCE,team_b_states:SET_PIECE_GENERATION,0,False,True,STABLE,LOW|LOW,MEDIUM_LOW|MEDIUM_LOW
mt_196560601,epl,BEHAVIOR_HEAVY|FORMATION_HEAVY|HIGH_SHRINKAGE|WEAK_EVIDENCE,team_b_states:SHOT_SUPPRESSION,0,False,True,STABLE,LOW|LOW,MEDIUM_LOW|MEDIUM_LOW
mt_196560601,epl,BEHAVIOR_HEAVY|FORMATION_HEAVY|HIGH_SHRINKAGE|WEAK_EVIDENCE,team_b_states:SHOT_VOLUME,0,False,True,STABLE,MEDIUM|MEDIUM,MEDIUM_LOW|MEDIUM_LOW
mt_196560601,epl,BEHAVIOR_HEAVY|FORMATION_HEAVY|HIGH_SHRINKAGE|WEAK_EVIDENCE,team_b_states:TERRITORIAL_PRESSURE,0,False,True,STABLE,MEDIUM|MEDIUM,MEDIUM_LOW|MEDIUM_LOW
mt_196560601,epl,BEHAVIOR_HEAVY|FORMATION_HEAVY|HIGH_SHRINKAGE|WEAK_EVIDENCE,team_b_states:WIDTH_PRESSURE,0,False,True,STABLE,MEDIUM|MEDIUM,MEDIUM_LOW|MEDIUM_LOW
mt_257078632,laliga,BEHAVIOR_HEAVY|FORMATION_HEAVY|HIGH_SHRINKAGE|WEAK_EVIDENCE,matchup_states:BOX_PRESSURE_MATCHUP,0,True,True,STABLE,B_ADVANTAGE|B_ADVANTAGE|B_ADVANTAGE,MEDIUM_LOW|MEDIUM_LOW|MEDIUM_LOW
mt_257078632,laliga,BEHAVIOR_HEAVY|FORMATION_HEAVY|HIGH_SHRINKAGE|WEAK_EVIDENCE,matchup_states:CONTACT_MATCHUP,0,True,True,STABLE,NEUTRAL|NEUTRAL|NEUTRAL,MEDIUM_LOW|MEDIUM_LOW|MEDIUM_LOW
mt_257078632,laliga,BEHAVIOR_HEAVY|FORMATION_HEAVY|HIGH_SHRINKAGE|WEAK_EVIDENCE,matchup_states:CORNER_MECHANISM_MATCHUP,0,True,True,STABLE,NEUTRAL|NEUTRAL|NEUTRAL,MEDIUM_LOW|MEDIUM_LOW|MEDIUM_LOW
mt_257078632,laliga,BEHAVIOR_HEAVY|FORMATION_HEAVY|HIGH_SHRINKAGE|WEAK_EVIDENCE,matchup_states:SHOT_CREATION_MATCHUP,0,True,True,STABLE,B_ADVANTAGE|B_ADVANTAGE|B_ADVANTAGE,MEDIUM_LOW|MEDIUM_LOW|MEDIUM_LOW
mt_257078632,laliga,BEHAVIOR_HEAVY|FORMATION_HEAVY|HIGH_SHRINKAGE|WEAK_EVIDENCE,matchup_states:WIDE_PRESSURE_MATCHUP,0,True,True,STABLE,NEUTRAL|NEUTRAL|NEUTRAL,MEDIUM_LOW|MEDIUM_LOW|MEDIUM_LOW
mt_257078632,laliga,BEHAVIOR_HEAVY|FORMATION_HEAVY|HIGH_SHRINKAGE|WEAK_EVIDENCE,team_a_states:BOOKING_CONVERSION,0,True,True,STABLE,MEDIUM|MEDIUM|MEDIUM,MEDIUM_LOW|MEDIUM_LOW|MEDIUM_LOW
mt_257078632,laliga,BEHAVIOR_HEAVY|FORMATION_HEAVY|HIGH_SHRINKAGE|WEAK_EVIDENCE,team_a_states:BOX_PRESSURE,0,True,True,STABLE,MEDIUM|MEDIUM|MEDIUM,MEDIUM_LOW|MEDIUM_LOW|MEDIUM_LOW
mt_257078632,laliga,BEHAVIOR_HEAVY|FORMATION_HEAVY|HIGH_SHRINKAGE|WEAK_EVIDENCE,team_a_states:BOX_PROTECTION,0,True,True,STABLE,HIGH|HIGH|HIGH,MEDIUM_LOW|MEDIUM_LOW|MEDIUM_LOW
mt_257078632,laliga,BEHAVIOR_HEAVY|FORMATION_HEAVY|HIGH_SHRINKAGE|WEAK_EVIDENCE,team_a_states:CLEARANCE_DEPENDENCE,0,True,True,STABLE,MEDIUM|MEDIUM|MEDIUM,MEDIUM_LOW|MEDIUM_LOW|MEDIUM_LOW
mt_257078632,laliga,BEHAVIOR_HEAVY|FORMATION_HEAVY|HIGH_SHRINKAGE|WEAK_EVIDENCE,team_a_states:CONTACT_INTENSITY,0,True,True,STABLE,MEDIUM|MEDIUM|MEDIUM,MEDIUM_LOW|MEDIUM_LOW|MEDIUM_LOW
mt_257078632,laliga,BEHAVIOR_HEAVY|FORMATION_HEAVY|HIGH_SHRINKAGE|WEAK_EVIDENCE,team_a_states:CORNER_CONCESSION,0,True,True,STABLE,MEDIUM|MEDIUM|MEDIUM,MEDIUM_LOW|MEDIUM_LOW|MEDIUM_LOW
mt_257078632,laliga,BEHAVIOR_HEAVY|FORMATION_HEAVY|HIGH_SHRINKAGE|WEAK_EVIDENCE,team_a_states:CROSS_ALLOWANCE,0,True,True,STABLE,LOW|LOW|LOW,MEDIUM_LOW|MEDIUM_LOW|MEDIUM_LOW
mt_257078632,laliga,BEHAVIOR_HEAVY|FORMATION_HEAVY|HIGH_SHRINKAGE|WEAK_EVIDENCE,team_a_states:FOUL_DRAWING,0,True,True,STABLE,MEDIUM|MEDIUM|MEDIUM,MEDIUM_LOW|MEDIUM_LOW|MEDIUM_LOW
mt_257078632,laliga,BEHAVIOR_HEAVY|FORMATION_HEAVY|HIGH_SHRINKAGE|WEAK_EVIDENCE,team_a_states:FOUL_TENDENCY,0,True,True,STABLE,MEDIUM|MEDIUM|MEDIUM,MEDIUM_LOW|MEDIUM_LOW|MEDIUM_LOW
mt_257078632,laliga,BEHAVIOR_HEAVY|FORMATION_HEAVY|HIGH_SHRINKAGE|WEAK_EVIDENCE,team_a_states:SET_PIECE_GENERATION,0,True,True,STABLE,MEDIUM|MEDIUM|MEDIUM,MEDIUM_LOW|MEDIUM_LOW|MEDIUM_LOW
mt_257078632,laliga,BEHAVIOR_HEAVY|FORMATION_HEAVY|HIGH_SHRINKAGE|WEAK_EVIDENCE,team_a_states:SHOT_SUPPRESSION,0,True,True,STABLE,HIGH|HIGH|HIGH,MEDIUM_LOW|MEDIUM_LOW|MEDIUM_LOW
mt_257078632,laliga,BEHAVIOR_HEAVY|FORMATION_HEAVY|HIGH_SHRINKAGE|WEAK_EVIDENCE,team_a_states:SHOT_VOLUME,0,True,True,STABLE,MEDIUM|MEDIUM|MEDIUM,MEDIUM_LOW|MEDIUM_LOW|MEDIUM_LOW
mt_257078632,laliga,BEHAVIOR_HEAVY|FORMATION_HEAVY|HIGH_SHRINKAGE|WEAK_EVIDENCE,team_a_states:TERRITORIAL_PRESSURE,0,True,True,STABLE,MEDIUM|MEDIUM|MEDIUM,MEDIUM_LOW|MEDIUM_LOW|MEDIUM_LOW
mt_257078632,laliga,BEHAVIOR_HEAVY|FORMATION_HEAVY|HIGH_SHRINKAGE|WEAK_EVIDENCE,team_a_states:WIDTH_PRESSURE,0,True,True,STABLE,MEDIUM|MEDIUM|MEDIUM,MEDIUM_LOW|MEDIUM_LOW|MEDIUM_LOW
mt_257078632,laliga,BEHAVIOR_HEAVY|FORMATION_HEAVY|HIGH_SHRINKAGE|WEAK_EVIDENCE,team_b_states:BOOKING_CONVERSION,0,True,True,STABLE,LOW|LOW|LOW,MEDIUM_LOW|MEDIUM_LOW|MEDIUM_LOW
mt_257078632,laliga,BEHAVIOR_HEAVY|FORMATION_HEAVY|HIGH_SHRINKAGE|WEAK_EVIDENCE,team_b_states:BOX_PRESSURE,1,True,False,STABLE,VERY_HIGH|HIGH|HIGH,MEDIUM_LOW|MEDIUM_LOW|MEDIUM_LOW
mt_257078632,laliga,BEHAVIOR_HEAVY|FORMATION_HEAVY|HIGH_SHRINKAGE|WEAK_EVIDENCE,team_b_states:BOX_PROTECTION,0,True,True,STABLE,MEDIUM|MEDIUM|MEDIUM,MEDIUM_LOW|MEDIUM_LOW|MEDIUM_LOW
mt_257078632,laliga,BEHAVIOR_HEAVY|FORMATION_HEAVY|HIGH_SHRINKAGE|WEAK_EVIDENCE,team_b_states:CLEARANCE_DEPENDENCE,1,True,False,STABLE,MEDIUM|LOW|LOW,MEDIUM_LOW|MEDIUM_LOW|MEDIUM_LOW
mt_257078632,laliga,BEHAVIOR_HEAVY|FORMATION_HEAVY|HIGH_SHRINKAGE|WEAK_EVIDENCE,team_b_states:CONTACT_INTENSITY,0,True,True,STABLE,MEDIUM|MEDIUM|MEDIUM,MEDIUM_LOW|MEDIUM_LOW|MEDIUM_LOW
mt_257078632,laliga,BEHAVIOR_HEAVY|FORMATION_HEAVY|HIGH_SHRINKAGE|WEAK_EVIDENCE,team_b_states:CORNER_CONCESSION,0,True,True,STABLE,MEDIUM|MEDIUM|MEDIUM,MEDIUM_LOW|MEDIUM_LOW|MEDIUM_LOW
mt_257078632,laliga,BEHAVIOR_HEAVY|FORMATION_HEAVY|HIGH_SHRINKAGE|WEAK_EVIDENCE,team_b_states:CROSS_ALLOWANCE,0,True,True,STABLE,LOW|LOW|LOW,MEDIUM_LOW|MEDIUM_LOW|MEDIUM_LOW
mt_257078632,laliga,BEHAVIOR_HEAVY|FORMATION_HEAVY|HIGH_SHRINKAGE|WEAK_EVIDENCE,team_b_states:FOUL_DRAWING,0,True,True,STABLE,HIGH|HIGH|HIGH,MEDIUM_LOW|MEDIUM_LOW|MEDIUM_LOW
mt_257078632,laliga,BEHAVIOR_HEAVY|FORMATION_HEAVY|HIGH_SHRINKAGE|WEAK_EVIDENCE,team_b_states:FOUL_TENDENCY,0,True,True,STABLE,MEDIUM|MEDIUM|MEDIUM,MEDIUM_LOW|MEDIUM_LOW|MEDIUM_LOW
mt_257078632,laliga,BEHAVIOR_HEAVY|FORMATION_HEAVY|HIGH_SHRINKAGE|WEAK_EVIDENCE,team_b_states:SET_PIECE_GENERATION,0,True,True,STABLE,MEDIUM|MEDIUM|MEDIUM,MEDIUM_LOW|MEDIUM_LOW|MEDIUM_LOW
mt_257078632,laliga,BEHAVIOR_HEAVY|FORMATION_HEAVY|HIGH_SHRINKAGE|WEAK_EVIDENCE,team_b_states:SHOT_SUPPRESSION,0,True,True,STABLE,MEDIUM|MEDIUM|MEDIUM,MEDIUM_LOW|MEDIUM_LOW|MEDIUM_LOW
mt_257078632,laliga,BEHAVIOR_HEAVY|FORMATION_HEAVY|HIGH_SHRINKAGE|WEAK_EVIDENCE,team_b_states:SHOT_VOLUME,0,True,True,STABLE,HIGH|HIGH|HIGH,MEDIUM_LOW|MEDIUM_LOW|MEDIUM_LOW
mt_257078632,laliga,BEHAVIOR_HEAVY|FORMATION_HEAVY|HIGH_SHRINKAGE|WEAK_EVIDENCE,team_b_states:TERRITORIAL_PRESSURE,0,True,True,STABLE,HIGH|HIGH|HIGH,MEDIUM_LOW|MEDIUM_LOW|MEDIUM_LOW
mt_257078632,laliga,BEHAVIOR_HEAVY|FORMATION_HEAVY|HIGH_SHRINKAGE|WEAK_EVIDENCE,team_b_states:WIDTH_PRESSURE,0,True,True,STABLE,MEDIUM|MEDIUM|MEDIUM,MEDIUM_LOW|MEDIUM_LOW|MEDIUM_LOW
mt_361806747,laliga2,BEHAVIOR_HEAVY|FORMATION_HEAVY|HIGH_SHRINKAGE|WEAK_EVIDENCE,matchup_states:BOX_PRESSURE_MATCHUP,0,True,True,STABLE,A_ADVANTAGE|A_ADVANTAGE|A_ADVANTAGE,MEDIUM_LOW|MEDIUM_LOW|MEDIUM_LOW
mt_361806747,laliga2,BEHAVIOR_HEAVY|FORMATION_HEAVY|HIGH_SHRINKAGE|WEAK_EVIDENCE,matchup_states:CONTACT_MATCHUP,0,True,True,STABLE,NEUTRAL|NEUTRAL|NEUTRAL,MEDIUM_LOW|MEDIUM_LOW|MEDIUM_LOW
mt_361806747,laliga2,BEHAVIOR_HEAVY|FORMATION_HEAVY|HIGH_SHRINKAGE|WEAK_EVIDENCE,matchup_states:CORNER_MECHANISM_MATCHUP,1,True,False,STABLE,A_ADVANTAGE|NEUTRAL|A_ADVANTAGE,MEDIUM_LOW|MEDIUM_LOW|MEDIUM_LOW
mt_361806747,laliga2,BEHAVIOR_HEAVY|FORMATION_HEAVY|HIGH_SHRINKAGE|WEAK_EVIDENCE,matchup_states:SHOT_CREATION_MATCHUP,0,True,True,STABLE,A_ADVANTAGE|A_ADVANTAGE|A_ADVANTAGE,MEDIUM_LOW|MEDIUM_LOW|MEDIUM_LOW
mt_361806747,laliga2,BEHAVIOR_HEAVY|FORMATION_HEAVY|HIGH_SHRINKAGE|WEAK_EVIDENCE,matchup_states:WIDE_PRESSURE_MATCHUP,0,True,True,STABLE,A_ADVANTAGE|A_ADVANTAGE|A_ADVANTAGE,MEDIUM_LOW|MEDIUM_LOW|MEDIUM_LOW
mt_361806747,laliga2,BEHAVIOR_HEAVY|FORMATION_HEAVY|HIGH_SHRINKAGE|WEAK_EVIDENCE,team_a_states:BOOKING_CONVERSION,0,True,True,STABLE,MEDIUM|MEDIUM|MEDIUM,MEDIUM_LOW|MEDIUM_LOW|MEDIUM_LOW
mt_361806747,laliga2,BEHAVIOR_HEAVY|FORMATION_HEAVY|HIGH_SHRINKAGE|WEAK_EVIDENCE,team_a_states:BOX_PRESSURE,0,True,True,STABLE,MEDIUM|MEDIUM|MEDIUM,MEDIUM_LOW|MEDIUM_LOW|MEDIUM_LOW
mt_361806747,laliga2,BEHAVIOR_HEAVY|FORMATION_HEAVY|HIGH_SHRINKAGE|WEAK_EVIDENCE,team_a_states:BOX_PROTECTION,0,True,True,STABLE,HIGH|HIGH|HIGH,MEDIUM_LOW|MEDIUM_LOW|MEDIUM_LOW
mt_361806747,laliga2,BEHAVIOR_HEAVY|FORMATION_HEAVY|HIGH_SHRINKAGE|WEAK_EVIDENCE,team_a_states:CLEARANCE_DEPENDENCE,0,True,True,STABLE,MEDIUM|MEDIUM|MEDIUM,MEDIUM_LOW|MEDIUM_LOW|MEDIUM_LOW
mt_361806747,laliga2,BEHAVIOR_HEAVY|FORMATION_HEAVY|HIGH_SHRINKAGE|WEAK_EVIDENCE,team_a_states:CONTACT_INTENSITY,0,True,True,STABLE,MEDIUM|MEDIUM|MEDIUM,MEDIUM_LOW|MEDIUM_LOW|MEDIUM_LOW
mt_361806747,laliga2,BEHAVIOR_HEAVY|FORMATION_HEAVY|HIGH_SHRINKAGE|WEAK_EVIDENCE,team_a_states:CORNER_CONCESSION,0,True,True,STABLE,LOW|LOW|LOW,MEDIUM_LOW|MEDIUM_LOW|MEDIUM_LOW
mt_361806747,laliga2,BEHAVIOR_HEAVY|FORMATION_HEAVY|HIGH_SHRINKAGE|WEAK_EVIDENCE,team_a_states:CROSS_ALLOWANCE,0,True,True,STABLE,VERY_LOW|VERY_LOW|VERY_LOW,MEDIUM_LOW|MEDIUM_LOW|MEDIUM_LOW
mt_361806747,laliga2,BEHAVIOR_HEAVY|FORMATION_HEAVY|HIGH_SHRINKAGE|WEAK_EVIDENCE,team_a_states:FOUL_DRAWING,0,True,True,STABLE,LOW|LOW|LOW,MEDIUM_LOW|MEDIUM_LOW|MEDIUM_LOW
mt_361806747,laliga2,BEHAVIOR_HEAVY|FORMATION_HEAVY|HIGH_SHRINKAGE|WEAK_EVIDENCE,team_a_states:FOUL_TENDENCY,0,True,True,STABLE,MEDIUM|MEDIUM|MEDIUM,MEDIUM_LOW|MEDIUM_LOW|MEDIUM_LOW
mt_361806747,laliga2,BEHAVIOR_HEAVY|FORMATION_HEAVY|HIGH_SHRINKAGE|WEAK_EVIDENCE,team_a_states:SET_PIECE_GENERATION,0,True,True,STABLE,MEDIUM|MEDIUM|MEDIUM,MEDIUM_LOW|MEDIUM_LOW|MEDIUM_LOW
mt_361806747,laliga2,BEHAVIOR_HEAVY|FORMATION_HEAVY|HIGH_SHRINKAGE|WEAK_EVIDENCE,team_a_states:SHOT_SUPPRESSION,0,True,True,STABLE,HIGH|HIGH|HIGH,MEDIUM_LOW|MEDIUM_LOW|MEDIUM_LOW
mt_361806747,laliga2,BEHAVIOR_HEAVY|FORMATION_HEAVY|HIGH_SHRINKAGE|WEAK_EVIDENCE,team_a_states:SHOT_VOLUME,0,True,True,STABLE,MEDIUM|MEDIUM|MEDIUM,MEDIUM_LOW|MEDIUM_LOW|MEDIUM_LOW
mt_361806747,laliga2,BEHAVIOR_HEAVY|FORMATION_HEAVY|HIGH_SHRINKAGE|WEAK_EVIDENCE,team_a_states:TERRITORIAL_PRESSURE,0,True,True,STABLE,MEDIUM|MEDIUM|MEDIUM,MEDIUM_LOW|MEDIUM_LOW|MEDIUM_LOW
mt_361806747,laliga2,BEHAVIOR_HEAVY|FORMATION_HEAVY|HIGH_SHRINKAGE|WEAK_EVIDENCE,team_a_states:WIDTH_PRESSURE,0,True,True,STABLE,MEDIUM|MEDIUM|MEDIUM,MEDIUM_LOW|MEDIUM_LOW|MEDIUM_LOW
mt_361806747,laliga2,BEHAVIOR_HEAVY|FORMATION_HEAVY|HIGH_SHRINKAGE|WEAK_EVIDENCE,team_b_states:BOOKING_CONVERSION,0,True,True,STABLE,MEDIUM|MEDIUM|MEDIUM,MEDIUM_LOW|MEDIUM_LOW|MEDIUM_LOW
mt_361806747,laliga2,BEHAVIOR_HEAVY|FORMATION_HEAVY|HIGH_SHRINKAGE|WEAK_EVIDENCE,team_b_states:BOX_PRESSURE,0,True,True,STABLE,LOW|LOW|LOW,MEDIUM_LOW|MEDIUM_LOW|MEDIUM_LOW
mt_361806747,laliga2,BEHAVIOR_HEAVY|FORMATION_HEAVY|HIGH_SHRINKAGE|WEAK_EVIDENCE,team_b_states:BOX_PROTECTION,0,True,True,STABLE,LOW|LOW|LOW,MEDIUM_LOW|MEDIUM_LOW|MEDIUM_LOW
mt_361806747,laliga2,BEHAVIOR_HEAVY|FORMATION_HEAVY|HIGH_SHRINKAGE|WEAK_EVIDENCE,team_b_states:CLEARANCE_DEPENDENCE,0,True,True,STABLE,HIGH|HIGH|HIGH,MEDIUM_LOW|MEDIUM_LOW|MEDIUM_LOW
mt_361806747,laliga2,BEHAVIOR_HEAVY|FORMATION_HEAVY|HIGH_SHRINKAGE|WEAK_EVIDENCE,team_b_states:CONTACT_INTENSITY,0,True,True,STABLE,MEDIUM|MEDIUM|MEDIUM,MEDIUM_LOW|MEDIUM_LOW|MEDIUM_LOW
mt_361806747,laliga2,BEHAVIOR_HEAVY|FORMATION_HEAVY|HIGH_SHRINKAGE|WEAK_EVIDENCE,team_b_states:CORNER_CONCESSION,0,True,True,STABLE,MEDIUM|MEDIUM|MEDIUM,MEDIUM_LOW|MEDIUM_LOW|MEDIUM_LOW
mt_361806747,laliga2,BEHAVIOR_HEAVY|FORMATION_HEAVY|HIGH_SHRINKAGE|WEAK_EVIDENCE,team_b_states:CROSS_ALLOWANCE,0,True,True,STABLE,MEDIUM|MEDIUM|MEDIUM,MEDIUM_LOW|MEDIUM_LOW|MEDIUM_LOW
mt_361806747,laliga2,BEHAVIOR_HEAVY|FORMATION_HEAVY|HIGH_SHRINKAGE|WEAK_EVIDENCE,team_b_states:FOUL_DRAWING,0,True,True,STABLE,MEDIUM|MEDIUM|MEDIUM,MEDIUM_LOW|MEDIUM_LOW|MEDIUM_LOW
mt_361806747,laliga2,BEHAVIOR_HEAVY|FORMATION_HEAVY|HIGH_SHRINKAGE|WEAK_EVIDENCE,team_b_states:FOUL_TENDENCY,0,True,True,STABLE,LOW|LOW|LOW,MEDIUM_LOW|MEDIUM_LOW|MEDIUM_LOW
mt_361806747,laliga2,BEHAVIOR_HEAVY|FORMATION_HEAVY|HIGH_SHRINKAGE|WEAK_EVIDENCE,team_b_states:SET_PIECE_GENERATION,0,True,True,STABLE,MEDIUM|MEDIUM|MEDIUM,MEDIUM_LOW|MEDIUM_LOW|MEDIUM_LOW
mt_361806747,laliga2,BEHAVIOR_HEAVY|FORMATION_HEAVY|HIGH_SHRINKAGE|WEAK_EVIDENCE,team_b_states:SHOT_SUPPRESSION,0,True,True,STABLE,LOW|LOW|LOW,MEDIUM_LOW|MEDIUM_LOW|MEDIUM_LOW
mt_361806747,laliga2,BEHAVIOR_HEAVY|FORMATION_HEAVY|HIGH_SHRINKAGE|WEAK_EVIDENCE,team_b_states:SHOT_VOLUME,0,True,True,STABLE,LOW|LOW|LOW,MEDIUM_LOW|MEDIUM_LOW|MEDIUM_LOW
mt_361806747,laliga2,BEHAVIOR_HEAVY|FORMATION_HEAVY|HIGH_SHRINKAGE|WEAK_EVIDENCE,team_b_states:TERRITORIAL_PRESSURE,0,True,True,STABLE,LOW|LOW|LOW,MEDIUM_LOW|MEDIUM_LOW|MEDIUM_LOW
mt_361806747,laliga2,BEHAVIOR_HEAVY|FORMATION_HEAVY|HIGH_SHRINKAGE|WEAK_EVIDENCE,team_b_states:WIDTH_PRESSURE,0,True,True,STABLE,LOW|LOW|LOW,MEDIUM_LOW|MEDIUM_LOW|MEDIUM_LOW
mt_257018652,ligue1,BEHAVIOR_HEAVY|FORMATION_HEAVY|HIGH_SHRINKAGE|WEAK_EVIDENCE,matchup_states:BOX_PRESSURE_MATCHUP,0,True,True,STABLE,A_ADVANTAGE|A_ADVANTAGE|A_ADVANTAGE,MEDIUM_LOW|MEDIUM_LOW|MEDIUM_LOW
mt_257018652,ligue1,BEHAVIOR_HEAVY|FORMATION_HEAVY|HIGH_SHRINKAGE|WEAK_EVIDENCE,matchup_states:CONTACT_MATCHUP,0,True,True,STABLE,NEUTRAL|NEUTRAL|NEUTRAL,MEDIUM_LOW|MEDIUM_LOW|MEDIUM_LOW
mt_257018652,ligue1,BEHAVIOR_HEAVY|FORMATION_HEAVY|HIGH_SHRINKAGE|WEAK_EVIDENCE,matchup_states:CORNER_MECHANISM_MATCHUP,0,True,True,STABLE,B_ADVANTAGE|B_ADVANTAGE|B_ADVANTAGE,MEDIUM_LOW|MEDIUM_LOW|MEDIUM_LOW
mt_257018652,ligue1,BEHAVIOR_HEAVY|FORMATION_HEAVY|HIGH_SHRINKAGE|WEAK_EVIDENCE,matchup_states:SHOT_CREATION_MATCHUP,0,True,True,STABLE,A_ADVANTAGE|A_ADVANTAGE|A_ADVANTAGE,MEDIUM_LOW|MEDIUM_LOW|MEDIUM_LOW
mt_257018652,ligue1,BEHAVIOR_HEAVY|FORMATION_HEAVY|HIGH_SHRINKAGE|WEAK_EVIDENCE,matchup_states:WIDE_PRESSURE_MATCHUP,0,True,True,STABLE,NEUTRAL|NEUTRAL|NEUTRAL,MEDIUM_LOW|MEDIUM_LOW|MEDIUM_LOW
mt_257018652,ligue1,BEHAVIOR_HEAVY|FORMATION_HEAVY|HIGH_SHRINKAGE|WEAK_EVIDENCE,team_a_states:BOOKING_CONVERSION,0,True,True,STABLE,MEDIUM|MEDIUM|MEDIUM,MEDIUM_LOW|MEDIUM_LOW|MEDIUM_LOW
mt_257018652,ligue1,BEHAVIOR_HEAVY|FORMATION_HEAVY|HIGH_SHRINKAGE|WEAK_EVIDENCE,team_a_states:BOX_PRESSURE,0,True,True,STABLE,MEDIUM|MEDIUM|MEDIUM,MEDIUM_LOW|MEDIUM_LOW|MEDIUM_LOW
mt_257018652,ligue1,BEHAVIOR_HEAVY|FORMATION_HEAVY|HIGH_SHRINKAGE|WEAK_EVIDENCE,team_a_states:BOX_PROTECTION,0,True,True,STABLE,MEDIUM|MEDIUM|MEDIUM,MEDIUM_LOW|MEDIUM_LOW|MEDIUM_LOW
mt_257018652,ligue1,BEHAVIOR_HEAVY|FORMATION_HEAVY|HIGH_SHRINKAGE|WEAK_EVIDENCE,team_a_states:CLEARANCE_DEPENDENCE,0,True,True,STABLE,MEDIUM|MEDIUM|MEDIUM,MEDIUM_LOW|MEDIUM_LOW|MEDIUM_LOW
mt_257018652,ligue1,BEHAVIOR_HEAVY|FORMATION_HEAVY|HIGH_SHRINKAGE|WEAK_EVIDENCE,team_a_states:CONTACT_INTENSITY,0,True,True,STABLE,MEDIUM|MEDIUM|MEDIUM,MEDIUM_LOW|MEDIUM_LOW|MEDIUM_LOW
mt_257018652,ligue1,BEHAVIOR_HEAVY|FORMATION_HEAVY|HIGH_SHRINKAGE|WEAK_EVIDENCE,team_a_states:CORNER_CONCESSION,0,True,True,STABLE,HIGH|HIGH|HIGH,MEDIUM_LOW|MEDIUM_LOW|MEDIUM_LOW
mt_257018652,ligue1,BEHAVIOR_HEAVY|FORMATION_HEAVY|HIGH_SHRINKAGE|WEAK_EVIDENCE,team_a_states:CROSS_ALLOWANCE,0,True,True,STABLE,MEDIUM|MEDIUM|MEDIUM,MEDIUM_LOW|MEDIUM_LOW|MEDIUM_LOW
mt_257018652,ligue1,BEHAVIOR_HEAVY|FORMATION_HEAVY|HIGH_SHRINKAGE|WEAK_EVIDENCE,team_a_states:FOUL_DRAWING,0,True,True,STABLE,MEDIUM|MEDIUM|MEDIUM,MEDIUM_LOW|MEDIUM_LOW|MEDIUM_LOW
mt_257018652,ligue1,BEHAVIOR_HEAVY|FORMATION_HEAVY|HIGH_SHRINKAGE|WEAK_EVIDENCE,team_a_states:FOUL_TENDENCY,0,True,True,STABLE,MEDIUM|MEDIUM|MEDIUM,MEDIUM_LOW|MEDIUM_LOW|MEDIUM_LOW
mt_257018652,ligue1,BEHAVIOR_HEAVY|FORMATION_HEAVY|HIGH_SHRINKAGE|WEAK_EVIDENCE,team_a_states:SET_PIECE_GENERATION,0,True,True,STABLE,MEDIUM|MEDIUM|MEDIUM,MEDIUM_LOW|MEDIUM_LOW|MEDIUM_LOW
mt_257018652,ligue1,BEHAVIOR_HEAVY|FORMATION_HEAVY|HIGH_SHRINKAGE|WEAK_EVIDENCE,team_a_states:SHOT_SUPPRESSION,0,True,True,STABLE,MEDIUM|MEDIUM|MEDIUM,MEDIUM_LOW|MEDIUM_LOW|MEDIUM_LOW
mt_257018652,ligue1,BEHAVIOR_HEAVY|FORMATION_HEAVY|HIGH_SHRINKAGE|WEAK_EVIDENCE,team_a_states:SHOT_VOLUME,0,True,True,STABLE,MEDIUM|MEDIUM|MEDIUM,MEDIUM_LOW|MEDIUM_LOW|MEDIUM_LOW
mt_257018652,ligue1,BEHAVIOR_HEAVY|FORMATION_HEAVY|HIGH_SHRINKAGE|WEAK_EVIDENCE,team_a_states:TERRITORIAL_PRESSURE,0,True,True,STABLE,MEDIUM|MEDIUM|MEDIUM,MEDIUM_LOW|MEDIUM_LOW|MEDIUM_LOW
mt_257018652,ligue1,BEHAVIOR_HEAVY|FORMATION_HEAVY|HIGH_SHRINKAGE|WEAK_EVIDENCE,team_a_states:WIDTH_PRESSURE,0,True,True,STABLE,MEDIUM|MEDIUM|MEDIUM,MEDIUM_LOW|MEDIUM_LOW|MEDIUM_LOW
mt_257018652,ligue1,BEHAVIOR_HEAVY|FORMATION_HEAVY|HIGH_SHRINKAGE|WEAK_EVIDENCE,team_b_states:BOOKING_CONVERSION,0,True,True,STABLE,MEDIUM|MEDIUM|MEDIUM,MEDIUM_LOW|MEDIUM_LOW|MEDIUM_LOW
mt_257018652,ligue1,BEHAVIOR_HEAVY|FORMATION_HEAVY|HIGH_SHRINKAGE|WEAK_EVIDENCE,team_b_states:BOX_PRESSURE,0,True,True,STABLE,LOW|LOW|LOW,MEDIUM_LOW|MEDIUM_LOW|MEDIUM_LOW
mt_257018652,ligue1,BEHAVIOR_HEAVY|FORMATION_HEAVY|HIGH_SHRINKAGE|WEAK_EVIDENCE,team_b_states:BOX_PROTECTION,0,True,True,STABLE,MEDIUM|MEDIUM|MEDIUM,MEDIUM_LOW|MEDIUM_LOW|MEDIUM_LOW
mt_257018652,ligue1,BEHAVIOR_HEAVY|FORMATION_HEAVY|HIGH_SHRINKAGE|WEAK_EVIDENCE,team_b_states:CLEARANCE_DEPENDENCE,0,True,True,STABLE,MEDIUM|MEDIUM|MEDIUM,MEDIUM_LOW|MEDIUM_LOW|MEDIUM_LOW
mt_257018652,ligue1,BEHAVIOR_HEAVY|FORMATION_HEAVY|HIGH_SHRINKAGE|WEAK_EVIDENCE,team_b_states:CONTACT_INTENSITY,0,True,True,STABLE,MEDIUM|MEDIUM|MEDIUM,MEDIUM_LOW|MEDIUM_LOW|MEDIUM_LOW
mt_257018652,ligue1,BEHAVIOR_HEAVY|FORMATION_HEAVY|HIGH_SHRINKAGE|WEAK_EVIDENCE,team_b_states:CORNER_CONCESSION,0,True,True,STABLE,LOW|LOW|LOW,MEDIUM_LOW|MEDIUM_LOW|MEDIUM_LOW
mt_257018652,ligue1,BEHAVIOR_HEAVY|FORMATION_HEAVY|HIGH_SHRINKAGE|WEAK_EVIDENCE,team_b_states:CROSS_ALLOWANCE,0,True,True,STABLE,MEDIUM|MEDIUM|MEDIUM,MEDIUM_LOW|MEDIUM_LOW|MEDIUM_LOW
mt_257018652,ligue1,BEHAVIOR_HEAVY|FORMATION_HEAVY|HIGH_SHRINKAGE|WEAK_EVIDENCE,team_b_states:FOUL_DRAWING,0,True,True,STABLE,MEDIUM|MEDIUM|MEDIUM,MEDIUM_LOW|MEDIUM_LOW|MEDIUM_LOW
mt_257018652,ligue1,BEHAVIOR_HEAVY|FORMATION_HEAVY|HIGH_SHRINKAGE|WEAK_EVIDENCE,team_b_states:FOUL_TENDENCY,0,True,True,STABLE,MEDIUM|MEDIUM|MEDIUM,MEDIUM_LOW|MEDIUM_LOW|MEDIUM_LOW
mt_257018652,ligue1,BEHAVIOR_HEAVY|FORMATION_HEAVY|HIGH_SHRINKAGE|WEAK_EVIDENCE,team_b_states:SET_PIECE_GENERATION,0,True,True,STABLE,MEDIUM|MEDIUM|MEDIUM,MEDIUM_LOW|MEDIUM_LOW|MEDIUM_LOW
mt_257018652,ligue1,BEHAVIOR_HEAVY|FORMATION_HEAVY|HIGH_SHRINKAGE|WEAK_EVIDENCE,team_b_states:SHOT_SUPPRESSION,0,True,True,STABLE,MEDIUM|MEDIUM|MEDIUM,MEDIUM_LOW|MEDIUM_LOW|MEDIUM_LOW
mt_257018652,ligue1,BEHAVIOR_HEAVY|FORMATION_HEAVY|HIGH_SHRINKAGE|WEAK_EVIDENCE,team_b_states:SHOT_VOLUME,0,True,True,STABLE,LOW|LOW|LOW,MEDIUM_LOW|MEDIUM_LOW|MEDIUM_LOW
mt_257018652,ligue1,BEHAVIOR_HEAVY|FORMATION_HEAVY|HIGH_SHRINKAGE|WEAK_EVIDENCE,team_b_states:TERRITORIAL_PRESSURE,0,True,True,STABLE,MEDIUM|MEDIUM|MEDIUM,MEDIUM_LOW|MEDIUM_LOW|MEDIUM_LOW
mt_257018652,ligue1,BEHAVIOR_HEAVY|FORMATION_HEAVY|HIGH_SHRINKAGE|WEAK_EVIDENCE,team_b_states:WIDTH_PRESSURE,0,True,True,STABLE,LOW|LOW|LOW,MEDIUM_LOW|MEDIUM_LOW|MEDIUM_LOW
mt_362652308,ligue2,BEHAVIOR_HEAVY|FORMATION_HEAVY|HIGH_SHRINKAGE|SMALL_N|WEAK_EVIDENCE,matchup_states:BOX_PRESSURE_MATCHUP,0,True,True,STABLE,B_ADVANTAGE|B_ADVANTAGE|B_ADVANTAGE,MEDIUM|MEDIUM|MEDIUM
mt_362652308,ligue2,BEHAVIOR_HEAVY|FORMATION_HEAVY|HIGH_SHRINKAGE|SMALL_N|WEAK_EVIDENCE,matchup_states:CONTACT_MATCHUP,0,True,True,STABLE,A_ADVANTAGE|A_ADVANTAGE|A_ADVANTAGE,MEDIUM_LOW|MEDIUM_LOW|MEDIUM_LOW
mt_362652308,ligue2,BEHAVIOR_HEAVY|FORMATION_HEAVY|HIGH_SHRINKAGE|SMALL_N|WEAK_EVIDENCE,matchup_states:CORNER_MECHANISM_MATCHUP,0,True,True,STABLE,B_ADVANTAGE|B_ADVANTAGE|B_ADVANTAGE,MEDIUM_LOW|MEDIUM_LOW|MEDIUM_LOW
mt_362652308,ligue2,BEHAVIOR_HEAVY|FORMATION_HEAVY|HIGH_SHRINKAGE|SMALL_N|WEAK_EVIDENCE,matchup_states:SHOT_CREATION_MATCHUP,1,True,True,STABLE,B_ADVANTAGE|B_ADVANTAGE|B_ADVANTAGE,MEDIUM_LOW|MEDIUM_LOW|MEDIUM
mt_362652308,ligue2,BEHAVIOR_HEAVY|FORMATION_HEAVY|HIGH_SHRINKAGE|SMALL_N|WEAK_EVIDENCE,matchup_states:WIDE_PRESSURE_MATCHUP,0,True,True,STABLE,NEUTRAL|NEUTRAL|NEUTRAL,MEDIUM_LOW|MEDIUM_LOW|MEDIUM_LOW
mt_362652308,ligue2,BEHAVIOR_HEAVY|FORMATION_HEAVY|HIGH_SHRINKAGE|SMALL_N|WEAK_EVIDENCE,team_a_states:BOOKING_CONVERSION,0,True,True,STABLE,HIGH|HIGH|HIGH,MEDIUM_LOW|MEDIUM_LOW|MEDIUM_LOW
mt_362652308,ligue2,BEHAVIOR_HEAVY|FORMATION_HEAVY|HIGH_SHRINKAGE|SMALL_N|WEAK_EVIDENCE,team_a_states:BOX_PRESSURE,0,True,True,STABLE,MEDIUM|MEDIUM|MEDIUM,MEDIUM_LOW|MEDIUM_LOW|MEDIUM_LOW
mt_362652308,ligue2,BEHAVIOR_HEAVY|FORMATION_HEAVY|HIGH_SHRINKAGE|SMALL_N|WEAK_EVIDENCE,team_a_states:BOX_PROTECTION,0,True,True,STABLE,MEDIUM|MEDIUM|MEDIUM,MEDIUM_LOW|MEDIUM_LOW|MEDIUM_LOW
mt_362652308,ligue2,BEHAVIOR_HEAVY|FORMATION_HEAVY|HIGH_SHRINKAGE|SMALL_N|WEAK_EVIDENCE,team_a_states:CLEARANCE_DEPENDENCE,0,True,True,STABLE,MEDIUM|MEDIUM|MEDIUM,MEDIUM_LOW|MEDIUM_LOW|MEDIUM_LOW
mt_362652308,ligue2,BEHAVIOR_HEAVY|FORMATION_HEAVY|HIGH_SHRINKAGE|SMALL_N|WEAK_EVIDENCE,team_a_states:CONTACT_INTENSITY,0,True,True,STABLE,MEDIUM|MEDIUM|MEDIUM,MEDIUM_LOW|MEDIUM_LOW|MEDIUM_LOW
mt_362652308,ligue2,BEHAVIOR_HEAVY|FORMATION_HEAVY|HIGH_SHRINKAGE|SMALL_N|WEAK_EVIDENCE,team_a_states:CORNER_CONCESSION,0,True,True,STABLE,MEDIUM|MEDIUM|MEDIUM,MEDIUM_LOW|MEDIUM_LOW|MEDIUM_LOW
mt_362652308,ligue2,BEHAVIOR_HEAVY|FORMATION_HEAVY|HIGH_SHRINKAGE|SMALL_N|WEAK_EVIDENCE,team_a_states:CROSS_ALLOWANCE,0,True,True,STABLE,LOW|LOW|LOW,MEDIUM|MEDIUM|MEDIUM
mt_362652308,ligue2,BEHAVIOR_HEAVY|FORMATION_HEAVY|HIGH_SHRINKAGE|SMALL_N|WEAK_EVIDENCE,team_a_states:FOUL_DRAWING,0,True,True,STABLE,MEDIUM|MEDIUM|MEDIUM,MEDIUM_LOW|MEDIUM_LOW|MEDIUM_LOW
mt_362652308,ligue2,BEHAVIOR_HEAVY|FORMATION_HEAVY|HIGH_SHRINKAGE|SMALL_N|WEAK_EVIDENCE,team_a_states:FOUL_TENDENCY,0,True,True,STABLE,MEDIUM|MEDIUM|MEDIUM,MEDIUM_LOW|MEDIUM_LOW|MEDIUM_LOW
mt_362652308,ligue2,BEHAVIOR_HEAVY|FORMATION_HEAVY|HIGH_SHRINKAGE|SMALL_N|WEAK_EVIDENCE,team_a_states:SET_PIECE_GENERATION,0,True,True,STABLE,MEDIUM|MEDIUM|MEDIUM,MEDIUM_LOW|MEDIUM_LOW|MEDIUM_LOW
mt_362652308,ligue2,BEHAVIOR_HEAVY|FORMATION_HEAVY|HIGH_SHRINKAGE|SMALL_N|WEAK_EVIDENCE,team_a_states:SHOT_SUPPRESSION,0,True,True,STABLE,MEDIUM|MEDIUM|MEDIUM,MEDIUM_LOW|MEDIUM_LOW|MEDIUM_LOW
mt_362652308,ligue2,BEHAVIOR_HEAVY|FORMATION_HEAVY|HIGH_SHRINKAGE|SMALL_N|WEAK_EVIDENCE,team_a_states:SHOT_VOLUME,0,True,True,STABLE,MEDIUM|MEDIUM|MEDIUM,MEDIUM_LOW|MEDIUM_LOW|MEDIUM_LOW
mt_362652308,ligue2,BEHAVIOR_HEAVY|FORMATION_HEAVY|HIGH_SHRINKAGE|SMALL_N|WEAK_EVIDENCE,team_a_states:TERRITORIAL_PRESSURE,0,True,True,STABLE,MEDIUM|MEDIUM|MEDIUM,MEDIUM_LOW|MEDIUM_LOW|MEDIUM_LOW
mt_362652308,ligue2,BEHAVIOR_HEAVY|FORMATION_HEAVY|HIGH_SHRINKAGE|SMALL_N|WEAK_EVIDENCE,team_a_states:WIDTH_PRESSURE,0,True,True,STABLE,MEDIUM|MEDIUM|MEDIUM,MEDIUM_LOW|MEDIUM_LOW|MEDIUM_LOW
mt_362652308,ligue2,BEHAVIOR_HEAVY|FORMATION_HEAVY|HIGH_SHRINKAGE|SMALL_N|WEAK_EVIDENCE,team_b_states:BOOKING_CONVERSION,1,True,True,STABLE,MEDIUM|MEDIUM|MEDIUM,MEDIUM_LOW|MEDIUM_LOW|MEDIUM
mt_362652308,ligue2,BEHAVIOR_HEAVY|FORMATION_HEAVY|HIGH_SHRINKAGE|SMALL_N|WEAK_EVIDENCE,team_b_states:BOX_PRESSURE,0,True,True,STABLE,HIGH|HIGH|HIGH,MEDIUM|MEDIUM|MEDIUM
mt_362652308,ligue2,BEHAVIOR_HEAVY|FORMATION_HEAVY|HIGH_SHRINKAGE|SMALL_N|WEAK_EVIDENCE,team_b_states:BOX_PROTECTION,0,True,True,STABLE,HIGH|HIGH|HIGH,MEDIUM|MEDIUM|MEDIUM
mt_362652308,ligue2,BEHAVIOR_HEAVY|FORMATION_HEAVY|HIGH_SHRINKAGE|SMALL_N|WEAK_EVIDENCE,team_b_states:CLEARANCE_DEPENDENCE,1,True,True,STABLE,MEDIUM|MEDIUM|MEDIUM,MEDIUM_LOW|MEDIUM_LOW|MEDIUM
mt_362652308,ligue2,BEHAVIOR_HEAVY|FORMATION_HEAVY|HIGH_SHRINKAGE|SMALL_N|WEAK_EVIDENCE,team_b_states:CONTACT_INTENSITY,1,True,True,STABLE,MEDIUM|MEDIUM|MEDIUM,MEDIUM_LOW|MEDIUM_LOW|MEDIUM
mt_362652308,ligue2,BEHAVIOR_HEAVY|FORMATION_HEAVY|HIGH_SHRINKAGE|SMALL_N|WEAK_EVIDENCE,team_b_states:CORNER_CONCESSION,1,True,True,STABLE,MEDIUM|MEDIUM|MEDIUM,MEDIUM_LOW|MEDIUM_LOW|MEDIUM
mt_362652308,ligue2,BEHAVIOR_HEAVY|FORMATION_HEAVY|HIGH_SHRINKAGE|SMALL_N|WEAK_EVIDENCE,team_b_states:CROSS_ALLOWANCE,1,True,True,STABLE,MEDIUM|MEDIUM|MEDIUM,MEDIUM_LOW|MEDIUM_LOW|MEDIUM
mt_362652308,ligue2,BEHAVIOR_HEAVY|FORMATION_HEAVY|HIGH_SHRINKAGE|SMALL_N|WEAK_EVIDENCE,team_b_states:FOUL_DRAWING,1,True,True,STABLE,MEDIUM|MEDIUM|MEDIUM,MEDIUM_LOW|MEDIUM_LOW|MEDIUM
mt_362652308,ligue2,BEHAVIOR_HEAVY|FORMATION_HEAVY|HIGH_SHRINKAGE|SMALL_N|WEAK_EVIDENCE,team_b_states:FOUL_TENDENCY,1,True,True,STABLE,MEDIUM|MEDIUM|MEDIUM,MEDIUM_LOW|MEDIUM_LOW|MEDIUM
mt_362652308,ligue2,BEHAVIOR_HEAVY|FORMATION_HEAVY|HIGH_SHRINKAGE|SMALL_N|WEAK_EVIDENCE,team_b_states:SET_PIECE_GENERATION,1,True,True,STABLE,MEDIUM|MEDIUM|MEDIUM,MEDIUM_LOW|MEDIUM_LOW|MEDIUM
mt_362652308,ligue2,BEHAVIOR_HEAVY|FORMATION_HEAVY|HIGH_SHRINKAGE|SMALL_N|WEAK_EVIDENCE,team_b_states:SHOT_SUPPRESSION,1,True,False,STABLE,MEDIUM|MEDIUM|HIGH,MEDIUM_LOW|MEDIUM_LOW|MEDIUM
mt_362652308,ligue2,BEHAVIOR_HEAVY|FORMATION_HEAVY|HIGH_SHRINKAGE|SMALL_N|WEAK_EVIDENCE,team_b_states:SHOT_VOLUME,1,True,True,STABLE,MEDIUM|MEDIUM|MEDIUM,MEDIUM_LOW|MEDIUM_LOW|MEDIUM
mt_362652308,ligue2,BEHAVIOR_HEAVY|FORMATION_HEAVY|HIGH_SHRINKAGE|SMALL_N|WEAK_EVIDENCE,team_b_states:TERRITORIAL_PRESSURE,0,True,True,STABLE,HIGH|HIGH|HIGH,MEDIUM|MEDIUM|MEDIUM
mt_362652308,ligue2,BEHAVIOR_HEAVY|FORMATION_HEAVY|HIGH_SHRINKAGE|SMALL_N|WEAK_EVIDENCE,team_b_states:WIDTH_PRESSURE,1,True,True,STABLE,MEDIUM|MEDIUM|MEDIUM,MEDIUM_LOW|MEDIUM_LOW|MEDIUM
mt_743352721,champ,BEHAVIOR_HEAVY|FORMATION_HEAVY|HIGH_SHRINKAGE|WEAK_EVIDENCE,matchup_states:BOX_PRESSURE_MATCHUP,0,True,True,STABLE,NEUTRAL|NEUTRAL|NEUTRAL,MEDIUM_LOW|MEDIUM_LOW|MEDIUM_LOW
mt_743352721,champ,BEHAVIOR_HEAVY|FORMATION_HEAVY|HIGH_SHRINKAGE|WEAK_EVIDENCE,matchup_states:CONTACT_MATCHUP,0,True,True,STABLE,NEUTRAL|NEUTRAL|NEUTRAL,MEDIUM|MEDIUM|MEDIUM
mt_743352721,champ,BEHAVIOR_HEAVY|FORMATION_HEAVY|HIGH_SHRINKAGE|WEAK_EVIDENCE,matchup_states:CORNER_MECHANISM_MATCHUP,0,True,True,STABLE,A_ADVANTAGE|A_ADVANTAGE|A_ADVANTAGE,MEDIUM|MEDIUM|MEDIUM
mt_743352721,champ,BEHAVIOR_HEAVY|FORMATION_HEAVY|HIGH_SHRINKAGE|WEAK_EVIDENCE,matchup_states:SECOND_HALF_PRESSURE_SHIFT,0,True,True,STABLE,UNKNOWN|UNKNOWN|UNKNOWN,UNKNOWN|UNKNOWN|UNKNOWN
mt_743352721,champ,BEHAVIOR_HEAVY|FORMATION_HEAVY|HIGH_SHRINKAGE|WEAK_EVIDENCE,matchup_states:SHOT_CREATION_MATCHUP,1,True,True,STABLE,NEUTRAL|NEUTRAL|NEUTRAL,MEDIUM|MEDIUM|MEDIUM_LOW
mt_743352721,champ,BEHAVIOR_HEAVY|FORMATION_HEAVY|HIGH_SHRINKAGE|WEAK_EVIDENCE,matchup_states:WIDE_PRESSURE_MATCHUP,0,True,True,STABLE,NEUTRAL|NEUTRAL|NEUTRAL,MEDIUM_LOW|MEDIUM_LOW|MEDIUM_LOW
mt_743352721,champ,BEHAVIOR_HEAVY|FORMATION_HEAVY|HIGH_SHRINKAGE|WEAK_EVIDENCE,team_a_states:BOOKING_CONVERSION,0,True,True,STABLE,MEDIUM|MEDIUM|MEDIUM,MEDIUM|MEDIUM|MEDIUM
mt_743352721,champ,BEHAVIOR_HEAVY|FORMATION_HEAVY|HIGH_SHRINKAGE|WEAK_EVIDENCE,team_a_states:BOX_PRESSURE,0,True,True,STABLE,MEDIUM|MEDIUM|MEDIUM,MEDIUM_LOW|MEDIUM_LOW|MEDIUM_LOW
mt_743352721,champ,BEHAVIOR_HEAVY|FORMATION_HEAVY|HIGH_SHRINKAGE|WEAK_EVIDENCE,team_a_states:BOX_PROTECTION,0,True,True,STABLE,MEDIUM|MEDIUM|MEDIUM,MEDIUM|MEDIUM|MEDIUM
mt_743352721,champ,BEHAVIOR_HEAVY|FORMATION_HEAVY|HIGH_SHRINKAGE|WEAK_EVIDENCE,team_a_states:CLEARANCE_DEPENDENCE,0,True,True,STABLE,MEDIUM|MEDIUM|MEDIUM,MEDIUM|MEDIUM|MEDIUM
mt_743352721,champ,BEHAVIOR_HEAVY|FORMATION_HEAVY|HIGH_SHRINKAGE|WEAK_EVIDENCE,team_a_states:CONTACT_INTENSITY,0,True,True,STABLE,MEDIUM|MEDIUM|MEDIUM,MEDIUM|MEDIUM|MEDIUM
mt_743352721,champ,BEHAVIOR_HEAVY|FORMATION_HEAVY|HIGH_SHRINKAGE|WEAK_EVIDENCE,team_a_states:CORNER_CONCESSION,0,True,True,STABLE,LOW|LOW|LOW,MEDIUM|MEDIUM|MEDIUM
mt_743352721,champ,BEHAVIOR_HEAVY|FORMATION_HEAVY|HIGH_SHRINKAGE|WEAK_EVIDENCE,team_a_states:CROSS_ALLOWANCE,0,True,True,STABLE,LOW|LOW|LOW,MEDIUM|MEDIUM|MEDIUM
mt_743352721,champ,BEHAVIOR_HEAVY|FORMATION_HEAVY|HIGH_SHRINKAGE|WEAK_EVIDENCE,team_a_states:FOUL_DRAWING,0,True,True,STABLE,MEDIUM|MEDIUM|MEDIUM,MEDIUM|MEDIUM|MEDIUM
mt_743352721,champ,BEHAVIOR_HEAVY|FORMATION_HEAVY|HIGH_SHRINKAGE|WEAK_EVIDENCE,team_a_states:FOUL_TENDENCY,0,True,True,STABLE,MEDIUM|MEDIUM|MEDIUM,MEDIUM|MEDIUM|MEDIUM
mt_743352721,champ,BEHAVIOR_HEAVY|FORMATION_HEAVY|HIGH_SHRINKAGE|WEAK_EVIDENCE,team_a_states:SAVE_ENVIRONMENT,0,True,True,STABLE,UNKNOWN|UNKNOWN|UNKNOWN,UNKNOWN|UNKNOWN|UNKNOWN
mt_743352721,champ,BEHAVIOR_HEAVY|FORMATION_HEAVY|HIGH_SHRINKAGE|WEAK_EVIDENCE,team_a_states:SECOND_HALF_ESCALATION,0,True,True,STABLE,UNKNOWN|UNKNOWN|UNKNOWN,UNKNOWN|UNKNOWN|UNKNOWN
mt_743352721,champ,BEHAVIOR_HEAVY|FORMATION_HEAVY|HIGH_SHRINKAGE|WEAK_EVIDENCE,team_a_states:SET_PIECE_GENERATION,0,True,True,STABLE,MEDIUM|MEDIUM|MEDIUM,MEDIUM|MEDIUM|MEDIUM
mt_743352721,champ,BEHAVIOR_HEAVY|FORMATION_HEAVY|HIGH_SHRINKAGE|WEAK_EVIDENCE,team_a_states:SHOT_QUALITY,0,True,True,STABLE,UNKNOWN|UNKNOWN|UNKNOWN,UNKNOWN|UNKNOWN|UNKNOWN
mt_743352721,champ,BEHAVIOR_HEAVY|FORMATION_HEAVY|HIGH_SHRINKAGE|WEAK_EVIDENCE,team_a_states:SHOT_SUPPRESSION,0,True,True,STABLE,MEDIUM|MEDIUM|MEDIUM,MEDIUM|MEDIUM|MEDIUM
mt_743352721,champ,BEHAVIOR_HEAVY|FORMATION_HEAVY|HIGH_SHRINKAGE|WEAK_EVIDENCE,team_a_states:SHOT_VOLUME,0,True,True,STABLE,MEDIUM|MEDIUM|MEDIUM,MEDIUM|MEDIUM|MEDIUM
mt_743352721,champ,BEHAVIOR_HEAVY|FORMATION_HEAVY|HIGH_SHRINKAGE|WEAK_EVIDENCE,team_a_states:TERRITORIAL_PRESSURE,0,True,True,STABLE,MEDIUM|MEDIUM|MEDIUM,MEDIUM|MEDIUM|MEDIUM
mt_743352721,champ,BEHAVIOR_HEAVY|FORMATION_HEAVY|HIGH_SHRINKAGE|WEAK_EVIDENCE,team_a_states:WIDTH_PRESSURE,0,True,True,STABLE,LOW|LOW|LOW,MEDIUM_LOW|MEDIUM_LOW|MEDIUM_LOW
mt_743352721,champ,BEHAVIOR_HEAVY|FORMATION_HEAVY|HIGH_SHRINKAGE|WEAK_EVIDENCE,team_b_states:BOOKING_CONVERSION,0,True,True,STABLE,MEDIUM|MEDIUM|MEDIUM,MEDIUM|MEDIUM|MEDIUM
mt_743352721,champ,BEHAVIOR_HEAVY|FORMATION_HEAVY|HIGH_SHRINKAGE|WEAK_EVIDENCE,team_b_states:BOX_PRESSURE,0,True,True,STABLE,MEDIUM|MEDIUM|MEDIUM,MEDIUM_LOW|MEDIUM_LOW|MEDIUM_LOW
mt_743352721,champ,BEHAVIOR_HEAVY|FORMATION_HEAVY|HIGH_SHRINKAGE|WEAK_EVIDENCE,team_b_states:BOX_PROTECTION,0,True,True,STABLE,MEDIUM|MEDIUM|MEDIUM,MEDIUM|MEDIUM|MEDIUM
mt_743352721,champ,BEHAVIOR_HEAVY|FORMATION_HEAVY|HIGH_SHRINKAGE|WEAK_EVIDENCE,team_b_states:CLEARANCE_DEPENDENCE,0,True,True,STABLE,MEDIUM|MEDIUM|MEDIUM,MEDIUM|MEDIUM|MEDIUM
mt_743352721,champ,BEHAVIOR_HEAVY|FORMATION_HEAVY|HIGH_SHRINKAGE|WEAK_EVIDENCE,team_b_states:CONTACT_INTENSITY,0,True,True,STABLE,MEDIUM|MEDIUM|MEDIUM,MEDIUM|MEDIUM|MEDIUM
mt_743352721,champ,BEHAVIOR_HEAVY|FORMATION_HEAVY|HIGH_SHRINKAGE|WEAK_EVIDENCE,team_b_states:CORNER_CONCESSION,0,True,True,STABLE,MEDIUM|MEDIUM|MEDIUM,MEDIUM|MEDIUM|MEDIUM
mt_743352721,champ,BEHAVIOR_HEAVY|FORMATION_HEAVY|HIGH_SHRINKAGE|WEAK_EVIDENCE,team_b_states:CROSS_ALLOWANCE,0,True,True,STABLE,LOW|LOW|LOW,MEDIUM|MEDIUM|MEDIUM
mt_743352721,champ,BEHAVIOR_HEAVY|FORMATION_HEAVY|HIGH_SHRINKAGE|WEAK_EVIDENCE,team_b_states:FOUL_DRAWING,0,True,True,STABLE,MEDIUM|MEDIUM|MEDIUM,MEDIUM|MEDIUM|MEDIUM
mt_743352721,champ,BEHAVIOR_HEAVY|FORMATION_HEAVY|HIGH_SHRINKAGE|WEAK_EVIDENCE,team_b_states:FOUL_TENDENCY,0,True,True,STABLE,MEDIUM|MEDIUM|MEDIUM,MEDIUM|MEDIUM|MEDIUM
mt_743352721,champ,BEHAVIOR_HEAVY|FORMATION_HEAVY|HIGH_SHRINKAGE|WEAK_EVIDENCE,team_b_states:SAVE_ENVIRONMENT,0,True,True,STABLE,UNKNOWN|UNKNOWN|UNKNOWN,UNKNOWN|UNKNOWN|UNKNOWN
mt_743352721,champ,BEHAVIOR_HEAVY|FORMATION_HEAVY|HIGH_SHRINKAGE|WEAK_EVIDENCE,team_b_states:SECOND_HALF_ESCALATION,0,True,True,STABLE,UNKNOWN|UNKNOWN|UNKNOWN,UNKNOWN|UNKNOWN|UNKNOWN
mt_743352721,champ,BEHAVIOR_HEAVY|FORMATION_HEAVY|HIGH_SHRINKAGE|WEAK_EVIDENCE,team_b_states:SET_PIECE_GENERATION,0,True,True,STABLE,LOW|LOW|LOW,MEDIUM|MEDIUM|MEDIUM
mt_743352721,champ,BEHAVIOR_HEAVY|FORMATION_HEAVY|HIGH_SHRINKAGE|WEAK_EVIDENCE,team_b_states:SHOT_QUALITY,0,True,True,STABLE,UNKNOWN|UNKNOWN|UNKNOWN,UNKNOWN|UNKNOWN|UNKNOWN
mt_743352721,champ,BEHAVIOR_HEAVY|FORMATION_HEAVY|HIGH_SHRINKAGE|WEAK_EVIDENCE,team_b_states:SHOT_SUPPRESSION,0,True,True,STABLE,MEDIUM|MEDIUM|MEDIUM,MEDIUM|MEDIUM|MEDIUM
mt_743352721,champ,BEHAVIOR_HEAVY|FORMATION_HEAVY|HIGH_SHRINKAGE|WEAK_EVIDENCE,team_b_states:SHOT_VOLUME,0,True,True,STABLE,MEDIUM|MEDIUM|MEDIUM,MEDIUM|MEDIUM|MEDIUM
mt_743352721,champ,BEHAVIOR_HEAVY|FORMATION_HEAVY|HIGH_SHRINKAGE|WEAK_EVIDENCE,team_b_states:TERRITORIAL_PRESSURE,1,True,False,STABLE,MEDIUM|MEDIUM|HIGH,MEDIUM|MEDIUM|MEDIUM
mt_743352721,champ,BEHAVIOR_HEAVY|FORMATION_HEAVY|HIGH_SHRINKAGE|WEAK_EVIDENCE,team_b_states:WIDTH_PRESSURE,0,True,True,STABLE,LOW|LOW|LOW,MEDIUM_LOW|MEDIUM_LOW|MEDIUM_LOW
mt_629493933,epl,BEHAVIOR_HEAVY|FORMATION_HEAVY|HIGH_SHRINKAGE|WEAK_EVIDENCE,matchup_states:BOX_PRESSURE_MATCHUP,0,False,True,STABLE,NEUTRAL|NEUTRAL,MEDIUM_LOW|MEDIUM_LOW
mt_629493933,epl,BEHAVIOR_HEAVY|FORMATION_HEAVY|HIGH_SHRINKAGE|WEAK_EVIDENCE,matchup_states:CONTACT_MATCHUP,0,False,True,STABLE,NEUTRAL|NEUTRAL,MEDIUM_LOW|MEDIUM_LOW
mt_629493933,epl,BEHAVIOR_HEAVY|FORMATION_HEAVY|HIGH_SHRINKAGE|WEAK_EVIDENCE,matchup_states:CORNER_MECHANISM_MATCHUP,0,False,True,STABLE,B_ADVANTAGE|B_ADVANTAGE,MEDIUM_LOW|MEDIUM_LOW
mt_629493933,epl,BEHAVIOR_HEAVY|FORMATION_HEAVY|HIGH_SHRINKAGE|WEAK_EVIDENCE,matchup_states:SHOT_CREATION_MATCHUP,0,False,True,STABLE,NEUTRAL|NEUTRAL,MEDIUM_LOW|MEDIUM_LOW
mt_629493933,epl,BEHAVIOR_HEAVY|FORMATION_HEAVY|HIGH_SHRINKAGE|WEAK_EVIDENCE,matchup_states:WIDE_PRESSURE_MATCHUP,0,False,True,STABLE,B_ADVANTAGE|B_ADVANTAGE,MEDIUM_LOW|MEDIUM_LOW
mt_629493933,epl,BEHAVIOR_HEAVY|FORMATION_HEAVY|HIGH_SHRINKAGE|WEAK_EVIDENCE,team_a_states:BOOKING_CONVERSION,0,False,True,STABLE,MEDIUM|MEDIUM,MEDIUM_LOW|MEDIUM_LOW
mt_629493933,epl,BEHAVIOR_HEAVY|FORMATION_HEAVY|HIGH_SHRINKAGE|WEAK_EVIDENCE,team_a_states:BOX_PRESSURE,0,False,True,STABLE,LOW|LOW,MEDIUM_LOW|MEDIUM_LOW
mt_629493933,epl,BEHAVIOR_HEAVY|FORMATION_HEAVY|HIGH_SHRINKAGE|WEAK_EVIDENCE,team_a_states:BOX_PROTECTION,0,False,True,STABLE,LOW|LOW,MEDIUM_LOW|MEDIUM_LOW
mt_629493933,epl,BEHAVIOR_HEAVY|FORMATION_HEAVY|HIGH_SHRINKAGE|WEAK_EVIDENCE,team_a_states:CLEARANCE_DEPENDENCE,0,False,True,STABLE,MEDIUM|MEDIUM,MEDIUM_LOW|MEDIUM_LOW
mt_629493933,epl,BEHAVIOR_HEAVY|FORMATION_HEAVY|HIGH_SHRINKAGE|WEAK_EVIDENCE,team_a_states:CONTACT_INTENSITY,0,False,True,STABLE,MEDIUM|MEDIUM,MEDIUM_LOW|MEDIUM_LOW
mt_629493933,epl,BEHAVIOR_HEAVY|FORMATION_HEAVY|HIGH_SHRINKAGE|WEAK_EVIDENCE,team_a_states:CORNER_CONCESSION,0,False,True,STABLE,HIGH|HIGH,MEDIUM_LOW|MEDIUM_LOW
mt_629493933,epl,BEHAVIOR_HEAVY|FORMATION_HEAVY|HIGH_SHRINKAGE|WEAK_EVIDENCE,team_a_states:CROSS_ALLOWANCE,0,False,True,STABLE,MEDIUM|MEDIUM,MEDIUM_LOW|MEDIUM_LOW
mt_629493933,epl,BEHAVIOR_HEAVY|FORMATION_HEAVY|HIGH_SHRINKAGE|WEAK_EVIDENCE,team_a_states:FOUL_DRAWING,0,False,True,STABLE,LOW|LOW,MEDIUM_LOW|MEDIUM_LOW
mt_629493933,epl,BEHAVIOR_HEAVY|FORMATION_HEAVY|HIGH_SHRINKAGE|WEAK_EVIDENCE,team_a_states:FOUL_TENDENCY,0,False,True,STABLE,MEDIUM|MEDIUM,MEDIUM_LOW|MEDIUM_LOW
mt_629493933,epl,BEHAVIOR_HEAVY|FORMATION_HEAVY|HIGH_SHRINKAGE|WEAK_EVIDENCE,team_a_states:SET_PIECE_GENERATION,0,False,True,STABLE,LOW|LOW,MEDIUM_LOW|MEDIUM_LOW
mt_629493933,epl,BEHAVIOR_HEAVY|FORMATION_HEAVY|HIGH_SHRINKAGE|WEAK_EVIDENCE,team_a_states:SHOT_SUPPRESSION,0,False,True,STABLE,LOW|LOW,MEDIUM_LOW|MEDIUM_LOW
mt_629493933,epl,BEHAVIOR_HEAVY|FORMATION_HEAVY|HIGH_SHRINKAGE|WEAK_EVIDENCE,team_a_states:SHOT_VOLUME,0,False,True,STABLE,LOW|LOW,MEDIUM_LOW|MEDIUM_LOW
mt_629493933,epl,BEHAVIOR_HEAVY|FORMATION_HEAVY|HIGH_SHRINKAGE|WEAK_EVIDENCE,team_a_states:TERRITORIAL_PRESSURE,0,False,True,STABLE,LOW|LOW,MEDIUM_LOW|MEDIUM_LOW
mt_629493933,epl,BEHAVIOR_HEAVY|FORMATION_HEAVY|HIGH_SHRINKAGE|WEAK_EVIDENCE,team_a_states:WIDTH_PRESSURE,0,False,True,STABLE,LOW|LOW,MEDIUM_LOW|MEDIUM_LOW
mt_629493933,epl,BEHAVIOR_HEAVY|FORMATION_HEAVY|HIGH_SHRINKAGE|WEAK_EVIDENCE,team_b_states:BOOKING_CONVERSION,0,False,True,STABLE,MEDIUM|MEDIUM,MEDIUM_LOW|MEDIUM_LOW
mt_629493933,epl,BEHAVIOR_HEAVY|FORMATION_HEAVY|HIGH_SHRINKAGE|WEAK_EVIDENCE,team_b_states:BOX_PRESSURE,0,False,True,STABLE,LOW|LOW,MEDIUM_LOW|MEDIUM_LOW
mt_629493933,epl,BEHAVIOR_HEAVY|FORMATION_HEAVY|HIGH_SHRINKAGE|WEAK_EVIDENCE,team_b_states:BOX_PROTECTION,0,False,True,STABLE,LOW|LOW,MEDIUM_LOW|MEDIUM_LOW
mt_629493933,epl,BEHAVIOR_HEAVY|FORMATION_HEAVY|HIGH_SHRINKAGE|WEAK_EVIDENCE,team_b_states:CLEARANCE_DEPENDENCE,0,False,True,STABLE,MEDIUM|MEDIUM,MEDIUM_LOW|MEDIUM_LOW
mt_629493933,epl,BEHAVIOR_HEAVY|FORMATION_HEAVY|HIGH_SHRINKAGE|WEAK_EVIDENCE,team_b_states:CONTACT_INTENSITY,0,False,True,STABLE,MEDIUM|MEDIUM,MEDIUM_LOW|MEDIUM_LOW
mt_629493933,epl,BEHAVIOR_HEAVY|FORMATION_HEAVY|HIGH_SHRINKAGE|WEAK_EVIDENCE,team_b_states:CORNER_CONCESSION,0,False,True,STABLE,MEDIUM|MEDIUM,MEDIUM_LOW|MEDIUM_LOW
mt_629493933,epl,BEHAVIOR_HEAVY|FORMATION_HEAVY|HIGH_SHRINKAGE|WEAK_EVIDENCE,team_b_states:CROSS_ALLOWANCE,0,False,True,STABLE,MEDIUM|MEDIUM,MEDIUM_LOW|MEDIUM_LOW
mt_629493933,epl,BEHAVIOR_HEAVY|FORMATION_HEAVY|HIGH_SHRINKAGE|WEAK_EVIDENCE,team_b_states:FOUL_DRAWING,0,False,True,STABLE,MEDIUM|MEDIUM,MEDIUM_LOW|MEDIUM_LOW
mt_629493933,epl,BEHAVIOR_HEAVY|FORMATION_HEAVY|HIGH_SHRINKAGE|WEAK_EVIDENCE,team_b_states:FOUL_TENDENCY,0,False,True,STABLE,MEDIUM|MEDIUM,MEDIUM_LOW|MEDIUM_LOW
mt_629493933,epl,BEHAVIOR_HEAVY|FORMATION_HEAVY|HIGH_SHRINKAGE|WEAK_EVIDENCE,team_b_states:SET_PIECE_GENERATION,0,False,True,STABLE,MEDIUM|MEDIUM,MEDIUM_LOW|MEDIUM_LOW
mt_629493933,epl,BEHAVIOR_HEAVY|FORMATION_HEAVY|HIGH_SHRINKAGE|WEAK_EVIDENCE,team_b_states:SHOT_SUPPRESSION,0,False,True,STABLE,LOW|LOW,MEDIUM_LOW|MEDIUM_LOW
mt_629493933,epl,BEHAVIOR_HEAVY|FORMATION_HEAVY|HIGH_SHRINKAGE|WEAK_EVIDENCE,team_b_states:SHOT_VOLUME,0,False,True,STABLE,LOW|LOW,MEDIUM_LOW|MEDIUM_LOW
mt_629493933,epl,BEHAVIOR_HEAVY|FORMATION_HEAVY|HIGH_SHRINKAGE|WEAK_EVIDENCE,team_b_states:TERRITORIAL_PRESSURE,0,False,True,STABLE,LOW|LOW,MEDIUM_LOW|MEDIUM_LOW
mt_629493933,epl,BEHAVIOR_HEAVY|FORMATION_HEAVY|HIGH_SHRINKAGE|WEAK_EVIDENCE,team_b_states:WIDTH_PRESSURE,0,False,True,STABLE,LOW|LOW,MEDIUM_LOW|MEDIUM_LOW
mt_408681608,laliga,BEHAVIOR_HEAVY|FORMATION_HEAVY|HIGH_SHRINKAGE|WEAK_EVIDENCE,matchup_states:BOX_PRESSURE_MATCHUP,0,True,True,STABLE,A_ADVANTAGE|A_ADVANTAGE|A_ADVANTAGE,MEDIUM_LOW|MEDIUM_LOW|MEDIUM_LOW
mt_408681608,laliga,BEHAVIOR_HEAVY|FORMATION_HEAVY|HIGH_SHRINKAGE|WEAK_EVIDENCE,matchup_states:CONTACT_MATCHUP,0,True,True,STABLE,NEUTRAL|NEUTRAL|NEUTRAL,MEDIUM|MEDIUM|MEDIUM
mt_408681608,laliga,BEHAVIOR_HEAVY|FORMATION_HEAVY|HIGH_SHRINKAGE|WEAK_EVIDENCE,matchup_states:CORNER_MECHANISM_MATCHUP,1,True,True,STABLE,B_ADVANTAGE|B_ADVANTAGE|B_ADVANTAGE,MEDIUM|MEDIUM_LOW|MEDIUM
mt_408681608,laliga,BEHAVIOR_HEAVY|FORMATION_HEAVY|HIGH_SHRINKAGE|WEAK_EVIDENCE,matchup_states:SHOT_CREATION_MATCHUP,0,True,True,STABLE,NEUTRAL|NEUTRAL|NEUTRAL,MEDIUM|MEDIUM|MEDIUM
mt_408681608,laliga,BEHAVIOR_HEAVY|FORMATION_HEAVY|HIGH_SHRINKAGE|WEAK_EVIDENCE,matchup_states:WIDE_PRESSURE_MATCHUP,0,True,True,STABLE,B_ADVANTAGE|B_ADVANTAGE|B_ADVANTAGE,MEDIUM|MEDIUM|MEDIUM
mt_408681608,laliga,BEHAVIOR_HEAVY|FORMATION_HEAVY|HIGH_SHRINKAGE|WEAK_EVIDENCE,team_a_states:BOOKING_CONVERSION,0,True,True,STABLE,MEDIUM|MEDIUM|MEDIUM,MEDIUM|MEDIUM|MEDIUM
mt_408681608,laliga,BEHAVIOR_HEAVY|FORMATION_HEAVY|HIGH_SHRINKAGE|WEAK_EVIDENCE,team_a_states:BOX_PRESSURE,0,True,True,STABLE,MEDIUM|MEDIUM|MEDIUM,MEDIUM|MEDIUM|MEDIUM
mt_408681608,laliga,BEHAVIOR_HEAVY|FORMATION_HEAVY|HIGH_SHRINKAGE|WEAK_EVIDENCE,team_a_states:BOX_PROTECTION,0,True,True,STABLE,MEDIUM|MEDIUM|MEDIUM,MEDIUM|MEDIUM|MEDIUM
mt_408681608,laliga,BEHAVIOR_HEAVY|FORMATION_HEAVY|HIGH_SHRINKAGE|WEAK_EVIDENCE,team_a_states:CLEARANCE_DEPENDENCE,0,True,True,STABLE,MEDIUM|MEDIUM|MEDIUM,MEDIUM|MEDIUM|MEDIUM
mt_408681608,laliga,BEHAVIOR_HEAVY|FORMATION_HEAVY|HIGH_SHRINKAGE|WEAK_EVIDENCE,team_a_states:CONTACT_INTENSITY,0,True,True,STABLE,MEDIUM|MEDIUM|MEDIUM,MEDIUM|MEDIUM|MEDIUM
mt_408681608,laliga,BEHAVIOR_HEAVY|FORMATION_HEAVY|HIGH_SHRINKAGE|WEAK_EVIDENCE,team_a_states:CORNER_CONCESSION,0,True,True,STABLE,LOW|LOW|LOW,MEDIUM|MEDIUM|MEDIUM
mt_408681608,laliga,BEHAVIOR_HEAVY|FORMATION_HEAVY|HIGH_SHRINKAGE|WEAK_EVIDENCE,team_a_states:CROSS_ALLOWANCE,0,True,True,STABLE,MEDIUM|MEDIUM|MEDIUM,MEDIUM|MEDIUM|MEDIUM
mt_408681608,laliga,BEHAVIOR_HEAVY|FORMATION_HEAVY|HIGH_SHRINKAGE|WEAK_EVIDENCE,team_a_states:FOUL_DRAWING,0,True,True,STABLE,MEDIUM|MEDIUM|MEDIUM,MEDIUM|MEDIUM|MEDIUM
mt_408681608,laliga,BEHAVIOR_HEAVY|FORMATION_HEAVY|HIGH_SHRINKAGE|WEAK_EVIDENCE,team_a_states:FOUL_TENDENCY,0,True,True,STABLE,MEDIUM|MEDIUM|MEDIUM,MEDIUM|MEDIUM|MEDIUM
mt_408681608,laliga,BEHAVIOR_HEAVY|FORMATION_HEAVY|HIGH_SHRINKAGE|WEAK_EVIDENCE,team_a_states:SET_PIECE_GENERATION,0,True,True,STABLE,LOW|LOW|LOW,MEDIUM|MEDIUM|MEDIUM
mt_408681608,laliga,BEHAVIOR_HEAVY|FORMATION_HEAVY|HIGH_SHRINKAGE|WEAK_EVIDENCE,team_a_states:SHOT_SUPPRESSION,0,True,True,STABLE,MEDIUM|MEDIUM|MEDIUM,MEDIUM|MEDIUM|MEDIUM
mt_408681608,laliga,BEHAVIOR_HEAVY|FORMATION_HEAVY|HIGH_SHRINKAGE|WEAK_EVIDENCE,team_a_states:SHOT_VOLUME,0,True,True,STABLE,MEDIUM|MEDIUM|MEDIUM,MEDIUM|MEDIUM|MEDIUM
mt_408681608,laliga,BEHAVIOR_HEAVY|FORMATION_HEAVY|HIGH_SHRINKAGE|WEAK_EVIDENCE,team_a_states:TERRITORIAL_PRESSURE,0,True,True,STABLE,MEDIUM|MEDIUM|MEDIUM,MEDIUM|MEDIUM|MEDIUM
mt_408681608,laliga,BEHAVIOR_HEAVY|FORMATION_HEAVY|HIGH_SHRINKAGE|WEAK_EVIDENCE,team_a_states:WIDTH_PRESSURE,0,True,True,STABLE,LOW|LOW|LOW,MEDIUM_LOW|MEDIUM_LOW|MEDIUM_LOW
mt_408681608,laliga,BEHAVIOR_HEAVY|FORMATION_HEAVY|HIGH_SHRINKAGE|WEAK_EVIDENCE,team_b_states:BOOKING_CONVERSION,0,True,True,STABLE,MEDIUM|MEDIUM|MEDIUM,MEDIUM|MEDIUM|MEDIUM
mt_408681608,laliga,BEHAVIOR_HEAVY|FORMATION_HEAVY|HIGH_SHRINKAGE|WEAK_EVIDENCE,team_b_states:BOX_PRESSURE,0,True,True,STABLE,MEDIUM|MEDIUM|MEDIUM,MEDIUM|MEDIUM|MEDIUM
mt_408681608,laliga,BEHAVIOR_HEAVY|FORMATION_HEAVY|HIGH_SHRINKAGE|WEAK_EVIDENCE,team_b_states:BOX_PROTECTION,1,True,False,STABLE,LOW|MEDIUM|LOW,MEDIUM|MEDIUM|MEDIUM
mt_408681608,laliga,BEHAVIOR_HEAVY|FORMATION_HEAVY|HIGH_SHRINKAGE|WEAK_EVIDENCE,team_b_states:CLEARANCE_DEPENDENCE,0,True,True,STABLE,HIGH|HIGH|HIGH,MEDIUM|MEDIUM|MEDIUM
mt_408681608,laliga,BEHAVIOR_HEAVY|FORMATION_HEAVY|HIGH_SHRINKAGE|WEAK_EVIDENCE,team_b_states:CONTACT_INTENSITY,0,True,True,STABLE,MEDIUM|MEDIUM|MEDIUM,MEDIUM|MEDIUM|MEDIUM
mt_408681608,laliga,BEHAVIOR_HEAVY|FORMATION_HEAVY|HIGH_SHRINKAGE|WEAK_EVIDENCE,team_b_states:CORNER_CONCESSION,1,True,False,STABLE,HIGH|MEDIUM|HIGH,MEDIUM|MEDIUM|MEDIUM
mt_408681608,laliga,BEHAVIOR_HEAVY|FORMATION_HEAVY|HIGH_SHRINKAGE|WEAK_EVIDENCE,team_b_states:CROSS_ALLOWANCE,1,True,False,STABLE,MEDIUM|LOW|MEDIUM,MEDIUM|MEDIUM|MEDIUM
mt_408681608,laliga,BEHAVIOR_HEAVY|FORMATION_HEAVY|HIGH_SHRINKAGE|WEAK_EVIDENCE,team_b_states:FOUL_DRAWING,0,True,True,STABLE,MEDIUM|MEDIUM|MEDIUM,MEDIUM|MEDIUM|MEDIUM
mt_408681608,laliga,BEHAVIOR_HEAVY|FORMATION_HEAVY|HIGH_SHRINKAGE|WEAK_EVIDENCE,team_b_states:FOUL_TENDENCY,0,True,True,STABLE,MEDIUM|MEDIUM|MEDIUM,MEDIUM|MEDIUM|MEDIUM
mt_408681608,laliga,BEHAVIOR_HEAVY|FORMATION_HEAVY|HIGH_SHRINKAGE|WEAK_EVIDENCE,team_b_states:SET_PIECE_GENERATION,0,True,True,STABLE,MEDIUM|MEDIUM|MEDIUM,MEDIUM|MEDIUM|MEDIUM
mt_408681608,laliga,BEHAVIOR_HEAVY|FORMATION_HEAVY|HIGH_SHRINKAGE|WEAK_EVIDENCE,team_b_states:SHOT_SUPPRESSION,0,True,True,STABLE,LOW|LOW|LOW,MEDIUM|MEDIUM|MEDIUM
mt_408681608,laliga,BEHAVIOR_HEAVY|FORMATION_HEAVY|HIGH_SHRINKAGE|WEAK_EVIDENCE,team_b_states:SHOT_VOLUME,0,True,True,STABLE,MEDIUM|MEDIUM|MEDIUM,MEDIUM|MEDIUM|MEDIUM
mt_408681608,laliga,BEHAVIOR_HEAVY|FORMATION_HEAVY|HIGH_SHRINKAGE|WEAK_EVIDENCE,team_b_states:TERRITORIAL_PRESSURE,0,True,True,STABLE,MEDIUM|MEDIUM|MEDIUM,MEDIUM|MEDIUM|MEDIUM
mt_408681608,laliga,BEHAVIOR_HEAVY|FORMATION_HEAVY|HIGH_SHRINKAGE|WEAK_EVIDENCE,team_b_states:WIDTH_PRESSURE,0,True,True,STABLE,HIGH|HIGH|HIGH,MEDIUM|MEDIUM|MEDIUM
mt_629312415,laliga2,BEHAVIOR_HEAVY|FORMATION_HEAVY|HIGH_SHRINKAGE|WEAK_EVIDENCE,matchup_states:BOX_PRESSURE_MATCHUP,0,False,True,STABLE,B_ADVANTAGE|B_ADVANTAGE,MEDIUM|MEDIUM
mt_629312415,laliga2,BEHAVIOR_HEAVY|FORMATION_HEAVY|HIGH_SHRINKAGE|WEAK_EVIDENCE,matchup_states:CONTACT_MATCHUP,0,False,True,STABLE,NEUTRAL|NEUTRAL,MEDIUM|MEDIUM
mt_629312415,laliga2,BEHAVIOR_HEAVY|FORMATION_HEAVY|HIGH_SHRINKAGE|WEAK_EVIDENCE,matchup_states:CORNER_MECHANISM_MATCHUP,0,False,True,STABLE,NEUTRAL|NEUTRAL,MEDIUM_LOW|MEDIUM_LOW
mt_629312415,laliga2,BEHAVIOR_HEAVY|FORMATION_HEAVY|HIGH_SHRINKAGE|WEAK_EVIDENCE,matchup_states:SHOT_CREATION_MATCHUP,0,False,True,STABLE,B_ADVANTAGE|B_ADVANTAGE,MEDIUM|MEDIUM
mt_629312415,laliga2,BEHAVIOR_HEAVY|FORMATION_HEAVY|HIGH_SHRINKAGE|WEAK_EVIDENCE,matchup_states:WIDE_PRESSURE_MATCHUP,0,False,True,STABLE,NEUTRAL|NEUTRAL,MEDIUM_LOW|MEDIUM_LOW
mt_629312415,laliga2,BEHAVIOR_HEAVY|FORMATION_HEAVY|HIGH_SHRINKAGE|WEAK_EVIDENCE,team_a_states:BOOKING_CONVERSION,0,False,True,STABLE,MEDIUM|MEDIUM,MEDIUM|MEDIUM
mt_629312415,laliga2,BEHAVIOR_HEAVY|FORMATION_HEAVY|HIGH_SHRINKAGE|WEAK_EVIDENCE,team_a_states:BOX_PRESSURE,0,False,True,STABLE,LOW|LOW,MEDIUM|MEDIUM
mt_629312415,laliga2,BEHAVIOR_HEAVY|FORMATION_HEAVY|HIGH_SHRINKAGE|WEAK_EVIDENCE,team_a_states:BOX_PROTECTION,0,False,True,STABLE,LOW|LOW,MEDIUM|MEDIUM
mt_629312415,laliga2,BEHAVIOR_HEAVY|FORMATION_HEAVY|HIGH_SHRINKAGE|WEAK_EVIDENCE,team_a_states:CLEARANCE_DEPENDENCE,0,False,True,STABLE,MEDIUM|MEDIUM,MEDIUM|MEDIUM
mt_629312415,laliga2,BEHAVIOR_HEAVY|FORMATION_HEAVY|HIGH_SHRINKAGE|WEAK_EVIDENCE,team_a_states:CONTACT_INTENSITY,0,False,True,STABLE,MEDIUM|MEDIUM,MEDIUM|MEDIUM
mt_629312415,laliga2,BEHAVIOR_HEAVY|FORMATION_HEAVY|HIGH_SHRINKAGE|WEAK_EVIDENCE,team_a_states:CORNER_CONCESSION,0,False,True,STABLE,MEDIUM|MEDIUM,MEDIUM_LOW|MEDIUM_LOW
mt_629312415,laliga2,BEHAVIOR_HEAVY|FORMATION_HEAVY|HIGH_SHRINKAGE|WEAK_EVIDENCE,team_a_states:CROSS_ALLOWANCE,0,False,True,STABLE,MEDIUM|MEDIUM,MEDIUM_LOW|MEDIUM_LOW
mt_629312415,laliga2,BEHAVIOR_HEAVY|FORMATION_HEAVY|HIGH_SHRINKAGE|WEAK_EVIDENCE,team_a_states:FOUL_DRAWING,0,False,True,STABLE,MEDIUM|MEDIUM,MEDIUM|MEDIUM
mt_629312415,laliga2,BEHAVIOR_HEAVY|FORMATION_HEAVY|HIGH_SHRINKAGE|WEAK_EVIDENCE,team_a_states:FOUL_TENDENCY,0,False,True,STABLE,MEDIUM|MEDIUM,MEDIUM|MEDIUM
mt_629312415,laliga2,BEHAVIOR_HEAVY|FORMATION_HEAVY|HIGH_SHRINKAGE|WEAK_EVIDENCE,team_a_states:SET_PIECE_GENERATION,0,False,True,STABLE,MEDIUM|MEDIUM,MEDIUM_LOW|MEDIUM_LOW
mt_629312415,laliga2,BEHAVIOR_HEAVY|FORMATION_HEAVY|HIGH_SHRINKAGE|WEAK_EVIDENCE,team_a_states:SHOT_SUPPRESSION,0,False,True,STABLE,LOW|LOW,MEDIUM|MEDIUM
mt_629312415,laliga2,BEHAVIOR_HEAVY|FORMATION_HEAVY|HIGH_SHRINKAGE|WEAK_EVIDENCE,team_a_states:SHOT_VOLUME,0,False,True,STABLE,LOW|LOW,MEDIUM|MEDIUM
mt_629312415,laliga2,BEHAVIOR_HEAVY|FORMATION_HEAVY|HIGH_SHRINKAGE|WEAK_EVIDENCE,team_a_states:TERRITORIAL_PRESSURE,0,False,True,STABLE,LOW|LOW,MEDIUM|MEDIUM
mt_629312415,laliga2,BEHAVIOR_HEAVY|FORMATION_HEAVY|HIGH_SHRINKAGE|WEAK_EVIDENCE,team_a_states:WIDTH_PRESSURE,0,False,True,STABLE,MEDIUM|MEDIUM,MEDIUM_LOW|MEDIUM_LOW
mt_629312415,laliga2,BEHAVIOR_HEAVY|FORMATION_HEAVY|HIGH_SHRINKAGE|WEAK_EVIDENCE,team_b_states:BOOKING_CONVERSION,0,False,True,STABLE,MEDIUM|MEDIUM,MEDIUM|MEDIUM
mt_629312415,laliga2,BEHAVIOR_HEAVY|FORMATION_HEAVY|HIGH_SHRINKAGE|WEAK_EVIDENCE,team_b_states:BOX_PRESSURE,0,False,True,STABLE,MEDIUM|MEDIUM,MEDIUM|MEDIUM
mt_629312415,laliga2,BEHAVIOR_HEAVY|FORMATION_HEAVY|HIGH_SHRINKAGE|WEAK_EVIDENCE,team_b_states:BOX_PROTECTION,0,False,True,STABLE,LOW|LOW,MEDIUM|MEDIUM
mt_629312415,laliga2,BEHAVIOR_HEAVY|FORMATION_HEAVY|HIGH_SHRINKAGE|WEAK_EVIDENCE,team_b_states:CLEARANCE_DEPENDENCE,0,False,True,STABLE,MEDIUM|MEDIUM,MEDIUM|MEDIUM
mt_629312415,laliga2,BEHAVIOR_HEAVY|FORMATION_HEAVY|HIGH_SHRINKAGE|WEAK_EVIDENCE,team_b_states:CONTACT_INTENSITY,0,False,True,STABLE,MEDIUM|MEDIUM,MEDIUM|MEDIUM
mt_629312415,laliga2,BEHAVIOR_HEAVY|FORMATION_HEAVY|HIGH_SHRINKAGE|WEAK_EVIDENCE,team_b_states:CORNER_CONCESSION,0,False,True,STABLE,MEDIUM|MEDIUM,MEDIUM_LOW|MEDIUM_LOW
mt_629312415,laliga2,BEHAVIOR_HEAVY|FORMATION_HEAVY|HIGH_SHRINKAGE|WEAK_EVIDENCE,team_b_states:CROSS_ALLOWANCE,0,False,True,STABLE,MEDIUM|MEDIUM,MEDIUM_LOW|MEDIUM_LOW
mt_629312415,laliga2,BEHAVIOR_HEAVY|FORMATION_HEAVY|HIGH_SHRINKAGE|WEAK_EVIDENCE,team_b_states:FOUL_DRAWING,0,False,True,STABLE,HIGH|HIGH,MEDIUM|MEDIUM
mt_629312415,laliga2,BEHAVIOR_HEAVY|FORMATION_HEAVY|HIGH_SHRINKAGE|WEAK_EVIDENCE,team_b_states:FOUL_TENDENCY,0,False,True,STABLE,MEDIUM|MEDIUM,MEDIUM|MEDIUM
mt_629312415,laliga2,BEHAVIOR_HEAVY|FORMATION_HEAVY|HIGH_SHRINKAGE|WEAK_EVIDENCE,team_b_states:SET_PIECE_GENERATION,0,False,True,STABLE,MEDIUM|MEDIUM,MEDIUM_LOW|MEDIUM_LOW
mt_629312415,laliga2,BEHAVIOR_HEAVY|FORMATION_HEAVY|HIGH_SHRINKAGE|WEAK_EVIDENCE,team_b_states:SHOT_SUPPRESSION,0,False,True,STABLE,LOW|LOW,MEDIUM|MEDIUM
mt_629312415,laliga2,BEHAVIOR_HEAVY|FORMATION_HEAVY|HIGH_SHRINKAGE|WEAK_EVIDENCE,team_b_states:SHOT_VOLUME,0,False,True,STABLE,HIGH|HIGH,MEDIUM|MEDIUM
mt_629312415,laliga2,BEHAVIOR_HEAVY|FORMATION_HEAVY|HIGH_SHRINKAGE|WEAK_EVIDENCE,team_b_states:TERRITORIAL_PRESSURE,0,False,True,STABLE,MEDIUM|MEDIUM,MEDIUM|MEDIUM
mt_629312415,laliga2,BEHAVIOR_HEAVY|FORMATION_HEAVY|HIGH_SHRINKAGE|WEAK_EVIDENCE,team_b_states:WIDTH_PRESSURE,0,False,True,STABLE,MEDIUM|MEDIUM,MEDIUM_LOW|MEDIUM_LOW
mt_629405324,ligue1,BEHAVIOR_HEAVY|FORMATION_HEAVY|HIGH_SHRINKAGE|WEAK_EVIDENCE,matchup_states:BOX_PRESSURE_MATCHUP,0,True,True,STABLE,B_ADVANTAGE|B_ADVANTAGE|B_ADVANTAGE,MEDIUM_LOW|MEDIUM_LOW|MEDIUM_LOW
mt_629405324,ligue1,BEHAVIOR_HEAVY|FORMATION_HEAVY|HIGH_SHRINKAGE|WEAK_EVIDENCE,matchup_states:CONTACT_MATCHUP,0,True,True,STABLE,NEUTRAL|NEUTRAL|NEUTRAL,MEDIUM_LOW|MEDIUM_LOW|MEDIUM_LOW
mt_629405324,ligue1,BEHAVIOR_HEAVY|FORMATION_HEAVY|HIGH_SHRINKAGE|WEAK_EVIDENCE,matchup_states:CORNER_MECHANISM_MATCHUP,0,True,True,STABLE,B_ADVANTAGE|B_ADVANTAGE|B_ADVANTAGE,MEDIUM_LOW|MEDIUM_LOW|MEDIUM_LOW
mt_629405324,ligue1,BEHAVIOR_HEAVY|FORMATION_HEAVY|HIGH_SHRINKAGE|WEAK_EVIDENCE,matchup_states:SHOT_CREATION_MATCHUP,0,True,True,STABLE,B_ADVANTAGE|B_ADVANTAGE|B_ADVANTAGE,MEDIUM_LOW|MEDIUM_LOW|MEDIUM_LOW
mt_629405324,ligue1,BEHAVIOR_HEAVY|FORMATION_HEAVY|HIGH_SHRINKAGE|WEAK_EVIDENCE,matchup_states:WIDE_PRESSURE_MATCHUP,0,True,True,STABLE,B_ADVANTAGE|B_ADVANTAGE|B_ADVANTAGE,MEDIUM_LOW|MEDIUM_LOW|MEDIUM_LOW
mt_629405324,ligue1,BEHAVIOR_HEAVY|FORMATION_HEAVY|HIGH_SHRINKAGE|WEAK_EVIDENCE,team_a_states:BOOKING_CONVERSION,0,True,True,STABLE,MEDIUM|MEDIUM|MEDIUM,MEDIUM_LOW|MEDIUM_LOW|MEDIUM_LOW
mt_629405324,ligue1,BEHAVIOR_HEAVY|FORMATION_HEAVY|HIGH_SHRINKAGE|WEAK_EVIDENCE,team_a_states:BOX_PRESSURE,0,True,True,STABLE,LOW|LOW|LOW,MEDIUM_LOW|MEDIUM_LOW|MEDIUM_LOW
mt_629405324,ligue1,BEHAVIOR_HEAVY|FORMATION_HEAVY|HIGH_SHRINKAGE|WEAK_EVIDENCE,team_a_states:BOX_PROTECTION,0,True,True,STABLE,LOW|LOW|LOW,MEDIUM_LOW|MEDIUM_LOW|MEDIUM_LOW
mt_629405324,ligue1,BEHAVIOR_HEAVY|FORMATION_HEAVY|HIGH_SHRINKAGE|WEAK_EVIDENCE,team_a_states:CLEARANCE_DEPENDENCE,0,True,True,STABLE,HIGH|HIGH|HIGH,MEDIUM_LOW|MEDIUM_LOW|MEDIUM_LOW
mt_629405324,ligue1,BEHAVIOR_HEAVY|FORMATION_HEAVY|HIGH_SHRINKAGE|WEAK_EVIDENCE,team_a_states:CONTACT_INTENSITY,0,True,True,STABLE,MEDIUM|MEDIUM|MEDIUM,MEDIUM_LOW|MEDIUM_LOW|MEDIUM_LOW
mt_629405324,ligue1,BEHAVIOR_HEAVY|FORMATION_HEAVY|HIGH_SHRINKAGE|WEAK_EVIDENCE,team_a_states:CORNER_CONCESSION,0,True,True,STABLE,HIGH|HIGH|HIGH,MEDIUM_LOW|MEDIUM_LOW|MEDIUM_LOW
mt_629405324,ligue1,BEHAVIOR_HEAVY|FORMATION_HEAVY|HIGH_SHRINKAGE|WEAK_EVIDENCE,team_a_states:CROSS_ALLOWANCE,0,True,True,STABLE,HIGH|HIGH|HIGH,MEDIUM_LOW|MEDIUM_LOW|MEDIUM_LOW
mt_629405324,ligue1,BEHAVIOR_HEAVY|FORMATION_HEAVY|HIGH_SHRINKAGE|WEAK_EVIDENCE,team_a_states:FOUL_DRAWING,0,True,True,STABLE,MEDIUM|MEDIUM|MEDIUM,MEDIUM_LOW|MEDIUM_LOW|MEDIUM_LOW
mt_629405324,ligue1,BEHAVIOR_HEAVY|FORMATION_HEAVY|HIGH_SHRINKAGE|WEAK_EVIDENCE,team_a_states:FOUL_TENDENCY,0,True,True,STABLE,MEDIUM|MEDIUM|MEDIUM,MEDIUM_LOW|MEDIUM_LOW|MEDIUM_LOW
mt_629405324,ligue1,BEHAVIOR_HEAVY|FORMATION_HEAVY|HIGH_SHRINKAGE|WEAK_EVIDENCE,team_a_states:SET_PIECE_GENERATION,0,True,True,STABLE,LOW|LOW|LOW,MEDIUM_LOW|MEDIUM_LOW|MEDIUM_LOW
mt_629405324,ligue1,BEHAVIOR_HEAVY|FORMATION_HEAVY|HIGH_SHRINKAGE|WEAK_EVIDENCE,team_a_states:SHOT_SUPPRESSION,0,True,True,STABLE,LOW|LOW|LOW,MEDIUM_LOW|MEDIUM_LOW|MEDIUM_LOW
mt_629405324,ligue1,BEHAVIOR_HEAVY|FORMATION_HEAVY|HIGH_SHRINKAGE|WEAK_EVIDENCE,team_a_states:SHOT_VOLUME,1,True,False,STABLE,LOW|MEDIUM|MEDIUM,MEDIUM_LOW|MEDIUM_LOW|MEDIUM_LOW
mt_629405324,ligue1,BEHAVIOR_HEAVY|FORMATION_HEAVY|HIGH_SHRINKAGE|WEAK_EVIDENCE,team_a_states:TERRITORIAL_PRESSURE,0,True,True,STABLE,LOW|LOW|LOW,MEDIUM_LOW|MEDIUM_LOW|MEDIUM_LOW
mt_629405324,ligue1,BEHAVIOR_HEAVY|FORMATION_HEAVY|HIGH_SHRINKAGE|WEAK_EVIDENCE,team_a_states:WIDTH_PRESSURE,0,True,True,STABLE,LOW|LOW|LOW,MEDIUM_LOW|MEDIUM_LOW|MEDIUM_LOW
mt_629405324,ligue1,BEHAVIOR_HEAVY|FORMATION_HEAVY|HIGH_SHRINKAGE|WEAK_EVIDENCE,team_b_states:BOOKING_CONVERSION,0,True,True,STABLE,MEDIUM|MEDIUM|MEDIUM,MEDIUM_LOW|MEDIUM_LOW|MEDIUM_LOW
mt_629405324,ligue1,BEHAVIOR_HEAVY|FORMATION_HEAVY|HIGH_SHRINKAGE|WEAK_EVIDENCE,team_b_states:BOX_PRESSURE,0,True,True,STABLE,MEDIUM|MEDIUM|MEDIUM,MEDIUM_LOW|MEDIUM_LOW|MEDIUM_LOW
mt_629405324,ligue1,BEHAVIOR_HEAVY|FORMATION_HEAVY|HIGH_SHRINKAGE|WEAK_EVIDENCE,team_b_states:BOX_PROTECTION,1,True,False,STABLE,MEDIUM|LOW|LOW,MEDIUM_LOW|MEDIUM_LOW|MEDIUM_LOW
mt_629405324,ligue1,BEHAVIOR_HEAVY|FORMATION_HEAVY|HIGH_SHRINKAGE|WEAK_EVIDENCE,team_b_states:CLEARANCE_DEPENDENCE,0,True,True,STABLE,MEDIUM|MEDIUM|MEDIUM,MEDIUM_LOW|MEDIUM_LOW|MEDIUM_LOW
mt_629405324,ligue1,BEHAVIOR_HEAVY|FORMATION_HEAVY|HIGH_SHRINKAGE|WEAK_EVIDENCE,team_b_states:CONTACT_INTENSITY,0,True,True,STABLE,MEDIUM|MEDIUM|MEDIUM,MEDIUM_LOW|MEDIUM_LOW|MEDIUM_LOW
mt_629405324,ligue1,BEHAVIOR_HEAVY|FORMATION_HEAVY|HIGH_SHRINKAGE|WEAK_EVIDENCE,team_b_states:CORNER_CONCESSION,0,True,True,STABLE,MEDIUM|MEDIUM|MEDIUM,MEDIUM_LOW|MEDIUM_LOW|MEDIUM_LOW
mt_629405324,ligue1,BEHAVIOR_HEAVY|FORMATION_HEAVY|HIGH_SHRINKAGE|WEAK_EVIDENCE,team_b_states:CROSS_ALLOWANCE,0,True,True,STABLE,MEDIUM|MEDIUM|MEDIUM,MEDIUM_LOW|MEDIUM_LOW|MEDIUM_LOW
mt_629405324,ligue1,BEHAVIOR_HEAVY|FORMATION_HEAVY|HIGH_SHRINKAGE|WEAK_EVIDENCE,team_b_states:FOUL_DRAWING,0,True,True,STABLE,MEDIUM|MEDIUM|MEDIUM,MEDIUM_LOW|MEDIUM_LOW|MEDIUM_LOW
mt_629405324,ligue1,BEHAVIOR_HEAVY|FORMATION_HEAVY|HIGH_SHRINKAGE|WEAK_EVIDENCE,team_b_states:FOUL_TENDENCY,0,True,True,STABLE,MEDIUM|MEDIUM|MEDIUM,MEDIUM_LOW|MEDIUM_LOW|MEDIUM_LOW
mt_629405324,ligue1,BEHAVIOR_HEAVY|FORMATION_HEAVY|HIGH_SHRINKAGE|WEAK_EVIDENCE,team_b_states:SET_PIECE_GENERATION,0,True,True,STABLE,MEDIUM|MEDIUM|MEDIUM,MEDIUM_LOW|MEDIUM_LOW|MEDIUM_LOW
mt_629405324,ligue1,BEHAVIOR_HEAVY|FORMATION_HEAVY|HIGH_SHRINKAGE|WEAK_EVIDENCE,team_b_states:SHOT_SUPPRESSION,0,True,True,STABLE,MEDIUM|MEDIUM|MEDIUM,MEDIUM_LOW|MEDIUM_LOW|MEDIUM_LOW
mt_629405324,ligue1,BEHAVIOR_HEAVY|FORMATION_HEAVY|HIGH_SHRINKAGE|WEAK_EVIDENCE,team_b_states:SHOT_VOLUME,0,True,True,STABLE,MEDIUM|MEDIUM|MEDIUM,MEDIUM_LOW|MEDIUM_LOW|MEDIUM_LOW
mt_629405324,ligue1,BEHAVIOR_HEAVY|FORMATION_HEAVY|HIGH_SHRINKAGE|WEAK_EVIDENCE,team_b_states:TERRITORIAL_PRESSURE,0,True,True,STABLE,MEDIUM|MEDIUM|MEDIUM,MEDIUM_LOW|MEDIUM_LOW|MEDIUM_LOW
mt_629405324,ligue1,BEHAVIOR_HEAVY|FORMATION_HEAVY|HIGH_SHRINKAGE|WEAK_EVIDENCE,team_b_states:WIDTH_PRESSURE,0,True,True,STABLE,MEDIUM|MEDIUM|MEDIUM,MEDIUM_LOW|MEDIUM_LOW|MEDIUM_LOW
mt_584193347,ligue2,BEHAVIOR_HEAVY|FORMATION_HEAVY|HIGH_SHRINKAGE|WEAK_EVIDENCE,matchup_states:BOX_PRESSURE_MATCHUP,0,True,True,STABLE,B_ADVANTAGE|B_ADVANTAGE|B_ADVANTAGE,MEDIUM|MEDIUM|MEDIUM
mt_584193347,ligue2,BEHAVIOR_HEAVY|FORMATION_HEAVY|HIGH_SHRINKAGE|WEAK_EVIDENCE,matchup_states:CONTACT_MATCHUP,1,True,True,STABLE,NEUTRAL|NEUTRAL|NEUTRAL,MEDIUM|MEDIUM|MEDIUM_LOW
mt_584193347,ligue2,BEHAVIOR_HEAVY|FORMATION_HEAVY|HIGH_SHRINKAGE|WEAK_EVIDENCE,matchup_states:CORNER_MECHANISM_MATCHUP,0,True,True,STABLE,B_ADVANTAGE|B_ADVANTAGE|B_ADVANTAGE,MEDIUM|MEDIUM|MEDIUM
mt_584193347,ligue2,BEHAVIOR_HEAVY|FORMATION_HEAVY|HIGH_SHRINKAGE|WEAK_EVIDENCE,matchup_states:SHOT_CREATION_MATCHUP,0,True,True,STABLE,B_ADVANTAGE|B_ADVANTAGE|B_ADVANTAGE,MEDIUM|MEDIUM|MEDIUM
mt_584193347,ligue2,BEHAVIOR_HEAVY|FORMATION_HEAVY|HIGH_SHRINKAGE|WEAK_EVIDENCE,matchup_states:WIDE_PRESSURE_MATCHUP,0,True,True,STABLE,B_ADVANTAGE|B_ADVANTAGE|B_ADVANTAGE,MEDIUM|MEDIUM|MEDIUM
mt_584193347,ligue2,BEHAVIOR_HEAVY|FORMATION_HEAVY|HIGH_SHRINKAGE|WEAK_EVIDENCE,team_a_states:BOOKING_CONVERSION,1,True,True,STABLE,MEDIUM|MEDIUM|MEDIUM,MEDIUM|MEDIUM|MEDIUM_LOW
mt_584193347,ligue2,BEHAVIOR_HEAVY|FORMATION_HEAVY|HIGH_SHRINKAGE|WEAK_EVIDENCE,team_a_states:BOX_PRESSURE,0,True,True,STABLE,MEDIUM|MEDIUM|MEDIUM,MEDIUM|MEDIUM|MEDIUM
mt_584193347,ligue2,BEHAVIOR_HEAVY|FORMATION_HEAVY|HIGH_SHRINKAGE|WEAK_EVIDENCE,team_a_states:BOX_PROTECTION,0,True,True,STABLE,MEDIUM|MEDIUM|MEDIUM,MEDIUM|MEDIUM|MEDIUM
mt_584193347,ligue2,BEHAVIOR_HEAVY|FORMATION_HEAVY|HIGH_SHRINKAGE|WEAK_EVIDENCE,team_a_states:CLEARANCE_DEPENDENCE,0,True,True,STABLE,MEDIUM|MEDIUM|MEDIUM,MEDIUM|MEDIUM|MEDIUM
mt_584193347,ligue2,BEHAVIOR_HEAVY|FORMATION_HEAVY|HIGH_SHRINKAGE|WEAK_EVIDENCE,team_a_states:CONTACT_INTENSITY,0,True,True,STABLE,MEDIUM|MEDIUM|MEDIUM,MEDIUM|MEDIUM|MEDIUM
mt_584193347,ligue2,BEHAVIOR_HEAVY|FORMATION_HEAVY|HIGH_SHRINKAGE|WEAK_EVIDENCE,team_a_states:CORNER_CONCESSION,0,True,True,STABLE,MEDIUM|MEDIUM|MEDIUM,MEDIUM|MEDIUM|MEDIUM
mt_584193347,ligue2,BEHAVIOR_HEAVY|FORMATION_HEAVY|HIGH_SHRINKAGE|WEAK_EVIDENCE,team_a_states:CROSS_ALLOWANCE,0,True,True,STABLE,MEDIUM|MEDIUM|MEDIUM,MEDIUM|MEDIUM|MEDIUM
mt_584193347,ligue2,BEHAVIOR_HEAVY|FORMATION_HEAVY|HIGH_SHRINKAGE|WEAK_EVIDENCE,team_a_states:FOUL_DRAWING,0,True,True,STABLE,MEDIUM|MEDIUM|MEDIUM,MEDIUM|MEDIUM|MEDIUM
mt_584193347,ligue2,BEHAVIOR_HEAVY|FORMATION_HEAVY|HIGH_SHRINKAGE|WEAK_EVIDENCE,team_a_states:FOUL_TENDENCY,0,True,True,STABLE,MEDIUM|MEDIUM|MEDIUM,MEDIUM|MEDIUM|MEDIUM
mt_584193347,ligue2,BEHAVIOR_HEAVY|FORMATION_HEAVY|HIGH_SHRINKAGE|WEAK_EVIDENCE,team_a_states:SET_PIECE_GENERATION,0,True,True,STABLE,MEDIUM|MEDIUM|MEDIUM,MEDIUM|MEDIUM|MEDIUM
mt_584193347,ligue2,BEHAVIOR_HEAVY|FORMATION_HEAVY|HIGH_SHRINKAGE|WEAK_EVIDENCE,team_a_states:SHOT_SUPPRESSION,1,True,True,STABLE,MEDIUM|MEDIUM|MEDIUM,MEDIUM|MEDIUM|MEDIUM_LOW
mt_584193347,ligue2,BEHAVIOR_HEAVY|FORMATION_HEAVY|HIGH_SHRINKAGE|WEAK_EVIDENCE,team_a_states:SHOT_VOLUME,0,True,True,STABLE,LOW|LOW|LOW,MEDIUM|MEDIUM|MEDIUM
mt_584193347,ligue2,BEHAVIOR_HEAVY|FORMATION_HEAVY|HIGH_SHRINKAGE|WEAK_EVIDENCE,team_a_states:TERRITORIAL_PRESSURE,0,True,True,STABLE,MEDIUM|MEDIUM|MEDIUM,MEDIUM|MEDIUM|MEDIUM
mt_584193347,ligue2,BEHAVIOR_HEAVY|FORMATION_HEAVY|HIGH_SHRINKAGE|WEAK_EVIDENCE,team_a_states:WIDTH_PRESSURE,0,True,True,STABLE,LOW|LOW|LOW,MEDIUM_LOW|MEDIUM_LOW|MEDIUM_LOW
mt_584193347,ligue2,BEHAVIOR_HEAVY|FORMATION_HEAVY|HIGH_SHRINKAGE|WEAK_EVIDENCE,team_b_states:BOOKING_CONVERSION,1,True,False,STABLE,MEDIUM|LOW|LOW,MEDIUM_LOW|MEDIUM_LOW|MEDIUM_LOW
mt_584193347,ligue2,BEHAVIOR_HEAVY|FORMATION_HEAVY|HIGH_SHRINKAGE|WEAK_EVIDENCE,team_b_states:BOX_PRESSURE,0,True,True,STABLE,HIGH|HIGH|HIGH,MEDIUM|MEDIUM|MEDIUM
mt_584193347,ligue2,BEHAVIOR_HEAVY|FORMATION_HEAVY|HIGH_SHRINKAGE|WEAK_EVIDENCE,team_b_states:BOX_PROTECTION,0,True,True,STABLE,HIGH|HIGH|HIGH,MEDIUM|MEDIUM|MEDIUM
mt_584193347,ligue2,BEHAVIOR_HEAVY|FORMATION_HEAVY|HIGH_SHRINKAGE|WEAK_EVIDENCE,team_b_states:CLEARANCE_DEPENDENCE,0,True,True,STABLE,MEDIUM|MEDIUM|MEDIUM,MEDIUM|MEDIUM|MEDIUM
mt_584193347,ligue2,BEHAVIOR_HEAVY|FORMATION_HEAVY|HIGH_SHRINKAGE|WEAK_EVIDENCE,team_b_states:CONTACT_INTENSITY,0,True,True,STABLE,HIGH|HIGH|HIGH,MEDIUM|MEDIUM|MEDIUM
mt_584193347,ligue2,BEHAVIOR_HEAVY|FORMATION_HEAVY|HIGH_SHRINKAGE|WEAK_EVIDENCE,team_b_states:CORNER_CONCESSION,0,True,True,STABLE,LOW|LOW|LOW,MEDIUM|MEDIUM|MEDIUM
mt_584193347,ligue2,BEHAVIOR_HEAVY|FORMATION_HEAVY|HIGH_SHRINKAGE|WEAK_EVIDENCE,team_b_states:CROSS_ALLOWANCE,0,True,True,STABLE,LOW|LOW|LOW,MEDIUM|MEDIUM|MEDIUM
mt_584193347,ligue2,BEHAVIOR_HEAVY|FORMATION_HEAVY|HIGH_SHRINKAGE|WEAK_EVIDENCE,team_b_states:FOUL_DRAWING,0,True,True,STABLE,MEDIUM|MEDIUM|MEDIUM,MEDIUM|MEDIUM|MEDIUM
mt_584193347,ligue2,BEHAVIOR_HEAVY|FORMATION_HEAVY|HIGH_SHRINKAGE|WEAK_EVIDENCE,team_b_states:FOUL_TENDENCY,0,True,True,STABLE,MEDIUM|MEDIUM|MEDIUM,MEDIUM|MEDIUM|MEDIUM
mt_584193347,ligue2,BEHAVIOR_HEAVY|FORMATION_HEAVY|HIGH_SHRINKAGE|WEAK_EVIDENCE,team_b_states:SET_PIECE_GENERATION,0,True,True,STABLE,HIGH|HIGH|HIGH,MEDIUM|MEDIUM|MEDIUM
mt_584193347,ligue2,BEHAVIOR_HEAVY|FORMATION_HEAVY|HIGH_SHRINKAGE|WEAK_EVIDENCE,team_b_states:SHOT_SUPPRESSION,0,True,True,STABLE,HIGH|HIGH|HIGH,MEDIUM|MEDIUM|MEDIUM
mt_584193347,ligue2,BEHAVIOR_HEAVY|FORMATION_HEAVY|HIGH_SHRINKAGE|WEAK_EVIDENCE,team_b_states:SHOT_VOLUME,0,True,True,STABLE,HIGH|HIGH|HIGH,MEDIUM|MEDIUM|MEDIUM
mt_584193347,ligue2,BEHAVIOR_HEAVY|FORMATION_HEAVY|HIGH_SHRINKAGE|WEAK_EVIDENCE,team_b_states:TERRITORIAL_PRESSURE,0,True,True,STABLE,HIGH|HIGH|HIGH,MEDIUM|MEDIUM|MEDIUM
mt_584193347,ligue2,BEHAVIOR_HEAVY|FORMATION_HEAVY|HIGH_SHRINKAGE|WEAK_EVIDENCE,team_b_states:WIDTH_PRESSURE,0,True,True,STABLE,HIGH|HIGH|HIGH,MEDIUM|MEDIUM|MEDIUM
mt_839904828,champ,BEHAVIOR_HEAVY|FORMATION_HEAVY|HIGH_SHRINKAGE|WEAK_EVIDENCE,matchup_states:BOX_PRESSURE_MATCHUP,1,True,True,STABLE,A_ADVANTAGE|A_ADVANTAGE|A_ADVANTAGE,LOW|MEDIUM|LOW
mt_839904828,champ,BEHAVIOR_HEAVY|FORMATION_HEAVY|HIGH_SHRINKAGE|WEAK_EVIDENCE,matchup_states:CONTACT_MATCHUP,0,True,True,STABLE,NEUTRAL|NEUTRAL|NEUTRAL,MEDIUM|MEDIUM|MEDIUM
mt_839904828,champ,BEHAVIOR_HEAVY|FORMATION_HEAVY|HIGH_SHRINKAGE|WEAK_EVIDENCE,matchup_states:CORNER_MECHANISM_MATCHUP,1,True,False,STABLE,NEUTRAL|NEUTRAL|A_ADVANTAGE,MEDIUM|MEDIUM|MEDIUM
mt_839904828,champ,BEHAVIOR_HEAVY|FORMATION_HEAVY|HIGH_SHRINKAGE|WEAK_EVIDENCE,matchup_states:SECOND_HALF_PRESSURE_SHIFT,0,False,True,STABLE,UNKNOWN|UNKNOWN,UNKNOWN|UNKNOWN
mt_839904828,champ,BEHAVIOR_HEAVY|FORMATION_HEAVY|HIGH_SHRINKAGE|WEAK_EVIDENCE,matchup_states:SHOT_CREATION_MATCHUP,1,True,False,STABLE,A_ADVANTAGE|A_ADVANTAGE|STRONG_A_ADVANTAGE,MEDIUM|MEDIUM_HIGH|MEDIUM
mt_839904828,champ,BEHAVIOR_HEAVY|FORMATION_HEAVY|HIGH_SHRINKAGE|WEAK_EVIDENCE,matchup_states:WIDE_PRESSURE_MATCHUP,0,True,True,STABLE,A_ADVANTAGE|A_ADVANTAGE|A_ADVANTAGE,MEDIUM|MEDIUM|MEDIUM
mt_839904828,champ,BEHAVIOR_HEAVY|FORMATION_HEAVY|HIGH_SHRINKAGE|WEAK_EVIDENCE,team_a_states:BOOKING_CONVERSION,0,True,True,STABLE,LOW|LOW|LOW,MEDIUM|MEDIUM|MEDIUM
mt_839904828,champ,BEHAVIOR_HEAVY|FORMATION_HEAVY|HIGH_SHRINKAGE|WEAK_EVIDENCE,team_a_states:BOX_PRESSURE,1,True,True,STABLE,MEDIUM|MEDIUM|MEDIUM,LOW|MEDIUM_LOW|LOW
mt_839904828,champ,BEHAVIOR_HEAVY|FORMATION_HEAVY|HIGH_SHRINKAGE|WEAK_EVIDENCE,team_a_states:BOX_PROTECTION,1,True,False,STABLE,HIGH|VERY_HIGH|HIGH,LOW|MEDIUM|LOW
mt_839904828,champ,BEHAVIOR_HEAVY|FORMATION_HEAVY|HIGH_SHRINKAGE|WEAK_EVIDENCE,team_a_states:CLEARANCE_DEPENDENCE,0,True,True,STABLE,MEDIUM|MEDIUM|MEDIUM,MEDIUM|MEDIUM|MEDIUM
mt_839904828,champ,BEHAVIOR_HEAVY|FORMATION_HEAVY|HIGH_SHRINKAGE|WEAK_EVIDENCE,team_a_states:CONTACT_INTENSITY,0,True,True,STABLE,MEDIUM|MEDIUM|MEDIUM,MEDIUM|MEDIUM|MEDIUM
mt_839904828,champ,BEHAVIOR_HEAVY|FORMATION_HEAVY|HIGH_SHRINKAGE|WEAK_EVIDENCE,team_a_states:CORNER_CONCESSION,0,True,True,STABLE,LOW|LOW|LOW,MEDIUM|MEDIUM|MEDIUM
mt_839904828,champ,BEHAVIOR_HEAVY|FORMATION_HEAVY|HIGH_SHRINKAGE|WEAK_EVIDENCE,team_a_states:CROSS_ALLOWANCE,0,True,True,STABLE,VERY_LOW|VERY_LOW|VERY_LOW,MEDIUM|MEDIUM|MEDIUM
mt_839904828,champ,BEHAVIOR_HEAVY|FORMATION_HEAVY|HIGH_SHRINKAGE|WEAK_EVIDENCE,team_a_states:FOUL_DRAWING,0,True,True,STABLE,MEDIUM|MEDIUM|MEDIUM,MEDIUM|MEDIUM|MEDIUM
mt_839904828,champ,BEHAVIOR_HEAVY|FORMATION_HEAVY|HIGH_SHRINKAGE|WEAK_EVIDENCE,team_a_states:FOUL_TENDENCY,1,True,False,STABLE,MEDIUM|LOW|MEDIUM,MEDIUM|MEDIUM|MEDIUM
mt_839904828,champ,BEHAVIOR_HEAVY|FORMATION_HEAVY|HIGH_SHRINKAGE|WEAK_EVIDENCE,team_a_states:SAVE_ENVIRONMENT,0,False,True,STABLE,UNKNOWN|UNKNOWN,UNKNOWN|UNKNOWN
mt_839904828,champ,BEHAVIOR_HEAVY|FORMATION_HEAVY|HIGH_SHRINKAGE|WEAK_EVIDENCE,team_a_states:SECOND_HALF_ESCALATION,0,False,True,STABLE,UNKNOWN|UNKNOWN,UNKNOWN|UNKNOWN
mt_839904828,champ,BEHAVIOR_HEAVY|FORMATION_HEAVY|HIGH_SHRINKAGE|WEAK_EVIDENCE,team_a_states:SET_PIECE_GENERATION,0,True,True,STABLE,MEDIUM|MEDIUM|MEDIUM,MEDIUM|MEDIUM|MEDIUM
mt_839904828,champ,BEHAVIOR_HEAVY|FORMATION_HEAVY|HIGH_SHRINKAGE|WEAK_EVIDENCE,team_a_states:SHOT_QUALITY,0,False,True,STABLE,UNKNOWN|UNKNOWN,UNKNOWN|UNKNOWN
mt_839904828,champ,BEHAVIOR_HEAVY|FORMATION_HEAVY|HIGH_SHRINKAGE|WEAK_EVIDENCE,team_a_states:SHOT_SUPPRESSION,1,True,False,STABLE,HIGH|VERY_HIGH|VERY_HIGH,MEDIUM|MEDIUM_HIGH|MEDIUM
mt_839904828,champ,BEHAVIOR_HEAVY|FORMATION_HEAVY|HIGH_SHRINKAGE|WEAK_EVIDENCE,team_a_states:SHOT_VOLUME,0,True,True,STABLE,HIGH|HIGH|HIGH,MEDIUM|MEDIUM|MEDIUM
mt_839904828,champ,BEHAVIOR_HEAVY|FORMATION_HEAVY|HIGH_SHRINKAGE|WEAK_EVIDENCE,team_a_states:TERRITORIAL_PRESSURE,0,True,True,STABLE,HIGH|HIGH|HIGH,MEDIUM|MEDIUM|MEDIUM
mt_839904828,champ,BEHAVIOR_HEAVY|FORMATION_HEAVY|HIGH_SHRINKAGE|WEAK_EVIDENCE,team_a_states:WIDTH_PRESSURE,0,True,True,STABLE,MEDIUM|MEDIUM|MEDIUM,MEDIUM|MEDIUM|MEDIUM
mt_839904828,champ,BEHAVIOR_HEAVY|FORMATION_HEAVY|HIGH_SHRINKAGE|WEAK_EVIDENCE,team_b_states:BOOKING_CONVERSION,0,True,True,STABLE,MEDIUM|MEDIUM|MEDIUM,MEDIUM|MEDIUM|MEDIUM
mt_839904828,champ,BEHAVIOR_HEAVY|FORMATION_HEAVY|HIGH_SHRINKAGE|WEAK_EVIDENCE,team_b_states:BOX_PRESSURE,1,True,True,STABLE,LOW|LOW|LOW,LOW|MEDIUM_LOW|LOW
mt_839904828,champ,BEHAVIOR_HEAVY|FORMATION_HEAVY|HIGH_SHRINKAGE|WEAK_EVIDENCE,team_b_states:BOX_PROTECTION,1,True,True,STABLE,LOW|LOW|LOW,LOW|MEDIUM|LOW
mt_839904828,champ,BEHAVIOR_HEAVY|FORMATION_HEAVY|HIGH_SHRINKAGE|WEAK_EVIDENCE,team_b_states:CLEARANCE_DEPENDENCE,0,True,True,STABLE,HIGH|HIGH|HIGH,MEDIUM|MEDIUM|MEDIUM
mt_839904828,champ,BEHAVIOR_HEAVY|FORMATION_HEAVY|HIGH_SHRINKAGE|WEAK_EVIDENCE,team_b_states:CONTACT_INTENSITY,0,True,True,STABLE,MEDIUM|MEDIUM|MEDIUM,MEDIUM|MEDIUM|MEDIUM
mt_839904828,champ,BEHAVIOR_HEAVY|FORMATION_HEAVY|HIGH_SHRINKAGE|WEAK_EVIDENCE,team_b_states:CORNER_CONCESSION,1,True,True,STABLE,VERY_HIGH|VERY_HIGH|VERY_HIGH,MEDIUM|MEDIUM_HIGH|MEDIUM
mt_839904828,champ,BEHAVIOR_HEAVY|FORMATION_HEAVY|HIGH_SHRINKAGE|WEAK_EVIDENCE,team_b_states:CROSS_ALLOWANCE,0,True,True,STABLE,MEDIUM|MEDIUM|MEDIUM,MEDIUM|MEDIUM|MEDIUM
mt_839904828,champ,BEHAVIOR_HEAVY|FORMATION_HEAVY|HIGH_SHRINKAGE|WEAK_EVIDENCE,team_b_states:FOUL_DRAWING,0,True,True,STABLE,MEDIUM|MEDIUM|MEDIUM,MEDIUM|MEDIUM|MEDIUM
mt_839904828,champ,BEHAVIOR_HEAVY|FORMATION_HEAVY|HIGH_SHRINKAGE|WEAK_EVIDENCE,team_b_states:FOUL_TENDENCY,1,True,False,STABLE,MEDIUM|LOW|MEDIUM,MEDIUM|MEDIUM|MEDIUM
mt_839904828,champ,BEHAVIOR_HEAVY|FORMATION_HEAVY|HIGH_SHRINKAGE|WEAK_EVIDENCE,team_b_states:SAVE_ENVIRONMENT,0,False,True,STABLE,UNKNOWN|UNKNOWN,UNKNOWN|UNKNOWN
mt_839904828,champ,BEHAVIOR_HEAVY|FORMATION_HEAVY|HIGH_SHRINKAGE|WEAK_EVIDENCE,team_b_states:SECOND_HALF_ESCALATION,0,False,True,STABLE,UNKNOWN|UNKNOWN,UNKNOWN|UNKNOWN
mt_839904828,champ,BEHAVIOR_HEAVY|FORMATION_HEAVY|HIGH_SHRINKAGE|WEAK_EVIDENCE,team_b_states:SET_PIECE_GENERATION,0,True,True,STABLE,MEDIUM|MEDIUM|MEDIUM,MEDIUM|MEDIUM|MEDIUM
mt_839904828,champ,BEHAVIOR_HEAVY|FORMATION_HEAVY|HIGH_SHRINKAGE|WEAK_EVIDENCE,team_b_states:SHOT_QUALITY,0,False,True,STABLE,UNKNOWN|UNKNOWN,UNKNOWN|UNKNOWN
mt_839904828,champ,BEHAVIOR_HEAVY|FORMATION_HEAVY|HIGH_SHRINKAGE|WEAK_EVIDENCE,team_b_states:SHOT_SUPPRESSION,0,True,True,STABLE,LOW|LOW|LOW,MEDIUM|MEDIUM|MEDIUM
mt_839904828,champ,BEHAVIOR_HEAVY|FORMATION_HEAVY|HIGH_SHRINKAGE|WEAK_EVIDENCE,team_b_states:SHOT_VOLUME,0,True,True,STABLE,MEDIUM|MEDIUM|MEDIUM,MEDIUM|MEDIUM|MEDIUM
mt_839904828,champ,BEHAVIOR_HEAVY|FORMATION_HEAVY|HIGH_SHRINKAGE|WEAK_EVIDENCE,team_b_states:TERRITORIAL_PRESSURE,0,True,True,STABLE,MEDIUM|MEDIUM|MEDIUM,MEDIUM|MEDIUM|MEDIUM
mt_839904828,champ,BEHAVIOR_HEAVY|FORMATION_HEAVY|HIGH_SHRINKAGE|WEAK_EVIDENCE,team_b_states:WIDTH_PRESSURE,0,True,True,STABLE,VERY_LOW|VERY_LOW|VERY_LOW,MEDIUM|MEDIUM|MEDIUM
mt_629493944,epl,BEHAVIOR_HEAVY|FORMATION_HEAVY|HIGH_SHRINKAGE|WEAK_EVIDENCE,matchup_states:BOX_PRESSURE_MATCHUP,0,False,True,STABLE,A_ADVANTAGE|A_ADVANTAGE,MEDIUM_LOW|MEDIUM_LOW
mt_629493944,epl,BEHAVIOR_HEAVY|FORMATION_HEAVY|HIGH_SHRINKAGE|WEAK_EVIDENCE,matchup_states:CONTACT_MATCHUP,0,False,True,STABLE,NEUTRAL|NEUTRAL,MEDIUM|MEDIUM
mt_629493944,epl,BEHAVIOR_HEAVY|FORMATION_HEAVY|HIGH_SHRINKAGE|WEAK_EVIDENCE,matchup_states:CORNER_MECHANISM_MATCHUP,0,False,True,STABLE,NEUTRAL|NEUTRAL,MEDIUM|MEDIUM
mt_629493944,epl,BEHAVIOR_HEAVY|FORMATION_HEAVY|HIGH_SHRINKAGE|WEAK_EVIDENCE,matchup_states:SHOT_CREATION_MATCHUP,0,False,True,STABLE,A_ADVANTAGE|A_ADVANTAGE,MEDIUM_LOW|MEDIUM_LOW
mt_629493944,epl,BEHAVIOR_HEAVY|FORMATION_HEAVY|HIGH_SHRINKAGE|WEAK_EVIDENCE,matchup_states:WIDE_PRESSURE_MATCHUP,0,False,True,STABLE,B_ADVANTAGE|B_ADVANTAGE,MEDIUM_LOW|MEDIUM_LOW
mt_629493944,epl,BEHAVIOR_HEAVY|FORMATION_HEAVY|HIGH_SHRINKAGE|WEAK_EVIDENCE,team_a_states:BOOKING_CONVERSION,0,False,True,STABLE,MEDIUM|MEDIUM,MEDIUM|MEDIUM
mt_629493944,epl,BEHAVIOR_HEAVY|FORMATION_HEAVY|HIGH_SHRINKAGE|WEAK_EVIDENCE,team_a_states:BOX_PRESSURE,0,False,True,STABLE,MEDIUM|MEDIUM,MEDIUM|MEDIUM
mt_629493944,epl,BEHAVIOR_HEAVY|FORMATION_HEAVY|HIGH_SHRINKAGE|WEAK_EVIDENCE,team_a_states:BOX_PROTECTION,0,False,True,STABLE,MEDIUM|MEDIUM,MEDIUM|MEDIUM
mt_629493944,epl,BEHAVIOR_HEAVY|FORMATION_HEAVY|HIGH_SHRINKAGE|WEAK_EVIDENCE,team_a_states:CLEARANCE_DEPENDENCE,0,False,True,STABLE,MEDIUM|MEDIUM,MEDIUM|MEDIUM
mt_629493944,epl,BEHAVIOR_HEAVY|FORMATION_HEAVY|HIGH_SHRINKAGE|WEAK_EVIDENCE,team_a_states:CONTACT_INTENSITY,0,False,True,STABLE,MEDIUM|MEDIUM,MEDIUM|MEDIUM
mt_629493944,epl,BEHAVIOR_HEAVY|FORMATION_HEAVY|HIGH_SHRINKAGE|WEAK_EVIDENCE,team_a_states:CORNER_CONCESSION,0,False,True,STABLE,MEDIUM|MEDIUM,MEDIUM|MEDIUM
mt_629493944,epl,BEHAVIOR_HEAVY|FORMATION_HEAVY|HIGH_SHRINKAGE|WEAK_EVIDENCE,team_a_states:CROSS_ALLOWANCE,0,False,True,STABLE,LOW|LOW,MEDIUM|MEDIUM
mt_629493944,epl,BEHAVIOR_HEAVY|FORMATION_HEAVY|HIGH_SHRINKAGE|WEAK_EVIDENCE,team_a_states:FOUL_DRAWING,0,False,True,STABLE,MEDIUM|MEDIUM,MEDIUM|MEDIUM
mt_629493944,epl,BEHAVIOR_HEAVY|FORMATION_HEAVY|HIGH_SHRINKAGE|WEAK_EVIDENCE,team_a_states:FOUL_TENDENCY,0,False,True,STABLE,MEDIUM|MEDIUM,MEDIUM|MEDIUM
mt_629493944,epl,BEHAVIOR_HEAVY|FORMATION_HEAVY|HIGH_SHRINKAGE|WEAK_EVIDENCE,team_a_states:SET_PIECE_GENERATION,0,False,True,STABLE,MEDIUM|MEDIUM,MEDIUM|MEDIUM
mt_629493944,epl,BEHAVIOR_HEAVY|FORMATION_HEAVY|HIGH_SHRINKAGE|WEAK_EVIDENCE,team_a_states:SHOT_SUPPRESSION,0,False,True,STABLE,MEDIUM|MEDIUM,MEDIUM|MEDIUM
mt_629493944,epl,BEHAVIOR_HEAVY|FORMATION_HEAVY|HIGH_SHRINKAGE|WEAK_EVIDENCE,team_a_states:SHOT_VOLUME,0,False,True,STABLE,MEDIUM|MEDIUM,MEDIUM|MEDIUM
mt_629493944,epl,BEHAVIOR_HEAVY|FORMATION_HEAVY|HIGH_SHRINKAGE|WEAK_EVIDENCE,team_a_states:TERRITORIAL_PRESSURE,0,False,True,STABLE,MEDIUM|MEDIUM,MEDIUM|MEDIUM
mt_629493944,epl,BEHAVIOR_HEAVY|FORMATION_HEAVY|HIGH_SHRINKAGE|WEAK_EVIDENCE,team_a_states:WIDTH_PRESSURE,0,False,True,STABLE,LOW|LOW,MEDIUM_LOW|MEDIUM_LOW
mt_629493944,epl,BEHAVIOR_HEAVY|FORMATION_HEAVY|HIGH_SHRINKAGE|WEAK_EVIDENCE,team_b_states:BOOKING_CONVERSION,0,False,True,STABLE,MEDIUM|MEDIUM,MEDIUM|MEDIUM
mt_629493944,epl,BEHAVIOR_HEAVY|FORMATION_HEAVY|HIGH_SHRINKAGE|WEAK_EVIDENCE,team_b_states:BOX_PRESSURE,0,False,True,STABLE,MEDIUM|MEDIUM,MEDIUM|MEDIUM
mt_629493944,epl,BEHAVIOR_HEAVY|FORMATION_HEAVY|HIGH_SHRINKAGE|WEAK_EVIDENCE,team_b_states:BOX_PROTECTION,0,False,True,STABLE,MEDIUM|MEDIUM,MEDIUM|MEDIUM
mt_629493944,epl,BEHAVIOR_HEAVY|FORMATION_HEAVY|HIGH_SHRINKAGE|WEAK_EVIDENCE,team_b_states:CLEARANCE_DEPENDENCE,0,False,True,STABLE,HIGH|HIGH,MEDIUM|MEDIUM
mt_629493944,epl,BEHAVIOR_HEAVY|FORMATION_HEAVY|HIGH_SHRINKAGE|WEAK_EVIDENCE,team_b_states:CONTACT_INTENSITY,0,False,True,STABLE,MEDIUM|MEDIUM,MEDIUM|MEDIUM
mt_629493944,epl,BEHAVIOR_HEAVY|FORMATION_HEAVY|HIGH_SHRINKAGE|WEAK_EVIDENCE,team_b_states:CORNER_CONCESSION,0,False,True,STABLE,MEDIUM|MEDIUM,MEDIUM|MEDIUM
mt_629493944,epl,BEHAVIOR_HEAVY|FORMATION_HEAVY|HIGH_SHRINKAGE|WEAK_EVIDENCE,team_b_states:CROSS_ALLOWANCE,0,False,True,STABLE,MEDIUM|MEDIUM,MEDIUM|MEDIUM
mt_629493944,epl,BEHAVIOR_HEAVY|FORMATION_HEAVY|HIGH_SHRINKAGE|WEAK_EVIDENCE,team_b_states:FOUL_DRAWING,1,False,False,STABLE,MEDIUM|LOW,MEDIUM|MEDIUM
mt_629493944,epl,BEHAVIOR_HEAVY|FORMATION_HEAVY|HIGH_SHRINKAGE|WEAK_EVIDENCE,team_b_states:FOUL_TENDENCY,0,False,True,STABLE,MEDIUM|MEDIUM,MEDIUM|MEDIUM
mt_629493944,epl,BEHAVIOR_HEAVY|FORMATION_HEAVY|HIGH_SHRINKAGE|WEAK_EVIDENCE,team_b_states:SET_PIECE_GENERATION,0,False,True,STABLE,MEDIUM|MEDIUM,MEDIUM|MEDIUM
mt_629493944,epl,BEHAVIOR_HEAVY|FORMATION_HEAVY|HIGH_SHRINKAGE|WEAK_EVIDENCE,team_b_states:SHOT_SUPPRESSION,0,False,True,STABLE,MEDIUM|MEDIUM,MEDIUM|MEDIUM
mt_629493944,epl,BEHAVIOR_HEAVY|FORMATION_HEAVY|HIGH_SHRINKAGE|WEAK_EVIDENCE,team_b_states:SHOT_VOLUME,0,False,True,STABLE,MEDIUM|MEDIUM,MEDIUM|MEDIUM
mt_629493944,epl,BEHAVIOR_HEAVY|FORMATION_HEAVY|HIGH_SHRINKAGE|WEAK_EVIDENCE,team_b_states:TERRITORIAL_PRESSURE,0,False,True,STABLE,MEDIUM|MEDIUM,MEDIUM|MEDIUM
mt_629493944,epl,BEHAVIOR_HEAVY|FORMATION_HEAVY|HIGH_SHRINKAGE|WEAK_EVIDENCE,team_b_states:WIDTH_PRESSURE,0,False,True,STABLE,MEDIUM|MEDIUM,MEDIUM|MEDIUM
mt_196567553,laliga,BEHAVIOR_HEAVY|FORMATION_HEAVY|HIGH_SHRINKAGE|WEAK_EVIDENCE,matchup_states:BOX_PRESSURE_MATCHUP,0,True,True,STABLE,A_ADVANTAGE|A_ADVANTAGE|A_ADVANTAGE,MEDIUM|MEDIUM|MEDIUM
mt_196567553,laliga,BEHAVIOR_HEAVY|FORMATION_HEAVY|HIGH_SHRINKAGE|WEAK_EVIDENCE,matchup_states:CONTACT_MATCHUP,0,True,True,STABLE,NEUTRAL|NEUTRAL|NEUTRAL,MEDIUM|MEDIUM|MEDIUM
mt_196567553,laliga,BEHAVIOR_HEAVY|FORMATION_HEAVY|HIGH_SHRINKAGE|WEAK_EVIDENCE,matchup_states:CORNER_MECHANISM_MATCHUP,1,True,False,STABLE,A_ADVANTAGE|NEUTRAL|NEUTRAL,MEDIUM|MEDIUM|MEDIUM
mt_196567553,laliga,BEHAVIOR_HEAVY|FORMATION_HEAVY|HIGH_SHRINKAGE|WEAK_EVIDENCE,matchup_states:SHOT_CREATION_MATCHUP,1,True,False,STABLE,NEUTRAL|A_ADVANTAGE|A_ADVANTAGE,MEDIUM|MEDIUM|MEDIUM
mt_196567553,laliga,BEHAVIOR_HEAVY|FORMATION_HEAVY|HIGH_SHRINKAGE|WEAK_EVIDENCE,matchup_states:WIDE_PRESSURE_MATCHUP,0,True,True,STABLE,A_ADVANTAGE|A_ADVANTAGE|A_ADVANTAGE,MEDIUM|MEDIUM|MEDIUM
mt_196567553,laliga,BEHAVIOR_HEAVY|FORMATION_HEAVY|HIGH_SHRINKAGE|WEAK_EVIDENCE,team_a_states:BOOKING_CONVERSION,0,True,True,STABLE,MEDIUM|MEDIUM|MEDIUM,MEDIUM|MEDIUM|MEDIUM
mt_196567553,laliga,BEHAVIOR_HEAVY|FORMATION_HEAVY|HIGH_SHRINKAGE|WEAK_EVIDENCE,team_a_states:BOX_PRESSURE,0,True,True,STABLE,MEDIUM|MEDIUM|MEDIUM,MEDIUM|MEDIUM|MEDIUM
mt_196567553,laliga,BEHAVIOR_HEAVY|FORMATION_HEAVY|HIGH_SHRINKAGE|WEAK_EVIDENCE,team_a_states:BOX_PROTECTION,2,True,False,ONTOLOGY_BOUNDARY_OR_MODEL_NOISE,HIGH|LOW|LOW,MEDIUM_LOW|MEDIUM|MEDIUM
mt_196567553,laliga,BEHAVIOR_HEAVY|FORMATION_HEAVY|HIGH_SHRINKAGE|WEAK_EVIDENCE,team_a_states:CLEARANCE_DEPENDENCE,0,True,True,STABLE,MEDIUM|MEDIUM|MEDIUM,MEDIUM|MEDIUM|MEDIUM
mt_196567553,laliga,BEHAVIOR_HEAVY|FORMATION_HEAVY|HIGH_SHRINKAGE|WEAK_EVIDENCE,team_a_states:CONTACT_INTENSITY,0,True,True,STABLE,MEDIUM|MEDIUM|MEDIUM,MEDIUM|MEDIUM|MEDIUM
mt_196567553,laliga,BEHAVIOR_HEAVY|FORMATION_HEAVY|HIGH_SHRINKAGE|WEAK_EVIDENCE,team_a_states:CORNER_CONCESSION,0,True,True,STABLE,MEDIUM|MEDIUM|MEDIUM,MEDIUM|MEDIUM|MEDIUM
mt_196567553,laliga,BEHAVIOR_HEAVY|FORMATION_HEAVY|HIGH_SHRINKAGE|WEAK_EVIDENCE,team_a_states:CROSS_ALLOWANCE,0,True,True,STABLE,LOW|LOW|LOW,MEDIUM|MEDIUM|MEDIUM
mt_196567553,laliga,BEHAVIOR_HEAVY|FORMATION_HEAVY|HIGH_SHRINKAGE|WEAK_EVIDENCE,team_a_states:FOUL_DRAWING,0,True,True,STABLE,MEDIUM|MEDIUM|MEDIUM,MEDIUM|MEDIUM|MEDIUM
mt_196567553,laliga,BEHAVIOR_HEAVY|FORMATION_HEAVY|HIGH_SHRINKAGE|WEAK_EVIDENCE,team_a_states:FOUL_TENDENCY,0,True,True,STABLE,MEDIUM|MEDIUM|MEDIUM,MEDIUM|MEDIUM|MEDIUM
mt_196567553,laliga,BEHAVIOR_HEAVY|FORMATION_HEAVY|HIGH_SHRINKAGE|WEAK_EVIDENCE,team_a_states:SET_PIECE_GENERATION,0,True,True,STABLE,MEDIUM|MEDIUM|MEDIUM,MEDIUM|MEDIUM|MEDIUM
mt_196567553,laliga,BEHAVIOR_HEAVY|FORMATION_HEAVY|HIGH_SHRINKAGE|WEAK_EVIDENCE,team_a_states:SHOT_SUPPRESSION,2,True,False,ONTOLOGY_BOUNDARY_OR_MODEL_NOISE,HIGH|LOW|LOW,MEDIUM_LOW|MEDIUM|MEDIUM
mt_196567553,laliga,BEHAVIOR_HEAVY|FORMATION_HEAVY|HIGH_SHRINKAGE|WEAK_EVIDENCE,team_a_states:SHOT_VOLUME,0,True,True,STABLE,MEDIUM|MEDIUM|MEDIUM,MEDIUM|MEDIUM|MEDIUM
mt_196567553,laliga,BEHAVIOR_HEAVY|FORMATION_HEAVY|HIGH_SHRINKAGE|WEAK_EVIDENCE,team_a_states:TERRITORIAL_PRESSURE,0,True,True,STABLE,MEDIUM|MEDIUM|MEDIUM,MEDIUM|MEDIUM|MEDIUM
mt_196567553,laliga,BEHAVIOR_HEAVY|FORMATION_HEAVY|HIGH_SHRINKAGE|WEAK_EVIDENCE,team_a_states:WIDTH_PRESSURE,0,True,True,STABLE,MEDIUM|MEDIUM|MEDIUM,MEDIUM|MEDIUM|MEDIUM
mt_196567553,laliga,BEHAVIOR_HEAVY|FORMATION_HEAVY|HIGH_SHRINKAGE|WEAK_EVIDENCE,team_b_states:BOOKING_CONVERSION,0,True,True,STABLE,MEDIUM|MEDIUM|MEDIUM,MEDIUM|MEDIUM|MEDIUM
mt_196567553,laliga,BEHAVIOR_HEAVY|FORMATION_HEAVY|HIGH_SHRINKAGE|WEAK_EVIDENCE,team_b_states:BOX_PRESSURE,0,True,True,STABLE,LOW|LOW|LOW,MEDIUM|MEDIUM|MEDIUM
mt_196567553,laliga,BEHAVIOR_HEAVY|FORMATION_HEAVY|HIGH_SHRINKAGE|WEAK_EVIDENCE,team_b_states:BOX_PROTECTION,2,True,False,ONTOLOGY_BOUNDARY_OR_MODEL_NOISE,HIGH|LOW|LOW,MEDIUM_LOW|MEDIUM|MEDIUM
mt_196567553,laliga,BEHAVIOR_HEAVY|FORMATION_HEAVY|HIGH_SHRINKAGE|WEAK_EVIDENCE,team_b_states:CLEARANCE_DEPENDENCE,0,True,True,STABLE,MEDIUM|MEDIUM|MEDIUM,MEDIUM|MEDIUM|MEDIUM
mt_196567553,laliga,BEHAVIOR_HEAVY|FORMATION_HEAVY|HIGH_SHRINKAGE|WEAK_EVIDENCE,team_b_states:CONTACT_INTENSITY,0,True,True,STABLE,MEDIUM|MEDIUM|MEDIUM,MEDIUM|MEDIUM|MEDIUM
mt_196567553,laliga,BEHAVIOR_HEAVY|FORMATION_HEAVY|HIGH_SHRINKAGE|WEAK_EVIDENCE,team_b_states:CORNER_CONCESSION,0,True,True,STABLE,MEDIUM|MEDIUM|MEDIUM,MEDIUM|MEDIUM|MEDIUM
mt_196567553,laliga,BEHAVIOR_HEAVY|FORMATION_HEAVY|HIGH_SHRINKAGE|WEAK_EVIDENCE,team_b_states:CROSS_ALLOWANCE,0,True,True,STABLE,MEDIUM|MEDIUM|MEDIUM,MEDIUM|MEDIUM|MEDIUM
mt_196567553,laliga,BEHAVIOR_HEAVY|FORMATION_HEAVY|HIGH_SHRINKAGE|WEAK_EVIDENCE,team_b_states:FOUL_DRAWING,0,True,True,STABLE,MEDIUM|MEDIUM|MEDIUM,MEDIUM|MEDIUM|MEDIUM
mt_196567553,laliga,BEHAVIOR_HEAVY|FORMATION_HEAVY|HIGH_SHRINKAGE|WEAK_EVIDENCE,team_b_states:FOUL_TENDENCY,0,True,True,STABLE,MEDIUM|MEDIUM|MEDIUM,MEDIUM|MEDIUM|MEDIUM
mt_196567553,laliga,BEHAVIOR_HEAVY|FORMATION_HEAVY|HIGH_SHRINKAGE|WEAK_EVIDENCE,team_b_states:SET_PIECE_GENERATION,0,True,True,STABLE,LOW|LOW|LOW,MEDIUM|MEDIUM|MEDIUM
mt_196567553,laliga,BEHAVIOR_HEAVY|FORMATION_HEAVY|HIGH_SHRINKAGE|WEAK_EVIDENCE,team_b_states:SHOT_SUPPRESSION,2,True,False,ONTOLOGY_BOUNDARY_OR_MODEL_NOISE,HIGH|LOW|LOW,MEDIUM_LOW|MEDIUM|MEDIUM
mt_196567553,laliga,BEHAVIOR_HEAVY|FORMATION_HEAVY|HIGH_SHRINKAGE|WEAK_EVIDENCE,team_b_states:SHOT_VOLUME,0,True,True,STABLE,LOW|LOW|LOW,MEDIUM|MEDIUM|MEDIUM
mt_196567553,laliga,BEHAVIOR_HEAVY|FORMATION_HEAVY|HIGH_SHRINKAGE|WEAK_EVIDENCE,team_b_states:TERRITORIAL_PRESSURE,0,True,True,STABLE,LOW|LOW|LOW,MEDIUM|MEDIUM|MEDIUM
mt_196567553,laliga,BEHAVIOR_HEAVY|FORMATION_HEAVY|HIGH_SHRINKAGE|WEAK_EVIDENCE,team_b_states:WIDTH_PRESSURE,0,True,True,STABLE,LOW|LOW|LOW,MEDIUM|MEDIUM|MEDIUM
mt_013481284,laliga2,BEHAVIOR_HEAVY|FORMATION_HEAVY|HIGH_SHRINKAGE|TACTICAL_CLUSTER_DIVERSE|WEAK_EVIDENCE,matchup_states:BOX_PRESSURE_MATCHUP,0,True,True,STABLE,NEUTRAL|NEUTRAL|NEUTRAL,MEDIUM|MEDIUM|MEDIUM
mt_013481284,laliga2,BEHAVIOR_HEAVY|FORMATION_HEAVY|HIGH_SHRINKAGE|TACTICAL_CLUSTER_DIVERSE|WEAK_EVIDENCE,matchup_states:CONTACT_MATCHUP,1,True,False,STABLE,B_ADVANTAGE|NEUTRAL|B_ADVANTAGE,MEDIUM|MEDIUM_LOW|MEDIUM
mt_013481284,laliga2,BEHAVIOR_HEAVY|FORMATION_HEAVY|HIGH_SHRINKAGE|TACTICAL_CLUSTER_DIVERSE|WEAK_EVIDENCE,matchup_states:CORNER_MECHANISM_MATCHUP,0,True,True,STABLE,NEUTRAL|NEUTRAL|NEUTRAL,MEDIUM|MEDIUM|MEDIUM
mt_013481284,laliga2,BEHAVIOR_HEAVY|FORMATION_HEAVY|HIGH_SHRINKAGE|TACTICAL_CLUSTER_DIVERSE|WEAK_EVIDENCE,matchup_states:SHOT_CREATION_MATCHUP,0,True,True,STABLE,A_ADVANTAGE|A_ADVANTAGE|A_ADVANTAGE,MEDIUM|MEDIUM|MEDIUM
mt_013481284,laliga2,BEHAVIOR_HEAVY|FORMATION_HEAVY|HIGH_SHRINKAGE|TACTICAL_CLUSTER_DIVERSE|WEAK_EVIDENCE,matchup_states:WIDE_PRESSURE_MATCHUP,0,True,True,STABLE,NEUTRAL|NEUTRAL|NEUTRAL,MEDIUM|MEDIUM|MEDIUM
mt_013481284,laliga2,BEHAVIOR_HEAVY|FORMATION_HEAVY|HIGH_SHRINKAGE|TACTICAL_CLUSTER_DIVERSE|WEAK_EVIDENCE,team_a_states:BOOKING_CONVERSION,0,True,True,STABLE,MEDIUM|MEDIUM|MEDIUM,MEDIUM|MEDIUM|MEDIUM
mt_013481284,laliga2,BEHAVIOR_HEAVY|FORMATION_HEAVY|HIGH_SHRINKAGE|TACTICAL_CLUSTER_DIVERSE|WEAK_EVIDENCE,team_a_states:BOX_PRESSURE,0,True,True,STABLE,MEDIUM|MEDIUM|MEDIUM,MEDIUM|MEDIUM|MEDIUM
mt_013481284,laliga2,BEHAVIOR_HEAVY|FORMATION_HEAVY|HIGH_SHRINKAGE|TACTICAL_CLUSTER_DIVERSE|WEAK_EVIDENCE,team_a_states:BOX_PROTECTION,0,True,True,STABLE,MEDIUM|MEDIUM|MEDIUM,MEDIUM|MEDIUM|MEDIUM
mt_013481284,laliga2,BEHAVIOR_HEAVY|FORMATION_HEAVY|HIGH_SHRINKAGE|TACTICAL_CLUSTER_DIVERSE|WEAK_EVIDENCE,team_a_states:CLEARANCE_DEPENDENCE,0,True,True,STABLE,MEDIUM|MEDIUM|MEDIUM,MEDIUM|MEDIUM|MEDIUM
mt_013481284,laliga2,BEHAVIOR_HEAVY|FORMATION_HEAVY|HIGH_SHRINKAGE|TACTICAL_CLUSTER_DIVERSE|WEAK_EVIDENCE,team_a_states:CONTACT_INTENSITY,0,True,True,STABLE,MEDIUM|MEDIUM|MEDIUM,MEDIUM|MEDIUM|MEDIUM
mt_013481284,laliga2,BEHAVIOR_HEAVY|FORMATION_HEAVY|HIGH_SHRINKAGE|TACTICAL_CLUSTER_DIVERSE|WEAK_EVIDENCE,team_a_states:CORNER_CONCESSION,0,True,True,STABLE,MEDIUM|MEDIUM|MEDIUM,MEDIUM|MEDIUM|MEDIUM
mt_013481284,laliga2,BEHAVIOR_HEAVY|FORMATION_HEAVY|HIGH_SHRINKAGE|TACTICAL_CLUSTER_DIVERSE|WEAK_EVIDENCE,team_a_states:CROSS_ALLOWANCE,0,True,True,STABLE,LOW|LOW|LOW,MEDIUM|MEDIUM|MEDIUM
mt_013481284,laliga2,BEHAVIOR_HEAVY|FORMATION_HEAVY|HIGH_SHRINKAGE|TACTICAL_CLUSTER_DIVERSE|WEAK_EVIDENCE,team_a_states:FOUL_DRAWING,0,True,True,STABLE,MEDIUM|MEDIUM|MEDIUM,MEDIUM|MEDIUM|MEDIUM
mt_013481284,laliga2,BEHAVIOR_HEAVY|FORMATION_HEAVY|HIGH_SHRINKAGE|TACTICAL_CLUSTER_DIVERSE|WEAK_EVIDENCE,team_a_states:FOUL_TENDENCY,0,True,True,STABLE,MEDIUM|MEDIUM|MEDIUM,MEDIUM|MEDIUM|MEDIUM
mt_013481284,laliga2,BEHAVIOR_HEAVY|FORMATION_HEAVY|HIGH_SHRINKAGE|TACTICAL_CLUSTER_DIVERSE|WEAK_EVIDENCE,team_a_states:SET_PIECE_GENERATION,0,True,True,STABLE,MEDIUM|MEDIUM|MEDIUM,MEDIUM|MEDIUM|MEDIUM
mt_013481284,laliga2,BEHAVIOR_HEAVY|FORMATION_HEAVY|HIGH_SHRINKAGE|TACTICAL_CLUSTER_DIVERSE|WEAK_EVIDENCE,team_a_states:SHOT_SUPPRESSION,0,True,True,STABLE,MEDIUM|MEDIUM|MEDIUM,MEDIUM|MEDIUM|MEDIUM
mt_013481284,laliga2,BEHAVIOR_HEAVY|FORMATION_HEAVY|HIGH_SHRINKAGE|TACTICAL_CLUSTER_DIVERSE|WEAK_EVIDENCE,team_a_states:SHOT_VOLUME,0,True,True,STABLE,MEDIUM|MEDIUM|MEDIUM,MEDIUM|MEDIUM|MEDIUM
mt_013481284,laliga2,BEHAVIOR_HEAVY|FORMATION_HEAVY|HIGH_SHRINKAGE|TACTICAL_CLUSTER_DIVERSE|WEAK_EVIDENCE,team_a_states:TERRITORIAL_PRESSURE,1,True,False,STABLE,MEDIUM|HIGH|MEDIUM,MEDIUM|MEDIUM|MEDIUM
mt_013481284,laliga2,BEHAVIOR_HEAVY|FORMATION_HEAVY|HIGH_SHRINKAGE|TACTICAL_CLUSTER_DIVERSE|WEAK_EVIDENCE,team_a_states:WIDTH_PRESSURE,0,True,True,STABLE,MEDIUM|MEDIUM|MEDIUM,MEDIUM|MEDIUM|MEDIUM
mt_013481284,laliga2,BEHAVIOR_HEAVY|FORMATION_HEAVY|HIGH_SHRINKAGE|TACTICAL_CLUSTER_DIVERSE|WEAK_EVIDENCE,team_b_states:BOOKING_CONVERSION,0,True,True,STABLE,MEDIUM|MEDIUM|MEDIUM,MEDIUM|MEDIUM|MEDIUM
mt_013481284,laliga2,BEHAVIOR_HEAVY|FORMATION_HEAVY|HIGH_SHRINKAGE|TACTICAL_CLUSTER_DIVERSE|WEAK_EVIDENCE,team_b_states:BOX_PRESSURE,0,True,True,STABLE,MEDIUM|MEDIUM|MEDIUM,MEDIUM|MEDIUM|MEDIUM
mt_013481284,laliga2,BEHAVIOR_HEAVY|FORMATION_HEAVY|HIGH_SHRINKAGE|TACTICAL_CLUSTER_DIVERSE|WEAK_EVIDENCE,team_b_states:BOX_PROTECTION,0,True,True,STABLE,MEDIUM|MEDIUM|MEDIUM,MEDIUM|MEDIUM|MEDIUM
mt_013481284,laliga2,BEHAVIOR_HEAVY|FORMATION_HEAVY|HIGH_SHRINKAGE|TACTICAL_CLUSTER_DIVERSE|WEAK_EVIDENCE,team_b_states:CLEARANCE_DEPENDENCE,0,True,True,STABLE,MEDIUM|MEDIUM|MEDIUM,MEDIUM|MEDIUM|MEDIUM
mt_013481284,laliga2,BEHAVIOR_HEAVY|FORMATION_HEAVY|HIGH_SHRINKAGE|TACTICAL_CLUSTER_DIVERSE|WEAK_EVIDENCE,team_b_states:CONTACT_INTENSITY,0,True,True,STABLE,MEDIUM|MEDIUM|MEDIUM,MEDIUM|MEDIUM|MEDIUM
mt_013481284,laliga2,BEHAVIOR_HEAVY|FORMATION_HEAVY|HIGH_SHRINKAGE|TACTICAL_CLUSTER_DIVERSE|WEAK_EVIDENCE,team_b_states:CORNER_CONCESSION,0,True,True,STABLE,MEDIUM|MEDIUM|MEDIUM,MEDIUM|MEDIUM|MEDIUM
mt_013481284,laliga2,BEHAVIOR_HEAVY|FORMATION_HEAVY|HIGH_SHRINKAGE|TACTICAL_CLUSTER_DIVERSE|WEAK_EVIDENCE,team_b_states:CROSS_ALLOWANCE,0,True,True,STABLE,MEDIUM|MEDIUM|MEDIUM,MEDIUM|MEDIUM|MEDIUM
mt_013481284,laliga2,BEHAVIOR_HEAVY|FORMATION_HEAVY|HIGH_SHRINKAGE|TACTICAL_CLUSTER_DIVERSE|WEAK_EVIDENCE,team_b_states:FOUL_DRAWING,0,True,True,STABLE,HIGH|HIGH|HIGH,MEDIUM|MEDIUM|MEDIUM
mt_013481284,laliga2,BEHAVIOR_HEAVY|FORMATION_HEAVY|HIGH_SHRINKAGE|TACTICAL_CLUSTER_DIVERSE|WEAK_EVIDENCE,team_b_states:FOUL_TENDENCY,0,True,True,STABLE,MEDIUM|MEDIUM|MEDIUM,MEDIUM|MEDIUM|MEDIUM
mt_013481284,laliga2,BEHAVIOR_HEAVY|FORMATION_HEAVY|HIGH_SHRINKAGE|TACTICAL_CLUSTER_DIVERSE|WEAK_EVIDENCE,team_b_states:SET_PIECE_GENERATION,0,True,True,STABLE,MEDIUM|MEDIUM|MEDIUM,MEDIUM|MEDIUM|MEDIUM
mt_013481284,laliga2,BEHAVIOR_HEAVY|FORMATION_HEAVY|HIGH_SHRINKAGE|TACTICAL_CLUSTER_DIVERSE|WEAK_EVIDENCE,team_b_states:SHOT_SUPPRESSION,0,True,True,STABLE,MEDIUM|MEDIUM|MEDIUM,MEDIUM|MEDIUM|MEDIUM
mt_013481284,laliga2,BEHAVIOR_HEAVY|FORMATION_HEAVY|HIGH_SHRINKAGE|TACTICAL_CLUSTER_DIVERSE|WEAK_EVIDENCE,team_b_states:SHOT_VOLUME,0,True,True,STABLE,MEDIUM|MEDIUM|MEDIUM,MEDIUM|MEDIUM|MEDIUM
mt_013481284,laliga2,BEHAVIOR_HEAVY|FORMATION_HEAVY|HIGH_SHRINKAGE|TACTICAL_CLUSTER_DIVERSE|WEAK_EVIDENCE,team_b_states:TERRITORIAL_PRESSURE,0,True,True,STABLE,MEDIUM|MEDIUM|MEDIUM,MEDIUM|MEDIUM|MEDIUM
mt_013481284,laliga2,BEHAVIOR_HEAVY|FORMATION_HEAVY|HIGH_SHRINKAGE|TACTICAL_CLUSTER_DIVERSE|WEAK_EVIDENCE,team_b_states:WIDTH_PRESSURE,0,True,True,STABLE,MEDIUM|MEDIUM|MEDIUM,MEDIUM|MEDIUM|MEDIUM
mt_830976530,ligue1,BEHAVIOR_HEAVY|FORMATION_HEAVY|HIGH_SHRINKAGE|WEAK_EVIDENCE,matchup_states:BOX_PRESSURE_MATCHUP,0,True,True,STABLE,A_ADVANTAGE|A_ADVANTAGE|A_ADVANTAGE,MEDIUM_LOW|MEDIUM_LOW|MEDIUM_LOW
mt_830976530,ligue1,BEHAVIOR_HEAVY|FORMATION_HEAVY|HIGH_SHRINKAGE|WEAK_EVIDENCE,matchup_states:CONTACT_MATCHUP,1,True,True,STABLE,NEUTRAL|NEUTRAL|NEUTRAL,MEDIUM|MEDIUM|MEDIUM_LOW
mt_830976530,ligue1,BEHAVIOR_HEAVY|FORMATION_HEAVY|HIGH_SHRINKAGE|WEAK_EVIDENCE,matchup_states:CORNER_MECHANISM_MATCHUP,0,True,True,STABLE,B_ADVANTAGE|B_ADVANTAGE|B_ADVANTAGE,MEDIUM|MEDIUM|MEDIUM
mt_830976530,ligue1,BEHAVIOR_HEAVY|FORMATION_HEAVY|HIGH_SHRINKAGE|WEAK_EVIDENCE,matchup_states:SHOT_CREATION_MATCHUP,0,True,True,STABLE,NEUTRAL|NEUTRAL|NEUTRAL,MEDIUM|MEDIUM|MEDIUM
mt_830976530,ligue1,BEHAVIOR_HEAVY|FORMATION_HEAVY|HIGH_SHRINKAGE|WEAK_EVIDENCE,matchup_states:WIDE_PRESSURE_MATCHUP,0,True,True,STABLE,B_ADVANTAGE|B_ADVANTAGE|B_ADVANTAGE,MEDIUM|MEDIUM|MEDIUM
mt_830976530,ligue1,BEHAVIOR_HEAVY|FORMATION_HEAVY|HIGH_SHRINKAGE|WEAK_EVIDENCE,team_a_states:BOOKING_CONVERSION,0,True,True,STABLE,MEDIUM|MEDIUM|MEDIUM,MEDIUM|MEDIUM|MEDIUM
mt_830976530,ligue1,BEHAVIOR_HEAVY|FORMATION_HEAVY|HIGH_SHRINKAGE|WEAK_EVIDENCE,team_a_states:BOX_PRESSURE,0,True,True,STABLE,MEDIUM|MEDIUM|MEDIUM,MEDIUM|MEDIUM|MEDIUM
mt_830976530,ligue1,BEHAVIOR_HEAVY|FORMATION_HEAVY|HIGH_SHRINKAGE|WEAK_EVIDENCE,team_a_states:BOX_PROTECTION,0,True,True,STABLE,MEDIUM|MEDIUM|MEDIUM,MEDIUM|MEDIUM|MEDIUM
mt_830976530,ligue1,BEHAVIOR_HEAVY|FORMATION_HEAVY|HIGH_SHRINKAGE|WEAK_EVIDENCE,team_a_states:CLEARANCE_DEPENDENCE,0,True,True,STABLE,MEDIUM|MEDIUM|MEDIUM,MEDIUM|MEDIUM|MEDIUM
mt_830976530,ligue1,BEHAVIOR_HEAVY|FORMATION_HEAVY|HIGH_SHRINKAGE|WEAK_EVIDENCE,team_a_states:CONTACT_INTENSITY,0,True,True,STABLE,MEDIUM|MEDIUM|MEDIUM,MEDIUM|MEDIUM|MEDIUM
mt_830976530,ligue1,BEHAVIOR_HEAVY|FORMATION_HEAVY|HIGH_SHRINKAGE|WEAK_EVIDENCE,team_a_states:CORNER_CONCESSION,0,True,True,STABLE,MEDIUM|MEDIUM|MEDIUM,MEDIUM|MEDIUM|MEDIUM
mt_830976530,ligue1,BEHAVIOR_HEAVY|FORMATION_HEAVY|HIGH_SHRINKAGE|WEAK_EVIDENCE,team_a_states:CROSS_ALLOWANCE,0,True,True,STABLE,MEDIUM|MEDIUM|MEDIUM,MEDIUM|MEDIUM|MEDIUM
mt_830976530,ligue1,BEHAVIOR_HEAVY|FORMATION_HEAVY|HIGH_SHRINKAGE|WEAK_EVIDENCE,team_a_states:FOUL_DRAWING,0,True,True,STABLE,MEDIUM|MEDIUM|MEDIUM,MEDIUM|MEDIUM|MEDIUM
mt_830976530,ligue1,BEHAVIOR_HEAVY|FORMATION_HEAVY|HIGH_SHRINKAGE|WEAK_EVIDENCE,team_a_states:FOUL_TENDENCY,0,True,True,STABLE,MEDIUM|MEDIUM|MEDIUM,MEDIUM|MEDIUM|MEDIUM
mt_830976530,ligue1,BEHAVIOR_HEAVY|FORMATION_HEAVY|HIGH_SHRINKAGE|WEAK_EVIDENCE,team_a_states:SET_PIECE_GENERATION,0,True,True,STABLE,MEDIUM|MEDIUM|MEDIUM,MEDIUM|MEDIUM|MEDIUM
mt_830976530,ligue1,BEHAVIOR_HEAVY|FORMATION_HEAVY|HIGH_SHRINKAGE|WEAK_EVIDENCE,team_a_states:SHOT_SUPPRESSION,0,True,True,STABLE,MEDIUM|MEDIUM|MEDIUM,MEDIUM|MEDIUM|MEDIUM
mt_830976530,ligue1,BEHAVIOR_HEAVY|FORMATION_HEAVY|HIGH_SHRINKAGE|WEAK_EVIDENCE,team_a_states:SHOT_VOLUME,0,True,True,STABLE,MEDIUM|MEDIUM|MEDIUM,MEDIUM|MEDIUM|MEDIUM
mt_830976530,ligue1,BEHAVIOR_HEAVY|FORMATION_HEAVY|HIGH_SHRINKAGE|WEAK_EVIDENCE,team_a_states:TERRITORIAL_PRESSURE,0,True,True,STABLE,MEDIUM|MEDIUM|MEDIUM,MEDIUM|MEDIUM|MEDIUM
mt_830976530,ligue1,BEHAVIOR_HEAVY|FORMATION_HEAVY|HIGH_SHRINKAGE|WEAK_EVIDENCE,team_a_states:WIDTH_PRESSURE,0,True,True,STABLE,LOW|LOW|LOW,MEDIUM_LOW|MEDIUM_LOW|MEDIUM_LOW
mt_830976530,ligue1,BEHAVIOR_HEAVY|FORMATION_HEAVY|HIGH_SHRINKAGE|WEAK_EVIDENCE,team_b_states:BOOKING_CONVERSION,0,True,True,STABLE,MEDIUM|MEDIUM|MEDIUM,MEDIUM|MEDIUM|MEDIUM
mt_830976530,ligue1,BEHAVIOR_HEAVY|FORMATION_HEAVY|HIGH_SHRINKAGE|WEAK_EVIDENCE,team_b_states:BOX_PRESSURE,0,True,True,STABLE,MEDIUM|MEDIUM|MEDIUM,MEDIUM|MEDIUM|MEDIUM
mt_830976530,ligue1,BEHAVIOR_HEAVY|FORMATION_HEAVY|HIGH_SHRINKAGE|WEAK_EVIDENCE,team_b_states:BOX_PROTECTION,0,True,True,STABLE,LOW|LOW|LOW,MEDIUM|MEDIUM|MEDIUM
mt_830976530,ligue1,BEHAVIOR_HEAVY|FORMATION_HEAVY|HIGH_SHRINKAGE|WEAK_EVIDENCE,team_b_states:CLEARANCE_DEPENDENCE,0,True,True,STABLE,HIGH|HIGH|HIGH,MEDIUM|MEDIUM|MEDIUM
mt_830976530,ligue1,BEHAVIOR_HEAVY|FORMATION_HEAVY|HIGH_SHRINKAGE|WEAK_EVIDENCE,team_b_states:CONTACT_INTENSITY,0,True,True,STABLE,MEDIUM|MEDIUM|MEDIUM,MEDIUM|MEDIUM|MEDIUM
mt_830976530,ligue1,BEHAVIOR_HEAVY|FORMATION_HEAVY|HIGH_SHRINKAGE|WEAK_EVIDENCE,team_b_states:CORNER_CONCESSION,0,True,True,STABLE,HIGH|HIGH|HIGH,MEDIUM|MEDIUM|MEDIUM
mt_830976530,ligue1,BEHAVIOR_HEAVY|FORMATION_HEAVY|HIGH_SHRINKAGE|WEAK_EVIDENCE,team_b_states:CROSS_ALLOWANCE,0,True,True,STABLE,MEDIUM|MEDIUM|MEDIUM,MEDIUM|MEDIUM|MEDIUM
mt_830976530,ligue1,BEHAVIOR_HEAVY|FORMATION_HEAVY|HIGH_SHRINKAGE|WEAK_EVIDENCE,team_b_states:FOUL_DRAWING,0,True,True,STABLE,MEDIUM|MEDIUM|MEDIUM,MEDIUM|MEDIUM|MEDIUM
mt_830976530,ligue1,BEHAVIOR_HEAVY|FORMATION_HEAVY|HIGH_SHRINKAGE|WEAK_EVIDENCE,team_b_states:FOUL_TENDENCY,0,True,True,STABLE,MEDIUM|MEDIUM|MEDIUM,MEDIUM|MEDIUM|MEDIUM
mt_830976530,ligue1,BEHAVIOR_HEAVY|FORMATION_HEAVY|HIGH_SHRINKAGE|WEAK_EVIDENCE,team_b_states:SET_PIECE_GENERATION,0,True,True,STABLE,MEDIUM|MEDIUM|MEDIUM,MEDIUM|MEDIUM|MEDIUM
mt_830976530,ligue1,BEHAVIOR_HEAVY|FORMATION_HEAVY|HIGH_SHRINKAGE|WEAK_EVIDENCE,team_b_states:SHOT_SUPPRESSION,0,True,True,STABLE,LOW|LOW|LOW,MEDIUM|MEDIUM|MEDIUM
mt_830976530,ligue1,BEHAVIOR_HEAVY|FORMATION_HEAVY|HIGH_SHRINKAGE|WEAK_EVIDENCE,team_b_states:SHOT_VOLUME,0,True,True,STABLE,MEDIUM|MEDIUM|MEDIUM,MEDIUM|MEDIUM|MEDIUM
mt_830976530,ligue1,BEHAVIOR_HEAVY|FORMATION_HEAVY|HIGH_SHRINKAGE|WEAK_EVIDENCE,team_b_states:TERRITORIAL_PRESSURE,0,True,True,STABLE,MEDIUM|MEDIUM|MEDIUM,MEDIUM|MEDIUM|MEDIUM
mt_830976530,ligue1,BEHAVIOR_HEAVY|FORMATION_HEAVY|HIGH_SHRINKAGE|WEAK_EVIDENCE,team_b_states:WIDTH_PRESSURE,0,True,True,STABLE,HIGH|HIGH|HIGH,MEDIUM|MEDIUM|MEDIUM
mt_584193391,ligue2,BEHAVIOR_HEAVY|FORMATION_HEAVY|HIGH_SHRINKAGE|WEAK_EVIDENCE,matchup_states:BOX_PRESSURE_MATCHUP,0,True,True,STABLE,B_ADVANTAGE|B_ADVANTAGE|B_ADVANTAGE,MEDIUM_LOW|MEDIUM_LOW|MEDIUM_LOW
mt_584193391,ligue2,BEHAVIOR_HEAVY|FORMATION_HEAVY|HIGH_SHRINKAGE|WEAK_EVIDENCE,matchup_states:CONTACT_MATCHUP,0,True,True,STABLE,NEUTRAL|NEUTRAL|NEUTRAL,MEDIUM_LOW|MEDIUM_LOW|MEDIUM_LOW
mt_584193391,ligue2,BEHAVIOR_HEAVY|FORMATION_HEAVY|HIGH_SHRINKAGE|WEAK_EVIDENCE,matchup_states:CORNER_MECHANISM_MATCHUP,0,True,True,STABLE,B_ADVANTAGE|B_ADVANTAGE|B_ADVANTAGE,MEDIUM_LOW|MEDIUM_LOW|MEDIUM_LOW
mt_584193391,ligue2,BEHAVIOR_HEAVY|FORMATION_HEAVY|HIGH_SHRINKAGE|WEAK_EVIDENCE,matchup_states:SHOT_CREATION_MATCHUP,0,True,True,STABLE,B_ADVANTAGE|B_ADVANTAGE|B_ADVANTAGE,MEDIUM_LOW|MEDIUM_LOW|MEDIUM_LOW
mt_584193391,ligue2,BEHAVIOR_HEAVY|FORMATION_HEAVY|HIGH_SHRINKAGE|WEAK_EVIDENCE,matchup_states:WIDE_PRESSURE_MATCHUP,0,True,True,STABLE,NEUTRAL|NEUTRAL|NEUTRAL,MEDIUM_LOW|MEDIUM_LOW|MEDIUM_LOW
mt_584193391,ligue2,BEHAVIOR_HEAVY|FORMATION_HEAVY|HIGH_SHRINKAGE|WEAK_EVIDENCE,team_a_states:BOOKING_CONVERSION,0,True,True,STABLE,MEDIUM|MEDIUM|MEDIUM,MEDIUM_LOW|MEDIUM_LOW|MEDIUM_LOW
mt_584193391,ligue2,BEHAVIOR_HEAVY|FORMATION_HEAVY|HIGH_SHRINKAGE|WEAK_EVIDENCE,team_a_states:BOX_PRESSURE,0,True,True,STABLE,LOW|LOW|LOW,MEDIUM_LOW|MEDIUM_LOW|MEDIUM_LOW
mt_584193391,ligue2,BEHAVIOR_HEAVY|FORMATION_HEAVY|HIGH_SHRINKAGE|WEAK_EVIDENCE,team_a_states:BOX_PROTECTION,0,True,True,STABLE,LOW|LOW|LOW,MEDIUM_LOW|MEDIUM_LOW|MEDIUM_LOW
mt_584193391,ligue2,BEHAVIOR_HEAVY|FORMATION_HEAVY|HIGH_SHRINKAGE|WEAK_EVIDENCE,team_a_states:CLEARANCE_DEPENDENCE,0,True,True,STABLE,HIGH|HIGH|HIGH,MEDIUM_LOW|MEDIUM_LOW|MEDIUM_LOW
mt_584193391,ligue2,BEHAVIOR_HEAVY|FORMATION_HEAVY|HIGH_SHRINKAGE|WEAK_EVIDENCE,team_a_states:CONTACT_INTENSITY,0,True,True,STABLE,MEDIUM|MEDIUM|MEDIUM,MEDIUM_LOW|MEDIUM_LOW|MEDIUM_LOW
mt_584193391,ligue2,BEHAVIOR_HEAVY|FORMATION_HEAVY|HIGH_SHRINKAGE|WEAK_EVIDENCE,team_a_states:CORNER_CONCESSION,0,True,True,STABLE,MEDIUM|MEDIUM|MEDIUM,MEDIUM_LOW|MEDIUM_LOW|MEDIUM_LOW
mt_584193391,ligue2,BEHAVIOR_HEAVY|FORMATION_HEAVY|HIGH_SHRINKAGE|WEAK_EVIDENCE,team_a_states:CROSS_ALLOWANCE,0,True,True,STABLE,MEDIUM|MEDIUM|MEDIUM,MEDIUM_LOW|MEDIUM_LOW|MEDIUM_LOW
mt_584193391,ligue2,BEHAVIOR_HEAVY|FORMATION_HEAVY|HIGH_SHRINKAGE|WEAK_EVIDENCE,team_a_states:FOUL_DRAWING,0,False,True,STABLE,MEDIUM|MEDIUM,MEDIUM_LOW|MEDIUM_LOW
mt_584193391,ligue2,BEHAVIOR_HEAVY|FORMATION_HEAVY|HIGH_SHRINKAGE|WEAK_EVIDENCE,team_a_states:FOUL_TENDENCY,0,True,True,STABLE,MEDIUM|MEDIUM|MEDIUM,MEDIUM_LOW|MEDIUM_LOW|MEDIUM_LOW
mt_584193391,ligue2,BEHAVIOR_HEAVY|FORMATION_HEAVY|HIGH_SHRINKAGE|WEAK_EVIDENCE,team_a_states:SET_PIECE_GENERATION,0,True,True,STABLE,MEDIUM|MEDIUM|MEDIUM,MEDIUM_LOW|MEDIUM_LOW|MEDIUM_LOW
mt_584193391,ligue2,BEHAVIOR_HEAVY|FORMATION_HEAVY|HIGH_SHRINKAGE|WEAK_EVIDENCE,team_a_states:SHOT_SUPPRESSION,0,True,True,STABLE,LOW|LOW|LOW,MEDIUM_LOW|MEDIUM_LOW|MEDIUM_LOW
mt_584193391,ligue2,BEHAVIOR_HEAVY|FORMATION_HEAVY|HIGH_SHRINKAGE|WEAK_EVIDENCE,team_a_states:SHOT_VOLUME,0,True,True,STABLE,LOW|LOW|LOW,MEDIUM_LOW|MEDIUM_LOW|MEDIUM_LOW
mt_584193391,ligue2,BEHAVIOR_HEAVY|FORMATION_HEAVY|HIGH_SHRINKAGE|WEAK_EVIDENCE,team_a_states:TERRITORIAL_PRESSURE,0,True,True,STABLE,LOW|LOW|LOW,MEDIUM_LOW|MEDIUM_LOW|MEDIUM_LOW
mt_584193391,ligue2,BEHAVIOR_HEAVY|FORMATION_HEAVY|HIGH_SHRINKAGE|WEAK_EVIDENCE,team_a_states:WIDTH_PRESSURE,0,True,True,STABLE,LOW|LOW|LOW,MEDIUM_LOW|MEDIUM_LOW|MEDIUM_LOW
mt_584193391,ligue2,BEHAVIOR_HEAVY|FORMATION_HEAVY|HIGH_SHRINKAGE|WEAK_EVIDENCE,team_b_states:BOOKING_CONVERSION,0,True,True,STABLE,MEDIUM|MEDIUM|MEDIUM,MEDIUM_LOW|MEDIUM_LOW|MEDIUM_LOW
mt_584193391,ligue2,BEHAVIOR_HEAVY|FORMATION_HEAVY|HIGH_SHRINKAGE|WEAK_EVIDENCE,team_b_states:BOX_PRESSURE,0,True,True,STABLE,MEDIUM|MEDIUM|MEDIUM,MEDIUM_LOW|MEDIUM_LOW|MEDIUM_LOW
mt_584193391,ligue2,BEHAVIOR_HEAVY|FORMATION_HEAVY|HIGH_SHRINKAGE|WEAK_EVIDENCE,team_b_states:BOX_PROTECTION,0,True,True,STABLE,LOW|LOW|LOW,MEDIUM_LOW|MEDIUM_LOW|MEDIUM_LOW
mt_584193391,ligue2,BEHAVIOR_HEAVY|FORMATION_HEAVY|HIGH_SHRINKAGE|WEAK_EVIDENCE,team_b_states:CLEARANCE_DEPENDENCE,0,True,True,STABLE,HIGH|HIGH|HIGH,MEDIUM_LOW|MEDIUM_LOW|MEDIUM_LOW
mt_584193391,ligue2,BEHAVIOR_HEAVY|FORMATION_HEAVY|HIGH_SHRINKAGE|WEAK_EVIDENCE,team_b_states:CONTACT_INTENSITY,0,True,True,STABLE,MEDIUM|MEDIUM|MEDIUM,MEDIUM_LOW|MEDIUM_LOW|MEDIUM_LOW
mt_584193391,ligue2,BEHAVIOR_HEAVY|FORMATION_HEAVY|HIGH_SHRINKAGE|WEAK_EVIDENCE,team_b_states:CORNER_CONCESSION,0,True,True,STABLE,HIGH|HIGH|HIGH,MEDIUM_LOW|MEDIUM_LOW|MEDIUM_LOW
mt_584193391,ligue2,BEHAVIOR_HEAVY|FORMATION_HEAVY|HIGH_SHRINKAGE|WEAK_EVIDENCE,team_b_states:CROSS_ALLOWANCE,0,True,True,STABLE,MEDIUM|MEDIUM|MEDIUM,MEDIUM_LOW|MEDIUM_LOW|MEDIUM_LOW
mt_584193391,ligue2,BEHAVIOR_HEAVY|FORMATION_HEAVY|HIGH_SHRINKAGE|WEAK_EVIDENCE,team_b_states:FOUL_DRAWING,0,False,True,STABLE,MEDIUM|MEDIUM,MEDIUM_LOW|MEDIUM_LOW
mt_584193391,ligue2,BEHAVIOR_HEAVY|FORMATION_HEAVY|HIGH_SHRINKAGE|WEAK_EVIDENCE,team_b_states:FOUL_TENDENCY,0,True,True,STABLE,MEDIUM|MEDIUM|MEDIUM,MEDIUM_LOW|MEDIUM_LOW|MEDIUM_LOW
mt_584193391,ligue2,BEHAVIOR_HEAVY|FORMATION_HEAVY|HIGH_SHRINKAGE|WEAK_EVIDENCE,team_b_states:SET_PIECE_GENERATION,0,True,True,STABLE,MEDIUM|MEDIUM|MEDIUM,MEDIUM_LOW|MEDIUM_LOW|MEDIUM_LOW
mt_584193391,ligue2,BEHAVIOR_HEAVY|FORMATION_HEAVY|HIGH_SHRINKAGE|WEAK_EVIDENCE,team_b_states:SHOT_SUPPRESSION,0,True,True,STABLE,MEDIUM|MEDIUM|MEDIUM,MEDIUM_LOW|MEDIUM_LOW|MEDIUM_LOW
mt_584193391,ligue2,BEHAVIOR_HEAVY|FORMATION_HEAVY|HIGH_SHRINKAGE|WEAK_EVIDENCE,team_b_states:SHOT_VOLUME,0,True,True,STABLE,MEDIUM|MEDIUM|MEDIUM,MEDIUM_LOW|MEDIUM_LOW|MEDIUM_LOW
mt_584193391,ligue2,BEHAVIOR_HEAVY|FORMATION_HEAVY|HIGH_SHRINKAGE|WEAK_EVIDENCE,team_b_states:TERRITORIAL_PRESSURE,0,True,True,STABLE,MEDIUM|MEDIUM|MEDIUM,MEDIUM_LOW|MEDIUM_LOW|MEDIUM_LOW
mt_584193391,ligue2,BEHAVIOR_HEAVY|FORMATION_HEAVY|HIGH_SHRINKAGE|WEAK_EVIDENCE,team_b_states:WIDTH_PRESSURE,0,True,True,STABLE,LOW|LOW|LOW,MEDIUM_LOW|MEDIUM_LOW|MEDIUM_LOW
mt_830906938,laliga,BEHAVIOR_HEAVY|FORMATION_HEAVY|HIGH_SHRINKAGE|WEAK_EVIDENCE,matchup_states:BOX_PRESSURE_MATCHUP,0,True,True,STABLE,B_ADVANTAGE|B_ADVANTAGE|B_ADVANTAGE,MEDIUM|MEDIUM|MEDIUM
mt_830906938,laliga,BEHAVIOR_HEAVY|FORMATION_HEAVY|HIGH_SHRINKAGE|WEAK_EVIDENCE,matchup_states:CONTACT_MATCHUP,1,True,True,STABLE,NEUTRAL|NEUTRAL|NEUTRAL,MEDIUM_LOW|MEDIUM_LOW|MEDIUM
mt_830906938,laliga,BEHAVIOR_HEAVY|FORMATION_HEAVY|HIGH_SHRINKAGE|WEAK_EVIDENCE,matchup_states:CORNER_MECHANISM_MATCHUP,0,True,True,STABLE,NEUTRAL|NEUTRAL|NEUTRAL,MEDIUM|MEDIUM|MEDIUM
mt_830906938,laliga,BEHAVIOR_HEAVY|FORMATION_HEAVY|HIGH_SHRINKAGE|WEAK_EVIDENCE,matchup_states:SHOT_CREATION_MATCHUP,0,True,True,STABLE,B_ADVANTAGE|B_ADVANTAGE|B_ADVANTAGE,MEDIUM|MEDIUM|MEDIUM
mt_830906938,laliga,BEHAVIOR_HEAVY|FORMATION_HEAVY|HIGH_SHRINKAGE|WEAK_EVIDENCE,matchup_states:WIDE_PRESSURE_MATCHUP,0,True,True,STABLE,A_ADVANTAGE|A_ADVANTAGE|A_ADVANTAGE,MEDIUM|MEDIUM|MEDIUM
mt_830906938,laliga,BEHAVIOR_HEAVY|FORMATION_HEAVY|HIGH_SHRINKAGE|WEAK_EVIDENCE,team_a_states:BOOKING_CONVERSION,0,True,True,STABLE,MEDIUM|MEDIUM|MEDIUM,MEDIUM_LOW|MEDIUM_LOW|MEDIUM_LOW
mt_830906938,laliga,BEHAVIOR_HEAVY|FORMATION_HEAVY|HIGH_SHRINKAGE|WEAK_EVIDENCE,team_a_states:BOX_PRESSURE,0,True,True,STABLE,MEDIUM|MEDIUM|MEDIUM,MEDIUM|MEDIUM|MEDIUM
mt_830906938,laliga,BEHAVIOR_HEAVY|FORMATION_HEAVY|HIGH_SHRINKAGE|WEAK_EVIDENCE,team_a_states:BOX_PROTECTION,0,True,True,STABLE,MEDIUM|MEDIUM|MEDIUM,MEDIUM|MEDIUM|MEDIUM
mt_830906938,laliga,BEHAVIOR_HEAVY|FORMATION_HEAVY|HIGH_SHRINKAGE|WEAK_EVIDENCE,team_a_states:CLEARANCE_DEPENDENCE,0,True,True,STABLE,MEDIUM|MEDIUM|MEDIUM,MEDIUM|MEDIUM|MEDIUM
mt_830906938,laliga,BEHAVIOR_HEAVY|FORMATION_HEAVY|HIGH_SHRINKAGE|WEAK_EVIDENCE,team_a_states:CONTACT_INTENSITY,0,True,True,STABLE,MEDIUM|MEDIUM|MEDIUM,MEDIUM|MEDIUM|MEDIUM
mt_830906938,laliga,BEHAVIOR_HEAVY|FORMATION_HEAVY|HIGH_SHRINKAGE|WEAK_EVIDENCE,team_a_states:CORNER_CONCESSION,0,True,True,STABLE,LOW|LOW|LOW,MEDIUM|MEDIUM|MEDIUM
mt_830906938,laliga,BEHAVIOR_HEAVY|FORMATION_HEAVY|HIGH_SHRINKAGE|WEAK_EVIDENCE,team_a_states:CROSS_ALLOWANCE,0,True,True,STABLE,LOW|LOW|LOW,MEDIUM|MEDIUM|MEDIUM
mt_830906938,laliga,BEHAVIOR_HEAVY|FORMATION_HEAVY|HIGH_SHRINKAGE|WEAK_EVIDENCE,team_a_states:FOUL_DRAWING,0,True,True,STABLE,MEDIUM|MEDIUM|MEDIUM,MEDIUM|MEDIUM|MEDIUM
mt_830906938,laliga,BEHAVIOR_HEAVY|FORMATION_HEAVY|HIGH_SHRINKAGE|WEAK_EVIDENCE,team_a_states:FOUL_TENDENCY,0,True,True,STABLE,MEDIUM|MEDIUM|MEDIUM,MEDIUM|MEDIUM|MEDIUM
mt_830906938,laliga,BEHAVIOR_HEAVY|FORMATION_HEAVY|HIGH_SHRINKAGE|WEAK_EVIDENCE,team_a_states:SET_PIECE_GENERATION,0,True,True,STABLE,MEDIUM|MEDIUM|MEDIUM,MEDIUM|MEDIUM|MEDIUM
mt_830906938,laliga,BEHAVIOR_HEAVY|FORMATION_HEAVY|HIGH_SHRINKAGE|WEAK_EVIDENCE,team_a_states:SHOT_SUPPRESSION,0,True,True,STABLE,MEDIUM|MEDIUM|MEDIUM,MEDIUM|MEDIUM|MEDIUM
mt_830906938,laliga,BEHAVIOR_HEAVY|FORMATION_HEAVY|HIGH_SHRINKAGE|WEAK_EVIDENCE,team_a_states:SHOT_VOLUME,0,True,True,STABLE,MEDIUM|MEDIUM|MEDIUM,MEDIUM|MEDIUM|MEDIUM
mt_830906938,laliga,BEHAVIOR_HEAVY|FORMATION_HEAVY|HIGH_SHRINKAGE|WEAK_EVIDENCE,team_a_states:TERRITORIAL_PRESSURE,0,True,True,STABLE,HIGH|HIGH|HIGH,MEDIUM|MEDIUM|MEDIUM
mt_830906938,laliga,BEHAVIOR_HEAVY|FORMATION_HEAVY|HIGH_SHRINKAGE|WEAK_EVIDENCE,team_a_states:WIDTH_PRESSURE,0,True,True,STABLE,MEDIUM|MEDIUM|MEDIUM,MEDIUM_LOW|MEDIUM_LOW|MEDIUM_LOW
mt_830906938,laliga,BEHAVIOR_HEAVY|FORMATION_HEAVY|HIGH_SHRINKAGE|WEAK_EVIDENCE,team_b_states:BOOKING_CONVERSION,0,True,True,STABLE,LOW|LOW|LOW,MEDIUM|MEDIUM|MEDIUM
mt_830906938,laliga,BEHAVIOR_HEAVY|FORMATION_HEAVY|HIGH_SHRINKAGE|WEAK_EVIDENCE,team_b_states:BOX_PRESSURE,0,True,True,STABLE,HIGH|HIGH|HIGH,MEDIUM|MEDIUM|MEDIUM
mt_830906938,laliga,BEHAVIOR_HEAVY|FORMATION_HEAVY|HIGH_SHRINKAGE|WEAK_EVIDENCE,team_b_states:BOX_PROTECTION,0,True,True,STABLE,MEDIUM|MEDIUM|MEDIUM,MEDIUM|MEDIUM|MEDIUM
mt_830906938,laliga,BEHAVIOR_HEAVY|FORMATION_HEAVY|HIGH_SHRINKAGE|WEAK_EVIDENCE,team_b_states:CLEARANCE_DEPENDENCE,0,True,True,STABLE,MEDIUM|MEDIUM|MEDIUM,MEDIUM|MEDIUM|MEDIUM
mt_830906938,laliga,BEHAVIOR_HEAVY|FORMATION_HEAVY|HIGH_SHRINKAGE|WEAK_EVIDENCE,team_b_states:CONTACT_INTENSITY,0,True,True,STABLE,MEDIUM|MEDIUM|MEDIUM,MEDIUM|MEDIUM|MEDIUM
mt_830906938,laliga,BEHAVIOR_HEAVY|FORMATION_HEAVY|HIGH_SHRINKAGE|WEAK_EVIDENCE,team_b_states:CORNER_CONCESSION,0,True,True,STABLE,MEDIUM|MEDIUM|MEDIUM,MEDIUM|MEDIUM|MEDIUM
mt_830906938,laliga,BEHAVIOR_HEAVY|FORMATION_HEAVY|HIGH_SHRINKAGE|WEAK_EVIDENCE,team_b_states:CROSS_ALLOWANCE,0,True,True,STABLE,LOW|LOW|LOW,MEDIUM|MEDIUM|MEDIUM
mt_830906938,laliga,BEHAVIOR_HEAVY|FORMATION_HEAVY|HIGH_SHRINKAGE|WEAK_EVIDENCE,team_b_states:FOUL_DRAWING,0,True,True,STABLE,HIGH|HIGH|HIGH,MEDIUM|MEDIUM|MEDIUM
mt_830906938,laliga,BEHAVIOR_HEAVY|FORMATION_HEAVY|HIGH_SHRINKAGE|WEAK_EVIDENCE,team_b_states:FOUL_TENDENCY,0,True,True,STABLE,MEDIUM|MEDIUM|MEDIUM,MEDIUM|MEDIUM|MEDIUM
mt_830906938,laliga,BEHAVIOR_HEAVY|FORMATION_HEAVY|HIGH_SHRINKAGE|WEAK_EVIDENCE,team_b_states:SET_PIECE_GENERATION,0,True,True,STABLE,MEDIUM|MEDIUM|MEDIUM,MEDIUM|MEDIUM|MEDIUM
mt_830906938,laliga,BEHAVIOR_HEAVY|FORMATION_HEAVY|HIGH_SHRINKAGE|WEAK_EVIDENCE,team_b_states:SHOT_SUPPRESSION,0,True,True,STABLE,MEDIUM|MEDIUM|MEDIUM,MEDIUM|MEDIUM|MEDIUM
mt_830906938,laliga,BEHAVIOR_HEAVY|FORMATION_HEAVY|HIGH_SHRINKAGE|WEAK_EVIDENCE,team_b_states:SHOT_VOLUME,0,True,True,STABLE,HIGH|HIGH|HIGH,MEDIUM|MEDIUM|MEDIUM
mt_830906938,laliga,BEHAVIOR_HEAVY|FORMATION_HEAVY|HIGH_SHRINKAGE|WEAK_EVIDENCE,team_b_states:TERRITORIAL_PRESSURE,0,True,True,STABLE,HIGH|HIGH|HIGH,MEDIUM|MEDIUM|MEDIUM
mt_830906938,laliga,BEHAVIOR_HEAVY|FORMATION_HEAVY|HIGH_SHRINKAGE|WEAK_EVIDENCE,team_b_states:WIDTH_PRESSURE,0,True,True,STABLE,LOW|LOW|LOW,MEDIUM|MEDIUM|MEDIUM
mt_196039593,laliga2,BEHAVIOR_HEAVY|FORMATION_HEAVY|HIGH_SHRINKAGE|WEAK_EVIDENCE,matchup_states:BOX_PRESSURE_MATCHUP,1,True,False,STABLE,A_ADVANTAGE|A_ADVANTAGE|NEUTRAL,MEDIUM_LOW|MEDIUM_LOW|MEDIUM_LOW
mt_196039593,laliga2,BEHAVIOR_HEAVY|FORMATION_HEAVY|HIGH_SHRINKAGE|WEAK_EVIDENCE,matchup_states:CONTACT_MATCHUP,0,True,True,STABLE,NEUTRAL|NEUTRAL|NEUTRAL,MEDIUM_LOW|MEDIUM_LOW|MEDIUM_LOW
mt_196039593,laliga2,BEHAVIOR_HEAVY|FORMATION_HEAVY|HIGH_SHRINKAGE|WEAK_EVIDENCE,matchup_states:CORNER_MECHANISM_MATCHUP,0,True,True,STABLE,A_ADVANTAGE|A_ADVANTAGE|A_ADVANTAGE,MEDIUM_LOW|MEDIUM_LOW|MEDIUM_LOW
mt_196039593,laliga2,BEHAVIOR_HEAVY|FORMATION_HEAVY|HIGH_SHRINKAGE|WEAK_EVIDENCE,matchup_states:SHOT_CREATION_MATCHUP,0,True,True,STABLE,A_ADVANTAGE|A_ADVANTAGE|A_ADVANTAGE,MEDIUM_LOW|MEDIUM_LOW|MEDIUM_LOW
mt_196039593,laliga2,BEHAVIOR_HEAVY|FORMATION_HEAVY|HIGH_SHRINKAGE|WEAK_EVIDENCE,matchup_states:WIDE_PRESSURE_MATCHUP,0,True,True,STABLE,A_ADVANTAGE|A_ADVANTAGE|A_ADVANTAGE,MEDIUM_LOW|MEDIUM_LOW|MEDIUM_LOW
mt_196039593,laliga2,BEHAVIOR_HEAVY|FORMATION_HEAVY|HIGH_SHRINKAGE|WEAK_EVIDENCE,team_a_states:BOOKING_CONVERSION,0,True,True,STABLE,MEDIUM|MEDIUM|MEDIUM,MEDIUM_LOW|MEDIUM_LOW|MEDIUM_LOW
mt_196039593,laliga2,BEHAVIOR_HEAVY|FORMATION_HEAVY|HIGH_SHRINKAGE|WEAK_EVIDENCE,team_a_states:BOX_PRESSURE,0,True,True,STABLE,MEDIUM|MEDIUM|MEDIUM,MEDIUM_LOW|MEDIUM_LOW|MEDIUM_LOW
mt_196039593,laliga2,BEHAVIOR_HEAVY|FORMATION_HEAVY|HIGH_SHRINKAGE|WEAK_EVIDENCE,team_a_states:BOX_PROTECTION,0,True,True,STABLE,MEDIUM|MEDIUM|MEDIUM,MEDIUM_LOW|MEDIUM_LOW|MEDIUM_LOW
mt_196039593,laliga2,BEHAVIOR_HEAVY|FORMATION_HEAVY|HIGH_SHRINKAGE|WEAK_EVIDENCE,team_a_states:CLEARANCE_DEPENDENCE,0,True,True,STABLE,MEDIUM|MEDIUM|MEDIUM,MEDIUM_LOW|MEDIUM_LOW|MEDIUM_LOW
mt_196039593,laliga2,BEHAVIOR_HEAVY|FORMATION_HEAVY|HIGH_SHRINKAGE|WEAK_EVIDENCE,team_a_states:CONTACT_INTENSITY,0,True,True,STABLE,MEDIUM|MEDIUM|MEDIUM,MEDIUM_LOW|MEDIUM_LOW|MEDIUM_LOW
mt_196039593,laliga2,BEHAVIOR_HEAVY|FORMATION_HEAVY|HIGH_SHRINKAGE|WEAK_EVIDENCE,team_a_states:CORNER_CONCESSION,0,True,True,STABLE,LOW|LOW|LOW,MEDIUM_LOW|MEDIUM_LOW|MEDIUM_LOW
mt_196039593,laliga2,BEHAVIOR_HEAVY|FORMATION_HEAVY|HIGH_SHRINKAGE|WEAK_EVIDENCE,team_a_states:CROSS_ALLOWANCE,0,True,True,STABLE,VERY_LOW|VERY_LOW|VERY_LOW,MEDIUM_LOW|MEDIUM_LOW|MEDIUM_LOW
mt_196039593,laliga2,BEHAVIOR_HEAVY|FORMATION_HEAVY|HIGH_SHRINKAGE|WEAK_EVIDENCE,team_a_states:FOUL_DRAWING,0,True,True,STABLE,MEDIUM|MEDIUM|MEDIUM,MEDIUM_LOW|MEDIUM_LOW|MEDIUM_LOW
mt_196039593,laliga2,BEHAVIOR_HEAVY|FORMATION_HEAVY|HIGH_SHRINKAGE|WEAK_EVIDENCE,team_a_states:FOUL_TENDENCY,0,True,True,STABLE,MEDIUM|MEDIUM|MEDIUM,MEDIUM_LOW|MEDIUM_LOW|MEDIUM_LOW
mt_196039593,laliga2,BEHAVIOR_HEAVY|FORMATION_HEAVY|HIGH_SHRINKAGE|WEAK_EVIDENCE,team_a_states:SET_PIECE_GENERATION,0,True,True,STABLE,MEDIUM|MEDIUM|MEDIUM,MEDIUM_LOW|MEDIUM_LOW|MEDIUM_LOW
mt_196039593,laliga2,BEHAVIOR_HEAVY|FORMATION_HEAVY|HIGH_SHRINKAGE|WEAK_EVIDENCE,team_a_states:SHOT_SUPPRESSION,0,True,True,STABLE,HIGH|HIGH|HIGH,MEDIUM_LOW|MEDIUM_LOW|MEDIUM_LOW
mt_196039593,laliga2,BEHAVIOR_HEAVY|FORMATION_HEAVY|HIGH_SHRINKAGE|WEAK_EVIDENCE,team_a_states:SHOT_VOLUME,0,True,True,STABLE,MEDIUM|MEDIUM|MEDIUM,MEDIUM_LOW|MEDIUM_LOW|MEDIUM_LOW
mt_196039593,laliga2,BEHAVIOR_HEAVY|FORMATION_HEAVY|HIGH_SHRINKAGE|WEAK_EVIDENCE,team_a_states:TERRITORIAL_PRESSURE,0,True,True,STABLE,MEDIUM|MEDIUM|MEDIUM,MEDIUM_LOW|MEDIUM_LOW|MEDIUM_LOW
mt_196039593,laliga2,BEHAVIOR_HEAVY|FORMATION_HEAVY|HIGH_SHRINKAGE|WEAK_EVIDENCE,team_a_states:WIDTH_PRESSURE,0,True,True,STABLE,MEDIUM|MEDIUM|MEDIUM,MEDIUM_LOW|MEDIUM_LOW|MEDIUM_LOW
mt_196039593,laliga2,BEHAVIOR_HEAVY|FORMATION_HEAVY|HIGH_SHRINKAGE|WEAK_EVIDENCE,team_b_states:BOOKING_CONVERSION,0,True,True,STABLE,MEDIUM|MEDIUM|MEDIUM,MEDIUM_LOW|MEDIUM_LOW|MEDIUM_LOW
mt_196039593,laliga2,BEHAVIOR_HEAVY|FORMATION_HEAVY|HIGH_SHRINKAGE|WEAK_EVIDENCE,team_b_states:BOX_PRESSURE,0,True,True,STABLE,MEDIUM|MEDIUM|MEDIUM,MEDIUM_LOW|MEDIUM_LOW|MEDIUM_LOW
mt_196039593,laliga2,BEHAVIOR_HEAVY|FORMATION_HEAVY|HIGH_SHRINKAGE|WEAK_EVIDENCE,team_b_states:BOX_PROTECTION,0,True,True,STABLE,MEDIUM|MEDIUM|MEDIUM,MEDIUM_LOW|MEDIUM_LOW|MEDIUM_LOW
mt_196039593,laliga2,BEHAVIOR_HEAVY|FORMATION_HEAVY|HIGH_SHRINKAGE|WEAK_EVIDENCE,team_b_states:CLEARANCE_DEPENDENCE,0,True,True,STABLE,MEDIUM|MEDIUM|MEDIUM,MEDIUM_LOW|MEDIUM_LOW|MEDIUM_LOW
mt_196039593,laliga2,BEHAVIOR_HEAVY|FORMATION_HEAVY|HIGH_SHRINKAGE|WEAK_EVIDENCE,team_b_states:CONTACT_INTENSITY,0,True,True,STABLE,MEDIUM|MEDIUM|MEDIUM,MEDIUM_LOW|MEDIUM_LOW|MEDIUM_LOW
mt_196039593,laliga2,BEHAVIOR_HEAVY|FORMATION_HEAVY|HIGH_SHRINKAGE|WEAK_EVIDENCE,team_b_states:CORNER_CONCESSION,0,True,True,STABLE,MEDIUM|MEDIUM|MEDIUM,MEDIUM_LOW|MEDIUM_LOW|MEDIUM_LOW
mt_196039593,laliga2,BEHAVIOR_HEAVY|FORMATION_HEAVY|HIGH_SHRINKAGE|WEAK_EVIDENCE,team_b_states:CROSS_ALLOWANCE,0,True,True,STABLE,MEDIUM|MEDIUM|MEDIUM,MEDIUM_LOW|MEDIUM_LOW|MEDIUM_LOW
mt_196039593,laliga2,BEHAVIOR_HEAVY|FORMATION_HEAVY|HIGH_SHRINKAGE|WEAK_EVIDENCE,team_b_states:FOUL_DRAWING,0,True,True,STABLE,MEDIUM|MEDIUM|MEDIUM,MEDIUM_LOW|MEDIUM_LOW|MEDIUM_LOW
mt_196039593,laliga2,BEHAVIOR_HEAVY|FORMATION_HEAVY|HIGH_SHRINKAGE|WEAK_EVIDENCE,team_b_states:FOUL_TENDENCY,0,True,True,STABLE,MEDIUM|MEDIUM|MEDIUM,MEDIUM_LOW|MEDIUM_LOW|MEDIUM_LOW
mt_196039593,laliga2,BEHAVIOR_HEAVY|FORMATION_HEAVY|HIGH_SHRINKAGE|WEAK_EVIDENCE,team_b_states:SET_PIECE_GENERATION,0,True,True,STABLE,LOW|LOW|LOW,MEDIUM_LOW|MEDIUM_LOW|MEDIUM_LOW
mt_196039593,laliga2,BEHAVIOR_HEAVY|FORMATION_HEAVY|HIGH_SHRINKAGE|WEAK_EVIDENCE,team_b_states:SHOT_SUPPRESSION,0,True,True,STABLE,MEDIUM|MEDIUM|MEDIUM,MEDIUM_LOW|MEDIUM_LOW|MEDIUM_LOW
mt_196039593,laliga2,BEHAVIOR_HEAVY|FORMATION_HEAVY|HIGH_SHRINKAGE|WEAK_EVIDENCE,team_b_states:SHOT_VOLUME,0,True,True,STABLE,MEDIUM|MEDIUM|MEDIUM,MEDIUM_LOW|MEDIUM_LOW|MEDIUM_LOW
mt_196039593,laliga2,BEHAVIOR_HEAVY|FORMATION_HEAVY|HIGH_SHRINKAGE|WEAK_EVIDENCE,team_b_states:TERRITORIAL_PRESSURE,0,True,True,STABLE,MEDIUM|MEDIUM|MEDIUM,MEDIUM_LOW|MEDIUM_LOW|MEDIUM_LOW
mt_196039593,laliga2,BEHAVIOR_HEAVY|FORMATION_HEAVY|HIGH_SHRINKAGE|WEAK_EVIDENCE,team_b_states:WIDTH_PRESSURE,0,True,True,STABLE,LOW|LOW|LOW,MEDIUM_LOW|MEDIUM_LOW|MEDIUM_LOW
