fixture_id,competition,strata,mechanism_key,k_calls,n_present,presence_stable,status_agree,strength_agree,confidence_agree,support_ids_agree,counter_ids_agree,unknown_agree,conflicted_agree,limitations_agree,counter_search_agree,worst_severity,statuses,confidences
mt_012249215,champ,BEHAVIOR_HEAVY|FORMATION_HEAVY|HIGH_SHRINKAGE|POTENTIALLY_CONFLICTED|STRONG_EVIDENCE|TACTICAL_CLUSTER_DIVERSE|WEAK_EVIDENCE,matchup_states:BOX_PRESSURE_MATCHUP,3,3,True,True,True,True,True,True,True,True,False,True,0,UNKNOWN|UNKNOWN|UNKNOWN,UNKNOWN|UNKNOWN|UNKNOWN
mt_012249215,champ,BEHAVIOR_HEAVY|FORMATION_HEAVY|HIGH_SHRINKAGE|POTENTIALLY_CONFLICTED|STRONG_EVIDENCE|TACTICAL_CLUSTER_DIVERSE|WEAK_EVIDENCE,matchup_states:CONTACT_MATCHUP,3,3,True,True,True,True,False,True,True,True,True,True,0,NEUTRAL|NEUTRAL|NEUTRAL,MEDIUM|MEDIUM|MEDIUM
mt_012249215,champ,BEHAVIOR_HEAVY|FORMATION_HEAVY|HIGH_SHRINKAGE|POTENTIALLY_CONFLICTED|STRONG_EVIDENCE|TACTICAL_CLUSTER_DIVERSE|WEAK_EVIDENCE,matchup_states:CORNER_MECHANISM_MATCHUP,3,3,True,True,True,True,False,False,True,True,False,True,0,A_ADVANTAGE|A_ADVANTAGE|A_ADVANTAGE,MEDIUM_HIGH|MEDIUM_HIGH|MEDIUM_HIGH
mt_012249215,champ,BEHAVIOR_HEAVY|FORMATION_HEAVY|HIGH_SHRINKAGE|POTENTIALLY_CONFLICTED|STRONG_EVIDENCE|TACTICAL_CLUSTER_DIVERSE|WEAK_EVIDENCE,matchup_states:SECOND_HALF_PRESSURE_SHIFT,3,2,False,True,True,True,True,True,True,True,True,True,0,UNKNOWN|UNKNOWN,UNKNOWN|UNKNOWN
mt_012249215,champ,BEHAVIOR_HEAVY|FORMATION_HEAVY|HIGH_SHRINKAGE|POTENTIALLY_CONFLICTED|STRONG_EVIDENCE|TACTICAL_CLUSTER_DIVERSE|WEAK_EVIDENCE,matchup_states:SHOT_CREATION_MATCHUP,3,3,True,True,True,True,False,True,True,True,True,True,0,A_ADVANTAGE|A_ADVANTAGE|A_ADVANTAGE,MEDIUM_HIGH|MEDIUM_HIGH|MEDIUM_HIGH
mt_012249215,champ,BEHAVIOR_HEAVY|FORMATION_HEAVY|HIGH_SHRINKAGE|POTENTIALLY_CONFLICTED|STRONG_EVIDENCE|TACTICAL_CLUSTER_DIVERSE|WEAK_EVIDENCE,matchup_states:WIDE_PRESSURE_MATCHUP,3,3,True,False,False,True,False,False,True,True,False,True,1,NEUTRAL|NEUTRAL|A_ADVANTAGE,MEDIUM_HIGH|MEDIUM_HIGH|MEDIUM_HIGH
mt_012249215,champ,BEHAVIOR_HEAVY|FORMATION_HEAVY|HIGH_SHRINKAGE|POTENTIALLY_CONFLICTED|STRONG_EVIDENCE|TACTICAL_CLUSTER_DIVERSE|WEAK_EVIDENCE,team_a_states:BOOKING_CONVERSION,3,3,True,True,True,False,True,True,True,True,True,True,1,MEDIUM|MEDIUM|MEDIUM,HIGH|MEDIUM_HIGH|HIGH
mt_012249215,champ,BEHAVIOR_HEAVY|FORMATION_HEAVY|HIGH_SHRINKAGE|POTENTIALLY_CONFLICTED|STRONG_EVIDENCE|TACTICAL_CLUSTER_DIVERSE|WEAK_EVIDENCE,team_a_states:BOX_PRESSURE,3,3,True,True,True,True,True,True,True,True,False,True,0,UNKNOWN|UNKNOWN|UNKNOWN,UNKNOWN|UNKNOWN|UNKNOWN
mt_012249215,champ,BEHAVIOR_HEAVY|FORMATION_HEAVY|HIGH_SHRINKAGE|POTENTIALLY_CONFLICTED|STRONG_EVIDENCE|TACTICAL_CLUSTER_DIVERSE|WEAK_EVIDENCE,team_a_states:BOX_PROTECTION,3,3,True,True,True,True,True,True,True,True,False,True,0,UNKNOWN|UNKNOWN|UNKNOWN,UNKNOWN|UNKNOWN|UNKNOWN
mt_012249215,champ,BEHAVIOR_HEAVY|FORMATION_HEAVY|HIGH_SHRINKAGE|POTENTIALLY_CONFLICTED|STRONG_EVIDENCE|TACTICAL_CLUSTER_DIVERSE|WEAK_EVIDENCE,team_a_states:CLEARANCE_DEPENDENCE,3,3,True,True,True,True,True,True,True,True,True,True,0,MEDIUM|MEDIUM|MEDIUM,HIGH|HIGH|HIGH
mt_012249215,champ,BEHAVIOR_HEAVY|FORMATION_HEAVY|HIGH_SHRINKAGE|POTENTIALLY_CONFLICTED|STRONG_EVIDENCE|TACTICAL_CLUSTER_DIVERSE|WEAK_EVIDENCE,team_a_states:CONTACT_INTENSITY,3,3,True,True,True,True,True,True,True,True,True,True,0,MEDIUM|MEDIUM|MEDIUM,HIGH|HIGH|HIGH
mt_012249215,champ,BEHAVIOR_HEAVY|FORMATION_HEAVY|HIGH_SHRINKAGE|POTENTIALLY_CONFLICTED|STRONG_EVIDENCE|TACTICAL_CLUSTER_DIVERSE|WEAK_EVIDENCE,team_a_states:CORNER_CONCESSION,3,3,True,True,True,True,True,True,True,True,True,True,0,LOW|LOW|LOW,HIGH|HIGH|HIGH
mt_012249215,champ,BEHAVIOR_HEAVY|FORMATION_HEAVY|HIGH_SHRINKAGE|POTENTIALLY_CONFLICTED|STRONG_EVIDENCE|TACTICAL_CLUSTER_DIVERSE|WEAK_EVIDENCE,team_a_states:CROSS_ALLOWANCE,3,3,True,True,True,True,False,True,True,True,False,True,0,LOW|LOW|LOW,HIGH|HIGH|HIGH
mt_012249215,champ,BEHAVIOR_HEAVY|FORMATION_HEAVY|HIGH_SHRINKAGE|POTENTIALLY_CONFLICTED|STRONG_EVIDENCE|TACTICAL_CLUSTER_DIVERSE|WEAK_EVIDENCE,team_a_states:FOUL_DRAWING,3,3,True,False,False,False,False,True,False,True,True,False,4,UNKNOWN|MEDIUM|UNKNOWN,UNKNOWN|MEDIUM_HIGH|UNKNOWN
mt_012249215,champ,BEHAVIOR_HEAVY|FORMATION_HEAVY|HIGH_SHRINKAGE|POTENTIALLY_CONFLICTED|STRONG_EVIDENCE|TACTICAL_CLUSTER_DIVERSE|WEAK_EVIDENCE,team_a_states:FOUL_TENDENCY,3,3,True,True,True,True,True,True,True,True,True,True,0,MEDIUM|MEDIUM|MEDIUM,HIGH|HIGH|HIGH
mt_012249215,champ,BEHAVIOR_HEAVY|FORMATION_HEAVY|HIGH_SHRINKAGE|POTENTIALLY_CONFLICTED|STRONG_EVIDENCE|TACTICAL_CLUSTER_DIVERSE|WEAK_EVIDENCE,team_a_states:SAVE_ENVIRONMENT,3,2,False,True,True,True,True,True,True,True,True,True,0,UNKNOWN|UNKNOWN,UNKNOWN|UNKNOWN
mt_012249215,champ,BEHAVIOR_HEAVY|FORMATION_HEAVY|HIGH_SHRINKAGE|POTENTIALLY_CONFLICTED|STRONG_EVIDENCE|TACTICAL_CLUSTER_DIVERSE|WEAK_EVIDENCE,team_a_states:SECOND_HALF_ESCALATION,3,1,False,True,True,True,True,True,True,True,True,True,0,UNKNOWN,UNKNOWN
mt_012249215,champ,BEHAVIOR_HEAVY|FORMATION_HEAVY|HIGH_SHRINKAGE|POTENTIALLY_CONFLICTED|STRONG_EVIDENCE|TACTICAL_CLUSTER_DIVERSE|WEAK_EVIDENCE,team_a_states:SET_PIECE_GENERATION,3,3,True,True,True,True,True,True,True,True,True,True,0,MEDIUM|MEDIUM|MEDIUM,HIGH|HIGH|HIGH
mt_012249215,champ,BEHAVIOR_HEAVY|FORMATION_HEAVY|HIGH_SHRINKAGE|POTENTIALLY_CONFLICTED|STRONG_EVIDENCE|TACTICAL_CLUSTER_DIVERSE|WEAK_EVIDENCE,team_a_states:SHOT_QUALITY,3,3,True,False,False,False,False,True,False,True,True,False,4,UNKNOWN|MEDIUM|UNKNOWN,UNKNOWN|MEDIUM_HIGH|UNKNOWN
mt_012249215,champ,BEHAVIOR_HEAVY|FORMATION_HEAVY|HIGH_SHRINKAGE|POTENTIALLY_CONFLICTED|STRONG_EVIDENCE|TACTICAL_CLUSTER_DIVERSE|WEAK_EVIDENCE,team_a_states:SHOT_SUPPRESSION,3,3,True,True,True,True,True,True,True,True,True,True,0,MEDIUM|MEDIUM|MEDIUM,HIGH|HIGH|HIGH
mt_012249215,champ,BEHAVIOR_HEAVY|FORMATION_HEAVY|HIGH_SHRINKAGE|POTENTIALLY_CONFLICTED|STRONG_EVIDENCE|TACTICAL_CLUSTER_DIVERSE|WEAK_EVIDENCE,team_a_states:SHOT_VOLUME,3,3,True,True,True,True,True,True,True,True,True,True,0,MEDIUM|MEDIUM|MEDIUM,HIGH|HIGH|HIGH
mt_012249215,champ,BEHAVIOR_HEAVY|FORMATION_HEAVY|HIGH_SHRINKAGE|POTENTIALLY_CONFLICTED|STRONG_EVIDENCE|TACTICAL_CLUSTER_DIVERSE|WEAK_EVIDENCE,team_a_states:TERRITORIAL_PRESSURE,3,3,True,True,True,True,True,True,True,True,True,True,0,MEDIUM|MEDIUM|MEDIUM,MEDIUM_HIGH|MEDIUM_HIGH|MEDIUM_HIGH
mt_012249215,champ,BEHAVIOR_HEAVY|FORMATION_HEAVY|HIGH_SHRINKAGE|POTENTIALLY_CONFLICTED|STRONG_EVIDENCE|TACTICAL_CLUSTER_DIVERSE|WEAK_EVIDENCE,team_a_states:WIDTH_PRESSURE,3,3,True,True,True,True,False,True,True,True,False,True,0,MEDIUM|MEDIUM|MEDIUM,MEDIUM_HIGH|MEDIUM_HIGH|MEDIUM_HIGH
mt_012249215,champ,BEHAVIOR_HEAVY|FORMATION_HEAVY|HIGH_SHRINKAGE|POTENTIALLY_CONFLICTED|STRONG_EVIDENCE|TACTICAL_CLUSTER_DIVERSE|WEAK_EVIDENCE,team_b_states:BOOKING_CONVERSION,3,3,True,False,False,False,True,True,True,True,True,True,1,LOW|MEDIUM|MEDIUM,HIGH|MEDIUM_HIGH|HIGH
mt_012249215,champ,BEHAVIOR_HEAVY|FORMATION_HEAVY|HIGH_SHRINKAGE|POTENTIALLY_CONFLICTED|STRONG_EVIDENCE|TACTICAL_CLUSTER_DIVERSE|WEAK_EVIDENCE,team_b_states:BOX_PRESSURE,3,3,True,True,True,True,True,True,True,True,False,True,0,UNKNOWN|UNKNOWN|UNKNOWN,UNKNOWN|UNKNOWN|UNKNOWN
mt_012249215,champ,BEHAVIOR_HEAVY|FORMATION_HEAVY|HIGH_SHRINKAGE|POTENTIALLY_CONFLICTED|STRONG_EVIDENCE|TACTICAL_CLUSTER_DIVERSE|WEAK_EVIDENCE,team_b_states:BOX_PROTECTION,3,3,True,True,True,True,True,True,True,True,False,True,0,UNKNOWN|UNKNOWN|UNKNOWN,UNKNOWN|UNKNOWN|UNKNOWN
mt_012249215,champ,BEHAVIOR_HEAVY|FORMATION_HEAVY|HIGH_SHRINKAGE|POTENTIALLY_CONFLICTED|STRONG_EVIDENCE|TACTICAL_CLUSTER_DIVERSE|WEAK_EVIDENCE,team_b_states:CLEARANCE_DEPENDENCE,3,3,True,True,True,True,True,True,True,True,True,True,0,HIGH|HIGH|HIGH,HIGH|HIGH|HIGH
mt_012249215,champ,BEHAVIOR_HEAVY|FORMATION_HEAVY|HIGH_SHRINKAGE|POTENTIALLY_CONFLICTED|STRONG_EVIDENCE|TACTICAL_CLUSTER_DIVERSE|WEAK_EVIDENCE,team_b_states:CONTACT_INTENSITY,3,3,True,True,True,True,True,True,True,True,True,True,0,MEDIUM|MEDIUM|MEDIUM,HIGH|HIGH|HIGH
mt_012249215,champ,BEHAVIOR_HEAVY|FORMATION_HEAVY|HIGH_SHRINKAGE|POTENTIALLY_CONFLICTED|STRONG_EVIDENCE|TACTICAL_CLUSTER_DIVERSE|WEAK_EVIDENCE,team_b_states:CORNER_CONCESSION,3,3,True,True,True,True,True,True,True,True,True,True,0,MEDIUM|MEDIUM|MEDIUM,HIGH|HIGH|HIGH
mt_012249215,champ,BEHAVIOR_HEAVY|FORMATION_HEAVY|HIGH_SHRINKAGE|POTENTIALLY_CONFLICTED|STRONG_EVIDENCE|TACTICAL_CLUSTER_DIVERSE|WEAK_EVIDENCE,team_b_states:CROSS_ALLOWANCE,3,3,True,True,True,True,False,True,True,True,False,True,0,MEDIUM|MEDIUM|MEDIUM,HIGH|HIGH|HIGH
mt_012249215,champ,BEHAVIOR_HEAVY|FORMATION_HEAVY|HIGH_SHRINKAGE|POTENTIALLY_CONFLICTED|STRONG_EVIDENCE|TACTICAL_CLUSTER_DIVERSE|WEAK_EVIDENCE,team_b_states:FOUL_DRAWING,3,3,True,False,False,False,False,True,False,True,True,False,4,UNKNOWN|MEDIUM|UNKNOWN,UNKNOWN|MEDIUM_HIGH|UNKNOWN
mt_012249215,champ,BEHAVIOR_HEAVY|FORMATION_HEAVY|HIGH_SHRINKAGE|POTENTIALLY_CONFLICTED|STRONG_EVIDENCE|TACTICAL_CLUSTER_DIVERSE|WEAK_EVIDENCE,team_b_states:FOUL_TENDENCY,3,3,True,True,True,True,True,True,True,True,True,True,0,MEDIUM|MEDIUM|MEDIUM,HIGH|HIGH|HIGH
mt_012249215,champ,BEHAVIOR_HEAVY|FORMATION_HEAVY|HIGH_SHRINKAGE|POTENTIALLY_CONFLICTED|STRONG_EVIDENCE|TACTICAL_CLUSTER_DIVERSE|WEAK_EVIDENCE,team_b_states:SAVE_ENVIRONMENT,3,2,False,True,True,True,True,True,True,True,True,True,0,UNKNOWN|UNKNOWN,UNKNOWN|UNKNOWN
mt_012249215,champ,BEHAVIOR_HEAVY|FORMATION_HEAVY|HIGH_SHRINKAGE|POTENTIALLY_CONFLICTED|STRONG_EVIDENCE|TACTICAL_CLUSTER_DIVERSE|WEAK_EVIDENCE,team_b_states:SECOND_HALF_ESCALATION,3,1,False,True,True,True,True,True,True,True,True,True,0,UNKNOWN,UNKNOWN
mt_012249215,champ,BEHAVIOR_HEAVY|FORMATION_HEAVY|HIGH_SHRINKAGE|POTENTIALLY_CONFLICTED|STRONG_EVIDENCE|TACTICAL_CLUSTER_DIVERSE|WEAK_EVIDENCE,team_b_states:SET_PIECE_GENERATION,3,3,True,False,False,True,True,True,True,True,True,True,1,LOW|MEDIUM|MEDIUM,HIGH|HIGH|HIGH
mt_012249215,champ,BEHAVIOR_HEAVY|FORMATION_HEAVY|HIGH_SHRINKAGE|POTENTIALLY_CONFLICTED|STRONG_EVIDENCE|TACTICAL_CLUSTER_DIVERSE|WEAK_EVIDENCE,team_b_states:SHOT_QUALITY,3,3,True,False,False,False,False,True,False,True,True,False,4,UNKNOWN|MEDIUM|UNKNOWN,UNKNOWN|MEDIUM_HIGH|UNKNOWN
mt_012249215,champ,BEHAVIOR_HEAVY|FORMATION_HEAVY|HIGH_SHRINKAGE|POTENTIALLY_CONFLICTED|STRONG_EVIDENCE|TACTICAL_CLUSTER_DIVERSE|WEAK_EVIDENCE,team_b_states:SHOT_SUPPRESSION,3,3,True,True,True,True,True,True,True,True,True,True,0,LOW|LOW|LOW,HIGH|HIGH|HIGH
mt_012249215,champ,BEHAVIOR_HEAVY|FORMATION_HEAVY|HIGH_SHRINKAGE|POTENTIALLY_CONFLICTED|STRONG_EVIDENCE|TACTICAL_CLUSTER_DIVERSE|WEAK_EVIDENCE,team_b_states:SHOT_VOLUME,3,3,True,True,True,True,True,True,True,True,True,True,0,MEDIUM|MEDIUM|MEDIUM,HIGH|HIGH|HIGH
mt_012249215,champ,BEHAVIOR_HEAVY|FORMATION_HEAVY|HIGH_SHRINKAGE|POTENTIALLY_CONFLICTED|STRONG_EVIDENCE|TACTICAL_CLUSTER_DIVERSE|WEAK_EVIDENCE,team_b_states:TERRITORIAL_PRESSURE,3,3,True,True,True,True,True,True,True,True,True,True,0,LOW|LOW|LOW,HIGH|HIGH|HIGH
mt_012249215,champ,BEHAVIOR_HEAVY|FORMATION_HEAVY|HIGH_SHRINKAGE|POTENTIALLY_CONFLICTED|STRONG_EVIDENCE|TACTICAL_CLUSTER_DIVERSE|WEAK_EVIDENCE,team_b_states:WIDTH_PRESSURE,3,3,True,True,True,True,False,False,True,True,False,True,0,MEDIUM|MEDIUM|MEDIUM,MEDIUM_HIGH|MEDIUM_HIGH|MEDIUM_HIGH
mt_978814872,champ,BEHAVIOR_HEAVY|FORMATION_HEAVY|POTENTIALLY_CONFLICTED|SMALL_N|STRONG_EVIDENCE|WEAK_EVIDENCE,matchup_states:BOX_PRESSURE_MATCHUP,3,3,True,True,True,True,True,True,True,True,True,True,0,UNKNOWN|UNKNOWN|UNKNOWN,UNKNOWN|UNKNOWN|UNKNOWN
mt_978814872,champ,BEHAVIOR_HEAVY|FORMATION_HEAVY|POTENTIALLY_CONFLICTED|SMALL_N|STRONG_EVIDENCE|WEAK_EVIDENCE,matchup_states:CONTACT_MATCHUP,3,3,True,False,False,True,False,True,True,True,True,True,1,NEUTRAL|NEUTRAL|B_ADVANTAGE,MEDIUM|MEDIUM|MEDIUM
mt_978814872,champ,BEHAVIOR_HEAVY|FORMATION_HEAVY|POTENTIALLY_CONFLICTED|SMALL_N|STRONG_EVIDENCE|WEAK_EVIDENCE,matchup_states:CORNER_MECHANISM_MATCHUP,3,3,True,False,False,False,False,True,True,True,True,True,1,A_ADVANTAGE|A_ADVANTAGE|NEUTRAL,MEDIUM_HIGH|MEDIUM_HIGH|MEDIUM
mt_978814872,champ,BEHAVIOR_HEAVY|FORMATION_HEAVY|POTENTIALLY_CONFLICTED|SMALL_N|STRONG_EVIDENCE|WEAK_EVIDENCE,matchup_states:SHOT_CREATION_MATCHUP,3,3,True,True,True,False,False,True,True,True,True,True,1,A_ADVANTAGE|A_ADVANTAGE|A_ADVANTAGE,MEDIUM_HIGH|MEDIUM_HIGH|MEDIUM
mt_978814872,champ,BEHAVIOR_HEAVY|FORMATION_HEAVY|POTENTIALLY_CONFLICTED|SMALL_N|STRONG_EVIDENCE|WEAK_EVIDENCE,matchup_states:WIDE_PRESSURE_MATCHUP,3,3,True,True,True,False,False,True,True,True,True,True,1,B_ADVANTAGE|B_ADVANTAGE|B_ADVANTAGE,MEDIUM_HIGH|MEDIUM_HIGH|MEDIUM
mt_978814872,champ,BEHAVIOR_HEAVY|FORMATION_HEAVY|POTENTIALLY_CONFLICTED|SMALL_N|STRONG_EVIDENCE|WEAK_EVIDENCE,team_a_states:BOOKING_CONVERSION,3,3,True,True,True,True,True,True,True,True,True,True,0,MEDIUM|MEDIUM|MEDIUM,HIGH|HIGH|HIGH
mt_978814872,champ,BEHAVIOR_HEAVY|FORMATION_HEAVY|POTENTIALLY_CONFLICTED|SMALL_N|STRONG_EVIDENCE|WEAK_EVIDENCE,team_a_states:BOX_PRESSURE,3,3,True,True,True,True,True,True,True,True,True,True,0,UNKNOWN|UNKNOWN|UNKNOWN,UNKNOWN|UNKNOWN|UNKNOWN
mt_978814872,champ,BEHAVIOR_HEAVY|FORMATION_HEAVY|POTENTIALLY_CONFLICTED|SMALL_N|STRONG_EVIDENCE|WEAK_EVIDENCE,team_a_states:BOX_PROTECTION,3,3,True,True,True,True,True,True,True,True,True,True,0,UNKNOWN|UNKNOWN|UNKNOWN,UNKNOWN|UNKNOWN|UNKNOWN
mt_978814872,champ,BEHAVIOR_HEAVY|FORMATION_HEAVY|POTENTIALLY_CONFLICTED|SMALL_N|STRONG_EVIDENCE|WEAK_EVIDENCE,team_a_states:CLEARANCE_DEPENDENCE,3,3,True,True,True,True,True,True,True,True,True,True,0,MEDIUM|MEDIUM|MEDIUM,HIGH|HIGH|HIGH
mt_978814872,champ,BEHAVIOR_HEAVY|FORMATION_HEAVY|POTENTIALLY_CONFLICTED|SMALL_N|STRONG_EVIDENCE|WEAK_EVIDENCE,team_a_states:CONTACT_INTENSITY,3,3,True,True,True,True,True,True,True,True,True,True,0,MEDIUM|MEDIUM|MEDIUM,HIGH|HIGH|HIGH
mt_978814872,champ,BEHAVIOR_HEAVY|FORMATION_HEAVY|POTENTIALLY_CONFLICTED|SMALL_N|STRONG_EVIDENCE|WEAK_EVIDENCE,team_a_states:CORNER_CONCESSION,3,3,True,True,True,True,True,True,True,True,True,True,0,MEDIUM|MEDIUM|MEDIUM,HIGH|HIGH|HIGH
mt_978814872,champ,BEHAVIOR_HEAVY|FORMATION_HEAVY|POTENTIALLY_CONFLICTED|SMALL_N|STRONG_EVIDENCE|WEAK_EVIDENCE,team_a_states:CROSS_ALLOWANCE,3,3,True,True,True,True,True,True,True,True,True,True,0,MEDIUM|MEDIUM|MEDIUM,HIGH|HIGH|HIGH
mt_978814872,champ,BEHAVIOR_HEAVY|FORMATION_HEAVY|POTENTIALLY_CONFLICTED|SMALL_N|STRONG_EVIDENCE|WEAK_EVIDENCE,team_a_states:FOUL_DRAWING,3,3,True,True,True,True,True,True,True,True,True,True,0,MEDIUM|MEDIUM|MEDIUM,HIGH|HIGH|HIGH
mt_978814872,champ,BEHAVIOR_HEAVY|FORMATION_HEAVY|POTENTIALLY_CONFLICTED|SMALL_N|STRONG_EVIDENCE|WEAK_EVIDENCE,team_a_states:FOUL_TENDENCY,3,3,True,True,True,True,True,True,True,True,True,True,0,LOW|LOW|LOW,HIGH|HIGH|HIGH
mt_978814872,champ,BEHAVIOR_HEAVY|FORMATION_HEAVY|POTENTIALLY_CONFLICTED|SMALL_N|STRONG_EVIDENCE|WEAK_EVIDENCE,team_a_states:SET_PIECE_GENERATION,3,3,True,True,True,True,True,True,True,True,True,True,0,MEDIUM|MEDIUM|MEDIUM,HIGH|HIGH|HIGH
mt_978814872,champ,BEHAVIOR_HEAVY|FORMATION_HEAVY|POTENTIALLY_CONFLICTED|SMALL_N|STRONG_EVIDENCE|WEAK_EVIDENCE,team_a_states:SHOT_QUALITY,3,3,True,True,True,False,True,True,True,True,True,True,1,MEDIUM|MEDIUM|MEDIUM,MEDIUM_HIGH|MEDIUM_HIGH|MEDIUM
mt_978814872,champ,BEHAVIOR_HEAVY|FORMATION_HEAVY|POTENTIALLY_CONFLICTED|SMALL_N|STRONG_EVIDENCE|WEAK_EVIDENCE,team_a_states:SHOT_SUPPRESSION,3,3,True,True,True,True,True,True,True,True,True,True,0,MEDIUM|MEDIUM|MEDIUM,HIGH|HIGH|HIGH
mt_978814872,champ,BEHAVIOR_HEAVY|FORMATION_HEAVY|POTENTIALLY_CONFLICTED|SMALL_N|STRONG_EVIDENCE|WEAK_EVIDENCE,team_a_states:SHOT_VOLUME,3,3,True,True,True,True,True,True,True,True,True,True,0,MEDIUM|MEDIUM|MEDIUM,HIGH|HIGH|HIGH
mt_978814872,champ,BEHAVIOR_HEAVY|FORMATION_HEAVY|POTENTIALLY_CONFLICTED|SMALL_N|STRONG_EVIDENCE|WEAK_EVIDENCE,team_a_states:TERRITORIAL_PRESSURE,3,3,True,False,False,True,True,True,True,True,True,True,1,LOW|LOW|MEDIUM,MEDIUM|MEDIUM|MEDIUM
mt_978814872,champ,BEHAVIOR_HEAVY|FORMATION_HEAVY|POTENTIALLY_CONFLICTED|SMALL_N|STRONG_EVIDENCE|WEAK_EVIDENCE,team_a_states:WIDTH_PRESSURE,3,3,True,True,True,True,True,True,True,True,True,True,0,LOW|LOW|LOW,MEDIUM|MEDIUM|MEDIUM
mt_978814872,champ,BEHAVIOR_HEAVY|FORMATION_HEAVY|POTENTIALLY_CONFLICTED|SMALL_N|STRONG_EVIDENCE|WEAK_EVIDENCE,team_b_states:BOOKING_CONVERSION,3,3,True,True,True,True,True,True,True,True,True,True,0,MEDIUM|MEDIUM|MEDIUM,HIGH|HIGH|HIGH
mt_978814872,champ,BEHAVIOR_HEAVY|FORMATION_HEAVY|POTENTIALLY_CONFLICTED|SMALL_N|STRONG_EVIDENCE|WEAK_EVIDENCE,team_b_states:BOX_PRESSURE,3,3,True,True,True,True,True,True,True,True,True,True,0,UNKNOWN|UNKNOWN|UNKNOWN,UNKNOWN|UNKNOWN|UNKNOWN
mt_978814872,champ,BEHAVIOR_HEAVY|FORMATION_HEAVY|POTENTIALLY_CONFLICTED|SMALL_N|STRONG_EVIDENCE|WEAK_EVIDENCE,team_b_states:BOX_PROTECTION,3,3,True,True,True,True,True,True,True,True,True,True,0,UNKNOWN|UNKNOWN|UNKNOWN,UNKNOWN|UNKNOWN|UNKNOWN
mt_978814872,champ,BEHAVIOR_HEAVY|FORMATION_HEAVY|POTENTIALLY_CONFLICTED|SMALL_N|STRONG_EVIDENCE|WEAK_EVIDENCE,team_b_states:CLEARANCE_DEPENDENCE,3,3,True,True,True,True,True,True,True,True,True,True,0,MEDIUM|MEDIUM|MEDIUM,HIGH|HIGH|HIGH
mt_978814872,champ,BEHAVIOR_HEAVY|FORMATION_HEAVY|POTENTIALLY_CONFLICTED|SMALL_N|STRONG_EVIDENCE|WEAK_EVIDENCE,team_b_states:CONTACT_INTENSITY,3,3,True,True,True,True,True,True,True,True,True,True,0,MEDIUM|MEDIUM|MEDIUM,HIGH|HIGH|HIGH
mt_978814872,champ,BEHAVIOR_HEAVY|FORMATION_HEAVY|POTENTIALLY_CONFLICTED|SMALL_N|STRONG_EVIDENCE|WEAK_EVIDENCE,team_b_states:CORNER_CONCESSION,3,3,True,True,True,True,True,True,True,True,True,True,0,MEDIUM|MEDIUM|MEDIUM,HIGH|HIGH|HIGH
mt_978814872,champ,BEHAVIOR_HEAVY|FORMATION_HEAVY|POTENTIALLY_CONFLICTED|SMALL_N|STRONG_EVIDENCE|WEAK_EVIDENCE,team_b_states:CROSS_ALLOWANCE,3,3,True,True,True,True,True,True,True,True,True,True,0,MEDIUM|MEDIUM|MEDIUM,HIGH|HIGH|HIGH
mt_978814872,champ,BEHAVIOR_HEAVY|FORMATION_HEAVY|POTENTIALLY_CONFLICTED|SMALL_N|STRONG_EVIDENCE|WEAK_EVIDENCE,team_b_states:FOUL_DRAWING,3,3,True,True,True,True,True,True,True,True,True,True,0,LOW|LOW|LOW,HIGH|HIGH|HIGH
mt_978814872,champ,BEHAVIOR_HEAVY|FORMATION_HEAVY|POTENTIALLY_CONFLICTED|SMALL_N|STRONG_EVIDENCE|WEAK_EVIDENCE,team_b_states:FOUL_TENDENCY,3,3,True,True,True,True,True,True,True,True,True,True,0,MEDIUM|MEDIUM|MEDIUM,HIGH|HIGH|HIGH
mt_978814872,champ,BEHAVIOR_HEAVY|FORMATION_HEAVY|POTENTIALLY_CONFLICTED|SMALL_N|STRONG_EVIDENCE|WEAK_EVIDENCE,team_b_states:SET_PIECE_GENERATION,3,3,True,True,True,True,True,True,True,True,True,True,0,MEDIUM|MEDIUM|MEDIUM,HIGH|HIGH|HIGH
mt_978814872,champ,BEHAVIOR_HEAVY|FORMATION_HEAVY|POTENTIALLY_CONFLICTED|SMALL_N|STRONG_EVIDENCE|WEAK_EVIDENCE,team_b_states:SHOT_QUALITY,3,3,True,True,True,False,True,True,True,True,True,True,1,MEDIUM|MEDIUM|MEDIUM,MEDIUM_HIGH|MEDIUM_HIGH|MEDIUM
mt_978814872,champ,BEHAVIOR_HEAVY|FORMATION_HEAVY|POTENTIALLY_CONFLICTED|SMALL_N|STRONG_EVIDENCE|WEAK_EVIDENCE,team_b_states:SHOT_SUPPRESSION,3,3,True,False,False,True,True,True,True,True,True,True,1,MEDIUM|MEDIUM|HIGH,HIGH|HIGH|HIGH
mt_978814872,champ,BEHAVIOR_HEAVY|FORMATION_HEAVY|POTENTIALLY_CONFLICTED|SMALL_N|STRONG_EVIDENCE|WEAK_EVIDENCE,team_b_states:SHOT_VOLUME,3,3,True,True,True,True,True,True,True,True,True,True,0,MEDIUM|MEDIUM|MEDIUM,HIGH|HIGH|HIGH
mt_978814872,champ,BEHAVIOR_HEAVY|FORMATION_HEAVY|POTENTIALLY_CONFLICTED|SMALL_N|STRONG_EVIDENCE|WEAK_EVIDENCE,team_b_states:TERRITORIAL_PRESSURE,3,3,True,True,True,False,True,True,True,True,True,True,1,MEDIUM|MEDIUM|MEDIUM,MEDIUM_HIGH|HIGH|MEDIUM
mt_978814872,champ,BEHAVIOR_HEAVY|FORMATION_HEAVY|POTENTIALLY_CONFLICTED|SMALL_N|STRONG_EVIDENCE|WEAK_EVIDENCE,team_b_states:WIDTH_PRESSURE,3,3,True,True,True,True,True,True,True,True,True,True,0,MEDIUM|MEDIUM|MEDIUM,HIGH|HIGH|HIGH
mt_581147561,champ,BEHAVIOR_HEAVY|FORMATION_HEAVY|HIGH_SHRINKAGE|WEAK_EVIDENCE,matchup_states:BOX_PRESSURE_MATCHUP,3,2,False,True,True,True,True,True,True,True,True,True,0,A_ADVANTAGE|A_ADVANTAGE,MEDIUM_LOW|MEDIUM_LOW
mt_581147561,champ,BEHAVIOR_HEAVY|FORMATION_HEAVY|HIGH_SHRINKAGE|WEAK_EVIDENCE,matchup_states:CONTACT_MATCHUP,3,2,False,True,True,True,True,True,True,True,True,True,0,NEUTRAL|NEUTRAL,MEDIUM_LOW|MEDIUM_LOW
mt_581147561,champ,BEHAVIOR_HEAVY|FORMATION_HEAVY|HIGH_SHRINKAGE|WEAK_EVIDENCE,matchup_states:CORNER_MECHANISM_MATCHUP,3,2,False,True,True,True,True,True,True,True,True,True,0,NEUTRAL|NEUTRAL,MEDIUM_LOW|MEDIUM_LOW
mt_581147561,champ,BEHAVIOR_HEAVY|FORMATION_HEAVY|HIGH_SHRINKAGE|WEAK_EVIDENCE,matchup_states:SHOT_CREATION_MATCHUP,3,2,False,True,True,True,True,True,True,True,True,True,0,A_ADVANTAGE|A_ADVANTAGE,MEDIUM_LOW|MEDIUM_LOW
mt_581147561,champ,BEHAVIOR_HEAVY|FORMATION_HEAVY|HIGH_SHRINKAGE|WEAK_EVIDENCE,matchup_states:WIDE_PRESSURE_MATCHUP,3,2,False,True,True,True,True,True,True,True,True,True,0,NEUTRAL|NEUTRAL,MEDIUM_LOW|MEDIUM_LOW
mt_581147561,champ,BEHAVIOR_HEAVY|FORMATION_HEAVY|HIGH_SHRINKAGE|WEAK_EVIDENCE,team_a_states:BOOKING_CONVERSION,3,2,False,True,True,True,True,True,True,True,True,True,0,MEDIUM|MEDIUM,MEDIUM_LOW|MEDIUM_LOW
mt_581147561,champ,BEHAVIOR_HEAVY|FORMATION_HEAVY|HIGH_SHRINKAGE|WEAK_EVIDENCE,team_a_states:BOX_PRESSURE,3,2,False,True,True,True,True,True,True,True,True,True,0,MEDIUM|MEDIUM,MEDIUM_LOW|MEDIUM_LOW
mt_581147561,champ,BEHAVIOR_HEAVY|FORMATION_HEAVY|HIGH_SHRINKAGE|WEAK_EVIDENCE,team_a_states:BOX_PROTECTION,3,2,False,True,True,True,True,True,True,True,True,True,0,MEDIUM|MEDIUM,MEDIUM_LOW|MEDIUM_LOW
mt_581147561,champ,BEHAVIOR_HEAVY|FORMATION_HEAVY|HIGH_SHRINKAGE|WEAK_EVIDENCE,team_a_states:CLEARANCE_DEPENDENCE,3,2,False,True,True,True,True,True,True,True,True,True,0,MEDIUM|MEDIUM,MEDIUM_LOW|MEDIUM_LOW
mt_581147561,champ,BEHAVIOR_HEAVY|FORMATION_HEAVY|HIGH_SHRINKAGE|WEAK_EVIDENCE,team_a_states:CONTACT_INTENSITY,3,2,False,True,True,True,True,True,True,True,True,True,0,MEDIUM|MEDIUM,MEDIUM_LOW|MEDIUM_LOW
mt_581147561,champ,BEHAVIOR_HEAVY|FORMATION_HEAVY|HIGH_SHRINKAGE|WEAK_EVIDENCE,team_a_states:CORNER_CONCESSION,3,2,False,True,True,True,True,True,True,True,True,True,0,MEDIUM|MEDIUM,MEDIUM_LOW|MEDIUM_LOW
mt_581147561,champ,BEHAVIOR_HEAVY|FORMATION_HEAVY|HIGH_SHRINKAGE|WEAK_EVIDENCE,team_a_states:CROSS_ALLOWANCE,3,2,False,True,True,True,True,True,True,True,True,True,0,LOW|LOW,MEDIUM_LOW|MEDIUM_LOW
mt_581147561,champ,BEHAVIOR_HEAVY|FORMATION_HEAVY|HIGH_SHRINKAGE|WEAK_EVIDENCE,team_a_states:FOUL_DRAWING,3,2,False,True,True,True,True,True,True,True,True,True,0,MEDIUM|MEDIUM,MEDIUM_LOW|MEDIUM_LOW
mt_581147561,champ,BEHAVIOR_HEAVY|FORMATION_HEAVY|HIGH_SHRINKAGE|WEAK_EVIDENCE,team_a_states:FOUL_TENDENCY,3,2,False,True,True,True,True,True,True,True,True,True,0,MEDIUM|MEDIUM,MEDIUM_LOW|MEDIUM_LOW
mt_581147561,champ,BEHAVIOR_HEAVY|FORMATION_HEAVY|HIGH_SHRINKAGE|WEAK_EVIDENCE,team_a_states:SET_PIECE_GENERATION,3,2,False,True,True,True,True,True,True,True,True,True,0,MEDIUM|MEDIUM,MEDIUM_LOW|MEDIUM_LOW
mt_581147561,champ,BEHAVIOR_HEAVY|FORMATION_HEAVY|HIGH_SHRINKAGE|WEAK_EVIDENCE,team_a_states:SHOT_SUPPRESSION,3,2,False,True,True,True,True,True,True,True,True,True,0,MEDIUM|MEDIUM,MEDIUM_LOW|MEDIUM_LOW
mt_581147561,champ,BEHAVIOR_HEAVY|FORMATION_HEAVY|HIGH_SHRINKAGE|WEAK_EVIDENCE,team_a_states:SHOT_VOLUME,3,2,False,True,True,True,True,True,True,True,True,True,0,MEDIUM|MEDIUM,MEDIUM_LOW|MEDIUM_LOW
mt_581147561,champ,BEHAVIOR_HEAVY|FORMATION_HEAVY|HIGH_SHRINKAGE|WEAK_EVIDENCE,team_a_states:TERRITORIAL_PRESSURE,3,2,False,True,True,True,True,True,True,True,True,True,0,MEDIUM|MEDIUM,MEDIUM_LOW|MEDIUM_LOW
mt_581147561,champ,BEHAVIOR_HEAVY|FORMATION_HEAVY|HIGH_SHRINKAGE|WEAK_EVIDENCE,team_a_states:WIDTH_PRESSURE,3,2,False,True,True,True,True,True,True,True,True,True,0,MEDIUM|MEDIUM,MEDIUM_LOW|MEDIUM_LOW
mt_581147561,champ,BEHAVIOR_HEAVY|FORMATION_HEAVY|HIGH_SHRINKAGE|WEAK_EVIDENCE,team_b_states:BOOKING_CONVERSION,3,2,False,True,True,True,True,True,True,True,True,True,0,MEDIUM|MEDIUM,MEDIUM_LOW|MEDIUM_LOW
mt_581147561,champ,BEHAVIOR_HEAVY|FORMATION_HEAVY|HIGH_SHRINKAGE|WEAK_EVIDENCE,team_b_states:BOX_PRESSURE,3,2,False,True,True,True,True,True,True,True,True,True,0,LOW|LOW,MEDIUM_LOW|MEDIUM_LOW
mt_581147561,champ,BEHAVIOR_HEAVY|FORMATION_HEAVY|HIGH_SHRINKAGE|WEAK_EVIDENCE,team_b_states:BOX_PROTECTION,3,2,False,True,True,True,True,True,True,True,True,True,0,LOW|LOW,MEDIUM_LOW|MEDIUM_LOW
mt_581147561,champ,BEHAVIOR_HEAVY|FORMATION_HEAVY|HIGH_SHRINKAGE|WEAK_EVIDENCE,team_b_states:CLEARANCE_DEPENDENCE,3,2,False,True,True,True,True,True,True,True,True,True,0,MEDIUM|MEDIUM,MEDIUM_LOW|MEDIUM_LOW
mt_581147561,champ,BEHAVIOR_HEAVY|FORMATION_HEAVY|HIGH_SHRINKAGE|WEAK_EVIDENCE,team_b_states:CONTACT_INTENSITY,3,2,False,True,True,True,True,True,True,True,True,True,0,MEDIUM|MEDIUM,MEDIUM_LOW|MEDIUM_LOW
mt_581147561,champ,BEHAVIOR_HEAVY|FORMATION_HEAVY|HIGH_SHRINKAGE|WEAK_EVIDENCE,team_b_states:CORNER_CONCESSION,3,2,False,True,True,True,True,True,True,True,True,True,0,MEDIUM|MEDIUM,MEDIUM_LOW|MEDIUM_LOW
mt_581147561,champ,BEHAVIOR_HEAVY|FORMATION_HEAVY|HIGH_SHRINKAGE|WEAK_EVIDENCE,team_b_states:CROSS_ALLOWANCE,3,2,False,True,True,True,True,True,True,True,True,True,0,LOW|LOW,MEDIUM_LOW|MEDIUM_LOW
mt_581147561,champ,BEHAVIOR_HEAVY|FORMATION_HEAVY|HIGH_SHRINKAGE|WEAK_EVIDENCE,team_b_states:FOUL_DRAWING,3,2,False,True,True,True,True,True,True,True,True,True,0,MEDIUM|MEDIUM,MEDIUM_LOW|MEDIUM_LOW
mt_581147561,champ,BEHAVIOR_HEAVY|FORMATION_HEAVY|HIGH_SHRINKAGE|WEAK_EVIDENCE,team_b_states:FOUL_TENDENCY,3,2,False,True,True,True,True,True,True,True,True,True,0,MEDIUM|MEDIUM,MEDIUM_LOW|MEDIUM_LOW
mt_581147561,champ,BEHAVIOR_HEAVY|FORMATION_HEAVY|HIGH_SHRINKAGE|WEAK_EVIDENCE,team_b_states:SET_PIECE_GENERATION,3,2,False,True,True,True,True,True,True,True,True,True,0,MEDIUM|MEDIUM,MEDIUM_LOW|MEDIUM_LOW
mt_581147561,champ,BEHAVIOR_HEAVY|FORMATION_HEAVY|HIGH_SHRINKAGE|WEAK_EVIDENCE,team_b_states:SHOT_SUPPRESSION,3,2,False,True,True,True,True,True,True,True,True,True,0,LOW|LOW,MEDIUM_LOW|MEDIUM_LOW
mt_581147561,champ,BEHAVIOR_HEAVY|FORMATION_HEAVY|HIGH_SHRINKAGE|WEAK_EVIDENCE,team_b_states:SHOT_VOLUME,3,2,False,True,True,True,True,True,True,True,True,True,0,LOW|LOW,MEDIUM_LOW|MEDIUM_LOW
mt_581147561,champ,BEHAVIOR_HEAVY|FORMATION_HEAVY|HIGH_SHRINKAGE|WEAK_EVIDENCE,team_b_states:TERRITORIAL_PRESSURE,3,2,False,True,True,True,True,True,True,True,True,True,0,LOW|LOW,MEDIUM_LOW|MEDIUM_LOW
mt_581147561,champ,BEHAVIOR_HEAVY|FORMATION_HEAVY|HIGH_SHRINKAGE|WEAK_EVIDENCE,team_b_states:WIDTH_PRESSURE,3,2,False,True,True,True,True,True,True,True,True,True,0,LOW|LOW,MEDIUM_LOW|MEDIUM_LOW
mt_972821383,epl,BEHAVIOR_HEAVY|FORMATION_HEAVY|POTENTIALLY_CONFLICTED|SMALL_N|STRONG_EVIDENCE|TACTICAL_CLUSTER_DIVERSE|WEAK_EVIDENCE,matchup_states:BOX_PRESSURE_MATCHUP,3,3,True,True,True,True,False,True,True,True,True,True,0,A_ADVANTAGE|A_ADVANTAGE|A_ADVANTAGE,MEDIUM_HIGH|MEDIUM_HIGH|MEDIUM_HIGH
mt_972821383,epl,BEHAVIOR_HEAVY|FORMATION_HEAVY|POTENTIALLY_CONFLICTED|SMALL_N|STRONG_EVIDENCE|TACTICAL_CLUSTER_DIVERSE|WEAK_EVIDENCE,matchup_states:CONTACT_MATCHUP,3,3,True,True,True,False,False,True,True,True,True,True,1,NEUTRAL|NEUTRAL|NEUTRAL,MEDIUM_LOW|MEDIUM_LOW|MEDIUM
mt_972821383,epl,BEHAVIOR_HEAVY|FORMATION_HEAVY|POTENTIALLY_CONFLICTED|SMALL_N|STRONG_EVIDENCE|TACTICAL_CLUSTER_DIVERSE|WEAK_EVIDENCE,matchup_states:CORNER_MECHANISM_MATCHUP,3,3,True,True,True,True,False,True,True,True,True,True,0,A_ADVANTAGE|A_ADVANTAGE|A_ADVANTAGE,MEDIUM|MEDIUM|MEDIUM
mt_972821383,epl,BEHAVIOR_HEAVY|FORMATION_HEAVY|POTENTIALLY_CONFLICTED|SMALL_N|STRONG_EVIDENCE|TACTICAL_CLUSTER_DIVERSE|WEAK_EVIDENCE,matchup_states:SHOT_CREATION_MATCHUP,3,3,True,True,True,True,False,True,True,True,True,True,0,A_ADVANTAGE|A_ADVANTAGE|A_ADVANTAGE,MEDIUM_HIGH|MEDIUM_HIGH|MEDIUM_HIGH
mt_972821383,epl,BEHAVIOR_HEAVY|FORMATION_HEAVY|POTENTIALLY_CONFLICTED|SMALL_N|STRONG_EVIDENCE|TACTICAL_CLUSTER_DIVERSE|WEAK_EVIDENCE,matchup_states:WIDE_PRESSURE_MATCHUP,3,3,True,False,False,True,False,True,True,True,True,True,1,NEUTRAL|NEUTRAL|A_ADVANTAGE,MEDIUM|MEDIUM|MEDIUM
mt_972821383,epl,BEHAVIOR_HEAVY|FORMATION_HEAVY|POTENTIALLY_CONFLICTED|SMALL_N|STRONG_EVIDENCE|TACTICAL_CLUSTER_DIVERSE|WEAK_EVIDENCE,team_a_states:BOOKING_CONVERSION,3,3,True,True,True,True,True,True,True,True,True,True,0,MEDIUM|MEDIUM|MEDIUM,MEDIUM|MEDIUM|MEDIUM
mt_972821383,epl,BEHAVIOR_HEAVY|FORMATION_HEAVY|POTENTIALLY_CONFLICTED|SMALL_N|STRONG_EVIDENCE|TACTICAL_CLUSTER_DIVERSE|WEAK_EVIDENCE,team_a_states:BOX_PRESSURE,3,3,True,True,True,True,True,True,True,True,True,True,0,HIGH|HIGH|HIGH,MEDIUM_HIGH|MEDIUM_HIGH|MEDIUM_HIGH
mt_972821383,epl,BEHAVIOR_HEAVY|FORMATION_HEAVY|POTENTIALLY_CONFLICTED|SMALL_N|STRONG_EVIDENCE|TACTICAL_CLUSTER_DIVERSE|WEAK_EVIDENCE,team_a_states:BOX_PROTECTION,3,3,True,True,True,True,True,True,True,True,True,True,0,HIGH|HIGH|HIGH,MEDIUM_HIGH|MEDIUM_HIGH|MEDIUM_HIGH
mt_972821383,epl,BEHAVIOR_HEAVY|FORMATION_HEAVY|POTENTIALLY_CONFLICTED|SMALL_N|STRONG_EVIDENCE|TACTICAL_CLUSTER_DIVERSE|WEAK_EVIDENCE,team_a_states:CLEARANCE_DEPENDENCE,3,3,True,True,True,True,True,True,True,True,True,True,0,MEDIUM|MEDIUM|MEDIUM,MEDIUM|MEDIUM|MEDIUM
mt_972821383,epl,BEHAVIOR_HEAVY|FORMATION_HEAVY|POTENTIALLY_CONFLICTED|SMALL_N|STRONG_EVIDENCE|TACTICAL_CLUSTER_DIVERSE|WEAK_EVIDENCE,team_a_states:CONTACT_INTENSITY,3,3,True,True,True,True,True,True,True,True,True,True,0,MEDIUM|MEDIUM|MEDIUM,MEDIUM|MEDIUM|MEDIUM
mt_972821383,epl,BEHAVIOR_HEAVY|FORMATION_HEAVY|POTENTIALLY_CONFLICTED|SMALL_N|STRONG_EVIDENCE|TACTICAL_CLUSTER_DIVERSE|WEAK_EVIDENCE,team_a_states:CORNER_CONCESSION,3,3,True,True,True,True,True,True,True,True,True,True,0,MEDIUM|MEDIUM|MEDIUM,MEDIUM_HIGH|MEDIUM_HIGH|MEDIUM_HIGH
mt_972821383,epl,BEHAVIOR_HEAVY|FORMATION_HEAVY|POTENTIALLY_CONFLICTED|SMALL_N|STRONG_EVIDENCE|TACTICAL_CLUSTER_DIVERSE|WEAK_EVIDENCE,team_a_states:CROSS_ALLOWANCE,3,3,True,True,True,True,True,True,True,True,True,True,0,LOW|LOW|LOW,MEDIUM_HIGH|MEDIUM_HIGH|MEDIUM_HIGH
mt_972821383,epl,BEHAVIOR_HEAVY|FORMATION_HEAVY|POTENTIALLY_CONFLICTED|SMALL_N|STRONG_EVIDENCE|TACTICAL_CLUSTER_DIVERSE|WEAK_EVIDENCE,team_a_states:FOUL_DRAWING,3,3,True,True,True,True,True,True,True,True,True,True,0,MEDIUM|MEDIUM|MEDIUM,MEDIUM|MEDIUM|MEDIUM
mt_972821383,epl,BEHAVIOR_HEAVY|FORMATION_HEAVY|POTENTIALLY_CONFLICTED|SMALL_N|STRONG_EVIDENCE|TACTICAL_CLUSTER_DIVERSE|WEAK_EVIDENCE,team_a_states:FOUL_TENDENCY,3,3,True,True,True,True,True,True,True,True,True,True,0,MEDIUM|MEDIUM|MEDIUM,MEDIUM|MEDIUM|MEDIUM
mt_972821383,epl,BEHAVIOR_HEAVY|FORMATION_HEAVY|POTENTIALLY_CONFLICTED|SMALL_N|STRONG_EVIDENCE|TACTICAL_CLUSTER_DIVERSE|WEAK_EVIDENCE,team_a_states:SET_PIECE_GENERATION,3,3,True,True,True,True,True,True,True,True,True,True,0,MEDIUM|MEDIUM|MEDIUM,MEDIUM_HIGH|MEDIUM_HIGH|MEDIUM_HIGH
mt_972821383,epl,BEHAVIOR_HEAVY|FORMATION_HEAVY|POTENTIALLY_CONFLICTED|SMALL_N|STRONG_EVIDENCE|TACTICAL_CLUSTER_DIVERSE|WEAK_EVIDENCE,team_a_states:SHOT_SUPPRESSION,3,3,True,True,True,True,True,True,True,True,True,True,0,HIGH|HIGH|HIGH,MEDIUM_HIGH|MEDIUM_HIGH|MEDIUM_HIGH
mt_972821383,epl,BEHAVIOR_HEAVY|FORMATION_HEAVY|POTENTIALLY_CONFLICTED|SMALL_N|STRONG_EVIDENCE|TACTICAL_CLUSTER_DIVERSE|WEAK_EVIDENCE,team_a_states:SHOT_VOLUME,3,3,True,True,True,True,True,True,True,True,True,True,0,HIGH|HIGH|HIGH,HIGH|HIGH|HIGH
mt_972821383,epl,BEHAVIOR_HEAVY|FORMATION_HEAVY|POTENTIALLY_CONFLICTED|SMALL_N|STRONG_EVIDENCE|TACTICAL_CLUSTER_DIVERSE|WEAK_EVIDENCE,team_a_states:TERRITORIAL_PRESSURE,3,3,True,True,True,True,True,True,True,True,True,True,0,HIGH|HIGH|HIGH,MEDIUM_HIGH|MEDIUM_HIGH|MEDIUM_HIGH
mt_972821383,epl,BEHAVIOR_HEAVY|FORMATION_HEAVY|POTENTIALLY_CONFLICTED|SMALL_N|STRONG_EVIDENCE|TACTICAL_CLUSTER_DIVERSE|WEAK_EVIDENCE,team_a_states:WIDTH_PRESSURE,3,3,True,True,True,True,True,True,True,True,True,True,0,MEDIUM|MEDIUM|MEDIUM,MEDIUM|MEDIUM|MEDIUM
mt_972821383,epl,BEHAVIOR_HEAVY|FORMATION_HEAVY|POTENTIALLY_CONFLICTED|SMALL_N|STRONG_EVIDENCE|TACTICAL_CLUSTER_DIVERSE|WEAK_EVIDENCE,team_b_states:BOOKING_CONVERSION,3,3,True,True,True,True,True,True,True,True,True,True,0,MEDIUM|MEDIUM|MEDIUM,MEDIUM|MEDIUM|MEDIUM
mt_972821383,epl,BEHAVIOR_HEAVY|FORMATION_HEAVY|POTENTIALLY_CONFLICTED|SMALL_N|STRONG_EVIDENCE|TACTICAL_CLUSTER_DIVERSE|WEAK_EVIDENCE,team_b_states:BOX_PRESSURE,3,3,True,True,True,True,True,True,True,True,True,True,0,MEDIUM|MEDIUM|MEDIUM,MEDIUM|MEDIUM|MEDIUM
mt_972821383,epl,BEHAVIOR_HEAVY|FORMATION_HEAVY|POTENTIALLY_CONFLICTED|SMALL_N|STRONG_EVIDENCE|TACTICAL_CLUSTER_DIVERSE|WEAK_EVIDENCE,team_b_states:BOX_PROTECTION,3,3,True,True,True,True,True,True,True,True,True,True,0,LOW|LOW|LOW,MEDIUM|MEDIUM|MEDIUM
mt_972821383,epl,BEHAVIOR_HEAVY|FORMATION_HEAVY|POTENTIALLY_CONFLICTED|SMALL_N|STRONG_EVIDENCE|TACTICAL_CLUSTER_DIVERSE|WEAK_EVIDENCE,team_b_states:CLEARANCE_DEPENDENCE,3,3,True,True,True,True,True,True,True,True,True,True,0,HIGH|HIGH|HIGH,MEDIUM_HIGH|MEDIUM_HIGH|MEDIUM_HIGH
mt_972821383,epl,BEHAVIOR_HEAVY|FORMATION_HEAVY|POTENTIALLY_CONFLICTED|SMALL_N|STRONG_EVIDENCE|TACTICAL_CLUSTER_DIVERSE|WEAK_EVIDENCE,team_b_states:CONTACT_INTENSITY,3,3,True,True,True,True,True,True,True,True,True,True,0,MEDIUM|MEDIUM|MEDIUM,MEDIUM|MEDIUM|MEDIUM
mt_972821383,epl,BEHAVIOR_HEAVY|FORMATION_HEAVY|POTENTIALLY_CONFLICTED|SMALL_N|STRONG_EVIDENCE|TACTICAL_CLUSTER_DIVERSE|WEAK_EVIDENCE,team_b_states:CORNER_CONCESSION,3,3,True,True,True,True,True,True,True,True,True,True,0,MEDIUM|MEDIUM|MEDIUM,MEDIUM_HIGH|MEDIUM_HIGH|MEDIUM_HIGH
mt_972821383,epl,BEHAVIOR_HEAVY|FORMATION_HEAVY|POTENTIALLY_CONFLICTED|SMALL_N|STRONG_EVIDENCE|TACTICAL_CLUSTER_DIVERSE|WEAK_EVIDENCE,team_b_states:CROSS_ALLOWANCE,3,3,True,False,False,True,True,True,True,True,True,True,1,MEDIUM|MEDIUM|HIGH,MEDIUM_HIGH|MEDIUM_HIGH|MEDIUM_HIGH
mt_972821383,epl,BEHAVIOR_HEAVY|FORMATION_HEAVY|POTENTIALLY_CONFLICTED|SMALL_N|STRONG_EVIDENCE|TACTICAL_CLUSTER_DIVERSE|WEAK_EVIDENCE,team_b_states:FOUL_DRAWING,3,3,True,True,True,True,True,True,True,True,True,True,0,MEDIUM|MEDIUM|MEDIUM,MEDIUM|MEDIUM|MEDIUM
mt_972821383,epl,BEHAVIOR_HEAVY|FORMATION_HEAVY|POTENTIALLY_CONFLICTED|SMALL_N|STRONG_EVIDENCE|TACTICAL_CLUSTER_DIVERSE|WEAK_EVIDENCE,team_b_states:FOUL_TENDENCY,3,3,True,True,True,True,True,True,True,True,True,True,0,MEDIUM|MEDIUM|MEDIUM,MEDIUM|MEDIUM|MEDIUM
mt_972821383,epl,BEHAVIOR_HEAVY|FORMATION_HEAVY|POTENTIALLY_CONFLICTED|SMALL_N|STRONG_EVIDENCE|TACTICAL_CLUSTER_DIVERSE|WEAK_EVIDENCE,team_b_states:SET_PIECE_GENERATION,3,3,True,True,True,True,True,True,True,True,True,True,0,LOW|LOW|LOW,MEDIUM_HIGH|MEDIUM_HIGH|MEDIUM_HIGH
mt_972821383,epl,BEHAVIOR_HEAVY|FORMATION_HEAVY|POTENTIALLY_CONFLICTED|SMALL_N|STRONG_EVIDENCE|TACTICAL_CLUSTER_DIVERSE|WEAK_EVIDENCE,team_b_states:SHOT_SUPPRESSION,3,3,True,True,True,True,True,True,True,True,True,True,0,LOW|LOW|LOW,MEDIUM|MEDIUM|MEDIUM
mt_972821383,epl,BEHAVIOR_HEAVY|FORMATION_HEAVY|POTENTIALLY_CONFLICTED|SMALL_N|STRONG_EVIDENCE|TACTICAL_CLUSTER_DIVERSE|WEAK_EVIDENCE,team_b_states:SHOT_VOLUME,3,3,True,True,True,True,True,True,True,True,True,True,0,MEDIUM|MEDIUM|MEDIUM,MEDIUM_HIGH|MEDIUM_HIGH|MEDIUM_HIGH
mt_972821383,epl,BEHAVIOR_HEAVY|FORMATION_HEAVY|POTENTIALLY_CONFLICTED|SMALL_N|STRONG_EVIDENCE|TACTICAL_CLUSTER_DIVERSE|WEAK_EVIDENCE,team_b_states:TERRITORIAL_PRESSURE,3,3,True,True,True,True,True,True,True,True,True,True,0,MEDIUM|MEDIUM|MEDIUM,MEDIUM|MEDIUM|MEDIUM
mt_972821383,epl,BEHAVIOR_HEAVY|FORMATION_HEAVY|POTENTIALLY_CONFLICTED|SMALL_N|STRONG_EVIDENCE|TACTICAL_CLUSTER_DIVERSE|WEAK_EVIDENCE,team_b_states:WIDTH_PRESSURE,3,3,True,True,True,True,True,True,True,True,True,True,0,MEDIUM|MEDIUM|MEDIUM,MEDIUM|MEDIUM|MEDIUM
mt_629495329,laliga,BEHAVIOR_HEAVY|FORMATION_HEAVY|HIGH_SHRINKAGE|WEAK_EVIDENCE,matchup_states:BOX_PRESSURE_MATCHUP,3,3,True,False,False,False,False,False,True,True,False,True,1,B_ADVANTAGE|STRONG_B_ADVANTAGE|B_ADVANTAGE,MEDIUM_HIGH|MEDIUM|MEDIUM
mt_629495329,laliga,BEHAVIOR_HEAVY|FORMATION_HEAVY|HIGH_SHRINKAGE|WEAK_EVIDENCE,matchup_states:CONTACT_MATCHUP,3,3,True,True,True,True,False,True,True,True,False,True,0,NEUTRAL|NEUTRAL|NEUTRAL,MEDIUM|MEDIUM|MEDIUM
mt_629495329,laliga,BEHAVIOR_HEAVY|FORMATION_HEAVY|HIGH_SHRINKAGE|WEAK_EVIDENCE,matchup_states:CORNER_MECHANISM_MATCHUP,3,3,True,True,True,True,True,True,True,True,False,True,0,NEUTRAL|NEUTRAL|NEUTRAL,MEDIUM|MEDIUM|MEDIUM
mt_629495329,laliga,BEHAVIOR_HEAVY|FORMATION_HEAVY|HIGH_SHRINKAGE|WEAK_EVIDENCE,matchup_states:SHOT_CREATION_MATCHUP,3,3,True,False,False,False,False,False,True,True,False,True,1,B_ADVANTAGE|STRONG_B_ADVANTAGE|B_ADVANTAGE,MEDIUM_HIGH|MEDIUM|MEDIUM
mt_629495329,laliga,BEHAVIOR_HEAVY|FORMATION_HEAVY|HIGH_SHRINKAGE|WEAK_EVIDENCE,matchup_states:WIDE_PRESSURE_MATCHUP,3,3,True,True,True,True,False,False,True,True,False,True,0,A_ADVANTAGE|A_ADVANTAGE|A_ADVANTAGE,MEDIUM|MEDIUM|MEDIUM
mt_629495329,laliga,BEHAVIOR_HEAVY|FORMATION_HEAVY|HIGH_SHRINKAGE|WEAK_EVIDENCE,team_a_states:BOOKING_CONVERSION,3,3,True,True,True,True,True,True,True,True,False,True,0,MEDIUM|MEDIUM|MEDIUM,MEDIUM|MEDIUM|MEDIUM
mt_629495329,laliga,BEHAVIOR_HEAVY|FORMATION_HEAVY|HIGH_SHRINKAGE|WEAK_EVIDENCE,team_a_states:BOX_PRESSURE,3,3,True,False,False,True,True,True,True,True,False,True,1,MEDIUM|LOW|LOW,MEDIUM|MEDIUM|MEDIUM
mt_629495329,laliga,BEHAVIOR_HEAVY|FORMATION_HEAVY|HIGH_SHRINKAGE|WEAK_EVIDENCE,team_a_states:BOX_PROTECTION,3,3,True,True,True,True,True,True,True,True,False,True,0,LOW|LOW|LOW,MEDIUM|MEDIUM|MEDIUM
mt_629495329,laliga,BEHAVIOR_HEAVY|FORMATION_HEAVY|HIGH_SHRINKAGE|WEAK_EVIDENCE,team_a_states:CLEARANCE_DEPENDENCE,3,3,True,False,False,True,False,True,True,True,False,True,1,HIGH|HIGH|MEDIUM,MEDIUM|MEDIUM|MEDIUM
mt_629495329,laliga,BEHAVIOR_HEAVY|FORMATION_HEAVY|HIGH_SHRINKAGE|WEAK_EVIDENCE,team_a_states:CONTACT_INTENSITY,3,3,True,True,True,True,False,True,True,True,False,True,0,MEDIUM|MEDIUM|MEDIUM,MEDIUM|MEDIUM|MEDIUM
mt_629495329,laliga,BEHAVIOR_HEAVY|FORMATION_HEAVY|HIGH_SHRINKAGE|WEAK_EVIDENCE,team_a_states:CORNER_CONCESSION,3,3,True,True,True,True,False,True,True,True,False,True,0,MEDIUM|MEDIUM|MEDIUM,MEDIUM|MEDIUM|MEDIUM
mt_629495329,laliga,BEHAVIOR_HEAVY|FORMATION_HEAVY|HIGH_SHRINKAGE|WEAK_EVIDENCE,team_a_states:CROSS_ALLOWANCE,3,3,True,True,True,True,True,True,True,True,False,True,0,LOW|LOW|LOW,MEDIUM|MEDIUM|MEDIUM
mt_629495329,laliga,BEHAVIOR_HEAVY|FORMATION_HEAVY|HIGH_SHRINKAGE|WEAK_EVIDENCE,team_a_states:FOUL_DRAWING,3,2,False,True,True,True,True,True,True,True,False,True,0,MEDIUM|MEDIUM,MEDIUM|MEDIUM
mt_629495329,laliga,BEHAVIOR_HEAVY|FORMATION_HEAVY|HIGH_SHRINKAGE|WEAK_EVIDENCE,team_a_states:FOUL_TENDENCY,3,3,True,True,True,True,False,True,True,True,False,True,0,MEDIUM|MEDIUM|MEDIUM,MEDIUM|MEDIUM|MEDIUM
mt_629495329,laliga,BEHAVIOR_HEAVY|FORMATION_HEAVY|HIGH_SHRINKAGE|WEAK_EVIDENCE,team_a_states:SET_PIECE_GENERATION,3,3,True,True,True,True,False,True,True,True,False,True,0,MEDIUM|MEDIUM|MEDIUM,MEDIUM|MEDIUM|MEDIUM
mt_629495329,laliga,BEHAVIOR_HEAVY|FORMATION_HEAVY|HIGH_SHRINKAGE|WEAK_EVIDENCE,team_a_states:SHOT_SUPPRESSION,3,3,True,True,True,True,True,True,True,True,False,True,0,LOW|LOW|LOW,MEDIUM|MEDIUM|MEDIUM
mt_629495329,laliga,BEHAVIOR_HEAVY|FORMATION_HEAVY|HIGH_SHRINKAGE|WEAK_EVIDENCE,team_a_states:SHOT_VOLUME,3,3,True,False,False,True,True,True,True,True,False,True,1,MEDIUM|LOW|LOW,MEDIUM|MEDIUM|MEDIUM
mt_629495329,laliga,BEHAVIOR_HEAVY|FORMATION_HEAVY|HIGH_SHRINKAGE|WEAK_EVIDENCE,team_a_states:TERRITORIAL_PRESSURE,3,3,True,False,False,True,False,True,True,True,False,True,1,MEDIUM|LOW|LOW,MEDIUM|MEDIUM|MEDIUM
mt_629495329,laliga,BEHAVIOR_HEAVY|FORMATION_HEAVY|HIGH_SHRINKAGE|WEAK_EVIDENCE,team_a_states:WIDTH_PRESSURE,3,3,True,True,True,True,False,True,True,True,False,True,0,HIGH|HIGH|HIGH,MEDIUM|MEDIUM|MEDIUM
mt_629495329,laliga,BEHAVIOR_HEAVY|FORMATION_HEAVY|HIGH_SHRINKAGE|WEAK_EVIDENCE,team_b_states:BOOKING_CONVERSION,3,3,True,True,True,True,True,True,True,True,False,True,0,MEDIUM|MEDIUM|MEDIUM,MEDIUM|MEDIUM|MEDIUM
mt_629495329,laliga,BEHAVIOR_HEAVY|FORMATION_HEAVY|HIGH_SHRINKAGE|WEAK_EVIDENCE,team_b_states:BOX_PRESSURE,3,3,True,False,False,False,False,True,True,True,False,True,1,VERY_HIGH|VERY_HIGH|HIGH,MEDIUM_HIGH|MEDIUM|MEDIUM
mt_629495329,laliga,BEHAVIOR_HEAVY|FORMATION_HEAVY|HIGH_SHRINKAGE|WEAK_EVIDENCE,team_b_states:BOX_PROTECTION,3,3,True,False,False,True,True,True,True,True,False,True,1,MEDIUM|MEDIUM|LOW,MEDIUM|MEDIUM|MEDIUM
mt_629495329,laliga,BEHAVIOR_HEAVY|FORMATION_HEAVY|HIGH_SHRINKAGE|WEAK_EVIDENCE,team_b_states:CLEARANCE_DEPENDENCE,3,3,True,True,True,True,False,True,True,True,False,True,0,MEDIUM|MEDIUM|MEDIUM,MEDIUM|MEDIUM|MEDIUM
mt_629495329,laliga,BEHAVIOR_HEAVY|FORMATION_HEAVY|HIGH_SHRINKAGE|WEAK_EVIDENCE,team_b_states:CONTACT_INTENSITY,3,3,True,True,True,True,False,True,True,True,False,True,0,MEDIUM|MEDIUM|MEDIUM,MEDIUM|MEDIUM|MEDIUM
mt_629495329,laliga,BEHAVIOR_HEAVY|FORMATION_HEAVY|HIGH_SHRINKAGE|WEAK_EVIDENCE,team_b_states:CORNER_CONCESSION,3,3,True,True,True,True,False,True,True,True,False,True,0,MEDIUM|MEDIUM|MEDIUM,MEDIUM|MEDIUM|MEDIUM
mt_629495329,laliga,BEHAVIOR_HEAVY|FORMATION_HEAVY|HIGH_SHRINKAGE|WEAK_EVIDENCE,team_b_states:CROSS_ALLOWANCE,3,3,True,True,True,True,True,True,True,True,False,True,0,LOW|LOW|LOW,MEDIUM|MEDIUM|MEDIUM
mt_629495329,laliga,BEHAVIOR_HEAVY|FORMATION_HEAVY|HIGH_SHRINKAGE|WEAK_EVIDENCE,team_b_states:FOUL_DRAWING,3,2,False,True,True,True,True,True,True,True,False,True,0,HIGH|HIGH,MEDIUM|MEDIUM
mt_629495329,laliga,BEHAVIOR_HEAVY|FORMATION_HEAVY|HIGH_SHRINKAGE|WEAK_EVIDENCE,team_b_states:FOUL_TENDENCY,3,3,True,False,False,True,False,True,True,True,False,True,1,MEDIUM|LOW|LOW,MEDIUM|MEDIUM|MEDIUM
mt_629495329,laliga,BEHAVIOR_HEAVY|FORMATION_HEAVY|HIGH_SHRINKAGE|WEAK_EVIDENCE,team_b_states:SET_PIECE_GENERATION,3,3,True,True,True,True,False,True,True,True,False,True,0,MEDIUM|MEDIUM|MEDIUM,MEDIUM|MEDIUM|MEDIUM
mt_629495329,laliga,BEHAVIOR_HEAVY|FORMATION_HEAVY|HIGH_SHRINKAGE|WEAK_EVIDENCE,team_b_states:SHOT_SUPPRESSION,3,3,True,False,False,True,True,True,True,True,False,True,1,HIGH|HIGH|MEDIUM,MEDIUM|MEDIUM|MEDIUM
mt_629495329,laliga,BEHAVIOR_HEAVY|FORMATION_HEAVY|HIGH_SHRINKAGE|WEAK_EVIDENCE,team_b_states:SHOT_VOLUME,3,3,True,True,True,False,True,True,True,True,False,True,1,HIGH|HIGH|HIGH,MEDIUM_HIGH|MEDIUM|MEDIUM
mt_629495329,laliga,BEHAVIOR_HEAVY|FORMATION_HEAVY|HIGH_SHRINKAGE|WEAK_EVIDENCE,team_b_states:TERRITORIAL_PRESSURE,3,3,True,False,False,False,False,True,True,True,False,True,1,VERY_HIGH|VERY_HIGH|HIGH,MEDIUM_HIGH|MEDIUM|MEDIUM
mt_629495329,laliga,BEHAVIOR_HEAVY|FORMATION_HEAVY|HIGH_SHRINKAGE|WEAK_EVIDENCE,team_b_states:WIDTH_PRESSURE,3,3,True,False,False,True,False,True,True,True,False,True,1,MEDIUM|LOW|LOW,MEDIUM|MEDIUM|MEDIUM
mt_408750625,laliga2,BEHAVIOR_HEAVY|FORMATION_HEAVY|HIGH_SHRINKAGE|WEAK_EVIDENCE,matchup_states:BOX_PRESSURE_MATCHUP,3,3,True,True,True,True,False,False,True,True,False,True,0,A_ADVANTAGE|A_ADVANTAGE|A_ADVANTAGE,MEDIUM|MEDIUM|MEDIUM
mt_408750625,laliga2,BEHAVIOR_HEAVY|FORMATION_HEAVY|HIGH_SHRINKAGE|WEAK_EVIDENCE,matchup_states:CONTACT_MATCHUP,3,3,True,False,False,False,False,False,True,True,False,True,1,NEUTRAL|A_ADVANTAGE|NEUTRAL,MEDIUM_LOW|MEDIUM|MEDIUM
mt_408750625,laliga2,BEHAVIOR_HEAVY|FORMATION_HEAVY|HIGH_SHRINKAGE|WEAK_EVIDENCE,matchup_states:CORNER_MECHANISM_MATCHUP,3,3,True,False,False,False,False,False,True,True,False,True,1,B_ADVANTAGE|B_ADVANTAGE|NEUTRAL,MEDIUM_LOW|MEDIUM|MEDIUM
mt_408750625,laliga2,BEHAVIOR_HEAVY|FORMATION_HEAVY|HIGH_SHRINKAGE|WEAK_EVIDENCE,matchup_states:SHOT_CREATION_MATCHUP,3,3,True,False,False,True,False,False,True,True,False,True,1,A_ADVANTAGE|NEUTRAL|NEUTRAL,MEDIUM|MEDIUM|MEDIUM
mt_408750625,laliga2,BEHAVIOR_HEAVY|FORMATION_HEAVY|HIGH_SHRINKAGE|WEAK_EVIDENCE,matchup_states:WIDE_PRESSURE_MATCHUP,3,3,True,True,True,True,False,False,True,True,False,True,0,A_ADVANTAGE|A_ADVANTAGE|A_ADVANTAGE,MEDIUM|MEDIUM|MEDIUM
mt_408750625,laliga2,BEHAVIOR_HEAVY|FORMATION_HEAVY|HIGH_SHRINKAGE|WEAK_EVIDENCE,team_a_states:BOOKING_CONVERSION,3,3,True,False,False,True,True,True,True,True,False,True,1,HIGH|HIGH|MEDIUM,MEDIUM|MEDIUM|MEDIUM
mt_408750625,laliga2,BEHAVIOR_HEAVY|FORMATION_HEAVY|HIGH_SHRINKAGE|WEAK_EVIDENCE,team_a_states:BOX_PRESSURE,3,3,True,True,True,True,True,True,True,True,False,True,0,MEDIUM|MEDIUM|MEDIUM,MEDIUM|MEDIUM|MEDIUM
mt_408750625,laliga2,BEHAVIOR_HEAVY|FORMATION_HEAVY|HIGH_SHRINKAGE|WEAK_EVIDENCE,team_a_states:BOX_PROTECTION,3,3,True,True,True,True,True,True,True,True,False,True,0,MEDIUM|MEDIUM|MEDIUM,MEDIUM|MEDIUM|MEDIUM
mt_408750625,laliga2,BEHAVIOR_HEAVY|FORMATION_HEAVY|HIGH_SHRINKAGE|WEAK_EVIDENCE,team_a_states:CLEARANCE_DEPENDENCE,3,3,True,True,True,True,False,True,True,True,False,True,0,MEDIUM|MEDIUM|MEDIUM,MEDIUM|MEDIUM|MEDIUM
mt_408750625,laliga2,BEHAVIOR_HEAVY|FORMATION_HEAVY|HIGH_SHRINKAGE|WEAK_EVIDENCE,team_a_states:CONTACT_INTENSITY,3,3,True,True,True,True,True,True,True,True,False,True,0,MEDIUM|MEDIUM|MEDIUM,MEDIUM|MEDIUM|MEDIUM
mt_408750625,laliga2,BEHAVIOR_HEAVY|FORMATION_HEAVY|HIGH_SHRINKAGE|WEAK_EVIDENCE,team_a_states:CORNER_CONCESSION,3,3,True,True,True,True,False,True,True,True,False,True,0,MEDIUM|MEDIUM|MEDIUM,MEDIUM|MEDIUM|MEDIUM
mt_408750625,laliga2,BEHAVIOR_HEAVY|FORMATION_HEAVY|HIGH_SHRINKAGE|WEAK_EVIDENCE,team_a_states:CROSS_ALLOWANCE,3,3,True,False,False,True,True,True,True,True,False,True,1,VERY_LOW|VERY_LOW|LOW,MEDIUM|MEDIUM|MEDIUM
mt_408750625,laliga2,BEHAVIOR_HEAVY|FORMATION_HEAVY|HIGH_SHRINKAGE|WEAK_EVIDENCE,team_a_states:FOUL_DRAWING,3,3,True,True,True,True,True,True,True,True,False,True,0,MEDIUM|MEDIUM|MEDIUM,MEDIUM|MEDIUM|MEDIUM
mt_408750625,laliga2,BEHAVIOR_HEAVY|FORMATION_HEAVY|HIGH_SHRINKAGE|WEAK_EVIDENCE,team_a_states:FOUL_TENDENCY,3,3,True,False,False,True,True,True,True,True,False,True,1,HIGH|HIGH|MEDIUM,MEDIUM|MEDIUM|MEDIUM
mt_408750625,laliga2,BEHAVIOR_HEAVY|FORMATION_HEAVY|HIGH_SHRINKAGE|WEAK_EVIDENCE,team_a_states:SET_PIECE_GENERATION,3,3,True,True,True,True,False,True,True,True,False,True,0,MEDIUM|MEDIUM|MEDIUM,MEDIUM|MEDIUM|MEDIUM
mt_408750625,laliga2,BEHAVIOR_HEAVY|FORMATION_HEAVY|HIGH_SHRINKAGE|WEAK_EVIDENCE,team_a_states:SHOT_SUPPRESSION,3,3,True,True,True,True,False,True,True,True,False,True,0,MEDIUM|MEDIUM|MEDIUM,MEDIUM|MEDIUM|MEDIUM
mt_408750625,laliga2,BEHAVIOR_HEAVY|FORMATION_HEAVY|HIGH_SHRINKAGE|WEAK_EVIDENCE,team_a_states:SHOT_VOLUME,3,3,True,True,True,True,True,True,True,True,False,True,0,MEDIUM|MEDIUM|MEDIUM,MEDIUM|MEDIUM|MEDIUM
mt_408750625,laliga2,BEHAVIOR_HEAVY|FORMATION_HEAVY|HIGH_SHRINKAGE|WEAK_EVIDENCE,team_a_states:TERRITORIAL_PRESSURE,3,3,True,True,True,True,True,True,True,True,False,True,0,MEDIUM|MEDIUM|MEDIUM,MEDIUM|MEDIUM|MEDIUM
mt_408750625,laliga2,BEHAVIOR_HEAVY|FORMATION_HEAVY|HIGH_SHRINKAGE|WEAK_EVIDENCE,team_a_states:WIDTH_PRESSURE,3,3,True,True,True,True,True,True,True,True,False,True,0,HIGH|HIGH|HIGH,MEDIUM|MEDIUM|MEDIUM
mt_408750625,laliga2,BEHAVIOR_HEAVY|FORMATION_HEAVY|HIGH_SHRINKAGE|WEAK_EVIDENCE,team_b_states:BOOKING_CONVERSION,3,3,True,True,True,True,True,True,True,True,False,True,0,MEDIUM|MEDIUM|MEDIUM,MEDIUM|MEDIUM|MEDIUM
mt_408750625,laliga2,BEHAVIOR_HEAVY|FORMATION_HEAVY|HIGH_SHRINKAGE|WEAK_EVIDENCE,team_b_states:BOX_PRESSURE,3,3,True,True,True,True,True,True,True,True,False,True,0,MEDIUM|MEDIUM|MEDIUM,MEDIUM|MEDIUM|MEDIUM
mt_408750625,laliga2,BEHAVIOR_HEAVY|FORMATION_HEAVY|HIGH_SHRINKAGE|WEAK_EVIDENCE,team_b_states:BOX_PROTECTION,3,3,True,True,True,True,True,True,True,True,False,True,0,MEDIUM|MEDIUM|MEDIUM,MEDIUM|MEDIUM|MEDIUM
mt_408750625,laliga2,BEHAVIOR_HEAVY|FORMATION_HEAVY|HIGH_SHRINKAGE|WEAK_EVIDENCE,team_b_states:CLEARANCE_DEPENDENCE,3,3,True,True,True,True,True,True,True,True,False,True,0,HIGH|HIGH|HIGH,MEDIUM|MEDIUM|MEDIUM
mt_408750625,laliga2,BEHAVIOR_HEAVY|FORMATION_HEAVY|HIGH_SHRINKAGE|WEAK_EVIDENCE,team_b_states:CONTACT_INTENSITY,3,3,True,True,True,True,True,True,True,True,False,True,0,MEDIUM|MEDIUM|MEDIUM,MEDIUM|MEDIUM|MEDIUM
mt_408750625,laliga2,BEHAVIOR_HEAVY|FORMATION_HEAVY|HIGH_SHRINKAGE|WEAK_EVIDENCE,team_b_states:CORNER_CONCESSION,3,3,True,True,True,True,False,True,True,True,False,True,0,MEDIUM|MEDIUM|MEDIUM,MEDIUM|MEDIUM|MEDIUM
mt_408750625,laliga2,BEHAVIOR_HEAVY|FORMATION_HEAVY|HIGH_SHRINKAGE|WEAK_EVIDENCE,team_b_states:CROSS_ALLOWANCE,3,3,True,False,False,True,True,True,True,True,False,True,1,VERY_LOW|VERY_LOW|LOW,MEDIUM|MEDIUM|MEDIUM
mt_408750625,laliga2,BEHAVIOR_HEAVY|FORMATION_HEAVY|HIGH_SHRINKAGE|WEAK_EVIDENCE,team_b_states:FOUL_DRAWING,3,3,True,True,True,True,True,True,True,True,False,True,0,MEDIUM|MEDIUM|MEDIUM,MEDIUM|MEDIUM|MEDIUM
mt_408750625,laliga2,BEHAVIOR_HEAVY|FORMATION_HEAVY|HIGH_SHRINKAGE|WEAK_EVIDENCE,team_b_states:FOUL_TENDENCY,3,3,True,True,True,True,True,True,True,True,False,True,0,MEDIUM|MEDIUM|MEDIUM,MEDIUM|MEDIUM|MEDIUM
mt_408750625,laliga2,BEHAVIOR_HEAVY|FORMATION_HEAVY|HIGH_SHRINKAGE|WEAK_EVIDENCE,team_b_states:SET_PIECE_GENERATION,3,3,True,True,True,True,False,True,True,True,False,True,0,MEDIUM|MEDIUM|MEDIUM,MEDIUM|MEDIUM|MEDIUM
mt_408750625,laliga2,BEHAVIOR_HEAVY|FORMATION_HEAVY|HIGH_SHRINKAGE|WEAK_EVIDENCE,team_b_states:SHOT_SUPPRESSION,3,3,True,True,True,True,False,True,True,True,False,True,0,MEDIUM|MEDIUM|MEDIUM,MEDIUM|MEDIUM|MEDIUM
mt_408750625,laliga2,BEHAVIOR_HEAVY|FORMATION_HEAVY|HIGH_SHRINKAGE|WEAK_EVIDENCE,team_b_states:SHOT_VOLUME,3,3,True,True,True,True,True,True,True,True,False,True,0,MEDIUM|MEDIUM|MEDIUM,MEDIUM|MEDIUM|MEDIUM
mt_408750625,laliga2,BEHAVIOR_HEAVY|FORMATION_HEAVY|HIGH_SHRINKAGE|WEAK_EVIDENCE,team_b_states:TERRITORIAL_PRESSURE,3,3,True,True,True,True,True,True,True,True,False,True,0,MEDIUM|MEDIUM|MEDIUM,MEDIUM|MEDIUM|MEDIUM
mt_408750625,laliga2,BEHAVIOR_HEAVY|FORMATION_HEAVY|HIGH_SHRINKAGE|WEAK_EVIDENCE,team_b_states:WIDTH_PRESSURE,3,3,True,True,True,True,True,True,True,True,False,True,0,MEDIUM|MEDIUM|MEDIUM,MEDIUM|MEDIUM|MEDIUM
mt_584193286,ligue1,BEHAVIOR_HEAVY|FORMATION_HEAVY|HIGH_SHRINKAGE|WEAK_EVIDENCE,matchup_states:BOX_PRESSURE_MATCHUP,3,3,True,True,True,True,True,True,True,True,True,True,0,B_ADVANTAGE|B_ADVANTAGE|B_ADVANTAGE,MEDIUM|MEDIUM|MEDIUM
mt_584193286,ligue1,BEHAVIOR_HEAVY|FORMATION_HEAVY|HIGH_SHRINKAGE|WEAK_EVIDENCE,matchup_states:CONTACT_MATCHUP,3,3,True,True,True,True,False,True,True,True,True,True,0,NEUTRAL|NEUTRAL|NEUTRAL,MEDIUM|MEDIUM|MEDIUM
mt_584193286,ligue1,BEHAVIOR_HEAVY|FORMATION_HEAVY|HIGH_SHRINKAGE|WEAK_EVIDENCE,matchup_states:CORNER_MECHANISM_MATCHUP,3,3,True,True,True,True,False,True,True,True,True,True,0,B_ADVANTAGE|B_ADVANTAGE|B_ADVANTAGE,MEDIUM|MEDIUM|MEDIUM
mt_584193286,ligue1,BEHAVIOR_HEAVY|FORMATION_HEAVY|HIGH_SHRINKAGE|WEAK_EVIDENCE,matchup_states:SHOT_CREATION_MATCHUP,3,3,True,True,True,True,False,True,True,True,True,True,0,B_ADVANTAGE|B_ADVANTAGE|B_ADVANTAGE,MEDIUM|MEDIUM|MEDIUM
mt_584193286,ligue1,BEHAVIOR_HEAVY|FORMATION_HEAVY|HIGH_SHRINKAGE|WEAK_EVIDENCE,matchup_states:WIDE_PRESSURE_MATCHUP,3,3,True,True,True,True,False,True,True,True,True,True,0,B_ADVANTAGE|B_ADVANTAGE|B_ADVANTAGE,MEDIUM|MEDIUM|MEDIUM
mt_584193286,ligue1,BEHAVIOR_HEAVY|FORMATION_HEAVY|HIGH_SHRINKAGE|WEAK_EVIDENCE,team_a_states:BOOKING_CONVERSION,3,3,True,True,True,True,True,True,True,True,True,True,0,MEDIUM|MEDIUM|MEDIUM,MEDIUM|MEDIUM|MEDIUM
mt_584193286,ligue1,BEHAVIOR_HEAVY|FORMATION_HEAVY|HIGH_SHRINKAGE|WEAK_EVIDENCE,team_a_states:BOX_PRESSURE,3,3,True,True,True,True,True,True,True,True,True,True,0,MEDIUM|MEDIUM|MEDIUM,MEDIUM|MEDIUM|MEDIUM
mt_584193286,ligue1,BEHAVIOR_HEAVY|FORMATION_HEAVY|HIGH_SHRINKAGE|WEAK_EVIDENCE,team_a_states:BOX_PROTECTION,3,3,True,True,True,True,True,True,True,True,True,True,0,HIGH|HIGH|HIGH,MEDIUM|MEDIUM|MEDIUM
mt_584193286,ligue1,BEHAVIOR_HEAVY|FORMATION_HEAVY|HIGH_SHRINKAGE|WEAK_EVIDENCE,team_a_states:CLEARANCE_DEPENDENCE,3,3,True,True,True,True,True,True,True,True,True,True,0,MEDIUM|MEDIUM|MEDIUM,MEDIUM|MEDIUM|MEDIUM
mt_584193286,ligue1,BEHAVIOR_HEAVY|FORMATION_HEAVY|HIGH_SHRINKAGE|WEAK_EVIDENCE,team_a_states:CONTACT_INTENSITY,3,3,True,True,True,True,False,True,True,True,True,True,0,MEDIUM|MEDIUM|MEDIUM,MEDIUM|MEDIUM|MEDIUM
mt_584193286,ligue1,BEHAVIOR_HEAVY|FORMATION_HEAVY|HIGH_SHRINKAGE|WEAK_EVIDENCE,team_a_states:CORNER_CONCESSION,3,3,True,True,True,True,True,True,True,True,True,True,0,MEDIUM|MEDIUM|MEDIUM,MEDIUM|MEDIUM|MEDIUM
mt_584193286,ligue1,BEHAVIOR_HEAVY|FORMATION_HEAVY|HIGH_SHRINKAGE|WEAK_EVIDENCE,team_a_states:CROSS_ALLOWANCE,3,3,True,True,True,True,True,True,True,True,True,True,0,LOW|LOW|LOW,MEDIUM|MEDIUM|MEDIUM
mt_584193286,ligue1,BEHAVIOR_HEAVY|FORMATION_HEAVY|HIGH_SHRINKAGE|WEAK_EVIDENCE,team_a_states:FOUL_DRAWING,3,2,False,True,True,True,True,True,True,True,True,True,0,MEDIUM|MEDIUM,MEDIUM|MEDIUM
mt_584193286,ligue1,BEHAVIOR_HEAVY|FORMATION_HEAVY|HIGH_SHRINKAGE|WEAK_EVIDENCE,team_a_states:FOUL_TENDENCY,3,3,True,True,True,True,True,True,True,True,True,True,0,MEDIUM|MEDIUM|MEDIUM,MEDIUM|MEDIUM|MEDIUM
mt_584193286,ligue1,BEHAVIOR_HEAVY|FORMATION_HEAVY|HIGH_SHRINKAGE|WEAK_EVIDENCE,team_a_states:SET_PIECE_GENERATION,3,3,True,True,True,True,True,True,True,True,True,True,0,MEDIUM|MEDIUM|MEDIUM,MEDIUM|MEDIUM|MEDIUM
mt_584193286,ligue1,BEHAVIOR_HEAVY|FORMATION_HEAVY|HIGH_SHRINKAGE|WEAK_EVIDENCE,team_a_states:SHOT_SUPPRESSION,3,3,True,True,True,True,True,True,True,True,True,True,0,HIGH|HIGH|HIGH,MEDIUM|MEDIUM|MEDIUM
mt_584193286,ligue1,BEHAVIOR_HEAVY|FORMATION_HEAVY|HIGH_SHRINKAGE|WEAK_EVIDENCE,team_a_states:SHOT_VOLUME,3,3,True,True,True,True,True,True,True,True,True,True,0,MEDIUM|MEDIUM|MEDIUM,MEDIUM|MEDIUM|MEDIUM
mt_584193286,ligue1,BEHAVIOR_HEAVY|FORMATION_HEAVY|HIGH_SHRINKAGE|WEAK_EVIDENCE,team_a_states:TERRITORIAL_PRESSURE,3,3,True,True,True,True,True,True,True,True,True,True,0,MEDIUM|MEDIUM|MEDIUM,MEDIUM|MEDIUM|MEDIUM
mt_584193286,ligue1,BEHAVIOR_HEAVY|FORMATION_HEAVY|HIGH_SHRINKAGE|WEAK_EVIDENCE,team_a_states:WIDTH_PRESSURE,3,3,True,True,True,False,True,True,True,True,True,True,1,LOW|LOW|LOW,MEDIUM|MEDIUM_LOW|MEDIUM
mt_584193286,ligue1,BEHAVIOR_HEAVY|FORMATION_HEAVY|HIGH_SHRINKAGE|WEAK_EVIDENCE,team_b_states:BOOKING_CONVERSION,3,3,True,True,True,True,True,True,True,True,True,True,0,LOW|LOW|LOW,MEDIUM|MEDIUM|MEDIUM
mt_584193286,ligue1,BEHAVIOR_HEAVY|FORMATION_HEAVY|HIGH_SHRINKAGE|WEAK_EVIDENCE,team_b_states:BOX_PRESSURE,3,3,True,True,True,True,True,True,True,True,True,True,0,HIGH|HIGH|HIGH,MEDIUM|MEDIUM|MEDIUM
mt_584193286,ligue1,BEHAVIOR_HEAVY|FORMATION_HEAVY|HIGH_SHRINKAGE|WEAK_EVIDENCE,team_b_states:BOX_PROTECTION,3,3,True,True,True,True,True,True,True,True,True,True,0,HIGH|HIGH|HIGH,MEDIUM|MEDIUM|MEDIUM
mt_584193286,ligue1,BEHAVIOR_HEAVY|FORMATION_HEAVY|HIGH_SHRINKAGE|WEAK_EVIDENCE,team_b_states:CLEARANCE_DEPENDENCE,3,3,True,True,True,True,True,True,True,True,True,True,0,LOW|LOW|LOW,MEDIUM|MEDIUM|MEDIUM
mt_584193286,ligue1,BEHAVIOR_HEAVY|FORMATION_HEAVY|HIGH_SHRINKAGE|WEAK_EVIDENCE,team_b_states:CONTACT_INTENSITY,3,3,True,True,True,True,False,True,True,True,True,True,0,MEDIUM|MEDIUM|MEDIUM,MEDIUM|MEDIUM|MEDIUM
mt_584193286,ligue1,BEHAVIOR_HEAVY|FORMATION_HEAVY|HIGH_SHRINKAGE|WEAK_EVIDENCE,team_b_states:CORNER_CONCESSION,3,3,True,True,True,True,True,True,True,True,True,True,0,LOW|LOW|LOW,MEDIUM|MEDIUM|MEDIUM
mt_584193286,ligue1,BEHAVIOR_HEAVY|FORMATION_HEAVY|HIGH_SHRINKAGE|WEAK_EVIDENCE,team_b_states:CROSS_ALLOWANCE,3,3,True,True,True,True,True,True,True,True,True,True,0,LOW|LOW|LOW,MEDIUM|MEDIUM|MEDIUM
mt_584193286,ligue1,BEHAVIOR_HEAVY|FORMATION_HEAVY|HIGH_SHRINKAGE|WEAK_EVIDENCE,team_b_states:FOUL_DRAWING,3,2,False,True,True,True,True,True,True,True,True,True,0,LOW|LOW,MEDIUM|MEDIUM
mt_584193286,ligue1,BEHAVIOR_HEAVY|FORMATION_HEAVY|HIGH_SHRINKAGE|WEAK_EVIDENCE,team_b_states:FOUL_TENDENCY,3,3,True,True,True,True,True,True,True,True,True,True,0,LOW|LOW|LOW,MEDIUM|MEDIUM|MEDIUM
mt_584193286,ligue1,BEHAVIOR_HEAVY|FORMATION_HEAVY|HIGH_SHRINKAGE|WEAK_EVIDENCE,team_b_states:SET_PIECE_GENERATION,3,3,True,True,True,True,True,True,True,True,True,True,0,HIGH|HIGH|HIGH,MEDIUM|MEDIUM|MEDIUM
mt_584193286,ligue1,BEHAVIOR_HEAVY|FORMATION_HEAVY|HIGH_SHRINKAGE|WEAK_EVIDENCE,team_b_states:SHOT_SUPPRESSION,3,3,True,True,True,True,True,True,True,True,True,True,0,HIGH|HIGH|HIGH,MEDIUM|MEDIUM|MEDIUM
mt_584193286,ligue1,BEHAVIOR_HEAVY|FORMATION_HEAVY|HIGH_SHRINKAGE|WEAK_EVIDENCE,team_b_states:SHOT_VOLUME,3,3,True,True,True,True,True,True,True,True,True,True,0,HIGH|HIGH|HIGH,MEDIUM|MEDIUM|MEDIUM
mt_584193286,ligue1,BEHAVIOR_HEAVY|FORMATION_HEAVY|HIGH_SHRINKAGE|WEAK_EVIDENCE,team_b_states:TERRITORIAL_PRESSURE,3,3,True,True,True,True,True,True,True,True,True,True,0,HIGH|HIGH|HIGH,MEDIUM|MEDIUM|MEDIUM
mt_584193286,ligue1,BEHAVIOR_HEAVY|FORMATION_HEAVY|HIGH_SHRINKAGE|WEAK_EVIDENCE,team_b_states:WIDTH_PRESSURE,3,3,True,True,True,True,True,True,True,True,True,True,0,MEDIUM|MEDIUM|MEDIUM,MEDIUM|MEDIUM|MEDIUM
mt_257018883,ligue2,BEHAVIOR_HEAVY|FORMATION_HEAVY|HIGH_SHRINKAGE|SMALL_N|WEAK_EVIDENCE,matchup_states:BOX_PRESSURE_MATCHUP,3,3,True,True,True,True,True,True,True,True,True,True,0,A_ADVANTAGE|A_ADVANTAGE|A_ADVANTAGE,MEDIUM_LOW|MEDIUM_LOW|MEDIUM_LOW
mt_257018883,ligue2,BEHAVIOR_HEAVY|FORMATION_HEAVY|HIGH_SHRINKAGE|SMALL_N|WEAK_EVIDENCE,matchup_states:CONTACT_MATCHUP,3,3,True,True,True,True,False,True,True,True,True,True,0,NEUTRAL|NEUTRAL|NEUTRAL,MEDIUM_LOW|MEDIUM_LOW|MEDIUM_LOW
mt_257018883,ligue2,BEHAVIOR_HEAVY|FORMATION_HEAVY|HIGH_SHRINKAGE|SMALL_N|WEAK_EVIDENCE,matchup_states:CORNER_MECHANISM_MATCHUP,3,3,True,True,True,True,False,True,True,True,True,True,0,A_ADVANTAGE|A_ADVANTAGE|A_ADVANTAGE,MEDIUM_LOW|MEDIUM_LOW|MEDIUM_LOW
mt_257018883,ligue2,BEHAVIOR_HEAVY|FORMATION_HEAVY|HIGH_SHRINKAGE|SMALL_N|WEAK_EVIDENCE,matchup_states:SHOT_CREATION_MATCHUP,3,3,True,True,True,True,True,True,True,True,True,True,0,NEUTRAL|NEUTRAL|NEUTRAL,MEDIUM_LOW|MEDIUM_LOW|MEDIUM_LOW
mt_257018883,ligue2,BEHAVIOR_HEAVY|FORMATION_HEAVY|HIGH_SHRINKAGE|SMALL_N|WEAK_EVIDENCE,matchup_states:WIDE_PRESSURE_MATCHUP,3,3,True,True,True,True,True,True,True,True,True,True,0,A_ADVANTAGE|A_ADVANTAGE|A_ADVANTAGE,MEDIUM_LOW|MEDIUM_LOW|MEDIUM_LOW
mt_257018883,ligue2,BEHAVIOR_HEAVY|FORMATION_HEAVY|HIGH_SHRINKAGE|SMALL_N|WEAK_EVIDENCE,team_a_states:BOOKING_CONVERSION,3,3,True,True,True,True,True,True,True,True,True,True,0,MEDIUM|MEDIUM|MEDIUM,MEDIUM_LOW|MEDIUM_LOW|MEDIUM_LOW
mt_257018883,ligue2,BEHAVIOR_HEAVY|FORMATION_HEAVY|HIGH_SHRINKAGE|SMALL_N|WEAK_EVIDENCE,team_a_states:BOX_PRESSURE,3,3,True,True,True,True,True,True,True,True,True,True,0,MEDIUM|MEDIUM|MEDIUM,MEDIUM_LOW|MEDIUM_LOW|MEDIUM_LOW
mt_257018883,ligue2,BEHAVIOR_HEAVY|FORMATION_HEAVY|HIGH_SHRINKAGE|SMALL_N|WEAK_EVIDENCE,team_a_states:BOX_PROTECTION,3,3,True,False,False,True,True,True,True,True,True,True,1,HIGH|MEDIUM|HIGH,MEDIUM_LOW|MEDIUM_LOW|MEDIUM_LOW
mt_257018883,ligue2,BEHAVIOR_HEAVY|FORMATION_HEAVY|HIGH_SHRINKAGE|SMALL_N|WEAK_EVIDENCE,team_a_states:CLEARANCE_DEPENDENCE,3,3,True,True,True,True,True,True,True,True,True,True,0,MEDIUM|MEDIUM|MEDIUM,MEDIUM_LOW|MEDIUM_LOW|MEDIUM_LOW
mt_257018883,ligue2,BEHAVIOR_HEAVY|FORMATION_HEAVY|HIGH_SHRINKAGE|SMALL_N|WEAK_EVIDENCE,team_a_states:CONTACT_INTENSITY,3,3,True,True,True,True,True,True,True,True,True,True,0,MEDIUM|MEDIUM|MEDIUM,MEDIUM_LOW|MEDIUM_LOW|MEDIUM_LOW
mt_257018883,ligue2,BEHAVIOR_HEAVY|FORMATION_HEAVY|HIGH_SHRINKAGE|SMALL_N|WEAK_EVIDENCE,team_a_states:CORNER_CONCESSION,3,3,True,True,True,False,True,True,True,True,True,True,1,LOW|LOW|LOW,MEDIUM_LOW|MEDIUM|MEDIUM_LOW
mt_257018883,ligue2,BEHAVIOR_HEAVY|FORMATION_HEAVY|HIGH_SHRINKAGE|SMALL_N|WEAK_EVIDENCE,team_a_states:CROSS_ALLOWANCE,3,3,True,False,False,False,True,True,True,True,True,True,1,VERY_LOW|LOW|VERY_LOW,MEDIUM_LOW|MEDIUM|MEDIUM_LOW
mt_257018883,ligue2,BEHAVIOR_HEAVY|FORMATION_HEAVY|HIGH_SHRINKAGE|SMALL_N|WEAK_EVIDENCE,team_a_states:FOUL_DRAWING,3,3,True,True,True,True,True,True,True,True,True,True,0,MEDIUM|MEDIUM|MEDIUM,MEDIUM_LOW|MEDIUM_LOW|MEDIUM_LOW
mt_257018883,ligue2,BEHAVIOR_HEAVY|FORMATION_HEAVY|HIGH_SHRINKAGE|SMALL_N|WEAK_EVIDENCE,team_a_states:FOUL_TENDENCY,3,3,True,True,True,True,False,True,True,True,True,True,0,MEDIUM|MEDIUM|MEDIUM,MEDIUM_LOW|MEDIUM_LOW|MEDIUM_LOW
mt_257018883,ligue2,BEHAVIOR_HEAVY|FORMATION_HEAVY|HIGH_SHRINKAGE|SMALL_N|WEAK_EVIDENCE,team_a_states:SET_PIECE_GENERATION,3,3,True,True,True,True,True,True,True,True,True,True,0,MEDIUM|MEDIUM|MEDIUM,MEDIUM_LOW|MEDIUM_LOW|MEDIUM_LOW
mt_257018883,ligue2,BEHAVIOR_HEAVY|FORMATION_HEAVY|HIGH_SHRINKAGE|SMALL_N|WEAK_EVIDENCE,team_a_states:SHOT_SUPPRESSION,3,3,True,False,False,True,True,True,True,True,True,True,1,HIGH|MEDIUM|HIGH,MEDIUM_LOW|MEDIUM_LOW|MEDIUM_LOW
mt_257018883,ligue2,BEHAVIOR_HEAVY|FORMATION_HEAVY|HIGH_SHRINKAGE|SMALL_N|WEAK_EVIDENCE,team_a_states:SHOT_VOLUME,3,3,True,True,True,True,True,True,True,True,True,True,0,MEDIUM|MEDIUM|MEDIUM,MEDIUM_LOW|MEDIUM_LOW|MEDIUM_LOW
mt_257018883,ligue2,BEHAVIOR_HEAVY|FORMATION_HEAVY|HIGH_SHRINKAGE|SMALL_N|WEAK_EVIDENCE,team_a_states:TERRITORIAL_PRESSURE,3,3,True,True,True,True,True,True,True,True,True,True,0,MEDIUM|MEDIUM|MEDIUM,MEDIUM_LOW|MEDIUM_LOW|MEDIUM_LOW
mt_257018883,ligue2,BEHAVIOR_HEAVY|FORMATION_HEAVY|HIGH_SHRINKAGE|SMALL_N|WEAK_EVIDENCE,team_a_states:WIDTH_PRESSURE,3,3,True,True,True,True,True,True,True,True,True,True,0,MEDIUM|MEDIUM|MEDIUM,MEDIUM_LOW|MEDIUM_LOW|MEDIUM_LOW
mt_257018883,ligue2,BEHAVIOR_HEAVY|FORMATION_HEAVY|HIGH_SHRINKAGE|SMALL_N|WEAK_EVIDENCE,team_b_states:BOOKING_CONVERSION,3,3,True,True,True,True,True,True,True,True,True,True,0,MEDIUM|MEDIUM|MEDIUM,MEDIUM_LOW|MEDIUM_LOW|MEDIUM_LOW
mt_257018883,ligue2,BEHAVIOR_HEAVY|FORMATION_HEAVY|HIGH_SHRINKAGE|SMALL_N|WEAK_EVIDENCE,team_b_states:BOX_PRESSURE,3,3,True,True,True,True,True,True,True,True,True,True,0,LOW|LOW|LOW,MEDIUM_LOW|MEDIUM_LOW|MEDIUM_LOW
mt_257018883,ligue2,BEHAVIOR_HEAVY|FORMATION_HEAVY|HIGH_SHRINKAGE|SMALL_N|WEAK_EVIDENCE,team_b_states:BOX_PROTECTION,3,3,True,True,True,True,True,True,True,True,True,True,0,MEDIUM|MEDIUM|MEDIUM,MEDIUM_LOW|MEDIUM_LOW|MEDIUM_LOW
mt_257018883,ligue2,BEHAVIOR_HEAVY|FORMATION_HEAVY|HIGH_SHRINKAGE|SMALL_N|WEAK_EVIDENCE,team_b_states:CLEARANCE_DEPENDENCE,3,3,True,False,False,True,True,True,True,True,True,True,1,HIGH|MEDIUM|HIGH,MEDIUM_LOW|MEDIUM_LOW|MEDIUM_LOW
mt_257018883,ligue2,BEHAVIOR_HEAVY|FORMATION_HEAVY|HIGH_SHRINKAGE|SMALL_N|WEAK_EVIDENCE,team_b_states:CONTACT_INTENSITY,3,3,True,True,True,True,True,True,True,True,True,True,0,MEDIUM|MEDIUM|MEDIUM,MEDIUM_LOW|MEDIUM_LOW|MEDIUM_LOW
mt_257018883,ligue2,BEHAVIOR_HEAVY|FORMATION_HEAVY|HIGH_SHRINKAGE|SMALL_N|WEAK_EVIDENCE,team_b_states:CORNER_CONCESSION,3,3,True,True,True,True,True,True,True,True,True,True,0,MEDIUM|MEDIUM|MEDIUM,MEDIUM_LOW|MEDIUM_LOW|MEDIUM_LOW
mt_257018883,ligue2,BEHAVIOR_HEAVY|FORMATION_HEAVY|HIGH_SHRINKAGE|SMALL_N|WEAK_EVIDENCE,team_b_states:CROSS_ALLOWANCE,3,3,True,True,True,False,True,True,True,True,True,True,1,MEDIUM|MEDIUM|MEDIUM,LOW|MEDIUM_LOW|LOW
mt_257018883,ligue2,BEHAVIOR_HEAVY|FORMATION_HEAVY|HIGH_SHRINKAGE|SMALL_N|WEAK_EVIDENCE,team_b_states:FOUL_DRAWING,3,3,True,True,True,True,True,True,True,True,True,True,0,MEDIUM|MEDIUM|MEDIUM,MEDIUM_LOW|MEDIUM_LOW|MEDIUM_LOW
mt_257018883,ligue2,BEHAVIOR_HEAVY|FORMATION_HEAVY|HIGH_SHRINKAGE|SMALL_N|WEAK_EVIDENCE,team_b_states:FOUL_TENDENCY,3,3,True,True,True,True,False,True,True,True,True,True,0,MEDIUM|MEDIUM|MEDIUM,MEDIUM_LOW|MEDIUM_LOW|MEDIUM_LOW
mt_257018883,ligue2,BEHAVIOR_HEAVY|FORMATION_HEAVY|HIGH_SHRINKAGE|SMALL_N|WEAK_EVIDENCE,team_b_states:SET_PIECE_GENERATION,3,3,True,True,True,True,True,True,True,True,True,True,0,LOW|LOW|LOW,MEDIUM_LOW|MEDIUM_LOW|MEDIUM_LOW
mt_257018883,ligue2,BEHAVIOR_HEAVY|FORMATION_HEAVY|HIGH_SHRINKAGE|SMALL_N|WEAK_EVIDENCE,team_b_states:SHOT_SUPPRESSION,3,3,True,True,True,True,True,True,True,True,True,True,0,MEDIUM|MEDIUM|MEDIUM,MEDIUM_LOW|MEDIUM_LOW|MEDIUM_LOW
mt_257018883,ligue2,BEHAVIOR_HEAVY|FORMATION_HEAVY|HIGH_SHRINKAGE|SMALL_N|WEAK_EVIDENCE,team_b_states:SHOT_VOLUME,3,3,True,True,True,True,True,True,True,True,True,True,0,MEDIUM|MEDIUM|MEDIUM,MEDIUM_LOW|MEDIUM_LOW|MEDIUM_LOW
mt_257018883,ligue2,BEHAVIOR_HEAVY|FORMATION_HEAVY|HIGH_SHRINKAGE|SMALL_N|WEAK_EVIDENCE,team_b_states:TERRITORIAL_PRESSURE,3,3,True,True,True,True,True,True,True,True,True,True,0,MEDIUM|MEDIUM|MEDIUM,MEDIUM_LOW|MEDIUM_LOW|MEDIUM_LOW
mt_257018883,ligue2,BEHAVIOR_HEAVY|FORMATION_HEAVY|HIGH_SHRINKAGE|SMALL_N|WEAK_EVIDENCE,team_b_states:WIDTH_PRESSURE,3,3,True,True,True,True,True,True,True,True,True,True,0,LOW|LOW|LOW,MEDIUM_LOW|MEDIUM_LOW|MEDIUM_LOW
mt_012238074,champ,BEHAVIOR_HEAVY|FORMATION_HEAVY|HIGH_SHRINKAGE|WEAK_EVIDENCE,matchup_states:BOX_PRESSURE_MATCHUP,3,3,True,True,True,True,True,True,True,True,True,True,0,B_ADVANTAGE|B_ADVANTAGE|B_ADVANTAGE,MEDIUM_LOW|MEDIUM_LOW|MEDIUM_LOW
mt_012238074,champ,BEHAVIOR_HEAVY|FORMATION_HEAVY|HIGH_SHRINKAGE|WEAK_EVIDENCE,matchup_states:CONTACT_MATCHUP,3,3,True,True,True,True,True,True,True,True,True,True,0,B_ADVANTAGE|B_ADVANTAGE|B_ADVANTAGE,MEDIUM_LOW|MEDIUM_LOW|MEDIUM_LOW
mt_012238074,champ,BEHAVIOR_HEAVY|FORMATION_HEAVY|HIGH_SHRINKAGE|WEAK_EVIDENCE,matchup_states:CORNER_MECHANISM_MATCHUP,3,3,True,True,True,True,True,True,True,True,True,True,0,NEUTRAL|NEUTRAL|NEUTRAL,MEDIUM_LOW|MEDIUM_LOW|MEDIUM_LOW
mt_012238074,champ,BEHAVIOR_HEAVY|FORMATION_HEAVY|HIGH_SHRINKAGE|WEAK_EVIDENCE,matchup_states:SECOND_HALF_PRESSURE_SHIFT,3,1,False,True,True,True,True,True,True,True,True,True,0,UNKNOWN,UNKNOWN
mt_012238074,champ,BEHAVIOR_HEAVY|FORMATION_HEAVY|HIGH_SHRINKAGE|WEAK_EVIDENCE,matchup_states:SHOT_CREATION_MATCHUP,3,3,True,True,True,True,True,True,True,True,True,True,0,B_ADVANTAGE|B_ADVANTAGE|B_ADVANTAGE,MEDIUM_LOW|MEDIUM_LOW|MEDIUM_LOW
mt_012238074,champ,BEHAVIOR_HEAVY|FORMATION_HEAVY|HIGH_SHRINKAGE|WEAK_EVIDENCE,matchup_states:WIDE_PRESSURE_MATCHUP,3,3,True,True,True,True,True,True,True,True,True,True,0,NEUTRAL|NEUTRAL|NEUTRAL,MEDIUM_LOW|MEDIUM_LOW|MEDIUM_LOW
mt_012238074,champ,BEHAVIOR_HEAVY|FORMATION_HEAVY|HIGH_SHRINKAGE|WEAK_EVIDENCE,team_a_states:BOOKING_CONVERSION,3,3,True,True,True,True,True,True,True,True,True,True,0,LOW|LOW|LOW,MEDIUM_LOW|MEDIUM_LOW|MEDIUM_LOW
mt_012238074,champ,BEHAVIOR_HEAVY|FORMATION_HEAVY|HIGH_SHRINKAGE|WEAK_EVIDENCE,team_a_states:BOX_PRESSURE,3,3,True,True,True,True,True,True,True,True,True,True,0,MEDIUM|MEDIUM|MEDIUM,MEDIUM_LOW|MEDIUM_LOW|MEDIUM_LOW
mt_012238074,champ,BEHAVIOR_HEAVY|FORMATION_HEAVY|HIGH_SHRINKAGE|WEAK_EVIDENCE,team_a_states:BOX_PROTECTION,3,3,True,True,True,True,True,True,True,True,True,True,0,MEDIUM|MEDIUM|MEDIUM,MEDIUM_LOW|MEDIUM_LOW|MEDIUM_LOW
mt_012238074,champ,BEHAVIOR_HEAVY|FORMATION_HEAVY|HIGH_SHRINKAGE|WEAK_EVIDENCE,team_a_states:CLEARANCE_DEPENDENCE,3,3,True,True,True,True,True,True,True,True,True,True,0,MEDIUM|MEDIUM|MEDIUM,MEDIUM_LOW|MEDIUM_LOW|MEDIUM_LOW
mt_012238074,champ,BEHAVIOR_HEAVY|FORMATION_HEAVY|HIGH_SHRINKAGE|WEAK_EVIDENCE,team_a_states:CONTACT_INTENSITY,3,3,True,True,True,True,True,True,True,True,True,True,0,MEDIUM|MEDIUM|MEDIUM,MEDIUM_LOW|MEDIUM_LOW|MEDIUM_LOW
mt_012238074,champ,BEHAVIOR_HEAVY|FORMATION_HEAVY|HIGH_SHRINKAGE|WEAK_EVIDENCE,team_a_states:CORNER_CONCESSION,3,3,True,True,True,True,True,True,True,True,True,True,0,MEDIUM|MEDIUM|MEDIUM,MEDIUM_LOW|MEDIUM_LOW|MEDIUM_LOW
mt_012238074,champ,BEHAVIOR_HEAVY|FORMATION_HEAVY|HIGH_SHRINKAGE|WEAK_EVIDENCE,team_a_states:CROSS_ALLOWANCE,3,3,True,True,True,True,True,True,True,True,True,True,0,LOW|LOW|LOW,MEDIUM_LOW|MEDIUM_LOW|MEDIUM_LOW
mt_012238074,champ,BEHAVIOR_HEAVY|FORMATION_HEAVY|HIGH_SHRINKAGE|WEAK_EVIDENCE,team_a_states:FOUL_DRAWING,3,3,True,True,True,True,True,True,True,True,True,True,0,MEDIUM|MEDIUM|MEDIUM,MEDIUM_LOW|MEDIUM_LOW|MEDIUM_LOW
mt_012238074,champ,BEHAVIOR_HEAVY|FORMATION_HEAVY|HIGH_SHRINKAGE|WEAK_EVIDENCE,team_a_states:FOUL_TENDENCY,3,3,True,False,False,True,True,True,True,True,True,True,1,MEDIUM|LOW|LOW,MEDIUM_LOW|MEDIUM_LOW|MEDIUM_LOW
mt_012238074,champ,BEHAVIOR_HEAVY|FORMATION_HEAVY|HIGH_SHRINKAGE|WEAK_EVIDENCE,team_a_states:SAVE_ENVIRONMENT,3,3,True,True,True,True,True,True,True,True,True,True,0,UNKNOWN|UNKNOWN|UNKNOWN,UNKNOWN|UNKNOWN|UNKNOWN
mt_012238074,champ,BEHAVIOR_HEAVY|FORMATION_HEAVY|HIGH_SHRINKAGE|WEAK_EVIDENCE,team_a_states:SET_PIECE_GENERATION,3,3,True,True,True,True,True,True,True,True,True,True,0,MEDIUM|MEDIUM|MEDIUM,MEDIUM_LOW|MEDIUM_LOW|MEDIUM_LOW
mt_012238074,champ,BEHAVIOR_HEAVY|FORMATION_HEAVY|HIGH_SHRINKAGE|WEAK_EVIDENCE,team_a_states:SHOT_QUALITY,3,3,True,True,True,True,True,True,True,True,True,True,0,UNKNOWN|UNKNOWN|UNKNOWN,UNKNOWN|UNKNOWN|UNKNOWN
mt_012238074,champ,BEHAVIOR_HEAVY|FORMATION_HEAVY|HIGH_SHRINKAGE|WEAK_EVIDENCE,team_a_states:SHOT_SUPPRESSION,3,3,True,True,True,True,True,True,True,True,True,True,0,MEDIUM|MEDIUM|MEDIUM,MEDIUM_LOW|MEDIUM_LOW|MEDIUM_LOW
mt_012238074,champ,BEHAVIOR_HEAVY|FORMATION_HEAVY|HIGH_SHRINKAGE|WEAK_EVIDENCE,team_a_states:SHOT_VOLUME,3,3,True,True,True,True,True,True,True,True,True,True,0,MEDIUM|MEDIUM|MEDIUM,MEDIUM_LOW|MEDIUM_LOW|MEDIUM_LOW
mt_012238074,champ,BEHAVIOR_HEAVY|FORMATION_HEAVY|HIGH_SHRINKAGE|WEAK_EVIDENCE,team_a_states:TERRITORIAL_PRESSURE,3,3,True,True,True,True,True,True,True,True,True,True,0,MEDIUM|MEDIUM|MEDIUM,MEDIUM_LOW|MEDIUM_LOW|MEDIUM_LOW
mt_012238074,champ,BEHAVIOR_HEAVY|FORMATION_HEAVY|HIGH_SHRINKAGE|WEAK_EVIDENCE,team_a_states:WIDTH_PRESSURE,3,3,True,True,True,True,True,True,True,True,True,True,0,MEDIUM|MEDIUM|MEDIUM,MEDIUM_LOW|MEDIUM_LOW|MEDIUM_LOW
mt_012238074,champ,BEHAVIOR_HEAVY|FORMATION_HEAVY|HIGH_SHRINKAGE|WEAK_EVIDENCE,team_b_states:BOOKING_CONVERSION,3,3,True,True,True,True,True,True,True,True,True,True,0,MEDIUM|MEDIUM|MEDIUM,MEDIUM_LOW|MEDIUM_LOW|MEDIUM_LOW
mt_012238074,champ,BEHAVIOR_HEAVY|FORMATION_HEAVY|HIGH_SHRINKAGE|WEAK_EVIDENCE,team_b_states:BOX_PRESSURE,3,3,True,True,True,True,True,True,True,True,True,True,0,MEDIUM|MEDIUM|MEDIUM,MEDIUM_LOW|MEDIUM_LOW|MEDIUM_LOW
mt_012238074,champ,BEHAVIOR_HEAVY|FORMATION_HEAVY|HIGH_SHRINKAGE|WEAK_EVIDENCE,team_b_states:BOX_PROTECTION,3,3,True,True,True,True,True,True,True,True,True,True,0,LOW|LOW|LOW,MEDIUM_LOW|MEDIUM_LOW|MEDIUM_LOW
mt_012238074,champ,BEHAVIOR_HEAVY|FORMATION_HEAVY|HIGH_SHRINKAGE|WEAK_EVIDENCE,team_b_states:CLEARANCE_DEPENDENCE,3,3,True,True,True,True,True,True,True,True,True,True,0,MEDIUM|MEDIUM|MEDIUM,MEDIUM_LOW|MEDIUM_LOW|MEDIUM_LOW
mt_012238074,champ,BEHAVIOR_HEAVY|FORMATION_HEAVY|HIGH_SHRINKAGE|WEAK_EVIDENCE,team_b_states:CONTACT_INTENSITY,3,3,True,True,True,True,True,True,True,True,True,True,0,MEDIUM|MEDIUM|MEDIUM,MEDIUM_LOW|MEDIUM_LOW|MEDIUM_LOW
mt_012238074,champ,BEHAVIOR_HEAVY|FORMATION_HEAVY|HIGH_SHRINKAGE|WEAK_EVIDENCE,team_b_states:CORNER_CONCESSION,3,3,True,True,True,True,True,True,True,True,True,True,0,MEDIUM|MEDIUM|MEDIUM,MEDIUM_LOW|MEDIUM_LOW|MEDIUM_LOW
mt_012238074,champ,BEHAVIOR_HEAVY|FORMATION_HEAVY|HIGH_SHRINKAGE|WEAK_EVIDENCE,team_b_states:CROSS_ALLOWANCE,3,3,True,True,True,True,True,True,True,True,True,True,0,MEDIUM|MEDIUM|MEDIUM,MEDIUM_LOW|MEDIUM_LOW|MEDIUM_LOW
mt_012238074,champ,BEHAVIOR_HEAVY|FORMATION_HEAVY|HIGH_SHRINKAGE|WEAK_EVIDENCE,team_b_states:FOUL_DRAWING,3,3,True,True,True,True,True,True,True,True,True,True,0,MEDIUM|MEDIUM|MEDIUM,MEDIUM_LOW|MEDIUM_LOW|MEDIUM_LOW
mt_012238074,champ,BEHAVIOR_HEAVY|FORMATION_HEAVY|HIGH_SHRINKAGE|WEAK_EVIDENCE,team_b_states:FOUL_TENDENCY,3,3,True,True,True,True,True,True,True,True,True,True,0,MEDIUM|MEDIUM|MEDIUM,MEDIUM_LOW|MEDIUM_LOW|MEDIUM_LOW
mt_012238074,champ,BEHAVIOR_HEAVY|FORMATION_HEAVY|HIGH_SHRINKAGE|WEAK_EVIDENCE,team_b_states:SAVE_ENVIRONMENT,3,3,True,True,True,True,True,True,True,True,True,True,0,UNKNOWN|UNKNOWN|UNKNOWN,UNKNOWN|UNKNOWN|UNKNOWN
mt_012238074,champ,BEHAVIOR_HEAVY|FORMATION_HEAVY|HIGH_SHRINKAGE|WEAK_EVIDENCE,team_b_states:SET_PIECE_GENERATION,3,3,True,True,True,True,True,True,True,True,True,True,0,MEDIUM|MEDIUM|MEDIUM,MEDIUM_LOW|MEDIUM_LOW|MEDIUM_LOW
mt_012238074,champ,BEHAVIOR_HEAVY|FORMATION_HEAVY|HIGH_SHRINKAGE|WEAK_EVIDENCE,team_b_states:SHOT_QUALITY,3,3,True,True,True,True,True,True,True,True,True,True,0,UNKNOWN|UNKNOWN|UNKNOWN,UNKNOWN|UNKNOWN|UNKNOWN
mt_012238074,champ,BEHAVIOR_HEAVY|FORMATION_HEAVY|HIGH_SHRINKAGE|WEAK_EVIDENCE,team_b_states:SHOT_SUPPRESSION,3,3,True,True,True,True,True,True,True,True,True,True,0,LOW|LOW|LOW,MEDIUM_LOW|MEDIUM_LOW|MEDIUM_LOW
mt_012238074,champ,BEHAVIOR_HEAVY|FORMATION_HEAVY|HIGH_SHRINKAGE|WEAK_EVIDENCE,team_b_states:SHOT_VOLUME,3,3,True,True,True,True,True,True,True,True,True,True,0,MEDIUM|MEDIUM|MEDIUM,MEDIUM_LOW|MEDIUM_LOW|MEDIUM_LOW
mt_012238074,champ,BEHAVIOR_HEAVY|FORMATION_HEAVY|HIGH_SHRINKAGE|WEAK_EVIDENCE,team_b_states:TERRITORIAL_PRESSURE,3,3,True,True,True,True,True,True,True,True,True,True,0,MEDIUM|MEDIUM|MEDIUM,MEDIUM_LOW|MEDIUM_LOW|MEDIUM_LOW
mt_012238074,champ,BEHAVIOR_HEAVY|FORMATION_HEAVY|HIGH_SHRINKAGE|WEAK_EVIDENCE,team_b_states:WIDTH_PRESSURE,3,3,True,True,True,True,True,True,True,True,True,True,0,MEDIUM|MEDIUM|MEDIUM,MEDIUM_LOW|MEDIUM_LOW|MEDIUM_LOW
mt_196560601,epl,BEHAVIOR_HEAVY|FORMATION_HEAVY|HIGH_SHRINKAGE|WEAK_EVIDENCE,matchup_states:BOX_PRESSURE_MATCHUP,3,2,False,True,True,True,True,True,True,True,True,True,0,NEUTRAL|NEUTRAL,MEDIUM_LOW|MEDIUM_LOW
mt_196560601,epl,BEHAVIOR_HEAVY|FORMATION_HEAVY|HIGH_SHRINKAGE|WEAK_EVIDENCE,matchup_states:CONTACT_MATCHUP,3,2,False,True,True,True,True,True,True,True,True,True,0,NEUTRAL|NEUTRAL,MEDIUM_LOW|MEDIUM_LOW
mt_196560601,epl,BEHAVIOR_HEAVY|FORMATION_HEAVY|HIGH_SHRINKAGE|WEAK_EVIDENCE,matchup_states:CORNER_MECHANISM_MATCHUP,3,2,False,True,True,True,False,True,True,True,True,True,0,NEUTRAL|NEUTRAL,MEDIUM_LOW|MEDIUM_LOW
mt_196560601,epl,BEHAVIOR_HEAVY|FORMATION_HEAVY|HIGH_SHRINKAGE|WEAK_EVIDENCE,matchup_states:SHOT_CREATION_MATCHUP,3,2,False,True,True,True,False,True,True,True,True,True,0,NEUTRAL|NEUTRAL,MEDIUM_LOW|MEDIUM_LOW
mt_196560601,epl,BEHAVIOR_HEAVY|FORMATION_HEAVY|HIGH_SHRINKAGE|WEAK_EVIDENCE,matchup_states:WIDE_PRESSURE_MATCHUP,3,2,False,True,True,True,True,True,True,True,True,True,0,NEUTRAL|NEUTRAL,MEDIUM_LOW|MEDIUM_LOW
mt_196560601,epl,BEHAVIOR_HEAVY|FORMATION_HEAVY|HIGH_SHRINKAGE|WEAK_EVIDENCE,team_a_states:BOOKING_CONVERSION,3,2,False,True,True,True,True,True,True,True,True,True,0,MEDIUM|MEDIUM,MEDIUM_LOW|MEDIUM_LOW
mt_196560601,epl,BEHAVIOR_HEAVY|FORMATION_HEAVY|HIGH_SHRINKAGE|WEAK_EVIDENCE,team_a_states:BOX_PRESSURE,3,2,False,True,True,True,True,True,True,True,True,True,0,MEDIUM|MEDIUM,MEDIUM_LOW|MEDIUM_LOW
mt_196560601,epl,BEHAVIOR_HEAVY|FORMATION_HEAVY|HIGH_SHRINKAGE|WEAK_EVIDENCE,team_a_states:BOX_PROTECTION,3,2,False,True,True,True,True,True,True,True,True,True,0,LOW|LOW,MEDIUM_LOW|MEDIUM_LOW
mt_196560601,epl,BEHAVIOR_HEAVY|FORMATION_HEAVY|HIGH_SHRINKAGE|WEAK_EVIDENCE,team_a_states:CLEARANCE_DEPENDENCE,3,2,False,True,True,True,False,True,True,True,True,True,0,MEDIUM|MEDIUM,MEDIUM_LOW|MEDIUM_LOW
mt_196560601,epl,BEHAVIOR_HEAVY|FORMATION_HEAVY|HIGH_SHRINKAGE|WEAK_EVIDENCE,team_a_states:CONTACT_INTENSITY,3,2,False,True,True,True,False,True,True,True,True,True,0,MEDIUM|MEDIUM,MEDIUM_LOW|MEDIUM_LOW
mt_196560601,epl,BEHAVIOR_HEAVY|FORMATION_HEAVY|HIGH_SHRINKAGE|WEAK_EVIDENCE,team_a_states:CORNER_CONCESSION,3,2,False,True,True,True,False,True,True,True,True,True,0,MEDIUM|MEDIUM,MEDIUM_LOW|MEDIUM_LOW
mt_196560601,epl,BEHAVIOR_HEAVY|FORMATION_HEAVY|HIGH_SHRINKAGE|WEAK_EVIDENCE,team_a_states:CROSS_ALLOWANCE,3,2,False,True,True,True,False,True,True,True,True,True,0,LOW|LOW,MEDIUM_LOW|MEDIUM_LOW
mt_196560601,epl,BEHAVIOR_HEAVY|FORMATION_HEAVY|HIGH_SHRINKAGE|WEAK_EVIDENCE,team_a_states:FOUL_DRAWING,3,2,False,True,True,True,True,True,True,True,True,True,0,MEDIUM|MEDIUM,MEDIUM_LOW|MEDIUM_LOW
mt_196560601,epl,BEHAVIOR_HEAVY|FORMATION_HEAVY|HIGH_SHRINKAGE|WEAK_EVIDENCE,team_a_states:FOUL_TENDENCY,3,2,False,True,True,True,False,True,True,True,True,True,0,MEDIUM|MEDIUM,MEDIUM_LOW|MEDIUM_LOW
mt_196560601,epl,BEHAVIOR_HEAVY|FORMATION_HEAVY|HIGH_SHRINKAGE|WEAK_EVIDENCE,team_a_states:SET_PIECE_GENERATION,3,2,False,True,True,True,False,True,True,True,True,True,0,MEDIUM|MEDIUM,MEDIUM_LOW|MEDIUM_LOW
mt_196560601,epl,BEHAVIOR_HEAVY|FORMATION_HEAVY|HIGH_SHRINKAGE|WEAK_EVIDENCE,team_a_states:SHOT_SUPPRESSION,3,2,False,True,True,True,True,True,True,True,True,True,0,LOW|LOW,MEDIUM_LOW|MEDIUM_LOW
mt_196560601,epl,BEHAVIOR_HEAVY|FORMATION_HEAVY|HIGH_SHRINKAGE|WEAK_EVIDENCE,team_a_states:SHOT_VOLUME,3,2,False,True,True,True,True,True,True,True,True,True,0,MEDIUM|MEDIUM,MEDIUM_LOW|MEDIUM_LOW
mt_196560601,epl,BEHAVIOR_HEAVY|FORMATION_HEAVY|HIGH_SHRINKAGE|WEAK_EVIDENCE,team_a_states:TERRITORIAL_PRESSURE,3,2,False,True,True,True,True,True,True,True,True,True,0,MEDIUM|MEDIUM,MEDIUM_LOW|MEDIUM_LOW
mt_196560601,epl,BEHAVIOR_HEAVY|FORMATION_HEAVY|HIGH_SHRINKAGE|WEAK_EVIDENCE,team_a_states:WIDTH_PRESSURE,3,2,False,True,True,True,True,True,True,True,True,True,0,MEDIUM|MEDIUM,MEDIUM_LOW|MEDIUM_LOW
mt_196560601,epl,BEHAVIOR_HEAVY|FORMATION_HEAVY|HIGH_SHRINKAGE|WEAK_EVIDENCE,team_b_states:BOOKING_CONVERSION,3,2,False,True,True,True,True,True,True,True,True,True,0,MEDIUM|MEDIUM,MEDIUM_LOW|MEDIUM_LOW
mt_196560601,epl,BEHAVIOR_HEAVY|FORMATION_HEAVY|HIGH_SHRINKAGE|WEAK_EVIDENCE,team_b_states:BOX_PRESSURE,3,2,False,True,True,True,True,True,True,True,True,True,0,MEDIUM|MEDIUM,MEDIUM_LOW|MEDIUM_LOW
mt_196560601,epl,BEHAVIOR_HEAVY|FORMATION_HEAVY|HIGH_SHRINKAGE|WEAK_EVIDENCE,team_b_states:BOX_PROTECTION,3,2,False,True,True,True,True,True,True,True,True,True,0,LOW|LOW,MEDIUM_LOW|MEDIUM_LOW
mt_196560601,epl,BEHAVIOR_HEAVY|FORMATION_HEAVY|HIGH_SHRINKAGE|WEAK_EVIDENCE,team_b_states:CLEARANCE_DEPENDENCE,3,2,False,False,False,True,False,True,True,True,True,True,1,HIGH|MEDIUM,MEDIUM_LOW|MEDIUM_LOW
mt_196560601,epl,BEHAVIOR_HEAVY|FORMATION_HEAVY|HIGH_SHRINKAGE|WEAK_EVIDENCE,team_b_states:CONTACT_INTENSITY,3,2,False,True,True,True,False,True,True,True,True,True,0,MEDIUM|MEDIUM,MEDIUM_LOW|MEDIUM_LOW
mt_196560601,epl,BEHAVIOR_HEAVY|FORMATION_HEAVY|HIGH_SHRINKAGE|WEAK_EVIDENCE,team_b_states:CORNER_CONCESSION,3,2,False,True,True,True,False,True,True,True,True,True,0,MEDIUM|MEDIUM,MEDIUM_LOW|MEDIUM_LOW
mt_196560601,epl,BEHAVIOR_HEAVY|FORMATION_HEAVY|HIGH_SHRINKAGE|WEAK_EVIDENCE,team_b_states:CROSS_ALLOWANCE,3,2,False,True,True,True,False,True,True,True,True,True,0,MEDIUM|MEDIUM,MEDIUM_LOW|MEDIUM_LOW
mt_196560601,epl,BEHAVIOR_HEAVY|FORMATION_HEAVY|HIGH_SHRINKAGE|WEAK_EVIDENCE,team_b_states:FOUL_DRAWING,3,2,False,True,True,True,True,True,True,True,True,True,0,MEDIUM|MEDIUM,MEDIUM_LOW|MEDIUM_LOW
mt_196560601,epl,BEHAVIOR_HEAVY|FORMATION_HEAVY|HIGH_SHRINKAGE|WEAK_EVIDENCE,team_b_states:FOUL_TENDENCY,3,2,False,True,True,True,False,True,True,True,True,True,0,MEDIUM|MEDIUM,MEDIUM_LOW|MEDIUM_LOW
mt_196560601,epl,BEHAVIOR_HEAVY|FORMATION_HEAVY|HIGH_SHRINKAGE|WEAK_EVIDENCE,team_b_states:SET_PIECE_GENERATION,3,2,False,True,True,True,False,True,True,True,True,True,0,LOW|LOW,MEDIUM_LOW|MEDIUM_LOW
mt_196560601,epl,BEHAVIOR_HEAVY|FORMATION_HEAVY|HIGH_SHRINKAGE|WEAK_EVIDENCE,team_b_states:SHOT_SUPPRESSION,3,2,False,True,True,True,True,True,True,True,True,True,0,LOW|LOW,MEDIUM_LOW|MEDIUM_LOW
mt_196560601,epl,BEHAVIOR_HEAVY|FORMATION_HEAVY|HIGH_SHRINKAGE|WEAK_EVIDENCE,team_b_states:SHOT_VOLUME,3,2,False,True,True,True,True,True,True,True,True,True,0,MEDIUM|MEDIUM,MEDIUM_LOW|MEDIUM_LOW
mt_196560601,epl,BEHAVIOR_HEAVY|FORMATION_HEAVY|HIGH_SHRINKAGE|WEAK_EVIDENCE,team_b_states:TERRITORIAL_PRESSURE,3,2,False,True,True,True,True,True,True,True,True,True,0,MEDIUM|MEDIUM,MEDIUM_LOW|MEDIUM_LOW
mt_196560601,epl,BEHAVIOR_HEAVY|FORMATION_HEAVY|HIGH_SHRINKAGE|WEAK_EVIDENCE,team_b_states:WIDTH_PRESSURE,3,2,False,True,True,True,True,True,True,True,True,True,0,MEDIUM|MEDIUM,MEDIUM_LOW|MEDIUM_LOW
mt_257078632,laliga,BEHAVIOR_HEAVY|FORMATION_HEAVY|HIGH_SHRINKAGE|WEAK_EVIDENCE,matchup_states:BOX_PRESSURE_MATCHUP,3,3,True,True,True,True,True,True,True,True,True,True,0,B_ADVANTAGE|B_ADVANTAGE|B_ADVANTAGE,MEDIUM_LOW|MEDIUM_LOW|MEDIUM_LOW
mt_257078632,laliga,BEHAVIOR_HEAVY|FORMATION_HEAVY|HIGH_SHRINKAGE|WEAK_EVIDENCE,matchup_states:CONTACT_MATCHUP,3,3,True,True,True,True,True,True,True,True,True,True,0,NEUTRAL|NEUTRAL|NEUTRAL,MEDIUM_LOW|MEDIUM_LOW|MEDIUM_LOW
mt_257078632,laliga,BEHAVIOR_HEAVY|FORMATION_HEAVY|HIGH_SHRINKAGE|WEAK_EVIDENCE,matchup_states:CORNER_MECHANISM_MATCHUP,3,3,True,True,True,True,False,True,True,True,True,True,0,NEUTRAL|NEUTRAL|NEUTRAL,MEDIUM_LOW|MEDIUM_LOW|MEDIUM_LOW
mt_257078632,laliga,BEHAVIOR_HEAVY|FORMATION_HEAVY|HIGH_SHRINKAGE|WEAK_EVIDENCE,matchup_states:SHOT_CREATION_MATCHUP,3,3,True,True,True,True,True,True,True,True,True,True,0,B_ADVANTAGE|B_ADVANTAGE|B_ADVANTAGE,MEDIUM_LOW|MEDIUM_LOW|MEDIUM_LOW
mt_257078632,laliga,BEHAVIOR_HEAVY|FORMATION_HEAVY|HIGH_SHRINKAGE|WEAK_EVIDENCE,matchup_states:WIDE_PRESSURE_MATCHUP,3,3,True,True,True,True,True,True,True,True,True,True,0,NEUTRAL|NEUTRAL|NEUTRAL,MEDIUM_LOW|MEDIUM_LOW|MEDIUM_LOW
mt_257078632,laliga,BEHAVIOR_HEAVY|FORMATION_HEAVY|HIGH_SHRINKAGE|WEAK_EVIDENCE,team_a_states:BOOKING_CONVERSION,3,3,True,True,True,True,True,True,True,True,True,True,0,MEDIUM|MEDIUM|MEDIUM,MEDIUM_LOW|MEDIUM_LOW|MEDIUM_LOW
mt_257078632,laliga,BEHAVIOR_HEAVY|FORMATION_HEAVY|HIGH_SHRINKAGE|WEAK_EVIDENCE,team_a_states:BOX_PRESSURE,3,3,True,True,True,True,True,True,True,True,True,True,0,MEDIUM|MEDIUM|MEDIUM,MEDIUM_LOW|MEDIUM_LOW|MEDIUM_LOW
mt_257078632,laliga,BEHAVIOR_HEAVY|FORMATION_HEAVY|HIGH_SHRINKAGE|WEAK_EVIDENCE,team_a_states:BOX_PROTECTION,3,3,True,True,True,True,True,True,True,True,True,True,0,HIGH|HIGH|HIGH,MEDIUM_LOW|MEDIUM_LOW|MEDIUM_LOW
mt_257078632,laliga,BEHAVIOR_HEAVY|FORMATION_HEAVY|HIGH_SHRINKAGE|WEAK_EVIDENCE,team_a_states:CLEARANCE_DEPENDENCE,3,3,True,True,True,True,True,True,True,True,True,True,0,MEDIUM|MEDIUM|MEDIUM,MEDIUM_LOW|MEDIUM_LOW|MEDIUM_LOW
mt_257078632,laliga,BEHAVIOR_HEAVY|FORMATION_HEAVY|HIGH_SHRINKAGE|WEAK_EVIDENCE,team_a_states:CONTACT_INTENSITY,3,3,True,True,True,True,True,True,True,True,True,True,0,MEDIUM|MEDIUM|MEDIUM,MEDIUM_LOW|MEDIUM_LOW|MEDIUM_LOW
mt_257078632,laliga,BEHAVIOR_HEAVY|FORMATION_HEAVY|HIGH_SHRINKAGE|WEAK_EVIDENCE,team_a_states:CORNER_CONCESSION,3,3,True,True,True,True,True,True,True,True,True,True,0,MEDIUM|MEDIUM|MEDIUM,MEDIUM_LOW|MEDIUM_LOW|MEDIUM_LOW
mt_257078632,laliga,BEHAVIOR_HEAVY|FORMATION_HEAVY|HIGH_SHRINKAGE|WEAK_EVIDENCE,team_a_states:CROSS_ALLOWANCE,3,3,True,True,True,True,True,True,True,True,True,True,0,LOW|LOW|LOW,MEDIUM_LOW|MEDIUM_LOW|MEDIUM_LOW
mt_257078632,laliga,BEHAVIOR_HEAVY|FORMATION_HEAVY|HIGH_SHRINKAGE|WEAK_EVIDENCE,team_a_states:FOUL_DRAWING,3,3,True,True,True,True,True,True,True,True,True,True,0,MEDIUM|MEDIUM|MEDIUM,MEDIUM_LOW|MEDIUM_LOW|MEDIUM_LOW
mt_257078632,laliga,BEHAVIOR_HEAVY|FORMATION_HEAVY|HIGH_SHRINKAGE|WEAK_EVIDENCE,team_a_states:FOUL_TENDENCY,3,3,True,True,True,True,True,True,True,True,True,True,0,MEDIUM|MEDIUM|MEDIUM,MEDIUM_LOW|MEDIUM_LOW|MEDIUM_LOW
mt_257078632,laliga,BEHAVIOR_HEAVY|FORMATION_HEAVY|HIGH_SHRINKAGE|WEAK_EVIDENCE,team_a_states:SET_PIECE_GENERATION,3,3,True,True,True,True,True,True,True,True,True,True,0,MEDIUM|MEDIUM|MEDIUM,MEDIUM_LOW|MEDIUM_LOW|MEDIUM_LOW
mt_257078632,laliga,BEHAVIOR_HEAVY|FORMATION_HEAVY|HIGH_SHRINKAGE|WEAK_EVIDENCE,team_a_states:SHOT_SUPPRESSION,3,3,True,True,True,True,True,True,True,True,True,True,0,HIGH|HIGH|HIGH,MEDIUM_LOW|MEDIUM_LOW|MEDIUM_LOW
mt_257078632,laliga,BEHAVIOR_HEAVY|FORMATION_HEAVY|HIGH_SHRINKAGE|WEAK_EVIDENCE,team_a_states:SHOT_VOLUME,3,3,True,True,True,True,True,True,True,True,True,True,0,MEDIUM|MEDIUM|MEDIUM,MEDIUM_LOW|MEDIUM_LOW|MEDIUM_LOW
mt_257078632,laliga,BEHAVIOR_HEAVY|FORMATION_HEAVY|HIGH_SHRINKAGE|WEAK_EVIDENCE,team_a_states:TERRITORIAL_PRESSURE,3,3,True,True,True,True,True,True,True,True,True,True,0,MEDIUM|MEDIUM|MEDIUM,MEDIUM_LOW|MEDIUM_LOW|MEDIUM_LOW
mt_257078632,laliga,BEHAVIOR_HEAVY|FORMATION_HEAVY|HIGH_SHRINKAGE|WEAK_EVIDENCE,team_a_states:WIDTH_PRESSURE,3,3,True,True,True,True,True,True,True,True,True,True,0,MEDIUM|MEDIUM|MEDIUM,MEDIUM_LOW|MEDIUM_LOW|MEDIUM_LOW
mt_257078632,laliga,BEHAVIOR_HEAVY|FORMATION_HEAVY|HIGH_SHRINKAGE|WEAK_EVIDENCE,team_b_states:BOOKING_CONVERSION,3,3,True,True,True,True,True,True,True,True,True,True,0,LOW|LOW|LOW,MEDIUM_LOW|MEDIUM_LOW|MEDIUM_LOW
mt_257078632,laliga,BEHAVIOR_HEAVY|FORMATION_HEAVY|HIGH_SHRINKAGE|WEAK_EVIDENCE,team_b_states:BOX_PRESSURE,3,3,True,False,False,True,True,True,True,True,True,True,1,VERY_HIGH|HIGH|HIGH,MEDIUM_LOW|MEDIUM_LOW|MEDIUM_LOW
mt_257078632,laliga,BEHAVIOR_HEAVY|FORMATION_HEAVY|HIGH_SHRINKAGE|WEAK_EVIDENCE,team_b_states:BOX_PROTECTION,3,3,True,True,True,True,True,True,True,True,True,True,0,MEDIUM|MEDIUM|MEDIUM,MEDIUM_LOW|MEDIUM_LOW|MEDIUM_LOW
mt_257078632,laliga,BEHAVIOR_HEAVY|FORMATION_HEAVY|HIGH_SHRINKAGE|WEAK_EVIDENCE,team_b_states:CLEARANCE_DEPENDENCE,3,3,True,False,False,True,True,True,True,True,True,True,1,MEDIUM|LOW|LOW,MEDIUM_LOW|MEDIUM_LOW|MEDIUM_LOW
mt_257078632,laliga,BEHAVIOR_HEAVY|FORMATION_HEAVY|HIGH_SHRINKAGE|WEAK_EVIDENCE,team_b_states:CONTACT_INTENSITY,3,3,True,True,True,True,True,True,True,True,True,True,0,MEDIUM|MEDIUM|MEDIUM,MEDIUM_LOW|MEDIUM_LOW|MEDIUM_LOW
mt_257078632,laliga,BEHAVIOR_HEAVY|FORMATION_HEAVY|HIGH_SHRINKAGE|WEAK_EVIDENCE,team_b_states:CORNER_CONCESSION,3,3,True,True,True,True,True,True,True,True,True,True,0,MEDIUM|MEDIUM|MEDIUM,MEDIUM_LOW|MEDIUM_LOW|MEDIUM_LOW
mt_257078632,laliga,BEHAVIOR_HEAVY|FORMATION_HEAVY|HIGH_SHRINKAGE|WEAK_EVIDENCE,team_b_states:CROSS_ALLOWANCE,3,3,True,True,True,True,True,True,True,True,True,True,0,LOW|LOW|LOW,MEDIUM_LOW|MEDIUM_LOW|MEDIUM_LOW
mt_257078632,laliga,BEHAVIOR_HEAVY|FORMATION_HEAVY|HIGH_SHRINKAGE|WEAK_EVIDENCE,team_b_states:FOUL_DRAWING,3,3,True,True,True,True,True,True,True,True,True,True,0,HIGH|HIGH|HIGH,MEDIUM_LOW|MEDIUM_LOW|MEDIUM_LOW
mt_257078632,laliga,BEHAVIOR_HEAVY|FORMATION_HEAVY|HIGH_SHRINKAGE|WEAK_EVIDENCE,team_b_states:FOUL_TENDENCY,3,3,True,True,True,True,True,True,True,True,True,True,0,MEDIUM|MEDIUM|MEDIUM,MEDIUM_LOW|MEDIUM_LOW|MEDIUM_LOW
mt_257078632,laliga,BEHAVIOR_HEAVY|FORMATION_HEAVY|HIGH_SHRINKAGE|WEAK_EVIDENCE,team_b_states:SET_PIECE_GENERATION,3,3,True,True,True,True,True,True,True,True,True,True,0,MEDIUM|MEDIUM|MEDIUM,MEDIUM_LOW|MEDIUM_LOW|MEDIUM_LOW
mt_257078632,laliga,BEHAVIOR_HEAVY|FORMATION_HEAVY|HIGH_SHRINKAGE|WEAK_EVIDENCE,team_b_states:SHOT_SUPPRESSION,3,3,True,True,True,True,True,True,True,True,True,True,0,MEDIUM|MEDIUM|MEDIUM,MEDIUM_LOW|MEDIUM_LOW|MEDIUM_LOW
mt_257078632,laliga,BEHAVIOR_HEAVY|FORMATION_HEAVY|HIGH_SHRINKAGE|WEAK_EVIDENCE,team_b_states:SHOT_VOLUME,3,3,True,True,True,True,True,True,True,True,True,True,0,HIGH|HIGH|HIGH,MEDIUM_LOW|MEDIUM_LOW|MEDIUM_LOW
mt_257078632,laliga,BEHAVIOR_HEAVY|FORMATION_HEAVY|HIGH_SHRINKAGE|WEAK_EVIDENCE,team_b_states:TERRITORIAL_PRESSURE,3,3,True,True,True,True,True,True,True,True,True,True,0,HIGH|HIGH|HIGH,MEDIUM_LOW|MEDIUM_LOW|MEDIUM_LOW
mt_257078632,laliga,BEHAVIOR_HEAVY|FORMATION_HEAVY|HIGH_SHRINKAGE|WEAK_EVIDENCE,team_b_states:WIDTH_PRESSURE,3,3,True,True,True,True,True,True,True,True,True,True,0,MEDIUM|MEDIUM|MEDIUM,MEDIUM_LOW|MEDIUM_LOW|MEDIUM_LOW
mt_361806747,laliga2,BEHAVIOR_HEAVY|FORMATION_HEAVY|HIGH_SHRINKAGE|WEAK_EVIDENCE,matchup_states:BOX_PRESSURE_MATCHUP,3,3,True,True,True,True,False,True,True,True,True,True,0,A_ADVANTAGE|A_ADVANTAGE|A_ADVANTAGE,MEDIUM_LOW|MEDIUM_LOW|MEDIUM_LOW
mt_361806747,laliga2,BEHAVIOR_HEAVY|FORMATION_HEAVY|HIGH_SHRINKAGE|WEAK_EVIDENCE,matchup_states:CONTACT_MATCHUP,3,3,True,True,True,True,False,True,True,True,True,True,0,NEUTRAL|NEUTRAL|NEUTRAL,MEDIUM_LOW|MEDIUM_LOW|MEDIUM_LOW
mt_361806747,laliga2,BEHAVIOR_HEAVY|FORMATION_HEAVY|HIGH_SHRINKAGE|WEAK_EVIDENCE,matchup_states:CORNER_MECHANISM_MATCHUP,3,3,True,False,False,True,False,True,True,True,True,True,1,A_ADVANTAGE|NEUTRAL|A_ADVANTAGE,MEDIUM_LOW|MEDIUM_LOW|MEDIUM_LOW
mt_361806747,laliga2,BEHAVIOR_HEAVY|FORMATION_HEAVY|HIGH_SHRINKAGE|WEAK_EVIDENCE,matchup_states:SHOT_CREATION_MATCHUP,3,3,True,True,True,True,False,True,True,True,True,True,0,A_ADVANTAGE|A_ADVANTAGE|A_ADVANTAGE,MEDIUM_LOW|MEDIUM_LOW|MEDIUM_LOW
mt_361806747,laliga2,BEHAVIOR_HEAVY|FORMATION_HEAVY|HIGH_SHRINKAGE|WEAK_EVIDENCE,matchup_states:WIDE_PRESSURE_MATCHUP,3,3,True,True,True,True,True,True,True,True,True,True,0,A_ADVANTAGE|A_ADVANTAGE|A_ADVANTAGE,MEDIUM_LOW|MEDIUM_LOW|MEDIUM_LOW
mt_361806747,laliga2,BEHAVIOR_HEAVY|FORMATION_HEAVY|HIGH_SHRINKAGE|WEAK_EVIDENCE,team_a_states:BOOKING_CONVERSION,3,3,True,True,True,True,True,True,True,True,True,True,0,MEDIUM|MEDIUM|MEDIUM,MEDIUM_LOW|MEDIUM_LOW|MEDIUM_LOW
mt_361806747,laliga2,BEHAVIOR_HEAVY|FORMATION_HEAVY|HIGH_SHRINKAGE|WEAK_EVIDENCE,team_a_states:BOX_PRESSURE,3,3,True,True,True,True,True,True,True,True,True,True,0,MEDIUM|MEDIUM|MEDIUM,MEDIUM_LOW|MEDIUM_LOW|MEDIUM_LOW
mt_361806747,laliga2,BEHAVIOR_HEAVY|FORMATION_HEAVY|HIGH_SHRINKAGE|WEAK_EVIDENCE,team_a_states:BOX_PROTECTION,3,3,True,True,True,True,True,True,True,True,True,True,0,HIGH|HIGH|HIGH,MEDIUM_LOW|MEDIUM_LOW|MEDIUM_LOW
mt_361806747,laliga2,BEHAVIOR_HEAVY|FORMATION_HEAVY|HIGH_SHRINKAGE|WEAK_EVIDENCE,team_a_states:CLEARANCE_DEPENDENCE,3,3,True,True,True,True,True,True,True,True,True,True,0,MEDIUM|MEDIUM|MEDIUM,MEDIUM_LOW|MEDIUM_LOW|MEDIUM_LOW
mt_361806747,laliga2,BEHAVIOR_HEAVY|FORMATION_HEAVY|HIGH_SHRINKAGE|WEAK_EVIDENCE,team_a_states:CONTACT_INTENSITY,3,3,True,True,True,True,True,True,True,True,True,True,0,MEDIUM|MEDIUM|MEDIUM,MEDIUM_LOW|MEDIUM_LOW|MEDIUM_LOW
mt_361806747,laliga2,BEHAVIOR_HEAVY|FORMATION_HEAVY|HIGH_SHRINKAGE|WEAK_EVIDENCE,team_a_states:CORNER_CONCESSION,3,3,True,True,True,True,True,True,True,True,True,True,0,LOW|LOW|LOW,MEDIUM_LOW|MEDIUM_LOW|MEDIUM_LOW
mt_361806747,laliga2,BEHAVIOR_HEAVY|FORMATION_HEAVY|HIGH_SHRINKAGE|WEAK_EVIDENCE,team_a_states:CROSS_ALLOWANCE,3,3,True,True,True,True,True,True,True,True,True,True,0,VERY_LOW|VERY_LOW|VERY_LOW,MEDIUM_LOW|MEDIUM_LOW|MEDIUM_LOW
mt_361806747,laliga2,BEHAVIOR_HEAVY|FORMATION_HEAVY|HIGH_SHRINKAGE|WEAK_EVIDENCE,team_a_states:FOUL_DRAWING,3,3,True,True,True,True,True,True,True,True,True,True,0,LOW|LOW|LOW,MEDIUM_LOW|MEDIUM_LOW|MEDIUM_LOW
mt_361806747,laliga2,BEHAVIOR_HEAVY|FORMATION_HEAVY|HIGH_SHRINKAGE|WEAK_EVIDENCE,team_a_states:FOUL_TENDENCY,3,3,True,True,True,True,True,True,True,True,True,True,0,MEDIUM|MEDIUM|MEDIUM,MEDIUM_LOW|MEDIUM_LOW|MEDIUM_LOW
mt_361806747,laliga2,BEHAVIOR_HEAVY|FORMATION_HEAVY|HIGH_SHRINKAGE|WEAK_EVIDENCE,team_a_states:SET_PIECE_GENERATION,3,3,True,True,True,True,True,True,True,True,True,True,0,MEDIUM|MEDIUM|MEDIUM,MEDIUM_LOW|MEDIUM_LOW|MEDIUM_LOW
mt_361806747,laliga2,BEHAVIOR_HEAVY|FORMATION_HEAVY|HIGH_SHRINKAGE|WEAK_EVIDENCE,team_a_states:SHOT_SUPPRESSION,3,3,True,True,True,True,True,True,True,True,True,True,0,HIGH|HIGH|HIGH,MEDIUM_LOW|MEDIUM_LOW|MEDIUM_LOW
mt_361806747,laliga2,BEHAVIOR_HEAVY|FORMATION_HEAVY|HIGH_SHRINKAGE|WEAK_EVIDENCE,team_a_states:SHOT_VOLUME,3,3,True,True,True,True,True,True,True,True,True,True,0,MEDIUM|MEDIUM|MEDIUM,MEDIUM_LOW|MEDIUM_LOW|MEDIUM_LOW
mt_361806747,laliga2,BEHAVIOR_HEAVY|FORMATION_HEAVY|HIGH_SHRINKAGE|WEAK_EVIDENCE,team_a_states:TERRITORIAL_PRESSURE,3,3,True,True,True,True,True,True,True,True,True,True,0,MEDIUM|MEDIUM|MEDIUM,MEDIUM_LOW|MEDIUM_LOW|MEDIUM_LOW
mt_361806747,laliga2,BEHAVIOR_HEAVY|FORMATION_HEAVY|HIGH_SHRINKAGE|WEAK_EVIDENCE,team_a_states:WIDTH_PRESSURE,3,3,True,True,True,True,True,True,True,True,True,True,0,MEDIUM|MEDIUM|MEDIUM,MEDIUM_LOW|MEDIUM_LOW|MEDIUM_LOW
mt_361806747,laliga2,BEHAVIOR_HEAVY|FORMATION_HEAVY|HIGH_SHRINKAGE|WEAK_EVIDENCE,team_b_states:BOOKING_CONVERSION,3,3,True,True,True,True,True,True,True,True,True,True,0,MEDIUM|MEDIUM|MEDIUM,MEDIUM_LOW|MEDIUM_LOW|MEDIUM_LOW
mt_361806747,laliga2,BEHAVIOR_HEAVY|FORMATION_HEAVY|HIGH_SHRINKAGE|WEAK_EVIDENCE,team_b_states:BOX_PRESSURE,3,3,True,True,True,True,True,True,True,True,True,True,0,LOW|LOW|LOW,MEDIUM_LOW|MEDIUM_LOW|MEDIUM_LOW
mt_361806747,laliga2,BEHAVIOR_HEAVY|FORMATION_HEAVY|HIGH_SHRINKAGE|WEAK_EVIDENCE,team_b_states:BOX_PROTECTION,3,3,True,True,True,True,True,True,True,True,True,True,0,LOW|LOW|LOW,MEDIUM_LOW|MEDIUM_LOW|MEDIUM_LOW
mt_361806747,laliga2,BEHAVIOR_HEAVY|FORMATION_HEAVY|HIGH_SHRINKAGE|WEAK_EVIDENCE,team_b_states:CLEARANCE_DEPENDENCE,3,3,True,True,True,True,True,True,True,True,True,True,0,HIGH|HIGH|HIGH,MEDIUM_LOW|MEDIUM_LOW|MEDIUM_LOW
mt_361806747,laliga2,BEHAVIOR_HEAVY|FORMATION_HEAVY|HIGH_SHRINKAGE|WEAK_EVIDENCE,team_b_states:CONTACT_INTENSITY,3,3,True,True,True,True,True,True,True,True,True,True,0,MEDIUM|MEDIUM|MEDIUM,MEDIUM_LOW|MEDIUM_LOW|MEDIUM_LOW
mt_361806747,laliga2,BEHAVIOR_HEAVY|FORMATION_HEAVY|HIGH_SHRINKAGE|WEAK_EVIDENCE,team_b_states:CORNER_CONCESSION,3,3,True,True,True,True,True,True,True,True,True,True,0,MEDIUM|MEDIUM|MEDIUM,MEDIUM_LOW|MEDIUM_LOW|MEDIUM_LOW
mt_361806747,laliga2,BEHAVIOR_HEAVY|FORMATION_HEAVY|HIGH_SHRINKAGE|WEAK_EVIDENCE,team_b_states:CROSS_ALLOWANCE,3,3,True,True,True,True,True,True,True,True,True,True,0,MEDIUM|MEDIUM|MEDIUM,MEDIUM_LOW|MEDIUM_LOW|MEDIUM_LOW
mt_361806747,laliga2,BEHAVIOR_HEAVY|FORMATION_HEAVY|HIGH_SHRINKAGE|WEAK_EVIDENCE,team_b_states:FOUL_DRAWING,3,3,True,True,True,True,True,True,True,True,True,True,0,MEDIUM|MEDIUM|MEDIUM,MEDIUM_LOW|MEDIUM_LOW|MEDIUM_LOW
mt_361806747,laliga2,BEHAVIOR_HEAVY|FORMATION_HEAVY|HIGH_SHRINKAGE|WEAK_EVIDENCE,team_b_states:FOUL_TENDENCY,3,3,True,True,True,True,True,True,True,True,True,True,0,LOW|LOW|LOW,MEDIUM_LOW|MEDIUM_LOW|MEDIUM_LOW
mt_361806747,laliga2,BEHAVIOR_HEAVY|FORMATION_HEAVY|HIGH_SHRINKAGE|WEAK_EVIDENCE,team_b_states:SET_PIECE_GENERATION,3,3,True,True,True,True,True,True,True,True,True,True,0,MEDIUM|MEDIUM|MEDIUM,MEDIUM_LOW|MEDIUM_LOW|MEDIUM_LOW
mt_361806747,laliga2,BEHAVIOR_HEAVY|FORMATION_HEAVY|HIGH_SHRINKAGE|WEAK_EVIDENCE,team_b_states:SHOT_SUPPRESSION,3,3,True,True,True,True,True,True,True,True,True,True,0,LOW|LOW|LOW,MEDIUM_LOW|MEDIUM_LOW|MEDIUM_LOW
mt_361806747,laliga2,BEHAVIOR_HEAVY|FORMATION_HEAVY|HIGH_SHRINKAGE|WEAK_EVIDENCE,team_b_states:SHOT_VOLUME,3,3,True,True,True,True,True,True,True,True,True,True,0,LOW|LOW|LOW,MEDIUM_LOW|MEDIUM_LOW|MEDIUM_LOW
mt_361806747,laliga2,BEHAVIOR_HEAVY|FORMATION_HEAVY|HIGH_SHRINKAGE|WEAK_EVIDENCE,team_b_states:TERRITORIAL_PRESSURE,3,3,True,True,True,True,True,True,True,True,True,True,0,LOW|LOW|LOW,MEDIUM_LOW|MEDIUM_LOW|MEDIUM_LOW
mt_361806747,laliga2,BEHAVIOR_HEAVY|FORMATION_HEAVY|HIGH_SHRINKAGE|WEAK_EVIDENCE,team_b_states:WIDTH_PRESSURE,3,3,True,True,True,True,True,True,True,True,True,True,0,LOW|LOW|LOW,MEDIUM_LOW|MEDIUM_LOW|MEDIUM_LOW
mt_257018652,ligue1,BEHAVIOR_HEAVY|FORMATION_HEAVY|HIGH_SHRINKAGE|WEAK_EVIDENCE,matchup_states:BOX_PRESSURE_MATCHUP,3,3,True,True,True,True,False,True,True,True,True,True,0,A_ADVANTAGE|A_ADVANTAGE|A_ADVANTAGE,MEDIUM_LOW|MEDIUM_LOW|MEDIUM_LOW
mt_257018652,ligue1,BEHAVIOR_HEAVY|FORMATION_HEAVY|HIGH_SHRINKAGE|WEAK_EVIDENCE,matchup_states:CONTACT_MATCHUP,3,3,True,True,True,True,True,True,True,True,True,True,0,NEUTRAL|NEUTRAL|NEUTRAL,MEDIUM_LOW|MEDIUM_LOW|MEDIUM_LOW
mt_257018652,ligue1,BEHAVIOR_HEAVY|FORMATION_HEAVY|HIGH_SHRINKAGE|WEAK_EVIDENCE,matchup_states:CORNER_MECHANISM_MATCHUP,3,3,True,True,True,True,False,True,True,True,True,True,0,B_ADVANTAGE|B_ADVANTAGE|B_ADVANTAGE,MEDIUM_LOW|MEDIUM_LOW|MEDIUM_LOW
mt_257018652,ligue1,BEHAVIOR_HEAVY|FORMATION_HEAVY|HIGH_SHRINKAGE|WEAK_EVIDENCE,matchup_states:SHOT_CREATION_MATCHUP,3,3,True,True,True,True,False,True,True,True,False,True,0,A_ADVANTAGE|A_ADVANTAGE|A_ADVANTAGE,MEDIUM_LOW|MEDIUM_LOW|MEDIUM_LOW
mt_257018652,ligue1,BEHAVIOR_HEAVY|FORMATION_HEAVY|HIGH_SHRINKAGE|WEAK_EVIDENCE,matchup_states:WIDE_PRESSURE_MATCHUP,3,3,True,True,True,True,False,True,True,True,True,True,0,NEUTRAL|NEUTRAL|NEUTRAL,MEDIUM_LOW|MEDIUM_LOW|MEDIUM_LOW
mt_257018652,ligue1,BEHAVIOR_HEAVY|FORMATION_HEAVY|HIGH_SHRINKAGE|WEAK_EVIDENCE,team_a_states:BOOKING_CONVERSION,3,3,True,True,True,True,True,True,True,True,True,True,0,MEDIUM|MEDIUM|MEDIUM,MEDIUM_LOW|MEDIUM_LOW|MEDIUM_LOW
mt_257018652,ligue1,BEHAVIOR_HEAVY|FORMATION_HEAVY|HIGH_SHRINKAGE|WEAK_EVIDENCE,team_a_states:BOX_PRESSURE,3,3,True,True,True,True,True,True,True,True,True,True,0,MEDIUM|MEDIUM|MEDIUM,MEDIUM_LOW|MEDIUM_LOW|MEDIUM_LOW
mt_257018652,ligue1,BEHAVIOR_HEAVY|FORMATION_HEAVY|HIGH_SHRINKAGE|WEAK_EVIDENCE,team_a_states:BOX_PROTECTION,3,3,True,True,True,True,False,True,True,True,False,True,0,MEDIUM|MEDIUM|MEDIUM,MEDIUM_LOW|MEDIUM_LOW|MEDIUM_LOW
mt_257018652,ligue1,BEHAVIOR_HEAVY|FORMATION_HEAVY|HIGH_SHRINKAGE|WEAK_EVIDENCE,team_a_states:CLEARANCE_DEPENDENCE,3,3,True,True,True,True,False,True,True,True,True,True,0,MEDIUM|MEDIUM|MEDIUM,MEDIUM_LOW|MEDIUM_LOW|MEDIUM_LOW
mt_257018652,ligue1,BEHAVIOR_HEAVY|FORMATION_HEAVY|HIGH_SHRINKAGE|WEAK_EVIDENCE,team_a_states:CONTACT_INTENSITY,3,3,True,True,True,True,True,True,True,True,True,True,0,MEDIUM|MEDIUM|MEDIUM,MEDIUM_LOW|MEDIUM_LOW|MEDIUM_LOW
mt_257018652,ligue1,BEHAVIOR_HEAVY|FORMATION_HEAVY|HIGH_SHRINKAGE|WEAK_EVIDENCE,team_a_states:CORNER_CONCESSION,3,3,True,True,True,True,True,True,True,True,True,True,0,HIGH|HIGH|HIGH,MEDIUM_LOW|MEDIUM_LOW|MEDIUM_LOW
mt_257018652,ligue1,BEHAVIOR_HEAVY|FORMATION_HEAVY|HIGH_SHRINKAGE|WEAK_EVIDENCE,team_a_states:CROSS_ALLOWANCE,3,3,True,True,True,True,True,True,True,True,True,True,0,MEDIUM|MEDIUM|MEDIUM,MEDIUM_LOW|MEDIUM_LOW|MEDIUM_LOW
mt_257018652,ligue1,BEHAVIOR_HEAVY|FORMATION_HEAVY|HIGH_SHRINKAGE|WEAK_EVIDENCE,team_a_states:FOUL_DRAWING,3,3,True,True,True,True,True,True,True,True,True,True,0,MEDIUM|MEDIUM|MEDIUM,MEDIUM_LOW|MEDIUM_LOW|MEDIUM_LOW
mt_257018652,ligue1,BEHAVIOR_HEAVY|FORMATION_HEAVY|HIGH_SHRINKAGE|WEAK_EVIDENCE,team_a_states:FOUL_TENDENCY,3,3,True,True,True,True,True,True,True,True,True,True,0,MEDIUM|MEDIUM|MEDIUM,MEDIUM_LOW|MEDIUM_LOW|MEDIUM_LOW
mt_257018652,ligue1,BEHAVIOR_HEAVY|FORMATION_HEAVY|HIGH_SHRINKAGE|WEAK_EVIDENCE,team_a_states:SET_PIECE_GENERATION,3,3,True,True,True,True,False,True,True,True,True,True,0,MEDIUM|MEDIUM|MEDIUM,MEDIUM_LOW|MEDIUM_LOW|MEDIUM_LOW
mt_257018652,ligue1,BEHAVIOR_HEAVY|FORMATION_HEAVY|HIGH_SHRINKAGE|WEAK_EVIDENCE,team_a_states:SHOT_SUPPRESSION,3,3,True,True,True,True,False,True,True,True,False,True,0,MEDIUM|MEDIUM|MEDIUM,MEDIUM_LOW|MEDIUM_LOW|MEDIUM_LOW
mt_257018652,ligue1,BEHAVIOR_HEAVY|FORMATION_HEAVY|HIGH_SHRINKAGE|WEAK_EVIDENCE,team_a_states:SHOT_VOLUME,3,3,True,True,True,True,True,True,True,True,True,True,0,MEDIUM|MEDIUM|MEDIUM,MEDIUM_LOW|MEDIUM_LOW|MEDIUM_LOW
mt_257018652,ligue1,BEHAVIOR_HEAVY|FORMATION_HEAVY|HIGH_SHRINKAGE|WEAK_EVIDENCE,team_a_states:TERRITORIAL_PRESSURE,3,3,True,True,True,True,False,True,True,True,False,True,0,MEDIUM|MEDIUM|MEDIUM,MEDIUM_LOW|MEDIUM_LOW|MEDIUM_LOW
mt_257018652,ligue1,BEHAVIOR_HEAVY|FORMATION_HEAVY|HIGH_SHRINKAGE|WEAK_EVIDENCE,team_a_states:WIDTH_PRESSURE,3,3,True,True,True,True,True,True,True,True,True,True,0,MEDIUM|MEDIUM|MEDIUM,MEDIUM_LOW|MEDIUM_LOW|MEDIUM_LOW
mt_257018652,ligue1,BEHAVIOR_HEAVY|FORMATION_HEAVY|HIGH_SHRINKAGE|WEAK_EVIDENCE,team_b_states:BOOKING_CONVERSION,3,3,True,True,True,True,True,True,True,True,True,True,0,MEDIUM|MEDIUM|MEDIUM,MEDIUM_LOW|MEDIUM_LOW|MEDIUM_LOW
mt_257018652,ligue1,BEHAVIOR_HEAVY|FORMATION_HEAVY|HIGH_SHRINKAGE|WEAK_EVIDENCE,team_b_states:BOX_PRESSURE,3,3,True,True,True,True,True,True,True,True,True,True,0,LOW|LOW|LOW,MEDIUM_LOW|MEDIUM_LOW|MEDIUM_LOW
mt_257018652,ligue1,BEHAVIOR_HEAVY|FORMATION_HEAVY|HIGH_SHRINKAGE|WEAK_EVIDENCE,team_b_states:BOX_PROTECTION,3,3,True,True,True,True,False,True,True,True,False,True,0,MEDIUM|MEDIUM|MEDIUM,MEDIUM_LOW|MEDIUM_LOW|MEDIUM_LOW
mt_257018652,ligue1,BEHAVIOR_HEAVY|FORMATION_HEAVY|HIGH_SHRINKAGE|WEAK_EVIDENCE,team_b_states:CLEARANCE_DEPENDENCE,3,3,True,True,True,True,False,True,True,True,True,True,0,MEDIUM|MEDIUM|MEDIUM,MEDIUM_LOW|MEDIUM_LOW|MEDIUM_LOW
mt_257018652,ligue1,BEHAVIOR_HEAVY|FORMATION_HEAVY|HIGH_SHRINKAGE|WEAK_EVIDENCE,team_b_states:CONTACT_INTENSITY,3,3,True,True,True,True,True,True,True,True,True,True,0,MEDIUM|MEDIUM|MEDIUM,MEDIUM_LOW|MEDIUM_LOW|MEDIUM_LOW
mt_257018652,ligue1,BEHAVIOR_HEAVY|FORMATION_HEAVY|HIGH_SHRINKAGE|WEAK_EVIDENCE,team_b_states:CORNER_CONCESSION,3,3,True,True,True,True,True,True,True,True,True,True,0,LOW|LOW|LOW,MEDIUM_LOW|MEDIUM_LOW|MEDIUM_LOW
mt_257018652,ligue1,BEHAVIOR_HEAVY|FORMATION_HEAVY|HIGH_SHRINKAGE|WEAK_EVIDENCE,team_b_states:CROSS_ALLOWANCE,3,3,True,True,True,True,True,True,True,True,True,True,0,MEDIUM|MEDIUM|MEDIUM,MEDIUM_LOW|MEDIUM_LOW|MEDIUM_LOW
mt_257018652,ligue1,BEHAVIOR_HEAVY|FORMATION_HEAVY|HIGH_SHRINKAGE|WEAK_EVIDENCE,team_b_states:FOUL_DRAWING,3,3,True,True,True,True,True,True,True,True,True,True,0,MEDIUM|MEDIUM|MEDIUM,MEDIUM_LOW|MEDIUM_LOW|MEDIUM_LOW
mt_257018652,ligue1,BEHAVIOR_HEAVY|FORMATION_HEAVY|HIGH_SHRINKAGE|WEAK_EVIDENCE,team_b_states:FOUL_TENDENCY,3,3,True,True,True,True,True,True,True,True,True,True,0,MEDIUM|MEDIUM|MEDIUM,MEDIUM_LOW|MEDIUM_LOW|MEDIUM_LOW
mt_257018652,ligue1,BEHAVIOR_HEAVY|FORMATION_HEAVY|HIGH_SHRINKAGE|WEAK_EVIDENCE,team_b_states:SET_PIECE_GENERATION,3,3,True,True,True,True,False,True,True,True,True,True,0,MEDIUM|MEDIUM|MEDIUM,MEDIUM_LOW|MEDIUM_LOW|MEDIUM_LOW
mt_257018652,ligue1,BEHAVIOR_HEAVY|FORMATION_HEAVY|HIGH_SHRINKAGE|WEAK_EVIDENCE,team_b_states:SHOT_SUPPRESSION,3,3,True,True,True,True,False,True,True,True,False,True,0,MEDIUM|MEDIUM|MEDIUM,MEDIUM_LOW|MEDIUM_LOW|MEDIUM_LOW
mt_257018652,ligue1,BEHAVIOR_HEAVY|FORMATION_HEAVY|HIGH_SHRINKAGE|WEAK_EVIDENCE,team_b_states:SHOT_VOLUME,3,3,True,True,True,True,True,True,True,True,True,True,0,LOW|LOW|LOW,MEDIUM_LOW|MEDIUM_LOW|MEDIUM_LOW
mt_257018652,ligue1,BEHAVIOR_HEAVY|FORMATION_HEAVY|HIGH_SHRINKAGE|WEAK_EVIDENCE,team_b_states:TERRITORIAL_PRESSURE,3,3,True,True,True,True,False,True,True,True,False,True,0,MEDIUM|MEDIUM|MEDIUM,MEDIUM_LOW|MEDIUM_LOW|MEDIUM_LOW
mt_257018652,ligue1,BEHAVIOR_HEAVY|FORMATION_HEAVY|HIGH_SHRINKAGE|WEAK_EVIDENCE,team_b_states:WIDTH_PRESSURE,3,3,True,True,True,True,True,True,True,True,True,True,0,LOW|LOW|LOW,MEDIUM_LOW|MEDIUM_LOW|MEDIUM_LOW
mt_362652308,ligue2,BEHAVIOR_HEAVY|FORMATION_HEAVY|HIGH_SHRINKAGE|SMALL_N|WEAK_EVIDENCE,matchup_states:BOX_PRESSURE_MATCHUP,3,3,True,True,True,True,True,True,True,True,True,True,0,B_ADVANTAGE|B_ADVANTAGE|B_ADVANTAGE,MEDIUM|MEDIUM|MEDIUM
mt_362652308,ligue2,BEHAVIOR_HEAVY|FORMATION_HEAVY|HIGH_SHRINKAGE|SMALL_N|WEAK_EVIDENCE,matchup_states:CONTACT_MATCHUP,3,3,True,True,True,True,False,True,True,True,True,True,0,A_ADVANTAGE|A_ADVANTAGE|A_ADVANTAGE,MEDIUM_LOW|MEDIUM_LOW|MEDIUM_LOW
mt_362652308,ligue2,BEHAVIOR_HEAVY|FORMATION_HEAVY|HIGH_SHRINKAGE|SMALL_N|WEAK_EVIDENCE,matchup_states:CORNER_MECHANISM_MATCHUP,3,3,True,True,True,True,False,True,True,True,True,True,0,B_ADVANTAGE|B_ADVANTAGE|B_ADVANTAGE,MEDIUM_LOW|MEDIUM_LOW|MEDIUM_LOW
mt_362652308,ligue2,BEHAVIOR_HEAVY|FORMATION_HEAVY|HIGH_SHRINKAGE|SMALL_N|WEAK_EVIDENCE,matchup_states:SHOT_CREATION_MATCHUP,3,3,True,True,True,False,False,True,True,True,True,True,1,B_ADVANTAGE|B_ADVANTAGE|B_ADVANTAGE,MEDIUM_LOW|MEDIUM_LOW|MEDIUM
mt_362652308,ligue2,BEHAVIOR_HEAVY|FORMATION_HEAVY|HIGH_SHRINKAGE|SMALL_N|WEAK_EVIDENCE,matchup_states:WIDE_PRESSURE_MATCHUP,3,3,True,True,True,True,True,True,True,True,True,True,0,NEUTRAL|NEUTRAL|NEUTRAL,MEDIUM_LOW|MEDIUM_LOW|MEDIUM_LOW
mt_362652308,ligue2,BEHAVIOR_HEAVY|FORMATION_HEAVY|HIGH_SHRINKAGE|SMALL_N|WEAK_EVIDENCE,team_a_states:BOOKING_CONVERSION,3,3,True,True,True,True,True,True,True,True,True,True,0,HIGH|HIGH|HIGH,MEDIUM_LOW|MEDIUM_LOW|MEDIUM_LOW
mt_362652308,ligue2,BEHAVIOR_HEAVY|FORMATION_HEAVY|HIGH_SHRINKAGE|SMALL_N|WEAK_EVIDENCE,team_a_states:BOX_PRESSURE,3,3,True,True,True,True,True,True,True,True,True,True,0,MEDIUM|MEDIUM|MEDIUM,MEDIUM_LOW|MEDIUM_LOW|MEDIUM_LOW
mt_362652308,ligue2,BEHAVIOR_HEAVY|FORMATION_HEAVY|HIGH_SHRINKAGE|SMALL_N|WEAK_EVIDENCE,team_a_states:BOX_PROTECTION,3,3,True,True,True,True,True,True,True,True,True,True,0,MEDIUM|MEDIUM|MEDIUM,MEDIUM_LOW|MEDIUM_LOW|MEDIUM_LOW
mt_362652308,ligue2,BEHAVIOR_HEAVY|FORMATION_HEAVY|HIGH_SHRINKAGE|SMALL_N|WEAK_EVIDENCE,team_a_states:CLEARANCE_DEPENDENCE,3,3,True,True,True,True,True,True,True,True,True,True,0,MEDIUM|MEDIUM|MEDIUM,MEDIUM_LOW|MEDIUM_LOW|MEDIUM_LOW
mt_362652308,ligue2,BEHAVIOR_HEAVY|FORMATION_HEAVY|HIGH_SHRINKAGE|SMALL_N|WEAK_EVIDENCE,team_a_states:CONTACT_INTENSITY,3,3,True,True,True,True,False,True,True,True,True,True,0,MEDIUM|MEDIUM|MEDIUM,MEDIUM_LOW|MEDIUM_LOW|MEDIUM_LOW
mt_362652308,ligue2,BEHAVIOR_HEAVY|FORMATION_HEAVY|HIGH_SHRINKAGE|SMALL_N|WEAK_EVIDENCE,team_a_states:CORNER_CONCESSION,3,3,True,True,True,True,True,True,True,True,True,True,0,MEDIUM|MEDIUM|MEDIUM,MEDIUM_LOW|MEDIUM_LOW|MEDIUM_LOW
mt_362652308,ligue2,BEHAVIOR_HEAVY|FORMATION_HEAVY|HIGH_SHRINKAGE|SMALL_N|WEAK_EVIDENCE,team_a_states:CROSS_ALLOWANCE,3,3,True,True,True,True,False,True,True,True,True,True,0,LOW|LOW|LOW,MEDIUM|MEDIUM|MEDIUM
mt_362652308,ligue2,BEHAVIOR_HEAVY|FORMATION_HEAVY|HIGH_SHRINKAGE|SMALL_N|WEAK_EVIDENCE,team_a_states:FOUL_DRAWING,3,3,True,True,True,True,True,True,True,True,True,True,0,MEDIUM|MEDIUM|MEDIUM,MEDIUM_LOW|MEDIUM_LOW|MEDIUM_LOW
mt_362652308,ligue2,BEHAVIOR_HEAVY|FORMATION_HEAVY|HIGH_SHRINKAGE|SMALL_N|WEAK_EVIDENCE,team_a_states:FOUL_TENDENCY,3,3,True,True,True,True,True,True,True,True,True,True,0,MEDIUM|MEDIUM|MEDIUM,MEDIUM_LOW|MEDIUM_LOW|MEDIUM_LOW
mt_362652308,ligue2,BEHAVIOR_HEAVY|FORMATION_HEAVY|HIGH_SHRINKAGE|SMALL_N|WEAK_EVIDENCE,team_a_states:SET_PIECE_GENERATION,3,3,True,True,True,True,True,True,True,True,True,True,0,MEDIUM|MEDIUM|MEDIUM,MEDIUM_LOW|MEDIUM_LOW|MEDIUM_LOW
mt_362652308,ligue2,BEHAVIOR_HEAVY|FORMATION_HEAVY|HIGH_SHRINKAGE|SMALL_N|WEAK_EVIDENCE,team_a_states:SHOT_SUPPRESSION,3,3,True,True,True,True,True,True,True,True,True,True,0,MEDIUM|MEDIUM|MEDIUM,MEDIUM_LOW|MEDIUM_LOW|MEDIUM_LOW
mt_362652308,ligue2,BEHAVIOR_HEAVY|FORMATION_HEAVY|HIGH_SHRINKAGE|SMALL_N|WEAK_EVIDENCE,team_a_states:SHOT_VOLUME,3,3,True,True,True,True,True,True,True,True,True,True,0,MEDIUM|MEDIUM|MEDIUM,MEDIUM_LOW|MEDIUM_LOW|MEDIUM_LOW
mt_362652308,ligue2,BEHAVIOR_HEAVY|FORMATION_HEAVY|HIGH_SHRINKAGE|SMALL_N|WEAK_EVIDENCE,team_a_states:TERRITORIAL_PRESSURE,3,3,True,True,True,True,False,True,True,True,True,True,0,MEDIUM|MEDIUM|MEDIUM,MEDIUM_LOW|MEDIUM_LOW|MEDIUM_LOW
mt_362652308,ligue2,BEHAVIOR_HEAVY|FORMATION_HEAVY|HIGH_SHRINKAGE|SMALL_N|WEAK_EVIDENCE,team_a_states:WIDTH_PRESSURE,3,3,True,True,True,True,True,True,True,True,True,True,0,MEDIUM|MEDIUM|MEDIUM,MEDIUM_LOW|MEDIUM_LOW|MEDIUM_LOW
mt_362652308,ligue2,BEHAVIOR_HEAVY|FORMATION_HEAVY|HIGH_SHRINKAGE|SMALL_N|WEAK_EVIDENCE,team_b_states:BOOKING_CONVERSION,3,3,True,True,True,False,True,True,True,True,True,True,1,MEDIUM|MEDIUM|MEDIUM,MEDIUM_LOW|MEDIUM_LOW|MEDIUM
mt_362652308,ligue2,BEHAVIOR_HEAVY|FORMATION_HEAVY|HIGH_SHRINKAGE|SMALL_N|WEAK_EVIDENCE,team_b_states:BOX_PRESSURE,3,3,True,True,True,True,True,True,True,True,True,True,0,HIGH|HIGH|HIGH,MEDIUM|MEDIUM|MEDIUM
mt_362652308,ligue2,BEHAVIOR_HEAVY|FORMATION_HEAVY|HIGH_SHRINKAGE|SMALL_N|WEAK_EVIDENCE,team_b_states:BOX_PROTECTION,3,3,True,True,True,True,True,True,True,True,True,True,0,HIGH|HIGH|HIGH,MEDIUM|MEDIUM|MEDIUM
mt_362652308,ligue2,BEHAVIOR_HEAVY|FORMATION_HEAVY|HIGH_SHRINKAGE|SMALL_N|WEAK_EVIDENCE,team_b_states:CLEARANCE_DEPENDENCE,3,3,True,True,True,False,True,True,True,True,True,True,1,MEDIUM|MEDIUM|MEDIUM,MEDIUM_LOW|MEDIUM_LOW|MEDIUM
mt_362652308,ligue2,BEHAVIOR_HEAVY|FORMATION_HEAVY|HIGH_SHRINKAGE|SMALL_N|WEAK_EVIDENCE,team_b_states:CONTACT_INTENSITY,3,3,True,True,True,False,False,True,True,True,True,True,1,MEDIUM|MEDIUM|MEDIUM,MEDIUM_LOW|MEDIUM_LOW|MEDIUM
mt_362652308,ligue2,BEHAVIOR_HEAVY|FORMATION_HEAVY|HIGH_SHRINKAGE|SMALL_N|WEAK_EVIDENCE,team_b_states:CORNER_CONCESSION,3,3,True,True,True,False,True,True,True,True,True,True,1,MEDIUM|MEDIUM|MEDIUM,MEDIUM_LOW|MEDIUM_LOW|MEDIUM
mt_362652308,ligue2,BEHAVIOR_HEAVY|FORMATION_HEAVY|HIGH_SHRINKAGE|SMALL_N|WEAK_EVIDENCE,team_b_states:CROSS_ALLOWANCE,3,3,True,True,True,False,True,True,True,True,True,True,1,MEDIUM|MEDIUM|MEDIUM,MEDIUM_LOW|MEDIUM_LOW|MEDIUM
mt_362652308,ligue2,BEHAVIOR_HEAVY|FORMATION_HEAVY|HIGH_SHRINKAGE|SMALL_N|WEAK_EVIDENCE,team_b_states:FOUL_DRAWING,3,3,True,True,True,False,True,True,True,True,True,True,1,MEDIUM|MEDIUM|MEDIUM,MEDIUM_LOW|MEDIUM_LOW|MEDIUM
mt_362652308,ligue2,BEHAVIOR_HEAVY|FORMATION_HEAVY|HIGH_SHRINKAGE|SMALL_N|WEAK_EVIDENCE,team_b_states:FOUL_TENDENCY,3,3,True,True,True,False,True,True,True,True,True,True,1,MEDIUM|MEDIUM|MEDIUM,MEDIUM_LOW|MEDIUM_LOW|MEDIUM
mt_362652308,ligue2,BEHAVIOR_HEAVY|FORMATION_HEAVY|HIGH_SHRINKAGE|SMALL_N|WEAK_EVIDENCE,team_b_states:SET_PIECE_GENERATION,3,3,True,True,True,False,True,True,True,True,True,True,1,MEDIUM|MEDIUM|MEDIUM,MEDIUM_LOW|MEDIUM_LOW|MEDIUM
mt_362652308,ligue2,BEHAVIOR_HEAVY|FORMATION_HEAVY|HIGH_SHRINKAGE|SMALL_N|WEAK_EVIDENCE,team_b_states:SHOT_SUPPRESSION,3,3,True,False,False,False,True,True,True,True,True,True,1,MEDIUM|MEDIUM|HIGH,MEDIUM_LOW|MEDIUM_LOW|MEDIUM
mt_362652308,ligue2,BEHAVIOR_HEAVY|FORMATION_HEAVY|HIGH_SHRINKAGE|SMALL_N|WEAK_EVIDENCE,team_b_states:SHOT_VOLUME,3,3,True,True,True,False,True,True,True,True,True,True,1,MEDIUM|MEDIUM|MEDIUM,MEDIUM_LOW|MEDIUM_LOW|MEDIUM
mt_362652308,ligue2,BEHAVIOR_HEAVY|FORMATION_HEAVY|HIGH_SHRINKAGE|SMALL_N|WEAK_EVIDENCE,team_b_states:TERRITORIAL_PRESSURE,3,3,True,True,True,True,True,True,True,True,True,True,0,HIGH|HIGH|HIGH,MEDIUM|MEDIUM|MEDIUM
mt_362652308,ligue2,BEHAVIOR_HEAVY|FORMATION_HEAVY|HIGH_SHRINKAGE|SMALL_N|WEAK_EVIDENCE,team_b_states:WIDTH_PRESSURE,3,3,True,True,True,False,True,True,True,True,True,True,1,MEDIUM|MEDIUM|MEDIUM,MEDIUM_LOW|MEDIUM_LOW|MEDIUM
mt_743352721,champ,BEHAVIOR_HEAVY|FORMATION_HEAVY|HIGH_SHRINKAGE|WEAK_EVIDENCE,matchup_states:BOX_PRESSURE_MATCHUP,3,3,True,True,True,True,True,True,True,True,True,True,0,NEUTRAL|NEUTRAL|NEUTRAL,MEDIUM_LOW|MEDIUM_LOW|MEDIUM_LOW
mt_743352721,champ,BEHAVIOR_HEAVY|FORMATION_HEAVY|HIGH_SHRINKAGE|WEAK_EVIDENCE,matchup_states:CONTACT_MATCHUP,3,3,True,True,True,True,True,True,True,True,True,True,0,NEUTRAL|NEUTRAL|NEUTRAL,MEDIUM|MEDIUM|MEDIUM
mt_743352721,champ,BEHAVIOR_HEAVY|FORMATION_HEAVY|HIGH_SHRINKAGE|WEAK_EVIDENCE,matchup_states:CORNER_MECHANISM_MATCHUP,3,3,True,True,True,True,False,True,True,True,True,True,0,A_ADVANTAGE|A_ADVANTAGE|A_ADVANTAGE,MEDIUM|MEDIUM|MEDIUM
mt_743352721,champ,BEHAVIOR_HEAVY|FORMATION_HEAVY|HIGH_SHRINKAGE|WEAK_EVIDENCE,matchup_states:SECOND_HALF_PRESSURE_SHIFT,3,3,True,True,True,True,True,True,True,True,True,True,0,UNKNOWN|UNKNOWN|UNKNOWN,UNKNOWN|UNKNOWN|UNKNOWN
mt_743352721,champ,BEHAVIOR_HEAVY|FORMATION_HEAVY|HIGH_SHRINKAGE|WEAK_EVIDENCE,matchup_states:SHOT_CREATION_MATCHUP,3,3,True,True,True,False,True,True,True,True,True,True,1,NEUTRAL|NEUTRAL|NEUTRAL,MEDIUM|MEDIUM|MEDIUM_LOW
mt_743352721,champ,BEHAVIOR_HEAVY|FORMATION_HEAVY|HIGH_SHRINKAGE|WEAK_EVIDENCE,matchup_states:WIDE_PRESSURE_MATCHUP,3,3,True,True,True,True,True,True,True,True,True,True,0,NEUTRAL|NEUTRAL|NEUTRAL,MEDIUM_LOW|MEDIUM_LOW|MEDIUM_LOW
mt_743352721,champ,BEHAVIOR_HEAVY|FORMATION_HEAVY|HIGH_SHRINKAGE|WEAK_EVIDENCE,team_a_states:BOOKING_CONVERSION,3,3,True,True,True,True,True,True,True,True,True,True,0,MEDIUM|MEDIUM|MEDIUM,MEDIUM|MEDIUM|MEDIUM
mt_743352721,champ,BEHAVIOR_HEAVY|FORMATION_HEAVY|HIGH_SHRINKAGE|WEAK_EVIDENCE,team_a_states:BOX_PRESSURE,3,3,True,True,True,True,True,True,True,True,True,True,0,MEDIUM|MEDIUM|MEDIUM,MEDIUM_LOW|MEDIUM_LOW|MEDIUM_LOW
mt_743352721,champ,BEHAVIOR_HEAVY|FORMATION_HEAVY|HIGH_SHRINKAGE|WEAK_EVIDENCE,team_a_states:BOX_PROTECTION,3,3,True,True,True,True,True,True,True,True,True,True,0,MEDIUM|MEDIUM|MEDIUM,MEDIUM|MEDIUM|MEDIUM
mt_743352721,champ,BEHAVIOR_HEAVY|FORMATION_HEAVY|HIGH_SHRINKAGE|WEAK_EVIDENCE,team_a_states:CLEARANCE_DEPENDENCE,3,3,True,True,True,True,True,True,True,True,True,True,0,MEDIUM|MEDIUM|MEDIUM,MEDIUM|MEDIUM|MEDIUM
mt_743352721,champ,BEHAVIOR_HEAVY|FORMATION_HEAVY|HIGH_SHRINKAGE|WEAK_EVIDENCE,team_a_states:CONTACT_INTENSITY,3,3,True,True,True,True,True,True,True,True,True,True,0,MEDIUM|MEDIUM|MEDIUM,MEDIUM|MEDIUM|MEDIUM
mt_743352721,champ,BEHAVIOR_HEAVY|FORMATION_HEAVY|HIGH_SHRINKAGE|WEAK_EVIDENCE,team_a_states:CORNER_CONCESSION,3,3,True,True,True,True,True,True,True,True,True,True,0,LOW|LOW|LOW,MEDIUM|MEDIUM|MEDIUM
mt_743352721,champ,BEHAVIOR_HEAVY|FORMATION_HEAVY|HIGH_SHRINKAGE|WEAK_EVIDENCE,team_a_states:CROSS_ALLOWANCE,3,3,True,True,True,True,True,True,True,True,True,True,0,LOW|LOW|LOW,MEDIUM|MEDIUM|MEDIUM
mt_743352721,champ,BEHAVIOR_HEAVY|FORMATION_HEAVY|HIGH_SHRINKAGE|WEAK_EVIDENCE,team_a_states:FOUL_DRAWING,3,3,True,True,True,True,True,True,True,True,True,True,0,MEDIUM|MEDIUM|MEDIUM,MEDIUM|MEDIUM|MEDIUM
mt_743352721,champ,BEHAVIOR_HEAVY|FORMATION_HEAVY|HIGH_SHRINKAGE|WEAK_EVIDENCE,team_a_states:FOUL_TENDENCY,3,3,True,True,True,True,True,True,True,True,True,True,0,MEDIUM|MEDIUM|MEDIUM,MEDIUM|MEDIUM|MEDIUM
mt_743352721,champ,BEHAVIOR_HEAVY|FORMATION_HEAVY|HIGH_SHRINKAGE|WEAK_EVIDENCE,team_a_states:SAVE_ENVIRONMENT,3,3,True,True,True,True,True,True,True,True,True,True,0,UNKNOWN|UNKNOWN|UNKNOWN,UNKNOWN|UNKNOWN|UNKNOWN
mt_743352721,champ,BEHAVIOR_HEAVY|FORMATION_HEAVY|HIGH_SHRINKAGE|WEAK_EVIDENCE,team_a_states:SECOND_HALF_ESCALATION,3,3,True,True,True,True,True,True,True,True,True,True,0,UNKNOWN|UNKNOWN|UNKNOWN,UNKNOWN|UNKNOWN|UNKNOWN
mt_743352721,champ,BEHAVIOR_HEAVY|FORMATION_HEAVY|HIGH_SHRINKAGE|WEAK_EVIDENCE,team_a_states:SET_PIECE_GENERATION,3,3,True,True,True,True,True,True,True,True,True,True,0,MEDIUM|MEDIUM|MEDIUM,MEDIUM|MEDIUM|MEDIUM
mt_743352721,champ,BEHAVIOR_HEAVY|FORMATION_HEAVY|HIGH_SHRINKAGE|WEAK_EVIDENCE,team_a_states:SHOT_QUALITY,3,3,True,True,True,True,True,True,True,True,True,True,0,UNKNOWN|UNKNOWN|UNKNOWN,UNKNOWN|UNKNOWN|UNKNOWN
mt_743352721,champ,BEHAVIOR_HEAVY|FORMATION_HEAVY|HIGH_SHRINKAGE|WEAK_EVIDENCE,team_a_states:SHOT_SUPPRESSION,3,3,True,True,True,True,True,True,True,True,True,True,0,MEDIUM|MEDIUM|MEDIUM,MEDIUM|MEDIUM|MEDIUM
mt_743352721,champ,BEHAVIOR_HEAVY|FORMATION_HEAVY|HIGH_SHRINKAGE|WEAK_EVIDENCE,team_a_states:SHOT_VOLUME,3,3,True,True,True,True,True,True,True,True,True,True,0,MEDIUM|MEDIUM|MEDIUM,MEDIUM|MEDIUM|MEDIUM
mt_743352721,champ,BEHAVIOR_HEAVY|FORMATION_HEAVY|HIGH_SHRINKAGE|WEAK_EVIDENCE,team_a_states:TERRITORIAL_PRESSURE,3,3,True,True,True,True,True,True,True,True,True,True,0,MEDIUM|MEDIUM|MEDIUM,MEDIUM|MEDIUM|MEDIUM
mt_743352721,champ,BEHAVIOR_HEAVY|FORMATION_HEAVY|HIGH_SHRINKAGE|WEAK_EVIDENCE,team_a_states:WIDTH_PRESSURE,3,3,True,True,True,True,True,True,True,True,True,True,0,LOW|LOW|LOW,MEDIUM_LOW|MEDIUM_LOW|MEDIUM_LOW
mt_743352721,champ,BEHAVIOR_HEAVY|FORMATION_HEAVY|HIGH_SHRINKAGE|WEAK_EVIDENCE,team_b_states:BOOKING_CONVERSION,3,3,True,True,True,True,True,True,True,True,True,True,0,MEDIUM|MEDIUM|MEDIUM,MEDIUM|MEDIUM|MEDIUM
mt_743352721,champ,BEHAVIOR_HEAVY|FORMATION_HEAVY|HIGH_SHRINKAGE|WEAK_EVIDENCE,team_b_states:BOX_PRESSURE,3,3,True,True,True,True,True,True,True,True,True,True,0,MEDIUM|MEDIUM|MEDIUM,MEDIUM_LOW|MEDIUM_LOW|MEDIUM_LOW
mt_743352721,champ,BEHAVIOR_HEAVY|FORMATION_HEAVY|HIGH_SHRINKAGE|WEAK_EVIDENCE,team_b_states:BOX_PROTECTION,3,3,True,True,True,True,True,True,True,True,True,True,0,MEDIUM|MEDIUM|MEDIUM,MEDIUM|MEDIUM|MEDIUM
mt_743352721,champ,BEHAVIOR_HEAVY|FORMATION_HEAVY|HIGH_SHRINKAGE|WEAK_EVIDENCE,team_b_states:CLEARANCE_DEPENDENCE,3,3,True,True,True,True,True,True,True,True,True,True,0,MEDIUM|MEDIUM|MEDIUM,MEDIUM|MEDIUM|MEDIUM
mt_743352721,champ,BEHAVIOR_HEAVY|FORMATION_HEAVY|HIGH_SHRINKAGE|WEAK_EVIDENCE,team_b_states:CONTACT_INTENSITY,3,3,True,True,True,True,True,True,True,True,True,True,0,MEDIUM|MEDIUM|MEDIUM,MEDIUM|MEDIUM|MEDIUM
mt_743352721,champ,BEHAVIOR_HEAVY|FORMATION_HEAVY|HIGH_SHRINKAGE|WEAK_EVIDENCE,team_b_states:CORNER_CONCESSION,3,3,True,True,True,True,True,True,True,True,True,True,0,MEDIUM|MEDIUM|MEDIUM,MEDIUM|MEDIUM|MEDIUM
mt_743352721,champ,BEHAVIOR_HEAVY|FORMATION_HEAVY|HIGH_SHRINKAGE|WEAK_EVIDENCE,team_b_states:CROSS_ALLOWANCE,3,3,True,True,True,True,True,True,True,True,True,True,0,LOW|LOW|LOW,MEDIUM|MEDIUM|MEDIUM
mt_743352721,champ,BEHAVIOR_HEAVY|FORMATION_HEAVY|HIGH_SHRINKAGE|WEAK_EVIDENCE,team_b_states:FOUL_DRAWING,3,3,True,True,True,True,True,True,True,True,True,True,0,MEDIUM|MEDIUM|MEDIUM,MEDIUM|MEDIUM|MEDIUM
mt_743352721,champ,BEHAVIOR_HEAVY|FORMATION_HEAVY|HIGH_SHRINKAGE|WEAK_EVIDENCE,team_b_states:FOUL_TENDENCY,3,3,True,True,True,True,True,True,True,True,True,True,0,MEDIUM|MEDIUM|MEDIUM,MEDIUM|MEDIUM|MEDIUM
mt_743352721,champ,BEHAVIOR_HEAVY|FORMATION_HEAVY|HIGH_SHRINKAGE|WEAK_EVIDENCE,team_b_states:SAVE_ENVIRONMENT,3,3,True,True,True,True,True,True,True,True,True,True,0,UNKNOWN|UNKNOWN|UNKNOWN,UNKNOWN|UNKNOWN|UNKNOWN
mt_743352721,champ,BEHAVIOR_HEAVY|FORMATION_HEAVY|HIGH_SHRINKAGE|WEAK_EVIDENCE,team_b_states:SECOND_HALF_ESCALATION,3,3,True,True,True,True,True,True,True,True,True,True,0,UNKNOWN|UNKNOWN|UNKNOWN,UNKNOWN|UNKNOWN|UNKNOWN
mt_743352721,champ,BEHAVIOR_HEAVY|FORMATION_HEAVY|HIGH_SHRINKAGE|WEAK_EVIDENCE,team_b_states:SET_PIECE_GENERATION,3,3,True,True,True,True,True,True,True,True,True,True,0,LOW|LOW|LOW,MEDIUM|MEDIUM|MEDIUM
mt_743352721,champ,BEHAVIOR_HEAVY|FORMATION_HEAVY|HIGH_SHRINKAGE|WEAK_EVIDENCE,team_b_states:SHOT_QUALITY,3,3,True,True,True,True,True,True,True,True,True,True,0,UNKNOWN|UNKNOWN|UNKNOWN,UNKNOWN|UNKNOWN|UNKNOWN
mt_743352721,champ,BEHAVIOR_HEAVY|FORMATION_HEAVY|HIGH_SHRINKAGE|WEAK_EVIDENCE,team_b_states:SHOT_SUPPRESSION,3,3,True,True,True,True,True,True,True,True,True,True,0,MEDIUM|MEDIUM|MEDIUM,MEDIUM|MEDIUM|MEDIUM
mt_743352721,champ,BEHAVIOR_HEAVY|FORMATION_HEAVY|HIGH_SHRINKAGE|WEAK_EVIDENCE,team_b_states:SHOT_VOLUME,3,3,True,True,True,True,True,True,True,True,True,True,0,MEDIUM|MEDIUM|MEDIUM,MEDIUM|MEDIUM|MEDIUM
mt_743352721,champ,BEHAVIOR_HEAVY|FORMATION_HEAVY|HIGH_SHRINKAGE|WEAK_EVIDENCE,team_b_states:TERRITORIAL_PRESSURE,3,3,True,False,False,True,True,True,True,True,True,True,1,MEDIUM|MEDIUM|HIGH,MEDIUM|MEDIUM|MEDIUM
mt_743352721,champ,BEHAVIOR_HEAVY|FORMATION_HEAVY|HIGH_SHRINKAGE|WEAK_EVIDENCE,team_b_states:WIDTH_PRESSURE,3,3,True,True,True,True,True,True,True,True,True,True,0,LOW|LOW|LOW,MEDIUM_LOW|MEDIUM_LOW|MEDIUM_LOW
mt_629493933,epl,BEHAVIOR_HEAVY|FORMATION_HEAVY|HIGH_SHRINKAGE|WEAK_EVIDENCE,matchup_states:BOX_PRESSURE_MATCHUP,3,2,False,True,True,True,True,True,True,True,True,True,0,NEUTRAL|NEUTRAL,MEDIUM_LOW|MEDIUM_LOW
mt_629493933,epl,BEHAVIOR_HEAVY|FORMATION_HEAVY|HIGH_SHRINKAGE|WEAK_EVIDENCE,matchup_states:CONTACT_MATCHUP,3,2,False,True,True,True,True,True,True,True,True,True,0,NEUTRAL|NEUTRAL,MEDIUM_LOW|MEDIUM_LOW
mt_629493933,epl,BEHAVIOR_HEAVY|FORMATION_HEAVY|HIGH_SHRINKAGE|WEAK_EVIDENCE,matchup_states:CORNER_MECHANISM_MATCHUP,3,2,False,True,True,True,True,True,True,True,True,True,0,B_ADVANTAGE|B_ADVANTAGE,MEDIUM_LOW|MEDIUM_LOW
mt_629493933,epl,BEHAVIOR_HEAVY|FORMATION_HEAVY|HIGH_SHRINKAGE|WEAK_EVIDENCE,matchup_states:SHOT_CREATION_MATCHUP,3,2,False,True,True,True,True,True,True,True,True,True,0,NEUTRAL|NEUTRAL,MEDIUM_LOW|MEDIUM_LOW
mt_629493933,epl,BEHAVIOR_HEAVY|FORMATION_HEAVY|HIGH_SHRINKAGE|WEAK_EVIDENCE,matchup_states:WIDE_PRESSURE_MATCHUP,3,2,False,True,True,True,True,True,True,True,True,True,0,B_ADVANTAGE|B_ADVANTAGE,MEDIUM_LOW|MEDIUM_LOW
mt_629493933,epl,BEHAVIOR_HEAVY|FORMATION_HEAVY|HIGH_SHRINKAGE|WEAK_EVIDENCE,team_a_states:BOOKING_CONVERSION,3,2,False,True,True,True,True,True,True,True,True,True,0,MEDIUM|MEDIUM,MEDIUM_LOW|MEDIUM_LOW
mt_629493933,epl,BEHAVIOR_HEAVY|FORMATION_HEAVY|HIGH_SHRINKAGE|WEAK_EVIDENCE,team_a_states:BOX_PRESSURE,3,2,False,True,True,True,True,True,True,True,True,True,0,LOW|LOW,MEDIUM_LOW|MEDIUM_LOW
mt_629493933,epl,BEHAVIOR_HEAVY|FORMATION_HEAVY|HIGH_SHRINKAGE|WEAK_EVIDENCE,team_a_states:BOX_PROTECTION,3,2,False,True,True,True,True,True,True,True,True,True,0,LOW|LOW,MEDIUM_LOW|MEDIUM_LOW
mt_629493933,epl,BEHAVIOR_HEAVY|FORMATION_HEAVY|HIGH_SHRINKAGE|WEAK_EVIDENCE,team_a_states:CLEARANCE_DEPENDENCE,3,2,False,True,True,True,True,True,True,True,True,True,0,MEDIUM|MEDIUM,MEDIUM_LOW|MEDIUM_LOW
mt_629493933,epl,BEHAVIOR_HEAVY|FORMATION_HEAVY|HIGH_SHRINKAGE|WEAK_EVIDENCE,team_a_states:CONTACT_INTENSITY,3,2,False,True,True,True,True,True,True,True,True,True,0,MEDIUM|MEDIUM,MEDIUM_LOW|MEDIUM_LOW
mt_629493933,epl,BEHAVIOR_HEAVY|FORMATION_HEAVY|HIGH_SHRINKAGE|WEAK_EVIDENCE,team_a_states:CORNER_CONCESSION,3,2,False,True,True,True,True,True,True,True,True,True,0,HIGH|HIGH,MEDIUM_LOW|MEDIUM_LOW
mt_629493933,epl,BEHAVIOR_HEAVY|FORMATION_HEAVY|HIGH_SHRINKAGE|WEAK_EVIDENCE,team_a_states:CROSS_ALLOWANCE,3,2,False,True,True,True,True,True,True,True,True,True,0,MEDIUM|MEDIUM,MEDIUM_LOW|MEDIUM_LOW
mt_629493933,epl,BEHAVIOR_HEAVY|FORMATION_HEAVY|HIGH_SHRINKAGE|WEAK_EVIDENCE,team_a_states:FOUL_DRAWING,3,2,False,True,True,True,True,True,True,True,True,True,0,LOW|LOW,MEDIUM_LOW|MEDIUM_LOW
mt_629493933,epl,BEHAVIOR_HEAVY|FORMATION_HEAVY|HIGH_SHRINKAGE|WEAK_EVIDENCE,team_a_states:FOUL_TENDENCY,3,2,False,True,True,True,True,True,True,True,True,True,0,MEDIUM|MEDIUM,MEDIUM_LOW|MEDIUM_LOW
mt_629493933,epl,BEHAVIOR_HEAVY|FORMATION_HEAVY|HIGH_SHRINKAGE|WEAK_EVIDENCE,team_a_states:SET_PIECE_GENERATION,3,2,False,True,True,True,True,True,True,True,True,True,0,LOW|LOW,MEDIUM_LOW|MEDIUM_LOW
mt_629493933,epl,BEHAVIOR_HEAVY|FORMATION_HEAVY|HIGH_SHRINKAGE|WEAK_EVIDENCE,team_a_states:SHOT_SUPPRESSION,3,2,False,True,True,True,True,True,True,True,True,True,0,LOW|LOW,MEDIUM_LOW|MEDIUM_LOW
mt_629493933,epl,BEHAVIOR_HEAVY|FORMATION_HEAVY|HIGH_SHRINKAGE|WEAK_EVIDENCE,team_a_states:SHOT_VOLUME,3,2,False,True,True,True,True,True,True,True,True,True,0,LOW|LOW,MEDIUM_LOW|MEDIUM_LOW
mt_629493933,epl,BEHAVIOR_HEAVY|FORMATION_HEAVY|HIGH_SHRINKAGE|WEAK_EVIDENCE,team_a_states:TERRITORIAL_PRESSURE,3,2,False,True,True,True,True,True,True,True,True,True,0,LOW|LOW,MEDIUM_LOW|MEDIUM_LOW
mt_629493933,epl,BEHAVIOR_HEAVY|FORMATION_HEAVY|HIGH_SHRINKAGE|WEAK_EVIDENCE,team_a_states:WIDTH_PRESSURE,3,2,False,True,True,True,True,True,True,True,True,True,0,LOW|LOW,MEDIUM_LOW|MEDIUM_LOW
mt_629493933,epl,BEHAVIOR_HEAVY|FORMATION_HEAVY|HIGH_SHRINKAGE|WEAK_EVIDENCE,team_b_states:BOOKING_CONVERSION,3,2,False,True,True,True,True,True,True,True,True,True,0,MEDIUM|MEDIUM,MEDIUM_LOW|MEDIUM_LOW
mt_629493933,epl,BEHAVIOR_HEAVY|FORMATION_HEAVY|HIGH_SHRINKAGE|WEAK_EVIDENCE,team_b_states:BOX_PRESSURE,3,2,False,True,True,True,True,True,True,True,True,True,0,LOW|LOW,MEDIUM_LOW|MEDIUM_LOW
mt_629493933,epl,BEHAVIOR_HEAVY|FORMATION_HEAVY|HIGH_SHRINKAGE|WEAK_EVIDENCE,team_b_states:BOX_PROTECTION,3,2,False,True,True,True,True,True,True,True,True,True,0,LOW|LOW,MEDIUM_LOW|MEDIUM_LOW
mt_629493933,epl,BEHAVIOR_HEAVY|FORMATION_HEAVY|HIGH_SHRINKAGE|WEAK_EVIDENCE,team_b_states:CLEARANCE_DEPENDENCE,3,2,False,True,True,True,True,True,True,True,True,True,0,MEDIUM|MEDIUM,MEDIUM_LOW|MEDIUM_LOW
mt_629493933,epl,BEHAVIOR_HEAVY|FORMATION_HEAVY|HIGH_SHRINKAGE|WEAK_EVIDENCE,team_b_states:CONTACT_INTENSITY,3,2,False,True,True,True,True,True,True,True,True,True,0,MEDIUM|MEDIUM,MEDIUM_LOW|MEDIUM_LOW
mt_629493933,epl,BEHAVIOR_HEAVY|FORMATION_HEAVY|HIGH_SHRINKAGE|WEAK_EVIDENCE,team_b_states:CORNER_CONCESSION,3,2,False,True,True,True,True,True,True,True,True,True,0,MEDIUM|MEDIUM,MEDIUM_LOW|MEDIUM_LOW
mt_629493933,epl,BEHAVIOR_HEAVY|FORMATION_HEAVY|HIGH_SHRINKAGE|WEAK_EVIDENCE,team_b_states:CROSS_ALLOWANCE,3,2,False,True,True,True,True,True,True,True,True,True,0,MEDIUM|MEDIUM,MEDIUM_LOW|MEDIUM_LOW
mt_629493933,epl,BEHAVIOR_HEAVY|FORMATION_HEAVY|HIGH_SHRINKAGE|WEAK_EVIDENCE,team_b_states:FOUL_DRAWING,3,2,False,True,True,True,True,True,True,True,True,True,0,MEDIUM|MEDIUM,MEDIUM_LOW|MEDIUM_LOW
mt_629493933,epl,BEHAVIOR_HEAVY|FORMATION_HEAVY|HIGH_SHRINKAGE|WEAK_EVIDENCE,team_b_states:FOUL_TENDENCY,3,2,False,True,True,True,True,True,True,True,True,True,0,MEDIUM|MEDIUM,MEDIUM_LOW|MEDIUM_LOW
mt_629493933,epl,BEHAVIOR_HEAVY|FORMATION_HEAVY|HIGH_SHRINKAGE|WEAK_EVIDENCE,team_b_states:SET_PIECE_GENERATION,3,2,False,True,True,True,True,True,True,True,True,True,0,MEDIUM|MEDIUM,MEDIUM_LOW|MEDIUM_LOW
mt_629493933,epl,BEHAVIOR_HEAVY|FORMATION_HEAVY|HIGH_SHRINKAGE|WEAK_EVIDENCE,team_b_states:SHOT_SUPPRESSION,3,2,False,True,True,True,True,True,True,True,True,True,0,LOW|LOW,MEDIUM_LOW|MEDIUM_LOW
mt_629493933,epl,BEHAVIOR_HEAVY|FORMATION_HEAVY|HIGH_SHRINKAGE|WEAK_EVIDENCE,team_b_states:SHOT_VOLUME,3,2,False,True,True,True,True,True,True,True,True,True,0,LOW|LOW,MEDIUM_LOW|MEDIUM_LOW
mt_629493933,epl,BEHAVIOR_HEAVY|FORMATION_HEAVY|HIGH_SHRINKAGE|WEAK_EVIDENCE,team_b_states:TERRITORIAL_PRESSURE,3,2,False,True,True,True,True,True,True,True,True,True,0,LOW|LOW,MEDIUM_LOW|MEDIUM_LOW
mt_629493933,epl,BEHAVIOR_HEAVY|FORMATION_HEAVY|HIGH_SHRINKAGE|WEAK_EVIDENCE,team_b_states:WIDTH_PRESSURE,3,2,False,True,True,True,True,True,True,True,True,True,0,LOW|LOW,MEDIUM_LOW|MEDIUM_LOW
mt_408681608,laliga,BEHAVIOR_HEAVY|FORMATION_HEAVY|HIGH_SHRINKAGE|WEAK_EVIDENCE,matchup_states:BOX_PRESSURE_MATCHUP,3,3,True,True,True,True,True,True,True,True,False,True,0,A_ADVANTAGE|A_ADVANTAGE|A_ADVANTAGE,MEDIUM_LOW|MEDIUM_LOW|MEDIUM_LOW
mt_408681608,laliga,BEHAVIOR_HEAVY|FORMATION_HEAVY|HIGH_SHRINKAGE|WEAK_EVIDENCE,matchup_states:CONTACT_MATCHUP,3,3,True,True,True,True,False,True,True,True,False,True,0,NEUTRAL|NEUTRAL|NEUTRAL,MEDIUM|MEDIUM|MEDIUM
mt_408681608,laliga,BEHAVIOR_HEAVY|FORMATION_HEAVY|HIGH_SHRINKAGE|WEAK_EVIDENCE,matchup_states:CORNER_MECHANISM_MATCHUP,3,3,True,True,True,False,True,True,True,True,False,True,1,B_ADVANTAGE|B_ADVANTAGE|B_ADVANTAGE,MEDIUM|MEDIUM_LOW|MEDIUM
mt_408681608,laliga,BEHAVIOR_HEAVY|FORMATION_HEAVY|HIGH_SHRINKAGE|WEAK_EVIDENCE,matchup_states:SHOT_CREATION_MATCHUP,3,3,True,True,True,True,True,True,True,True,False,True,0,NEUTRAL|NEUTRAL|NEUTRAL,MEDIUM|MEDIUM|MEDIUM
mt_408681608,laliga,BEHAVIOR_HEAVY|FORMATION_HEAVY|HIGH_SHRINKAGE|WEAK_EVIDENCE,matchup_states:WIDE_PRESSURE_MATCHUP,3,3,True,True,True,True,False,True,True,True,False,True,0,B_ADVANTAGE|B_ADVANTAGE|B_ADVANTAGE,MEDIUM|MEDIUM|MEDIUM
mt_408681608,laliga,BEHAVIOR_HEAVY|FORMATION_HEAVY|HIGH_SHRINKAGE|WEAK_EVIDENCE,team_a_states:BOOKING_CONVERSION,3,3,True,True,True,True,True,True,True,True,False,True,0,MEDIUM|MEDIUM|MEDIUM,MEDIUM|MEDIUM|MEDIUM
mt_408681608,laliga,BEHAVIOR_HEAVY|FORMATION_HEAVY|HIGH_SHRINKAGE|WEAK_EVIDENCE,team_a_states:BOX_PRESSURE,3,3,True,True,True,True,True,True,True,True,False,True,0,MEDIUM|MEDIUM|MEDIUM,MEDIUM|MEDIUM|MEDIUM
mt_408681608,laliga,BEHAVIOR_HEAVY|FORMATION_HEAVY|HIGH_SHRINKAGE|WEAK_EVIDENCE,team_a_states:BOX_PROTECTION,3,3,True,True,True,True,True,True,True,True,False,True,0,MEDIUM|MEDIUM|MEDIUM,MEDIUM|MEDIUM|MEDIUM
mt_408681608,laliga,BEHAVIOR_HEAVY|FORMATION_HEAVY|HIGH_SHRINKAGE|WEAK_EVIDENCE,team_a_states:CLEARANCE_DEPENDENCE,3,3,True,True,True,True,True,True,True,True,False,True,0,MEDIUM|MEDIUM|MEDIUM,MEDIUM|MEDIUM|MEDIUM
mt_408681608,laliga,BEHAVIOR_HEAVY|FORMATION_HEAVY|HIGH_SHRINKAGE|WEAK_EVIDENCE,team_a_states:CONTACT_INTENSITY,3,3,True,True,True,True,True,True,True,True,False,True,0,MEDIUM|MEDIUM|MEDIUM,MEDIUM|MEDIUM|MEDIUM
mt_408681608,laliga,BEHAVIOR_HEAVY|FORMATION_HEAVY|HIGH_SHRINKAGE|WEAK_EVIDENCE,team_a_states:CORNER_CONCESSION,3,3,True,True,True,True,True,True,True,True,False,True,0,LOW|LOW|LOW,MEDIUM|MEDIUM|MEDIUM
mt_408681608,laliga,BEHAVIOR_HEAVY|FORMATION_HEAVY|HIGH_SHRINKAGE|WEAK_EVIDENCE,team_a_states:CROSS_ALLOWANCE,3,3,True,True,True,True,True,True,True,True,False,True,0,MEDIUM|MEDIUM|MEDIUM,MEDIUM|MEDIUM|MEDIUM
mt_408681608,laliga,BEHAVIOR_HEAVY|FORMATION_HEAVY|HIGH_SHRINKAGE|WEAK_EVIDENCE,team_a_states:FOUL_DRAWING,3,3,True,True,True,True,True,True,True,True,False,True,0,MEDIUM|MEDIUM|MEDIUM,MEDIUM|MEDIUM|MEDIUM
mt_408681608,laliga,BEHAVIOR_HEAVY|FORMATION_HEAVY|HIGH_SHRINKAGE|WEAK_EVIDENCE,team_a_states:FOUL_TENDENCY,3,3,True,True,True,True,True,True,True,True,False,True,0,MEDIUM|MEDIUM|MEDIUM,MEDIUM|MEDIUM|MEDIUM
mt_408681608,laliga,BEHAVIOR_HEAVY|FORMATION_HEAVY|HIGH_SHRINKAGE|WEAK_EVIDENCE,team_a_states:SET_PIECE_GENERATION,3,3,True,True,True,True,True,True,True,True,False,True,0,LOW|LOW|LOW,MEDIUM|MEDIUM|MEDIUM
mt_408681608,laliga,BEHAVIOR_HEAVY|FORMATION_HEAVY|HIGH_SHRINKAGE|WEAK_EVIDENCE,team_a_states:SHOT_SUPPRESSION,3,3,True,True,True,True,True,True,True,True,False,True,0,MEDIUM|MEDIUM|MEDIUM,MEDIUM|MEDIUM|MEDIUM
mt_408681608,laliga,BEHAVIOR_HEAVY|FORMATION_HEAVY|HIGH_SHRINKAGE|WEAK_EVIDENCE,team_a_states:SHOT_VOLUME,3,3,True,True,True,True,True,True,True,True,False,True,0,MEDIUM|MEDIUM|MEDIUM,MEDIUM|MEDIUM|MEDIUM
mt_408681608,laliga,BEHAVIOR_HEAVY|FORMATION_HEAVY|HIGH_SHRINKAGE|WEAK_EVIDENCE,team_a_states:TERRITORIAL_PRESSURE,3,3,True,True,True,True,True,True,True,True,False,True,0,MEDIUM|MEDIUM|MEDIUM,MEDIUM|MEDIUM|MEDIUM
mt_408681608,laliga,BEHAVIOR_HEAVY|FORMATION_HEAVY|HIGH_SHRINKAGE|WEAK_EVIDENCE,team_a_states:WIDTH_PRESSURE,3,3,True,True,True,True,True,True,True,True,False,True,0,LOW|LOW|LOW,MEDIUM_LOW|MEDIUM_LOW|MEDIUM_LOW
mt_408681608,laliga,BEHAVIOR_HEAVY|FORMATION_HEAVY|HIGH_SHRINKAGE|WEAK_EVIDENCE,team_b_states:BOOKING_CONVERSION,3,3,True,True,True,True,True,True,True,True,False,True,0,MEDIUM|MEDIUM|MEDIUM,MEDIUM|MEDIUM|MEDIUM
mt_408681608,laliga,BEHAVIOR_HEAVY|FORMATION_HEAVY|HIGH_SHRINKAGE|WEAK_EVIDENCE,team_b_states:BOX_PRESSURE,3,3,True,True,True,True,True,True,True,True,False,True,0,MEDIUM|MEDIUM|MEDIUM,MEDIUM|MEDIUM|MEDIUM
mt_408681608,laliga,BEHAVIOR_HEAVY|FORMATION_HEAVY|HIGH_SHRINKAGE|WEAK_EVIDENCE,team_b_states:BOX_PROTECTION,3,3,True,False,False,True,True,True,True,True,False,True,1,LOW|MEDIUM|LOW,MEDIUM|MEDIUM|MEDIUM
mt_408681608,laliga,BEHAVIOR_HEAVY|FORMATION_HEAVY|HIGH_SHRINKAGE|WEAK_EVIDENCE,team_b_states:CLEARANCE_DEPENDENCE,3,3,True,True,True,True,True,True,True,True,False,True,0,HIGH|HIGH|HIGH,MEDIUM|MEDIUM|MEDIUM
mt_408681608,laliga,BEHAVIOR_HEAVY|FORMATION_HEAVY|HIGH_SHRINKAGE|WEAK_EVIDENCE,team_b_states:CONTACT_INTENSITY,3,3,True,True,True,True,True,True,True,True,False,True,0,MEDIUM|MEDIUM|MEDIUM,MEDIUM|MEDIUM|MEDIUM
mt_408681608,laliga,BEHAVIOR_HEAVY|FORMATION_HEAVY|HIGH_SHRINKAGE|WEAK_EVIDENCE,team_b_states:CORNER_CONCESSION,3,3,True,False,False,True,True,True,True,True,False,True,1,HIGH|MEDIUM|HIGH,MEDIUM|MEDIUM|MEDIUM
mt_408681608,laliga,BEHAVIOR_HEAVY|FORMATION_HEAVY|HIGH_SHRINKAGE|WEAK_EVIDENCE,team_b_states:CROSS_ALLOWANCE,3,3,True,False,False,True,True,True,True,True,False,True,1,MEDIUM|LOW|MEDIUM,MEDIUM|MEDIUM|MEDIUM
mt_408681608,laliga,BEHAVIOR_HEAVY|FORMATION_HEAVY|HIGH_SHRINKAGE|WEAK_EVIDENCE,team_b_states:FOUL_DRAWING,3,3,True,True,True,True,True,True,True,True,False,True,0,MEDIUM|MEDIUM|MEDIUM,MEDIUM|MEDIUM|MEDIUM
mt_408681608,laliga,BEHAVIOR_HEAVY|FORMATION_HEAVY|HIGH_SHRINKAGE|WEAK_EVIDENCE,team_b_states:FOUL_TENDENCY,3,3,True,True,True,True,True,True,True,True,False,True,0,MEDIUM|MEDIUM|MEDIUM,MEDIUM|MEDIUM|MEDIUM
mt_408681608,laliga,BEHAVIOR_HEAVY|FORMATION_HEAVY|HIGH_SHRINKAGE|WEAK_EVIDENCE,team_b_states:SET_PIECE_GENERATION,3,3,True,True,True,True,True,True,True,True,False,True,0,MEDIUM|MEDIUM|MEDIUM,MEDIUM|MEDIUM|MEDIUM
mt_408681608,laliga,BEHAVIOR_HEAVY|FORMATION_HEAVY|HIGH_SHRINKAGE|WEAK_EVIDENCE,team_b_states:SHOT_SUPPRESSION,3,3,True,True,True,True,True,True,True,True,False,True,0,LOW|LOW|LOW,MEDIUM|MEDIUM|MEDIUM
mt_408681608,laliga,BEHAVIOR_HEAVY|FORMATION_HEAVY|HIGH_SHRINKAGE|WEAK_EVIDENCE,team_b_states:SHOT_VOLUME,3,3,True,True,True,True,True,True,True,True,False,True,0,MEDIUM|MEDIUM|MEDIUM,MEDIUM|MEDIUM|MEDIUM
mt_408681608,laliga,BEHAVIOR_HEAVY|FORMATION_HEAVY|HIGH_SHRINKAGE|WEAK_EVIDENCE,team_b_states:TERRITORIAL_PRESSURE,3,3,True,True,True,True,True,True,True,True,False,True,0,MEDIUM|MEDIUM|MEDIUM,MEDIUM|MEDIUM|MEDIUM
mt_408681608,laliga,BEHAVIOR_HEAVY|FORMATION_HEAVY|HIGH_SHRINKAGE|WEAK_EVIDENCE,team_b_states:WIDTH_PRESSURE,3,3,True,True,True,True,True,True,True,True,False,True,0,HIGH|HIGH|HIGH,MEDIUM|MEDIUM|MEDIUM
mt_629312415,laliga2,BEHAVIOR_HEAVY|FORMATION_HEAVY|HIGH_SHRINKAGE|WEAK_EVIDENCE,matchup_states:BOX_PRESSURE_MATCHUP,3,2,False,True,True,True,True,True,True,True,True,True,0,B_ADVANTAGE|B_ADVANTAGE,MEDIUM|MEDIUM
mt_629312415,laliga2,BEHAVIOR_HEAVY|FORMATION_HEAVY|HIGH_SHRINKAGE|WEAK_EVIDENCE,matchup_states:CONTACT_MATCHUP,3,2,False,True,True,True,True,True,True,True,True,True,0,NEUTRAL|NEUTRAL,MEDIUM|MEDIUM
mt_629312415,laliga2,BEHAVIOR_HEAVY|FORMATION_HEAVY|HIGH_SHRINKAGE|WEAK_EVIDENCE,matchup_states:CORNER_MECHANISM_MATCHUP,3,2,False,True,True,True,True,True,True,True,True,True,0,NEUTRAL|NEUTRAL,MEDIUM_LOW|MEDIUM_LOW
mt_629312415,laliga2,BEHAVIOR_HEAVY|FORMATION_HEAVY|HIGH_SHRINKAGE|WEAK_EVIDENCE,matchup_states:SHOT_CREATION_MATCHUP,3,2,False,True,True,True,True,True,True,True,True,True,0,B_ADVANTAGE|B_ADVANTAGE,MEDIUM|MEDIUM
mt_629312415,laliga2,BEHAVIOR_HEAVY|FORMATION_HEAVY|HIGH_SHRINKAGE|WEAK_EVIDENCE,matchup_states:WIDE_PRESSURE_MATCHUP,3,2,False,True,True,True,True,True,True,True,True,True,0,NEUTRAL|NEUTRAL,MEDIUM_LOW|MEDIUM_LOW
mt_629312415,laliga2,BEHAVIOR_HEAVY|FORMATION_HEAVY|HIGH_SHRINKAGE|WEAK_EVIDENCE,team_a_states:BOOKING_CONVERSION,3,2,False,True,True,True,True,True,True,True,True,True,0,MEDIUM|MEDIUM,MEDIUM|MEDIUM
mt_629312415,laliga2,BEHAVIOR_HEAVY|FORMATION_HEAVY|HIGH_SHRINKAGE|WEAK_EVIDENCE,team_a_states:BOX_PRESSURE,3,2,False,True,True,True,True,True,True,True,True,True,0,LOW|LOW,MEDIUM|MEDIUM
mt_629312415,laliga2,BEHAVIOR_HEAVY|FORMATION_HEAVY|HIGH_SHRINKAGE|WEAK_EVIDENCE,team_a_states:BOX_PROTECTION,3,2,False,True,True,True,True,True,True,True,True,True,0,LOW|LOW,MEDIUM|MEDIUM
mt_629312415,laliga2,BEHAVIOR_HEAVY|FORMATION_HEAVY|HIGH_SHRINKAGE|WEAK_EVIDENCE,team_a_states:CLEARANCE_DEPENDENCE,3,2,False,True,True,True,True,True,True,True,True,True,0,MEDIUM|MEDIUM,MEDIUM|MEDIUM
mt_629312415,laliga2,BEHAVIOR_HEAVY|FORMATION_HEAVY|HIGH_SHRINKAGE|WEAK_EVIDENCE,team_a_states:CONTACT_INTENSITY,3,2,False,True,True,True,True,True,True,True,True,True,0,MEDIUM|MEDIUM,MEDIUM|MEDIUM
mt_629312415,laliga2,BEHAVIOR_HEAVY|FORMATION_HEAVY|HIGH_SHRINKAGE|WEAK_EVIDENCE,team_a_states:CORNER_CONCESSION,3,2,False,True,True,True,True,True,True,True,True,True,0,MEDIUM|MEDIUM,MEDIUM_LOW|MEDIUM_LOW
mt_629312415,laliga2,BEHAVIOR_HEAVY|FORMATION_HEAVY|HIGH_SHRINKAGE|WEAK_EVIDENCE,team_a_states:CROSS_ALLOWANCE,3,2,False,True,True,True,True,True,True,True,True,True,0,MEDIUM|MEDIUM,MEDIUM_LOW|MEDIUM_LOW
mt_629312415,laliga2,BEHAVIOR_HEAVY|FORMATION_HEAVY|HIGH_SHRINKAGE|WEAK_EVIDENCE,team_a_states:FOUL_DRAWING,3,2,False,True,True,True,True,True,True,True,True,True,0,MEDIUM|MEDIUM,MEDIUM|MEDIUM
mt_629312415,laliga2,BEHAVIOR_HEAVY|FORMATION_HEAVY|HIGH_SHRINKAGE|WEAK_EVIDENCE,team_a_states:FOUL_TENDENCY,3,2,False,True,True,True,True,True,True,True,True,True,0,MEDIUM|MEDIUM,MEDIUM|MEDIUM
mt_629312415,laliga2,BEHAVIOR_HEAVY|FORMATION_HEAVY|HIGH_SHRINKAGE|WEAK_EVIDENCE,team_a_states:SET_PIECE_GENERATION,3,2,False,True,True,True,True,True,True,True,True,True,0,MEDIUM|MEDIUM,MEDIUM_LOW|MEDIUM_LOW
mt_629312415,laliga2,BEHAVIOR_HEAVY|FORMATION_HEAVY|HIGH_SHRINKAGE|WEAK_EVIDENCE,team_a_states:SHOT_SUPPRESSION,3,2,False,True,True,True,True,True,True,True,True,True,0,LOW|LOW,MEDIUM|MEDIUM
mt_629312415,laliga2,BEHAVIOR_HEAVY|FORMATION_HEAVY|HIGH_SHRINKAGE|WEAK_EVIDENCE,team_a_states:SHOT_VOLUME,3,2,False,True,True,True,True,True,True,True,True,True,0,LOW|LOW,MEDIUM|MEDIUM
mt_629312415,laliga2,BEHAVIOR_HEAVY|FORMATION_HEAVY|HIGH_SHRINKAGE|WEAK_EVIDENCE,team_a_states:TERRITORIAL_PRESSURE,3,2,False,True,True,True,True,True,True,True,True,True,0,LOW|LOW,MEDIUM|MEDIUM
mt_629312415,laliga2,BEHAVIOR_HEAVY|FORMATION_HEAVY|HIGH_SHRINKAGE|WEAK_EVIDENCE,team_a_states:WIDTH_PRESSURE,3,2,False,True,True,True,True,True,True,True,True,True,0,MEDIUM|MEDIUM,MEDIUM_LOW|MEDIUM_LOW
mt_629312415,laliga2,BEHAVIOR_HEAVY|FORMATION_HEAVY|HIGH_SHRINKAGE|WEAK_EVIDENCE,team_b_states:BOOKING_CONVERSION,3,2,False,True,True,True,True,True,True,True,True,True,0,MEDIUM|MEDIUM,MEDIUM|MEDIUM
mt_629312415,laliga2,BEHAVIOR_HEAVY|FORMATION_HEAVY|HIGH_SHRINKAGE|WEAK_EVIDENCE,team_b_states:BOX_PRESSURE,3,2,False,True,True,True,True,True,True,True,True,True,0,MEDIUM|MEDIUM,MEDIUM|MEDIUM
mt_629312415,laliga2,BEHAVIOR_HEAVY|FORMATION_HEAVY|HIGH_SHRINKAGE|WEAK_EVIDENCE,team_b_states:BOX_PROTECTION,3,2,False,True,True,True,True,True,True,True,True,True,0,LOW|LOW,MEDIUM|MEDIUM
mt_629312415,laliga2,BEHAVIOR_HEAVY|FORMATION_HEAVY|HIGH_SHRINKAGE|WEAK_EVIDENCE,team_b_states:CLEARANCE_DEPENDENCE,3,2,False,True,True,True,True,True,True,True,True,True,0,MEDIUM|MEDIUM,MEDIUM|MEDIUM
mt_629312415,laliga2,BEHAVIOR_HEAVY|FORMATION_HEAVY|HIGH_SHRINKAGE|WEAK_EVIDENCE,team_b_states:CONTACT_INTENSITY,3,2,False,True,True,True,True,True,True,True,True,True,0,MEDIUM|MEDIUM,MEDIUM|MEDIUM
mt_629312415,laliga2,BEHAVIOR_HEAVY|FORMATION_HEAVY|HIGH_SHRINKAGE|WEAK_EVIDENCE,team_b_states:CORNER_CONCESSION,3,2,False,True,True,True,True,True,True,True,True,True,0,MEDIUM|MEDIUM,MEDIUM_LOW|MEDIUM_LOW
mt_629312415,laliga2,BEHAVIOR_HEAVY|FORMATION_HEAVY|HIGH_SHRINKAGE|WEAK_EVIDENCE,team_b_states:CROSS_ALLOWANCE,3,2,False,True,True,True,True,True,True,True,True,True,0,MEDIUM|MEDIUM,MEDIUM_LOW|MEDIUM_LOW
mt_629312415,laliga2,BEHAVIOR_HEAVY|FORMATION_HEAVY|HIGH_SHRINKAGE|WEAK_EVIDENCE,team_b_states:FOUL_DRAWING,3,2,False,True,True,True,True,True,True,True,True,True,0,HIGH|HIGH,MEDIUM|MEDIUM
mt_629312415,laliga2,BEHAVIOR_HEAVY|FORMATION_HEAVY|HIGH_SHRINKAGE|WEAK_EVIDENCE,team_b_states:FOUL_TENDENCY,3,2,False,True,True,True,True,True,True,True,True,True,0,MEDIUM|MEDIUM,MEDIUM|MEDIUM
mt_629312415,laliga2,BEHAVIOR_HEAVY|FORMATION_HEAVY|HIGH_SHRINKAGE|WEAK_EVIDENCE,team_b_states:SET_PIECE_GENERATION,3,2,False,True,True,True,True,True,True,True,True,True,0,MEDIUM|MEDIUM,MEDIUM_LOW|MEDIUM_LOW
mt_629312415,laliga2,BEHAVIOR_HEAVY|FORMATION_HEAVY|HIGH_SHRINKAGE|WEAK_EVIDENCE,team_b_states:SHOT_SUPPRESSION,3,2,False,True,True,True,True,True,True,True,True,True,0,LOW|LOW,MEDIUM|MEDIUM
mt_629312415,laliga2,BEHAVIOR_HEAVY|FORMATION_HEAVY|HIGH_SHRINKAGE|WEAK_EVIDENCE,team_b_states:SHOT_VOLUME,3,2,False,True,True,True,True,True,True,True,True,True,0,HIGH|HIGH,MEDIUM|MEDIUM
mt_629312415,laliga2,BEHAVIOR_HEAVY|FORMATION_HEAVY|HIGH_SHRINKAGE|WEAK_EVIDENCE,team_b_states:TERRITORIAL_PRESSURE,3,2,False,True,True,True,True,True,True,True,True,True,0,MEDIUM|MEDIUM,MEDIUM|MEDIUM
mt_629312415,laliga2,BEHAVIOR_HEAVY|FORMATION_HEAVY|HIGH_SHRINKAGE|WEAK_EVIDENCE,team_b_states:WIDTH_PRESSURE,3,2,False,True,True,True,True,True,True,True,True,True,0,MEDIUM|MEDIUM,MEDIUM_LOW|MEDIUM_LOW
mt_629405324,ligue1,BEHAVIOR_HEAVY|FORMATION_HEAVY|HIGH_SHRINKAGE|WEAK_EVIDENCE,matchup_states:BOX_PRESSURE_MATCHUP,3,3,True,True,True,True,True,True,True,True,True,True,0,B_ADVANTAGE|B_ADVANTAGE|B_ADVANTAGE,MEDIUM_LOW|MEDIUM_LOW|MEDIUM_LOW
mt_629405324,ligue1,BEHAVIOR_HEAVY|FORMATION_HEAVY|HIGH_SHRINKAGE|WEAK_EVIDENCE,matchup_states:CONTACT_MATCHUP,3,3,True,True,True,True,False,True,True,True,True,True,0,NEUTRAL|NEUTRAL|NEUTRAL,MEDIUM_LOW|MEDIUM_LOW|MEDIUM_LOW
mt_629405324,ligue1,BEHAVIOR_HEAVY|FORMATION_HEAVY|HIGH_SHRINKAGE|WEAK_EVIDENCE,matchup_states:CORNER_MECHANISM_MATCHUP,3,3,True,True,True,True,False,True,True,True,True,True,0,B_ADVANTAGE|B_ADVANTAGE|B_ADVANTAGE,MEDIUM_LOW|MEDIUM_LOW|MEDIUM_LOW
mt_629405324,ligue1,BEHAVIOR_HEAVY|FORMATION_HEAVY|HIGH_SHRINKAGE|WEAK_EVIDENCE,matchup_states:SHOT_CREATION_MATCHUP,3,3,True,True,True,True,False,True,True,True,True,True,0,B_ADVANTAGE|B_ADVANTAGE|B_ADVANTAGE,MEDIUM_LOW|MEDIUM_LOW|MEDIUM_LOW
mt_629405324,ligue1,BEHAVIOR_HEAVY|FORMATION_HEAVY|HIGH_SHRINKAGE|WEAK_EVIDENCE,matchup_states:WIDE_PRESSURE_MATCHUP,3,3,True,True,True,True,False,True,True,True,True,True,0,B_ADVANTAGE|B_ADVANTAGE|B_ADVANTAGE,MEDIUM_LOW|MEDIUM_LOW|MEDIUM_LOW
mt_629405324,ligue1,BEHAVIOR_HEAVY|FORMATION_HEAVY|HIGH_SHRINKAGE|WEAK_EVIDENCE,team_a_states:BOOKING_CONVERSION,3,3,True,True,True,True,True,True,True,True,True,True,0,MEDIUM|MEDIUM|MEDIUM,MEDIUM_LOW|MEDIUM_LOW|MEDIUM_LOW
mt_629405324,ligue1,BEHAVIOR_HEAVY|FORMATION_HEAVY|HIGH_SHRINKAGE|WEAK_EVIDENCE,team_a_states:BOX_PRESSURE,3,3,True,True,True,True,False,True,True,True,True,True,0,LOW|LOW|LOW,MEDIUM_LOW|MEDIUM_LOW|MEDIUM_LOW
mt_629405324,ligue1,BEHAVIOR_HEAVY|FORMATION_HEAVY|HIGH_SHRINKAGE|WEAK_EVIDENCE,team_a_states:BOX_PROTECTION,3,3,True,True,True,True,True,True,True,True,True,True,0,LOW|LOW|LOW,MEDIUM_LOW|MEDIUM_LOW|MEDIUM_LOW
mt_629405324,ligue1,BEHAVIOR_HEAVY|FORMATION_HEAVY|HIGH_SHRINKAGE|WEAK_EVIDENCE,team_a_states:CLEARANCE_DEPENDENCE,3,3,True,True,True,True,True,True,True,True,True,True,0,HIGH|HIGH|HIGH,MEDIUM_LOW|MEDIUM_LOW|MEDIUM_LOW
mt_629405324,ligue1,BEHAVIOR_HEAVY|FORMATION_HEAVY|HIGH_SHRINKAGE|WEAK_EVIDENCE,team_a_states:CONTACT_INTENSITY,3,3,True,True,True,True,False,True,True,True,True,True,0,MEDIUM|MEDIUM|MEDIUM,MEDIUM_LOW|MEDIUM_LOW|MEDIUM_LOW
mt_629405324,ligue1,BEHAVIOR_HEAVY|FORMATION_HEAVY|HIGH_SHRINKAGE|WEAK_EVIDENCE,team_a_states:CORNER_CONCESSION,3,3,True,True,True,True,True,True,True,True,True,True,0,HIGH|HIGH|HIGH,MEDIUM_LOW|MEDIUM_LOW|MEDIUM_LOW
mt_629405324,ligue1,BEHAVIOR_HEAVY|FORMATION_HEAVY|HIGH_SHRINKAGE|WEAK_EVIDENCE,team_a_states:CROSS_ALLOWANCE,3,3,True,True,True,True,True,True,True,True,True,True,0,HIGH|HIGH|HIGH,MEDIUM_LOW|MEDIUM_LOW|MEDIUM_LOW
mt_629405324,ligue1,BEHAVIOR_HEAVY|FORMATION_HEAVY|HIGH_SHRINKAGE|WEAK_EVIDENCE,team_a_states:FOUL_DRAWING,3,3,True,True,True,True,True,True,True,True,True,True,0,MEDIUM|MEDIUM|MEDIUM,MEDIUM_LOW|MEDIUM_LOW|MEDIUM_LOW
mt_629405324,ligue1,BEHAVIOR_HEAVY|FORMATION_HEAVY|HIGH_SHRINKAGE|WEAK_EVIDENCE,team_a_states:FOUL_TENDENCY,3,3,True,True,True,True,True,True,True,True,True,True,0,MEDIUM|MEDIUM|MEDIUM,MEDIUM_LOW|MEDIUM_LOW|MEDIUM_LOW
mt_629405324,ligue1,BEHAVIOR_HEAVY|FORMATION_HEAVY|HIGH_SHRINKAGE|WEAK_EVIDENCE,team_a_states:SET_PIECE_GENERATION,3,3,True,True,True,True,True,True,True,True,True,True,0,LOW|LOW|LOW,MEDIUM_LOW|MEDIUM_LOW|MEDIUM_LOW
mt_629405324,ligue1,BEHAVIOR_HEAVY|FORMATION_HEAVY|HIGH_SHRINKAGE|WEAK_EVIDENCE,team_a_states:SHOT_SUPPRESSION,3,3,True,True,True,True,True,True,True,True,True,True,0,LOW|LOW|LOW,MEDIUM_LOW|MEDIUM_LOW|MEDIUM_LOW
mt_629405324,ligue1,BEHAVIOR_HEAVY|FORMATION_HEAVY|HIGH_SHRINKAGE|WEAK_EVIDENCE,team_a_states:SHOT_VOLUME,3,3,True,False,False,True,True,True,True,True,True,True,1,LOW|MEDIUM|MEDIUM,MEDIUM_LOW|MEDIUM_LOW|MEDIUM_LOW
mt_629405324,ligue1,BEHAVIOR_HEAVY|FORMATION_HEAVY|HIGH_SHRINKAGE|WEAK_EVIDENCE,team_a_states:TERRITORIAL_PRESSURE,3,3,True,True,True,True,True,True,True,True,True,True,0,LOW|LOW|LOW,MEDIUM_LOW|MEDIUM_LOW|MEDIUM_LOW
mt_629405324,ligue1,BEHAVIOR_HEAVY|FORMATION_HEAVY|HIGH_SHRINKAGE|WEAK_EVIDENCE,team_a_states:WIDTH_PRESSURE,3,3,True,True,True,True,True,True,True,True,True,True,0,LOW|LOW|LOW,MEDIUM_LOW|MEDIUM_LOW|MEDIUM_LOW
mt_629405324,ligue1,BEHAVIOR_HEAVY|FORMATION_HEAVY|HIGH_SHRINKAGE|WEAK_EVIDENCE,team_b_states:BOOKING_CONVERSION,3,3,True,True,True,True,True,True,True,True,True,True,0,MEDIUM|MEDIUM|MEDIUM,MEDIUM_LOW|MEDIUM_LOW|MEDIUM_LOW
mt_629405324,ligue1,BEHAVIOR_HEAVY|FORMATION_HEAVY|HIGH_SHRINKAGE|WEAK_EVIDENCE,team_b_states:BOX_PRESSURE,3,3,True,True,True,True,False,True,True,True,True,True,0,MEDIUM|MEDIUM|MEDIUM,MEDIUM_LOW|MEDIUM_LOW|MEDIUM_LOW
mt_629405324,ligue1,BEHAVIOR_HEAVY|FORMATION_HEAVY|HIGH_SHRINKAGE|WEAK_EVIDENCE,team_b_states:BOX_PROTECTION,3,3,True,False,False,True,True,True,True,True,True,True,1,MEDIUM|LOW|LOW,MEDIUM_LOW|MEDIUM_LOW|MEDIUM_LOW
mt_629405324,ligue1,BEHAVIOR_HEAVY|FORMATION_HEAVY|HIGH_SHRINKAGE|WEAK_EVIDENCE,team_b_states:CLEARANCE_DEPENDENCE,3,3,True,True,True,True,True,True,True,True,True,True,0,MEDIUM|MEDIUM|MEDIUM,MEDIUM_LOW|MEDIUM_LOW|MEDIUM_LOW
mt_629405324,ligue1,BEHAVIOR_HEAVY|FORMATION_HEAVY|HIGH_SHRINKAGE|WEAK_EVIDENCE,team_b_states:CONTACT_INTENSITY,3,3,True,True,True,True,False,True,True,True,True,True,0,MEDIUM|MEDIUM|MEDIUM,MEDIUM_LOW|MEDIUM_LOW|MEDIUM_LOW
mt_629405324,ligue1,BEHAVIOR_HEAVY|FORMATION_HEAVY|HIGH_SHRINKAGE|WEAK_EVIDENCE,team_b_states:CORNER_CONCESSION,3,3,True,True,True,True,True,True,True,True,True,True,0,MEDIUM|MEDIUM|MEDIUM,MEDIUM_LOW|MEDIUM_LOW|MEDIUM_LOW
mt_629405324,ligue1,BEHAVIOR_HEAVY|FORMATION_HEAVY|HIGH_SHRINKAGE|WEAK_EVIDENCE,team_b_states:CROSS_ALLOWANCE,3,3,True,True,True,True,False,True,True,True,True,True,0,MEDIUM|MEDIUM|MEDIUM,MEDIUM_LOW|MEDIUM_LOW|MEDIUM_LOW
mt_629405324,ligue1,BEHAVIOR_HEAVY|FORMATION_HEAVY|HIGH_SHRINKAGE|WEAK_EVIDENCE,team_b_states:FOUL_DRAWING,3,3,True,True,True,True,True,True,True,True,True,True,0,MEDIUM|MEDIUM|MEDIUM,MEDIUM_LOW|MEDIUM_LOW|MEDIUM_LOW
mt_629405324,ligue1,BEHAVIOR_HEAVY|FORMATION_HEAVY|HIGH_SHRINKAGE|WEAK_EVIDENCE,team_b_states:FOUL_TENDENCY,3,3,True,True,True,True,True,True,True,True,True,True,0,MEDIUM|MEDIUM|MEDIUM,MEDIUM_LOW|MEDIUM_LOW|MEDIUM_LOW
mt_629405324,ligue1,BEHAVIOR_HEAVY|FORMATION_HEAVY|HIGH_SHRINKAGE|WEAK_EVIDENCE,team_b_states:SET_PIECE_GENERATION,3,3,True,True,True,True,True,True,True,True,True,True,0,MEDIUM|MEDIUM|MEDIUM,MEDIUM_LOW|MEDIUM_LOW|MEDIUM_LOW
mt_629405324,ligue1,BEHAVIOR_HEAVY|FORMATION_HEAVY|HIGH_SHRINKAGE|WEAK_EVIDENCE,team_b_states:SHOT_SUPPRESSION,3,3,True,True,True,True,True,True,True,True,True,True,0,MEDIUM|MEDIUM|MEDIUM,MEDIUM_LOW|MEDIUM_LOW|MEDIUM_LOW
mt_629405324,ligue1,BEHAVIOR_HEAVY|FORMATION_HEAVY|HIGH_SHRINKAGE|WEAK_EVIDENCE,team_b_states:SHOT_VOLUME,3,3,True,True,True,True,True,True,True,True,True,True,0,MEDIUM|MEDIUM|MEDIUM,MEDIUM_LOW|MEDIUM_LOW|MEDIUM_LOW
mt_629405324,ligue1,BEHAVIOR_HEAVY|FORMATION_HEAVY|HIGH_SHRINKAGE|WEAK_EVIDENCE,team_b_states:TERRITORIAL_PRESSURE,3,3,True,True,True,True,True,True,True,True,True,True,0,MEDIUM|MEDIUM|MEDIUM,MEDIUM_LOW|MEDIUM_LOW|MEDIUM_LOW
mt_629405324,ligue1,BEHAVIOR_HEAVY|FORMATION_HEAVY|HIGH_SHRINKAGE|WEAK_EVIDENCE,team_b_states:WIDTH_PRESSURE,3,3,True,True,True,True,True,True,True,True,True,True,0,MEDIUM|MEDIUM|MEDIUM,MEDIUM_LOW|MEDIUM_LOW|MEDIUM_LOW
mt_584193347,ligue2,BEHAVIOR_HEAVY|FORMATION_HEAVY|HIGH_SHRINKAGE|WEAK_EVIDENCE,matchup_states:BOX_PRESSURE_MATCHUP,3,3,True,True,True,True,True,True,True,True,False,True,0,B_ADVANTAGE|B_ADVANTAGE|B_ADVANTAGE,MEDIUM|MEDIUM|MEDIUM
mt_584193347,ligue2,BEHAVIOR_HEAVY|FORMATION_HEAVY|HIGH_SHRINKAGE|WEAK_EVIDENCE,matchup_states:CONTACT_MATCHUP,3,3,True,True,True,False,False,True,True,True,False,True,1,NEUTRAL|NEUTRAL|NEUTRAL,MEDIUM|MEDIUM|MEDIUM_LOW
mt_584193347,ligue2,BEHAVIOR_HEAVY|FORMATION_HEAVY|HIGH_SHRINKAGE|WEAK_EVIDENCE,matchup_states:CORNER_MECHANISM_MATCHUP,3,3,True,True,True,True,True,True,True,True,False,True,0,B_ADVANTAGE|B_ADVANTAGE|B_ADVANTAGE,MEDIUM|MEDIUM|MEDIUM
mt_584193347,ligue2,BEHAVIOR_HEAVY|FORMATION_HEAVY|HIGH_SHRINKAGE|WEAK_EVIDENCE,matchup_states:SHOT_CREATION_MATCHUP,3,3,True,True,True,True,True,True,True,True,False,True,0,B_ADVANTAGE|B_ADVANTAGE|B_ADVANTAGE,MEDIUM|MEDIUM|MEDIUM
mt_584193347,ligue2,BEHAVIOR_HEAVY|FORMATION_HEAVY|HIGH_SHRINKAGE|WEAK_EVIDENCE,matchup_states:WIDE_PRESSURE_MATCHUP,3,3,True,True,True,True,True,True,True,True,False,True,0,B_ADVANTAGE|B_ADVANTAGE|B_ADVANTAGE,MEDIUM|MEDIUM|MEDIUM
mt_584193347,ligue2,BEHAVIOR_HEAVY|FORMATION_HEAVY|HIGH_SHRINKAGE|WEAK_EVIDENCE,team_a_states:BOOKING_CONVERSION,3,3,True,True,True,False,True,True,True,True,False,True,1,MEDIUM|MEDIUM|MEDIUM,MEDIUM|MEDIUM|MEDIUM_LOW
mt_584193347,ligue2,BEHAVIOR_HEAVY|FORMATION_HEAVY|HIGH_SHRINKAGE|WEAK_EVIDENCE,team_a_states:BOX_PRESSURE,3,3,True,True,True,True,True,True,True,True,False,True,0,MEDIUM|MEDIUM|MEDIUM,MEDIUM|MEDIUM|MEDIUM
mt_584193347,ligue2,BEHAVIOR_HEAVY|FORMATION_HEAVY|HIGH_SHRINKAGE|WEAK_EVIDENCE,team_a_states:BOX_PROTECTION,3,3,True,True,True,True,True,True,True,True,False,True,0,MEDIUM|MEDIUM|MEDIUM,MEDIUM|MEDIUM|MEDIUM
mt_584193347,ligue2,BEHAVIOR_HEAVY|FORMATION_HEAVY|HIGH_SHRINKAGE|WEAK_EVIDENCE,team_a_states:CLEARANCE_DEPENDENCE,3,3,True,True,True,True,True,True,True,True,False,True,0,MEDIUM|MEDIUM|MEDIUM,MEDIUM|MEDIUM|MEDIUM
mt_584193347,ligue2,BEHAVIOR_HEAVY|FORMATION_HEAVY|HIGH_SHRINKAGE|WEAK_EVIDENCE,team_a_states:CONTACT_INTENSITY,3,3,True,True,True,True,False,True,True,True,False,True,0,MEDIUM|MEDIUM|MEDIUM,MEDIUM|MEDIUM|MEDIUM
mt_584193347,ligue2,BEHAVIOR_HEAVY|FORMATION_HEAVY|HIGH_SHRINKAGE|WEAK_EVIDENCE,team_a_states:CORNER_CONCESSION,3,3,True,True,True,True,True,True,True,True,False,True,0,MEDIUM|MEDIUM|MEDIUM,MEDIUM|MEDIUM|MEDIUM
mt_584193347,ligue2,BEHAVIOR_HEAVY|FORMATION_HEAVY|HIGH_SHRINKAGE|WEAK_EVIDENCE,team_a_states:CROSS_ALLOWANCE,3,3,True,True,True,True,True,True,True,True,False,True,0,MEDIUM|MEDIUM|MEDIUM,MEDIUM|MEDIUM|MEDIUM
mt_584193347,ligue2,BEHAVIOR_HEAVY|FORMATION_HEAVY|HIGH_SHRINKAGE|WEAK_EVIDENCE,team_a_states:FOUL_DRAWING,3,3,True,True,True,True,True,True,True,True,False,True,0,MEDIUM|MEDIUM|MEDIUM,MEDIUM|MEDIUM|MEDIUM
mt_584193347,ligue2,BEHAVIOR_HEAVY|FORMATION_HEAVY|HIGH_SHRINKAGE|WEAK_EVIDENCE,team_a_states:FOUL_TENDENCY,3,3,True,True,True,True,True,True,True,True,False,True,0,MEDIUM|MEDIUM|MEDIUM,MEDIUM|MEDIUM|MEDIUM
mt_584193347,ligue2,BEHAVIOR_HEAVY|FORMATION_HEAVY|HIGH_SHRINKAGE|WEAK_EVIDENCE,team_a_states:SET_PIECE_GENERATION,3,3,True,True,True,True,True,True,True,True,False,True,0,MEDIUM|MEDIUM|MEDIUM,MEDIUM|MEDIUM|MEDIUM
mt_584193347,ligue2,BEHAVIOR_HEAVY|FORMATION_HEAVY|HIGH_SHRINKAGE|WEAK_EVIDENCE,team_a_states:SHOT_SUPPRESSION,3,3,True,True,True,False,True,True,True,True,False,True,1,MEDIUM|MEDIUM|MEDIUM,MEDIUM|MEDIUM|MEDIUM_LOW
mt_584193347,ligue2,BEHAVIOR_HEAVY|FORMATION_HEAVY|HIGH_SHRINKAGE|WEAK_EVIDENCE,team_a_states:SHOT_VOLUME,3,3,True,True,True,True,True,True,True,True,False,True,0,LOW|LOW|LOW,MEDIUM|MEDIUM|MEDIUM
mt_584193347,ligue2,BEHAVIOR_HEAVY|FORMATION_HEAVY|HIGH_SHRINKAGE|WEAK_EVIDENCE,team_a_states:TERRITORIAL_PRESSURE,3,3,True,True,True,True,True,True,True,True,False,True,0,MEDIUM|MEDIUM|MEDIUM,MEDIUM|MEDIUM|MEDIUM
mt_584193347,ligue2,BEHAVIOR_HEAVY|FORMATION_HEAVY|HIGH_SHRINKAGE|WEAK_EVIDENCE,team_a_states:WIDTH_PRESSURE,3,3,True,True,True,True,True,True,True,True,False,True,0,LOW|LOW|LOW,MEDIUM_LOW|MEDIUM_LOW|MEDIUM_LOW
mt_584193347,ligue2,BEHAVIOR_HEAVY|FORMATION_HEAVY|HIGH_SHRINKAGE|WEAK_EVIDENCE,team_b_states:BOOKING_CONVERSION,3,3,True,False,False,True,True,True,True,True,False,True,1,MEDIUM|LOW|LOW,MEDIUM_LOW|MEDIUM_LOW|MEDIUM_LOW
mt_584193347,ligue2,BEHAVIOR_HEAVY|FORMATION_HEAVY|HIGH_SHRINKAGE|WEAK_EVIDENCE,team_b_states:BOX_PRESSURE,3,3,True,True,True,True,True,True,True,True,False,True,0,HIGH|HIGH|HIGH,MEDIUM|MEDIUM|MEDIUM
mt_584193347,ligue2,BEHAVIOR_HEAVY|FORMATION_HEAVY|HIGH_SHRINKAGE|WEAK_EVIDENCE,team_b_states:BOX_PROTECTION,3,3,True,True,True,True,True,True,True,True,False,True,0,HIGH|HIGH|HIGH,MEDIUM|MEDIUM|MEDIUM
mt_584193347,ligue2,BEHAVIOR_HEAVY|FORMATION_HEAVY|HIGH_SHRINKAGE|WEAK_EVIDENCE,team_b_states:CLEARANCE_DEPENDENCE,3,3,True,True,True,True,True,True,True,True,False,True,0,MEDIUM|MEDIUM|MEDIUM,MEDIUM|MEDIUM|MEDIUM
mt_584193347,ligue2,BEHAVIOR_HEAVY|FORMATION_HEAVY|HIGH_SHRINKAGE|WEAK_EVIDENCE,team_b_states:CONTACT_INTENSITY,3,3,True,True,True,True,False,True,True,True,False,True,0,HIGH|HIGH|HIGH,MEDIUM|MEDIUM|MEDIUM
mt_584193347,ligue2,BEHAVIOR_HEAVY|FORMATION_HEAVY|HIGH_SHRINKAGE|WEAK_EVIDENCE,team_b_states:CORNER_CONCESSION,3,3,True,True,True,True,True,True,True,True,False,True,0,LOW|LOW|LOW,MEDIUM|MEDIUM|MEDIUM
mt_584193347,ligue2,BEHAVIOR_HEAVY|FORMATION_HEAVY|HIGH_SHRINKAGE|WEAK_EVIDENCE,team_b_states:CROSS_ALLOWANCE,3,3,True,True,True,True,True,True,True,True,False,True,0,LOW|LOW|LOW,MEDIUM|MEDIUM|MEDIUM
mt_584193347,ligue2,BEHAVIOR_HEAVY|FORMATION_HEAVY|HIGH_SHRINKAGE|WEAK_EVIDENCE,team_b_states:FOUL_DRAWING,3,3,True,True,True,True,True,True,True,True,False,True,0,MEDIUM|MEDIUM|MEDIUM,MEDIUM|MEDIUM|MEDIUM
mt_584193347,ligue2,BEHAVIOR_HEAVY|FORMATION_HEAVY|HIGH_SHRINKAGE|WEAK_EVIDENCE,team_b_states:FOUL_TENDENCY,3,3,True,True,True,True,True,True,True,True,False,True,0,MEDIUM|MEDIUM|MEDIUM,MEDIUM|MEDIUM|MEDIUM
mt_584193347,ligue2,BEHAVIOR_HEAVY|FORMATION_HEAVY|HIGH_SHRINKAGE|WEAK_EVIDENCE,team_b_states:SET_PIECE_GENERATION,3,3,True,True,True,True,True,True,True,True,False,True,0,HIGH|HIGH|HIGH,MEDIUM|MEDIUM|MEDIUM
mt_584193347,ligue2,BEHAVIOR_HEAVY|FORMATION_HEAVY|HIGH_SHRINKAGE|WEAK_EVIDENCE,team_b_states:SHOT_SUPPRESSION,3,3,True,True,True,True,True,True,True,True,False,True,0,HIGH|HIGH|HIGH,MEDIUM|MEDIUM|MEDIUM
mt_584193347,ligue2,BEHAVIOR_HEAVY|FORMATION_HEAVY|HIGH_SHRINKAGE|WEAK_EVIDENCE,team_b_states:SHOT_VOLUME,3,3,True,True,True,True,True,True,True,True,False,True,0,HIGH|HIGH|HIGH,MEDIUM|MEDIUM|MEDIUM
mt_584193347,ligue2,BEHAVIOR_HEAVY|FORMATION_HEAVY|HIGH_SHRINKAGE|WEAK_EVIDENCE,team_b_states:TERRITORIAL_PRESSURE,3,3,True,True,True,True,True,True,True,True,False,True,0,HIGH|HIGH|HIGH,MEDIUM|MEDIUM|MEDIUM
mt_584193347,ligue2,BEHAVIOR_HEAVY|FORMATION_HEAVY|HIGH_SHRINKAGE|WEAK_EVIDENCE,team_b_states:WIDTH_PRESSURE,3,3,True,True,True,True,True,True,True,True,False,True,0,HIGH|HIGH|HIGH,MEDIUM|MEDIUM|MEDIUM
mt_839904828,champ,BEHAVIOR_HEAVY|FORMATION_HEAVY|HIGH_SHRINKAGE|WEAK_EVIDENCE,matchup_states:BOX_PRESSURE_MATCHUP,3,3,True,True,True,False,True,True,True,True,False,True,1,A_ADVANTAGE|A_ADVANTAGE|A_ADVANTAGE,LOW|MEDIUM|LOW
mt_839904828,champ,BEHAVIOR_HEAVY|FORMATION_HEAVY|HIGH_SHRINKAGE|WEAK_EVIDENCE,matchup_states:CONTACT_MATCHUP,3,3,True,True,True,True,True,True,True,True,False,True,0,NEUTRAL|NEUTRAL|NEUTRAL,MEDIUM|MEDIUM|MEDIUM
mt_839904828,champ,BEHAVIOR_HEAVY|FORMATION_HEAVY|HIGH_SHRINKAGE|WEAK_EVIDENCE,matchup_states:CORNER_MECHANISM_MATCHUP,3,3,True,False,False,True,False,True,True,True,False,True,1,NEUTRAL|NEUTRAL|A_ADVANTAGE,MEDIUM|MEDIUM|MEDIUM
mt_839904828,champ,BEHAVIOR_HEAVY|FORMATION_HEAVY|HIGH_SHRINKAGE|WEAK_EVIDENCE,matchup_states:SECOND_HALF_PRESSURE_SHIFT,3,2,False,True,True,True,True,True,True,True,False,True,0,UNKNOWN|UNKNOWN,UNKNOWN|UNKNOWN
mt_839904828,champ,BEHAVIOR_HEAVY|FORMATION_HEAVY|HIGH_SHRINKAGE|WEAK_EVIDENCE,matchup_states:SHOT_CREATION_MATCHUP,3,3,True,False,False,False,False,True,True,True,False,True,1,A_ADVANTAGE|A_ADVANTAGE|STRONG_A_ADVANTAGE,MEDIUM|MEDIUM_HIGH|MEDIUM
mt_839904828,champ,BEHAVIOR_HEAVY|FORMATION_HEAVY|HIGH_SHRINKAGE|WEAK_EVIDENCE,matchup_states:WIDE_PRESSURE_MATCHUP,3,3,True,True,True,True,False,True,True,True,False,True,0,A_ADVANTAGE|A_ADVANTAGE|A_ADVANTAGE,MEDIUM|MEDIUM|MEDIUM
mt_839904828,champ,BEHAVIOR_HEAVY|FORMATION_HEAVY|HIGH_SHRINKAGE|WEAK_EVIDENCE,team_a_states:BOOKING_CONVERSION,3,3,True,True,True,True,True,True,True,True,False,True,0,LOW|LOW|LOW,MEDIUM|MEDIUM|MEDIUM
mt_839904828,champ,BEHAVIOR_HEAVY|FORMATION_HEAVY|HIGH_SHRINKAGE|WEAK_EVIDENCE,team_a_states:BOX_PRESSURE,3,3,True,True,True,False,True,True,True,True,False,True,1,MEDIUM|MEDIUM|MEDIUM,LOW|MEDIUM_LOW|LOW
mt_839904828,champ,BEHAVIOR_HEAVY|FORMATION_HEAVY|HIGH_SHRINKAGE|WEAK_EVIDENCE,team_a_states:BOX_PROTECTION,3,3,True,False,False,False,True,True,True,True,False,True,1,HIGH|VERY_HIGH|HIGH,LOW|MEDIUM|LOW
mt_839904828,champ,BEHAVIOR_HEAVY|FORMATION_HEAVY|HIGH_SHRINKAGE|WEAK_EVIDENCE,team_a_states:CLEARANCE_DEPENDENCE,3,3,True,True,True,True,True,True,True,True,False,True,0,MEDIUM|MEDIUM|MEDIUM,MEDIUM|MEDIUM|MEDIUM
mt_839904828,champ,BEHAVIOR_HEAVY|FORMATION_HEAVY|HIGH_SHRINKAGE|WEAK_EVIDENCE,team_a_states:CONTACT_INTENSITY,3,3,True,True,True,True,True,True,True,True,False,True,0,MEDIUM|MEDIUM|MEDIUM,MEDIUM|MEDIUM|MEDIUM
mt_839904828,champ,BEHAVIOR_HEAVY|FORMATION_HEAVY|HIGH_SHRINKAGE|WEAK_EVIDENCE,team_a_states:CORNER_CONCESSION,3,3,True,True,True,True,True,True,True,True,False,True,0,LOW|LOW|LOW,MEDIUM|MEDIUM|MEDIUM
mt_839904828,champ,BEHAVIOR_HEAVY|FORMATION_HEAVY|HIGH_SHRINKAGE|WEAK_EVIDENCE,team_a_states:CROSS_ALLOWANCE,3,3,True,True,True,True,True,True,True,True,False,True,0,VERY_LOW|VERY_LOW|VERY_LOW,MEDIUM|MEDIUM|MEDIUM
mt_839904828,champ,BEHAVIOR_HEAVY|FORMATION_HEAVY|HIGH_SHRINKAGE|WEAK_EVIDENCE,team_a_states:FOUL_DRAWING,3,3,True,True,True,True,True,True,True,True,False,True,0,MEDIUM|MEDIUM|MEDIUM,MEDIUM|MEDIUM|MEDIUM
mt_839904828,champ,BEHAVIOR_HEAVY|FORMATION_HEAVY|HIGH_SHRINKAGE|WEAK_EVIDENCE,team_a_states:FOUL_TENDENCY,3,3,True,False,False,True,True,True,True,True,False,True,1,MEDIUM|LOW|MEDIUM,MEDIUM|MEDIUM|MEDIUM
mt_839904828,champ,BEHAVIOR_HEAVY|FORMATION_HEAVY|HIGH_SHRINKAGE|WEAK_EVIDENCE,team_a_states:SAVE_ENVIRONMENT,3,2,False,True,True,True,True,True,True,True,True,True,0,UNKNOWN|UNKNOWN,UNKNOWN|UNKNOWN
mt_839904828,champ,BEHAVIOR_HEAVY|FORMATION_HEAVY|HIGH_SHRINKAGE|WEAK_EVIDENCE,team_a_states:SECOND_HALF_ESCALATION,3,2,False,True,True,True,True,True,True,True,True,True,0,UNKNOWN|UNKNOWN,UNKNOWN|UNKNOWN
mt_839904828,champ,BEHAVIOR_HEAVY|FORMATION_HEAVY|HIGH_SHRINKAGE|WEAK_EVIDENCE,team_a_states:SET_PIECE_GENERATION,3,3,True,True,True,True,True,True,True,True,False,True,0,MEDIUM|MEDIUM|MEDIUM,MEDIUM|MEDIUM|MEDIUM
mt_839904828,champ,BEHAVIOR_HEAVY|FORMATION_HEAVY|HIGH_SHRINKAGE|WEAK_EVIDENCE,team_a_states:SHOT_QUALITY,3,2,False,True,True,True,True,True,True,True,True,True,0,UNKNOWN|UNKNOWN,UNKNOWN|UNKNOWN
mt_839904828,champ,BEHAVIOR_HEAVY|FORMATION_HEAVY|HIGH_SHRINKAGE|WEAK_EVIDENCE,team_a_states:SHOT_SUPPRESSION,3,3,True,False,False,False,True,True,True,True,False,True,1,HIGH|VERY_HIGH|VERY_HIGH,MEDIUM|MEDIUM_HIGH|MEDIUM
mt_839904828,champ,BEHAVIOR_HEAVY|FORMATION_HEAVY|HIGH_SHRINKAGE|WEAK_EVIDENCE,team_a_states:SHOT_VOLUME,3,3,True,True,True,True,True,True,True,True,False,True,0,HIGH|HIGH|HIGH,MEDIUM|MEDIUM|MEDIUM
mt_839904828,champ,BEHAVIOR_HEAVY|FORMATION_HEAVY|HIGH_SHRINKAGE|WEAK_EVIDENCE,team_a_states:TERRITORIAL_PRESSURE,3,3,True,True,True,True,True,True,True,True,False,True,0,HIGH|HIGH|HIGH,MEDIUM|MEDIUM|MEDIUM
mt_839904828,champ,BEHAVIOR_HEAVY|FORMATION_HEAVY|HIGH_SHRINKAGE|WEAK_EVIDENCE,team_a_states:WIDTH_PRESSURE,3,3,True,True,True,True,True,True,True,True,False,True,0,MEDIUM|MEDIUM|MEDIUM,MEDIUM|MEDIUM|MEDIUM
mt_839904828,champ,BEHAVIOR_HEAVY|FORMATION_HEAVY|HIGH_SHRINKAGE|WEAK_EVIDENCE,team_b_states:BOOKING_CONVERSION,3,3,True,True,True,True,True,True,True,True,False,True,0,MEDIUM|MEDIUM|MEDIUM,MEDIUM|MEDIUM|MEDIUM
mt_839904828,champ,BEHAVIOR_HEAVY|FORMATION_HEAVY|HIGH_SHRINKAGE|WEAK_EVIDENCE,team_b_states:BOX_PRESSURE,3,3,True,True,True,False,True,True,True,True,False,True,1,LOW|LOW|LOW,LOW|MEDIUM_LOW|LOW
mt_839904828,champ,BEHAVIOR_HEAVY|FORMATION_HEAVY|HIGH_SHRINKAGE|WEAK_EVIDENCE,team_b_states:BOX_PROTECTION,3,3,True,True,True,False,True,True,True,True,False,True,1,LOW|LOW|LOW,LOW|MEDIUM|LOW
mt_839904828,champ,BEHAVIOR_HEAVY|FORMATION_HEAVY|HIGH_SHRINKAGE|WEAK_EVIDENCE,team_b_states:CLEARANCE_DEPENDENCE,3,3,True,True,True,True,True,True,True,True,False,True,0,HIGH|HIGH|HIGH,MEDIUM|MEDIUM|MEDIUM
mt_839904828,champ,BEHAVIOR_HEAVY|FORMATION_HEAVY|HIGH_SHRINKAGE|WEAK_EVIDENCE,team_b_states:CONTACT_INTENSITY,3,3,True,True,True,True,True,True,True,True,False,True,0,MEDIUM|MEDIUM|MEDIUM,MEDIUM|MEDIUM|MEDIUM
mt_839904828,champ,BEHAVIOR_HEAVY|FORMATION_HEAVY|HIGH_SHRINKAGE|WEAK_EVIDENCE,team_b_states:CORNER_CONCESSION,3,3,True,True,True,False,True,True,True,True,False,True,1,VERY_HIGH|VERY_HIGH|VERY_HIGH,MEDIUM|MEDIUM_HIGH|MEDIUM
mt_839904828,champ,BEHAVIOR_HEAVY|FORMATION_HEAVY|HIGH_SHRINKAGE|WEAK_EVIDENCE,team_b_states:CROSS_ALLOWANCE,3,3,True,True,True,True,True,True,True,True,False,True,0,MEDIUM|MEDIUM|MEDIUM,MEDIUM|MEDIUM|MEDIUM
mt_839904828,champ,BEHAVIOR_HEAVY|FORMATION_HEAVY|HIGH_SHRINKAGE|WEAK_EVIDENCE,team_b_states:FOUL_DRAWING,3,3,True,True,True,True,True,True,True,True,False,True,0,MEDIUM|MEDIUM|MEDIUM,MEDIUM|MEDIUM|MEDIUM
mt_839904828,champ,BEHAVIOR_HEAVY|FORMATION_HEAVY|HIGH_SHRINKAGE|WEAK_EVIDENCE,team_b_states:FOUL_TENDENCY,3,3,True,False,False,True,True,True,True,True,False,True,1,MEDIUM|LOW|MEDIUM,MEDIUM|MEDIUM|MEDIUM
mt_839904828,champ,BEHAVIOR_HEAVY|FORMATION_HEAVY|HIGH_SHRINKAGE|WEAK_EVIDENCE,team_b_states:SAVE_ENVIRONMENT,3,2,False,True,True,True,True,True,True,True,True,True,0,UNKNOWN|UNKNOWN,UNKNOWN|UNKNOWN
mt_839904828,champ,BEHAVIOR_HEAVY|FORMATION_HEAVY|HIGH_SHRINKAGE|WEAK_EVIDENCE,team_b_states:SECOND_HALF_ESCALATION,3,2,False,True,True,True,True,True,True,True,True,True,0,UNKNOWN|UNKNOWN,UNKNOWN|UNKNOWN
mt_839904828,champ,BEHAVIOR_HEAVY|FORMATION_HEAVY|HIGH_SHRINKAGE|WEAK_EVIDENCE,team_b_states:SET_PIECE_GENERATION,3,3,True,True,True,True,True,True,True,True,False,True,0,MEDIUM|MEDIUM|MEDIUM,MEDIUM|MEDIUM|MEDIUM
mt_839904828,champ,BEHAVIOR_HEAVY|FORMATION_HEAVY|HIGH_SHRINKAGE|WEAK_EVIDENCE,team_b_states:SHOT_QUALITY,3,2,False,True,True,True,True,True,True,True,True,True,0,UNKNOWN|UNKNOWN,UNKNOWN|UNKNOWN
mt_839904828,champ,BEHAVIOR_HEAVY|FORMATION_HEAVY|HIGH_SHRINKAGE|WEAK_EVIDENCE,team_b_states:SHOT_SUPPRESSION,3,3,True,True,True,True,True,True,True,True,False,True,0,LOW|LOW|LOW,MEDIUM|MEDIUM|MEDIUM
mt_839904828,champ,BEHAVIOR_HEAVY|FORMATION_HEAVY|HIGH_SHRINKAGE|WEAK_EVIDENCE,team_b_states:SHOT_VOLUME,3,3,True,True,True,True,True,True,True,True,False,True,0,MEDIUM|MEDIUM|MEDIUM,MEDIUM|MEDIUM|MEDIUM
mt_839904828,champ,BEHAVIOR_HEAVY|FORMATION_HEAVY|HIGH_SHRINKAGE|WEAK_EVIDENCE,team_b_states:TERRITORIAL_PRESSURE,3,3,True,True,True,True,True,True,True,True,False,True,0,MEDIUM|MEDIUM|MEDIUM,MEDIUM|MEDIUM|MEDIUM
mt_839904828,champ,BEHAVIOR_HEAVY|FORMATION_HEAVY|HIGH_SHRINKAGE|WEAK_EVIDENCE,team_b_states:WIDTH_PRESSURE,3,3,True,True,True,True,True,True,True,True,False,True,0,VERY_LOW|VERY_LOW|VERY_LOW,MEDIUM|MEDIUM|MEDIUM
mt_629493944,epl,BEHAVIOR_HEAVY|FORMATION_HEAVY|HIGH_SHRINKAGE|WEAK_EVIDENCE,matchup_states:BOX_PRESSURE_MATCHUP,3,2,False,True,True,True,True,True,True,True,True,True,0,A_ADVANTAGE|A_ADVANTAGE,MEDIUM_LOW|MEDIUM_LOW
mt_629493944,epl,BEHAVIOR_HEAVY|FORMATION_HEAVY|HIGH_SHRINKAGE|WEAK_EVIDENCE,matchup_states:CONTACT_MATCHUP,3,2,False,True,True,True,True,True,True,True,True,True,0,NEUTRAL|NEUTRAL,MEDIUM|MEDIUM
mt_629493944,epl,BEHAVIOR_HEAVY|FORMATION_HEAVY|HIGH_SHRINKAGE|WEAK_EVIDENCE,matchup_states:CORNER_MECHANISM_MATCHUP,3,2,False,True,True,True,True,True,True,True,True,True,0,NEUTRAL|NEUTRAL,MEDIUM|MEDIUM
mt_629493944,epl,BEHAVIOR_HEAVY|FORMATION_HEAVY|HIGH_SHRINKAGE|WEAK_EVIDENCE,matchup_states:SHOT_CREATION_MATCHUP,3,2,False,True,True,True,True,True,True,True,True,True,0,A_ADVANTAGE|A_ADVANTAGE,MEDIUM_LOW|MEDIUM_LOW
mt_629493944,epl,BEHAVIOR_HEAVY|FORMATION_HEAVY|HIGH_SHRINKAGE|WEAK_EVIDENCE,matchup_states:WIDE_PRESSURE_MATCHUP,3,2,False,True,True,True,True,True,True,True,True,True,0,B_ADVANTAGE|B_ADVANTAGE,MEDIUM_LOW|MEDIUM_LOW
mt_629493944,epl,BEHAVIOR_HEAVY|FORMATION_HEAVY|HIGH_SHRINKAGE|WEAK_EVIDENCE,team_a_states:BOOKING_CONVERSION,3,2,False,True,True,True,True,True,True,True,True,True,0,MEDIUM|MEDIUM,MEDIUM|MEDIUM
mt_629493944,epl,BEHAVIOR_HEAVY|FORMATION_HEAVY|HIGH_SHRINKAGE|WEAK_EVIDENCE,team_a_states:BOX_PRESSURE,3,2,False,True,True,True,True,True,True,True,True,True,0,MEDIUM|MEDIUM,MEDIUM|MEDIUM
mt_629493944,epl,BEHAVIOR_HEAVY|FORMATION_HEAVY|HIGH_SHRINKAGE|WEAK_EVIDENCE,team_a_states:BOX_PROTECTION,3,2,False,True,True,True,True,True,True,True,True,True,0,MEDIUM|MEDIUM,MEDIUM|MEDIUM
mt_629493944,epl,BEHAVIOR_HEAVY|FORMATION_HEAVY|HIGH_SHRINKAGE|WEAK_EVIDENCE,team_a_states:CLEARANCE_DEPENDENCE,3,2,False,True,True,True,True,True,True,True,True,True,0,MEDIUM|MEDIUM,MEDIUM|MEDIUM
mt_629493944,epl,BEHAVIOR_HEAVY|FORMATION_HEAVY|HIGH_SHRINKAGE|WEAK_EVIDENCE,team_a_states:CONTACT_INTENSITY,3,2,False,True,True,True,True,True,True,True,True,True,0,MEDIUM|MEDIUM,MEDIUM|MEDIUM
mt_629493944,epl,BEHAVIOR_HEAVY|FORMATION_HEAVY|HIGH_SHRINKAGE|WEAK_EVIDENCE,team_a_states:CORNER_CONCESSION,3,2,False,True,True,True,True,True,True,True,True,True,0,MEDIUM|MEDIUM,MEDIUM|MEDIUM
mt_629493944,epl,BEHAVIOR_HEAVY|FORMATION_HEAVY|HIGH_SHRINKAGE|WEAK_EVIDENCE,team_a_states:CROSS_ALLOWANCE,3,2,False,True,True,True,True,True,True,True,True,True,0,LOW|LOW,MEDIUM|MEDIUM
mt_629493944,epl,BEHAVIOR_HEAVY|FORMATION_HEAVY|HIGH_SHRINKAGE|WEAK_EVIDENCE,team_a_states:FOUL_DRAWING,3,2,False,True,True,True,True,True,True,True,True,True,0,MEDIUM|MEDIUM,MEDIUM|MEDIUM
mt_629493944,epl,BEHAVIOR_HEAVY|FORMATION_HEAVY|HIGH_SHRINKAGE|WEAK_EVIDENCE,team_a_states:FOUL_TENDENCY,3,2,False,True,True,True,True,True,True,True,True,True,0,MEDIUM|MEDIUM,MEDIUM|MEDIUM
mt_629493944,epl,BEHAVIOR_HEAVY|FORMATION_HEAVY|HIGH_SHRINKAGE|WEAK_EVIDENCE,team_a_states:SET_PIECE_GENERATION,3,2,False,True,True,True,True,True,True,True,True,True,0,MEDIUM|MEDIUM,MEDIUM|MEDIUM
mt_629493944,epl,BEHAVIOR_HEAVY|FORMATION_HEAVY|HIGH_SHRINKAGE|WEAK_EVIDENCE,team_a_states:SHOT_SUPPRESSION,3,2,False,True,True,True,True,True,True,True,True,True,0,MEDIUM|MEDIUM,MEDIUM|MEDIUM
mt_629493944,epl,BEHAVIOR_HEAVY|FORMATION_HEAVY|HIGH_SHRINKAGE|WEAK_EVIDENCE,team_a_states:SHOT_VOLUME,3,2,False,True,True,True,True,True,True,True,True,True,0,MEDIUM|MEDIUM,MEDIUM|MEDIUM
mt_629493944,epl,BEHAVIOR_HEAVY|FORMATION_HEAVY|HIGH_SHRINKAGE|WEAK_EVIDENCE,team_a_states:TERRITORIAL_PRESSURE,3,2,False,True,True,True,True,True,True,True,True,True,0,MEDIUM|MEDIUM,MEDIUM|MEDIUM
mt_629493944,epl,BEHAVIOR_HEAVY|FORMATION_HEAVY|HIGH_SHRINKAGE|WEAK_EVIDENCE,team_a_states:WIDTH_PRESSURE,3,2,False,True,True,True,True,True,True,True,True,True,0,LOW|LOW,MEDIUM_LOW|MEDIUM_LOW
mt_629493944,epl,BEHAVIOR_HEAVY|FORMATION_HEAVY|HIGH_SHRINKAGE|WEAK_EVIDENCE,team_b_states:BOOKING_CONVERSION,3,2,False,True,True,True,True,True,True,True,True,True,0,MEDIUM|MEDIUM,MEDIUM|MEDIUM
mt_629493944,epl,BEHAVIOR_HEAVY|FORMATION_HEAVY|HIGH_SHRINKAGE|WEAK_EVIDENCE,team_b_states:BOX_PRESSURE,3,2,False,True,True,True,True,True,True,True,True,True,0,MEDIUM|MEDIUM,MEDIUM|MEDIUM
mt_629493944,epl,BEHAVIOR_HEAVY|FORMATION_HEAVY|HIGH_SHRINKAGE|WEAK_EVIDENCE,team_b_states:BOX_PROTECTION,3,2,False,True,True,True,True,True,True,True,True,True,0,MEDIUM|MEDIUM,MEDIUM|MEDIUM
mt_629493944,epl,BEHAVIOR_HEAVY|FORMATION_HEAVY|HIGH_SHRINKAGE|WEAK_EVIDENCE,team_b_states:CLEARANCE_DEPENDENCE,3,2,False,True,True,True,True,True,True,True,True,True,0,HIGH|HIGH,MEDIUM|MEDIUM
mt_629493944,epl,BEHAVIOR_HEAVY|FORMATION_HEAVY|HIGH_SHRINKAGE|WEAK_EVIDENCE,team_b_states:CONTACT_INTENSITY,3,2,False,True,True,True,True,True,True,True,True,True,0,MEDIUM|MEDIUM,MEDIUM|MEDIUM
mt_629493944,epl,BEHAVIOR_HEAVY|FORMATION_HEAVY|HIGH_SHRINKAGE|WEAK_EVIDENCE,team_b_states:CORNER_CONCESSION,3,2,False,True,True,True,True,True,True,True,True,True,0,MEDIUM|MEDIUM,MEDIUM|MEDIUM
mt_629493944,epl,BEHAVIOR_HEAVY|FORMATION_HEAVY|HIGH_SHRINKAGE|WEAK_EVIDENCE,team_b_states:CROSS_ALLOWANCE,3,2,False,True,True,True,True,True,True,True,True,True,0,MEDIUM|MEDIUM,MEDIUM|MEDIUM
mt_629493944,epl,BEHAVIOR_HEAVY|FORMATION_HEAVY|HIGH_SHRINKAGE|WEAK_EVIDENCE,team_b_states:FOUL_DRAWING,3,2,False,False,False,True,True,True,True,True,True,True,1,MEDIUM|LOW,MEDIUM|MEDIUM
mt_629493944,epl,BEHAVIOR_HEAVY|FORMATION_HEAVY|HIGH_SHRINKAGE|WEAK_EVIDENCE,team_b_states:FOUL_TENDENCY,3,2,False,True,True,True,True,True,True,True,True,True,0,MEDIUM|MEDIUM,MEDIUM|MEDIUM
mt_629493944,epl,BEHAVIOR_HEAVY|FORMATION_HEAVY|HIGH_SHRINKAGE|WEAK_EVIDENCE,team_b_states:SET_PIECE_GENERATION,3,2,False,True,True,True,True,True,True,True,True,True,0,MEDIUM|MEDIUM,MEDIUM|MEDIUM
mt_629493944,epl,BEHAVIOR_HEAVY|FORMATION_HEAVY|HIGH_SHRINKAGE|WEAK_EVIDENCE,team_b_states:SHOT_SUPPRESSION,3,2,False,True,True,True,True,True,True,True,True,True,0,MEDIUM|MEDIUM,MEDIUM|MEDIUM
mt_629493944,epl,BEHAVIOR_HEAVY|FORMATION_HEAVY|HIGH_SHRINKAGE|WEAK_EVIDENCE,team_b_states:SHOT_VOLUME,3,2,False,True,True,True,True,True,True,True,True,True,0,MEDIUM|MEDIUM,MEDIUM|MEDIUM
mt_629493944,epl,BEHAVIOR_HEAVY|FORMATION_HEAVY|HIGH_SHRINKAGE|WEAK_EVIDENCE,team_b_states:TERRITORIAL_PRESSURE,3,2,False,True,True,True,True,True,True,True,True,True,0,MEDIUM|MEDIUM,MEDIUM|MEDIUM
mt_629493944,epl,BEHAVIOR_HEAVY|FORMATION_HEAVY|HIGH_SHRINKAGE|WEAK_EVIDENCE,team_b_states:WIDTH_PRESSURE,3,2,False,True,True,True,True,True,True,True,True,True,0,MEDIUM|MEDIUM,MEDIUM|MEDIUM
mt_196567553,laliga,BEHAVIOR_HEAVY|FORMATION_HEAVY|HIGH_SHRINKAGE|WEAK_EVIDENCE,matchup_states:BOX_PRESSURE_MATCHUP,3,3,True,True,True,True,False,True,True,True,False,True,0,A_ADVANTAGE|A_ADVANTAGE|A_ADVANTAGE,MEDIUM|MEDIUM|MEDIUM
mt_196567553,laliga,BEHAVIOR_HEAVY|FORMATION_HEAVY|HIGH_SHRINKAGE|WEAK_EVIDENCE,matchup_states:CONTACT_MATCHUP,3,3,True,True,True,True,True,True,True,True,False,True,0,NEUTRAL|NEUTRAL|NEUTRAL,MEDIUM|MEDIUM|MEDIUM
mt_196567553,laliga,BEHAVIOR_HEAVY|FORMATION_HEAVY|HIGH_SHRINKAGE|WEAK_EVIDENCE,matchup_states:CORNER_MECHANISM_MATCHUP,3,3,True,False,False,True,False,True,True,True,False,True,1,A_ADVANTAGE|NEUTRAL|NEUTRAL,MEDIUM|MEDIUM|MEDIUM
mt_196567553,laliga,BEHAVIOR_HEAVY|FORMATION_HEAVY|HIGH_SHRINKAGE|WEAK_EVIDENCE,matchup_states:SHOT_CREATION_MATCHUP,3,3,True,False,False,True,False,True,True,True,False,True,1,NEUTRAL|A_ADVANTAGE|A_ADVANTAGE,MEDIUM|MEDIUM|MEDIUM
mt_196567553,laliga,BEHAVIOR_HEAVY|FORMATION_HEAVY|HIGH_SHRINKAGE|WEAK_EVIDENCE,matchup_states:WIDE_PRESSURE_MATCHUP,3,3,True,True,True,True,False,True,True,True,False,True,0,A_ADVANTAGE|A_ADVANTAGE|A_ADVANTAGE,MEDIUM|MEDIUM|MEDIUM
mt_196567553,laliga,BEHAVIOR_HEAVY|FORMATION_HEAVY|HIGH_SHRINKAGE|WEAK_EVIDENCE,team_a_states:BOOKING_CONVERSION,3,3,True,True,True,True,True,True,True,True,False,True,0,MEDIUM|MEDIUM|MEDIUM,MEDIUM|MEDIUM|MEDIUM
mt_196567553,laliga,BEHAVIOR_HEAVY|FORMATION_HEAVY|HIGH_SHRINKAGE|WEAK_EVIDENCE,team_a_states:BOX_PRESSURE,3,3,True,True,True,True,True,True,True,True,False,True,0,MEDIUM|MEDIUM|MEDIUM,MEDIUM|MEDIUM|MEDIUM
mt_196567553,laliga,BEHAVIOR_HEAVY|FORMATION_HEAVY|HIGH_SHRINKAGE|WEAK_EVIDENCE,team_a_states:BOX_PROTECTION,3,3,True,False,False,False,False,False,True,True,False,True,2,HIGH|LOW|LOW,MEDIUM_LOW|MEDIUM|MEDIUM
mt_196567553,laliga,BEHAVIOR_HEAVY|FORMATION_HEAVY|HIGH_SHRINKAGE|WEAK_EVIDENCE,team_a_states:CLEARANCE_DEPENDENCE,3,3,True,True,True,True,True,True,True,True,False,True,0,MEDIUM|MEDIUM|MEDIUM,MEDIUM|MEDIUM|MEDIUM
mt_196567553,laliga,BEHAVIOR_HEAVY|FORMATION_HEAVY|HIGH_SHRINKAGE|WEAK_EVIDENCE,team_a_states:CONTACT_INTENSITY,3,3,True,True,True,True,True,True,True,True,False,True,0,MEDIUM|MEDIUM|MEDIUM,MEDIUM|MEDIUM|MEDIUM
mt_196567553,laliga,BEHAVIOR_HEAVY|FORMATION_HEAVY|HIGH_SHRINKAGE|WEAK_EVIDENCE,team_a_states:CORNER_CONCESSION,3,3,True,True,True,True,False,True,True,True,False,True,0,MEDIUM|MEDIUM|MEDIUM,MEDIUM|MEDIUM|MEDIUM
mt_196567553,laliga,BEHAVIOR_HEAVY|FORMATION_HEAVY|HIGH_SHRINKAGE|WEAK_EVIDENCE,team_a_states:CROSS_ALLOWANCE,3,3,True,True,True,True,True,True,True,True,False,True,0,LOW|LOW|LOW,MEDIUM|MEDIUM|MEDIUM
mt_196567553,laliga,BEHAVIOR_HEAVY|FORMATION_HEAVY|HIGH_SHRINKAGE|WEAK_EVIDENCE,team_a_states:FOUL_DRAWING,3,3,True,True,True,True,True,True,True,True,False,True,0,MEDIUM|MEDIUM|MEDIUM,MEDIUM|MEDIUM|MEDIUM
mt_196567553,laliga,BEHAVIOR_HEAVY|FORMATION_HEAVY|HIGH_SHRINKAGE|WEAK_EVIDENCE,team_a_states:FOUL_TENDENCY,3,3,True,True,True,True,False,True,True,True,False,True,0,MEDIUM|MEDIUM|MEDIUM,MEDIUM|MEDIUM|MEDIUM
mt_196567553,laliga,BEHAVIOR_HEAVY|FORMATION_HEAVY|HIGH_SHRINKAGE|WEAK_EVIDENCE,team_a_states:SET_PIECE_GENERATION,3,3,True,True,True,True,False,True,True,True,False,True,0,MEDIUM|MEDIUM|MEDIUM,MEDIUM|MEDIUM|MEDIUM
mt_196567553,laliga,BEHAVIOR_HEAVY|FORMATION_HEAVY|HIGH_SHRINKAGE|WEAK_EVIDENCE,team_a_states:SHOT_SUPPRESSION,3,3,True,False,False,False,False,True,True,True,False,True,2,HIGH|LOW|LOW,MEDIUM_LOW|MEDIUM|MEDIUM
mt_196567553,laliga,BEHAVIOR_HEAVY|FORMATION_HEAVY|HIGH_SHRINKAGE|WEAK_EVIDENCE,team_a_states:SHOT_VOLUME,3,3,True,True,True,True,True,True,True,True,False,True,0,MEDIUM|MEDIUM|MEDIUM,MEDIUM|MEDIUM|MEDIUM
mt_196567553,laliga,BEHAVIOR_HEAVY|FORMATION_HEAVY|HIGH_SHRINKAGE|WEAK_EVIDENCE,team_a_states:TERRITORIAL_PRESSURE,3,3,True,True,True,True,False,True,True,True,False,True,0,MEDIUM|MEDIUM|MEDIUM,MEDIUM|MEDIUM|MEDIUM
mt_196567553,laliga,BEHAVIOR_HEAVY|FORMATION_HEAVY|HIGH_SHRINKAGE|WEAK_EVIDENCE,team_a_states:WIDTH_PRESSURE,3,3,True,True,True,True,True,True,True,True,False,True,0,MEDIUM|MEDIUM|MEDIUM,MEDIUM|MEDIUM|MEDIUM
mt_196567553,laliga,BEHAVIOR_HEAVY|FORMATION_HEAVY|HIGH_SHRINKAGE|WEAK_EVIDENCE,team_b_states:BOOKING_CONVERSION,3,3,True,True,True,True,True,True,True,True,False,True,0,MEDIUM|MEDIUM|MEDIUM,MEDIUM|MEDIUM|MEDIUM
mt_196567553,laliga,BEHAVIOR_HEAVY|FORMATION_HEAVY|HIGH_SHRINKAGE|WEAK_EVIDENCE,team_b_states:BOX_PRESSURE,3,3,True,True,True,True,True,True,True,True,False,True,0,LOW|LOW|LOW,MEDIUM|MEDIUM|MEDIUM
mt_196567553,laliga,BEHAVIOR_HEAVY|FORMATION_HEAVY|HIGH_SHRINKAGE|WEAK_EVIDENCE,team_b_states:BOX_PROTECTION,3,3,True,False,False,False,False,False,True,True,False,True,2,HIGH|LOW|LOW,MEDIUM_LOW|MEDIUM|MEDIUM
mt_196567553,laliga,BEHAVIOR_HEAVY|FORMATION_HEAVY|HIGH_SHRINKAGE|WEAK_EVIDENCE,team_b_states:CLEARANCE_DEPENDENCE,3,3,True,True,True,True,True,True,True,True,False,True,0,MEDIUM|MEDIUM|MEDIUM,MEDIUM|MEDIUM|MEDIUM
mt_196567553,laliga,BEHAVIOR_HEAVY|FORMATION_HEAVY|HIGH_SHRINKAGE|WEAK_EVIDENCE,team_b_states:CONTACT_INTENSITY,3,3,True,True,True,True,True,True,True,True,False,True,0,MEDIUM|MEDIUM|MEDIUM,MEDIUM|MEDIUM|MEDIUM
mt_196567553,laliga,BEHAVIOR_HEAVY|FORMATION_HEAVY|HIGH_SHRINKAGE|WEAK_EVIDENCE,team_b_states:CORNER_CONCESSION,3,3,True,True,True,True,False,True,True,True,False,True,0,MEDIUM|MEDIUM|MEDIUM,MEDIUM|MEDIUM|MEDIUM
mt_196567553,laliga,BEHAVIOR_HEAVY|FORMATION_HEAVY|HIGH_SHRINKAGE|WEAK_EVIDENCE,team_b_states:CROSS_ALLOWANCE,3,3,True,True,True,True,True,True,True,True,False,True,0,MEDIUM|MEDIUM|MEDIUM,MEDIUM|MEDIUM|MEDIUM
mt_196567553,laliga,BEHAVIOR_HEAVY|FORMATION_HEAVY|HIGH_SHRINKAGE|WEAK_EVIDENCE,team_b_states:FOUL_DRAWING,3,3,True,True,True,True,True,True,True,True,False,True,0,MEDIUM|MEDIUM|MEDIUM,MEDIUM|MEDIUM|MEDIUM
mt_196567553,laliga,BEHAVIOR_HEAVY|FORMATION_HEAVY|HIGH_SHRINKAGE|WEAK_EVIDENCE,team_b_states:FOUL_TENDENCY,3,3,True,True,True,True,False,True,True,True,False,True,0,MEDIUM|MEDIUM|MEDIUM,MEDIUM|MEDIUM|MEDIUM
mt_196567553,laliga,BEHAVIOR_HEAVY|FORMATION_HEAVY|HIGH_SHRINKAGE|WEAK_EVIDENCE,team_b_states:SET_PIECE_GENERATION,3,3,True,True,True,True,False,True,True,True,False,True,0,LOW|LOW|LOW,MEDIUM|MEDIUM|MEDIUM
mt_196567553,laliga,BEHAVIOR_HEAVY|FORMATION_HEAVY|HIGH_SHRINKAGE|WEAK_EVIDENCE,team_b_states:SHOT_SUPPRESSION,3,3,True,False,False,False,False,True,True,True,False,True,2,HIGH|LOW|LOW,MEDIUM_LOW|MEDIUM|MEDIUM
mt_196567553,laliga,BEHAVIOR_HEAVY|FORMATION_HEAVY|HIGH_SHRINKAGE|WEAK_EVIDENCE,team_b_states:SHOT_VOLUME,3,3,True,True,True,True,True,True,True,True,False,True,0,LOW|LOW|LOW,MEDIUM|MEDIUM|MEDIUM
mt_196567553,laliga,BEHAVIOR_HEAVY|FORMATION_HEAVY|HIGH_SHRINKAGE|WEAK_EVIDENCE,team_b_states:TERRITORIAL_PRESSURE,3,3,True,True,True,True,False,True,True,True,False,True,0,LOW|LOW|LOW,MEDIUM|MEDIUM|MEDIUM
mt_196567553,laliga,BEHAVIOR_HEAVY|FORMATION_HEAVY|HIGH_SHRINKAGE|WEAK_EVIDENCE,team_b_states:WIDTH_PRESSURE,3,3,True,True,True,True,True,True,True,True,False,True,0,LOW|LOW|LOW,MEDIUM|MEDIUM|MEDIUM
mt_013481284,laliga2,BEHAVIOR_HEAVY|FORMATION_HEAVY|HIGH_SHRINKAGE|TACTICAL_CLUSTER_DIVERSE|WEAK_EVIDENCE,matchup_states:BOX_PRESSURE_MATCHUP,3,3,True,True,True,True,False,True,True,True,True,True,0,NEUTRAL|NEUTRAL|NEUTRAL,MEDIUM|MEDIUM|MEDIUM
mt_013481284,laliga2,BEHAVIOR_HEAVY|FORMATION_HEAVY|HIGH_SHRINKAGE|TACTICAL_CLUSTER_DIVERSE|WEAK_EVIDENCE,matchup_states:CONTACT_MATCHUP,3,3,True,False,False,False,True,True,True,True,True,True,1,B_ADVANTAGE|NEUTRAL|B_ADVANTAGE,MEDIUM|MEDIUM_LOW|MEDIUM
mt_013481284,laliga2,BEHAVIOR_HEAVY|FORMATION_HEAVY|HIGH_SHRINKAGE|TACTICAL_CLUSTER_DIVERSE|WEAK_EVIDENCE,matchup_states:CORNER_MECHANISM_MATCHUP,3,3,True,True,True,True,False,True,True,True,True,True,0,NEUTRAL|NEUTRAL|NEUTRAL,MEDIUM|MEDIUM|MEDIUM
mt_013481284,laliga2,BEHAVIOR_HEAVY|FORMATION_HEAVY|HIGH_SHRINKAGE|TACTICAL_CLUSTER_DIVERSE|WEAK_EVIDENCE,matchup_states:SHOT_CREATION_MATCHUP,3,3,True,True,True,True,False,True,True,True,True,True,0,A_ADVANTAGE|A_ADVANTAGE|A_ADVANTAGE,MEDIUM|MEDIUM|MEDIUM
mt_013481284,laliga2,BEHAVIOR_HEAVY|FORMATION_HEAVY|HIGH_SHRINKAGE|TACTICAL_CLUSTER_DIVERSE|WEAK_EVIDENCE,matchup_states:WIDE_PRESSURE_MATCHUP,3,3,True,True,True,True,False,True,True,True,True,True,0,NEUTRAL|NEUTRAL|NEUTRAL,MEDIUM|MEDIUM|MEDIUM
mt_013481284,laliga2,BEHAVIOR_HEAVY|FORMATION_HEAVY|HIGH_SHRINKAGE|TACTICAL_CLUSTER_DIVERSE|WEAK_EVIDENCE,team_a_states:BOOKING_CONVERSION,3,3,True,True,True,True,True,True,True,True,True,True,0,MEDIUM|MEDIUM|MEDIUM,MEDIUM|MEDIUM|MEDIUM
mt_013481284,laliga2,BEHAVIOR_HEAVY|FORMATION_HEAVY|HIGH_SHRINKAGE|TACTICAL_CLUSTER_DIVERSE|WEAK_EVIDENCE,team_a_states:BOX_PRESSURE,3,3,True,True,True,True,False,True,True,True,True,True,0,MEDIUM|MEDIUM|MEDIUM,MEDIUM|MEDIUM|MEDIUM
mt_013481284,laliga2,BEHAVIOR_HEAVY|FORMATION_HEAVY|HIGH_SHRINKAGE|TACTICAL_CLUSTER_DIVERSE|WEAK_EVIDENCE,team_a_states:BOX_PROTECTION,3,3,True,True,True,True,False,True,True,True,True,True,0,MEDIUM|MEDIUM|MEDIUM,MEDIUM|MEDIUM|MEDIUM
mt_013481284,laliga2,BEHAVIOR_HEAVY|FORMATION_HEAVY|HIGH_SHRINKAGE|TACTICAL_CLUSTER_DIVERSE|WEAK_EVIDENCE,team_a_states:CLEARANCE_DEPENDENCE,3,3,True,True,True,True,False,True,True,True,True,True,0,MEDIUM|MEDIUM|MEDIUM,MEDIUM|MEDIUM|MEDIUM
mt_013481284,laliga2,BEHAVIOR_HEAVY|FORMATION_HEAVY|HIGH_SHRINKAGE|TACTICAL_CLUSTER_DIVERSE|WEAK_EVIDENCE,team_a_states:CONTACT_INTENSITY,3,3,True,True,True,True,True,True,True,True,True,True,0,MEDIUM|MEDIUM|MEDIUM,MEDIUM|MEDIUM|MEDIUM
mt_013481284,laliga2,BEHAVIOR_HEAVY|FORMATION_HEAVY|HIGH_SHRINKAGE|TACTICAL_CLUSTER_DIVERSE|WEAK_EVIDENCE,team_a_states:CORNER_CONCESSION,3,3,True,True,True,True,False,True,True,True,True,True,0,MEDIUM|MEDIUM|MEDIUM,MEDIUM|MEDIUM|MEDIUM
mt_013481284,laliga2,BEHAVIOR_HEAVY|FORMATION_HEAVY|HIGH_SHRINKAGE|TACTICAL_CLUSTER_DIVERSE|WEAK_EVIDENCE,team_a_states:CROSS_ALLOWANCE,3,3,True,True,True,True,False,True,True,True,True,True,0,LOW|LOW|LOW,MEDIUM|MEDIUM|MEDIUM
mt_013481284,laliga2,BEHAVIOR_HEAVY|FORMATION_HEAVY|HIGH_SHRINKAGE|TACTICAL_CLUSTER_DIVERSE|WEAK_EVIDENCE,team_a_states:FOUL_DRAWING,3,3,True,True,True,True,True,True,True,True,True,True,0,MEDIUM|MEDIUM|MEDIUM,MEDIUM|MEDIUM|MEDIUM
mt_013481284,laliga2,BEHAVIOR_HEAVY|FORMATION_HEAVY|HIGH_SHRINKAGE|TACTICAL_CLUSTER_DIVERSE|WEAK_EVIDENCE,team_a_states:FOUL_TENDENCY,3,3,True,True,True,True,True,True,True,True,True,True,0,MEDIUM|MEDIUM|MEDIUM,MEDIUM|MEDIUM|MEDIUM
mt_013481284,laliga2,BEHAVIOR_HEAVY|FORMATION_HEAVY|HIGH_SHRINKAGE|TACTICAL_CLUSTER_DIVERSE|WEAK_EVIDENCE,team_a_states:SET_PIECE_GENERATION,3,3,True,True,True,True,False,True,True,True,True,True,0,MEDIUM|MEDIUM|MEDIUM,MEDIUM|MEDIUM|MEDIUM
mt_013481284,laliga2,BEHAVIOR_HEAVY|FORMATION_HEAVY|HIGH_SHRINKAGE|TACTICAL_CLUSTER_DIVERSE|WEAK_EVIDENCE,team_a_states:SHOT_SUPPRESSION,3,3,True,True,True,True,True,True,True,True,True,True,0,MEDIUM|MEDIUM|MEDIUM,MEDIUM|MEDIUM|MEDIUM
mt_013481284,laliga2,BEHAVIOR_HEAVY|FORMATION_HEAVY|HIGH_SHRINKAGE|TACTICAL_CLUSTER_DIVERSE|WEAK_EVIDENCE,team_a_states:SHOT_VOLUME,3,3,True,True,True,True,True,True,True,True,True,True,0,MEDIUM|MEDIUM|MEDIUM,MEDIUM|MEDIUM|MEDIUM
mt_013481284,laliga2,BEHAVIOR_HEAVY|FORMATION_HEAVY|HIGH_SHRINKAGE|TACTICAL_CLUSTER_DIVERSE|WEAK_EVIDENCE,team_a_states:TERRITORIAL_PRESSURE,3,3,True,False,False,True,True,True,True,True,True,True,1,MEDIUM|HIGH|MEDIUM,MEDIUM|MEDIUM|MEDIUM
mt_013481284,laliga2,BEHAVIOR_HEAVY|FORMATION_HEAVY|HIGH_SHRINKAGE|TACTICAL_CLUSTER_DIVERSE|WEAK_EVIDENCE,team_a_states:WIDTH_PRESSURE,3,3,True,True,True,True,False,True,True,True,True,True,0,MEDIUM|MEDIUM|MEDIUM,MEDIUM|MEDIUM|MEDIUM
mt_013481284,laliga2,BEHAVIOR_HEAVY|FORMATION_HEAVY|HIGH_SHRINKAGE|TACTICAL_CLUSTER_DIVERSE|WEAK_EVIDENCE,team_b_states:BOOKING_CONVERSION,3,3,True,True,True,True,True,True,True,True,True,True,0,MEDIUM|MEDIUM|MEDIUM,MEDIUM|MEDIUM|MEDIUM
mt_013481284,laliga2,BEHAVIOR_HEAVY|FORMATION_HEAVY|HIGH_SHRINKAGE|TACTICAL_CLUSTER_DIVERSE|WEAK_EVIDENCE,team_b_states:BOX_PRESSURE,3,3,True,True,True,True,False,True,True,True,True,True,0,MEDIUM|MEDIUM|MEDIUM,MEDIUM|MEDIUM|MEDIUM
mt_013481284,laliga2,BEHAVIOR_HEAVY|FORMATION_HEAVY|HIGH_SHRINKAGE|TACTICAL_CLUSTER_DIVERSE|WEAK_EVIDENCE,team_b_states:BOX_PROTECTION,3,3,True,True,True,True,False,True,True,True,True,True,0,MEDIUM|MEDIUM|MEDIUM,MEDIUM|MEDIUM|MEDIUM
mt_013481284,laliga2,BEHAVIOR_HEAVY|FORMATION_HEAVY|HIGH_SHRINKAGE|TACTICAL_CLUSTER_DIVERSE|WEAK_EVIDENCE,team_b_states:CLEARANCE_DEPENDENCE,3,3,True,True,True,True,False,True,True,True,True,True,0,MEDIUM|MEDIUM|MEDIUM,MEDIUM|MEDIUM|MEDIUM
mt_013481284,laliga2,BEHAVIOR_HEAVY|FORMATION_HEAVY|HIGH_SHRINKAGE|TACTICAL_CLUSTER_DIVERSE|WEAK_EVIDENCE,team_b_states:CONTACT_INTENSITY,3,3,True,True,True,True,True,True,True,True,True,True,0,MEDIUM|MEDIUM|MEDIUM,MEDIUM|MEDIUM|MEDIUM
mt_013481284,laliga2,BEHAVIOR_HEAVY|FORMATION_HEAVY|HIGH_SHRINKAGE|TACTICAL_CLUSTER_DIVERSE|WEAK_EVIDENCE,team_b_states:CORNER_CONCESSION,3,3,True,True,True,True,False,True,True,True,True,True,0,MEDIUM|MEDIUM|MEDIUM,MEDIUM|MEDIUM|MEDIUM
mt_013481284,laliga2,BEHAVIOR_HEAVY|FORMATION_HEAVY|HIGH_SHRINKAGE|TACTICAL_CLUSTER_DIVERSE|WEAK_EVIDENCE,team_b_states:CROSS_ALLOWANCE,3,3,True,True,True,True,False,True,True,True,True,True,0,MEDIUM|MEDIUM|MEDIUM,MEDIUM|MEDIUM|MEDIUM
mt_013481284,laliga2,BEHAVIOR_HEAVY|FORMATION_HEAVY|HIGH_SHRINKAGE|TACTICAL_CLUSTER_DIVERSE|WEAK_EVIDENCE,team_b_states:FOUL_DRAWING,3,3,True,True,True,True,True,True,True,True,True,True,0,HIGH|HIGH|HIGH,MEDIUM|MEDIUM|MEDIUM
mt_013481284,laliga2,BEHAVIOR_HEAVY|FORMATION_HEAVY|HIGH_SHRINKAGE|TACTICAL_CLUSTER_DIVERSE|WEAK_EVIDENCE,team_b_states:FOUL_TENDENCY,3,3,True,True,True,True,True,True,True,True,True,True,0,MEDIUM|MEDIUM|MEDIUM,MEDIUM|MEDIUM|MEDIUM
mt_013481284,laliga2,BEHAVIOR_HEAVY|FORMATION_HEAVY|HIGH_SHRINKAGE|TACTICAL_CLUSTER_DIVERSE|WEAK_EVIDENCE,team_b_states:SET_PIECE_GENERATION,3,3,True,True,True,True,False,True,True,True,True,True,0,MEDIUM|MEDIUM|MEDIUM,MEDIUM|MEDIUM|MEDIUM
mt_013481284,laliga2,BEHAVIOR_HEAVY|FORMATION_HEAVY|HIGH_SHRINKAGE|TACTICAL_CLUSTER_DIVERSE|WEAK_EVIDENCE,team_b_states:SHOT_SUPPRESSION,3,3,True,True,True,True,True,True,True,True,True,True,0,MEDIUM|MEDIUM|MEDIUM,MEDIUM|MEDIUM|MEDIUM
mt_013481284,laliga2,BEHAVIOR_HEAVY|FORMATION_HEAVY|HIGH_SHRINKAGE|TACTICAL_CLUSTER_DIVERSE|WEAK_EVIDENCE,team_b_states:SHOT_VOLUME,3,3,True,True,True,True,True,True,True,True,True,True,0,MEDIUM|MEDIUM|MEDIUM,MEDIUM|MEDIUM|MEDIUM
mt_013481284,laliga2,BEHAVIOR_HEAVY|FORMATION_HEAVY|HIGH_SHRINKAGE|TACTICAL_CLUSTER_DIVERSE|WEAK_EVIDENCE,team_b_states:TERRITORIAL_PRESSURE,3,3,True,True,True,True,True,True,True,True,True,True,0,MEDIUM|MEDIUM|MEDIUM,MEDIUM|MEDIUM|MEDIUM
mt_013481284,laliga2,BEHAVIOR_HEAVY|FORMATION_HEAVY|HIGH_SHRINKAGE|TACTICAL_CLUSTER_DIVERSE|WEAK_EVIDENCE,team_b_states:WIDTH_PRESSURE,3,3,True,True,True,True,False,True,True,True,True,True,0,MEDIUM|MEDIUM|MEDIUM,MEDIUM|MEDIUM|MEDIUM
mt_830976530,ligue1,BEHAVIOR_HEAVY|FORMATION_HEAVY|HIGH_SHRINKAGE|WEAK_EVIDENCE,matchup_states:BOX_PRESSURE_MATCHUP,3,3,True,True,True,True,True,True,True,True,True,True,0,A_ADVANTAGE|A_ADVANTAGE|A_ADVANTAGE,MEDIUM_LOW|MEDIUM_LOW|MEDIUM_LOW
mt_830976530,ligue1,BEHAVIOR_HEAVY|FORMATION_HEAVY|HIGH_SHRINKAGE|WEAK_EVIDENCE,matchup_states:CONTACT_MATCHUP,3,3,True,True,True,False,True,True,True,True,True,True,1,NEUTRAL|NEUTRAL|NEUTRAL,MEDIUM|MEDIUM|MEDIUM_LOW
mt_830976530,ligue1,BEHAVIOR_HEAVY|FORMATION_HEAVY|HIGH_SHRINKAGE|WEAK_EVIDENCE,matchup_states:CORNER_MECHANISM_MATCHUP,3,3,True,True,True,True,False,True,True,True,True,True,0,B_ADVANTAGE|B_ADVANTAGE|B_ADVANTAGE,MEDIUM|MEDIUM|MEDIUM
mt_830976530,ligue1,BEHAVIOR_HEAVY|FORMATION_HEAVY|HIGH_SHRINKAGE|WEAK_EVIDENCE,matchup_states:SHOT_CREATION_MATCHUP,3,3,True,True,True,True,False,True,True,True,True,True,0,NEUTRAL|NEUTRAL|NEUTRAL,MEDIUM|MEDIUM|MEDIUM
mt_830976530,ligue1,BEHAVIOR_HEAVY|FORMATION_HEAVY|HIGH_SHRINKAGE|WEAK_EVIDENCE,matchup_states:WIDE_PRESSURE_MATCHUP,3,3,True,True,True,True,True,True,True,True,True,True,0,B_ADVANTAGE|B_ADVANTAGE|B_ADVANTAGE,MEDIUM|MEDIUM|MEDIUM
mt_830976530,ligue1,BEHAVIOR_HEAVY|FORMATION_HEAVY|HIGH_SHRINKAGE|WEAK_EVIDENCE,team_a_states:BOOKING_CONVERSION,3,3,True,True,True,True,True,True,True,True,True,True,0,MEDIUM|MEDIUM|MEDIUM,MEDIUM|MEDIUM|MEDIUM
mt_830976530,ligue1,BEHAVIOR_HEAVY|FORMATION_HEAVY|HIGH_SHRINKAGE|WEAK_EVIDENCE,team_a_states:BOX_PRESSURE,3,3,True,True,True,True,True,True,True,True,True,True,0,MEDIUM|MEDIUM|MEDIUM,MEDIUM|MEDIUM|MEDIUM
mt_830976530,ligue1,BEHAVIOR_HEAVY|FORMATION_HEAVY|HIGH_SHRINKAGE|WEAK_EVIDENCE,team_a_states:BOX_PROTECTION,3,3,True,True,True,True,True,True,True,True,True,True,0,MEDIUM|MEDIUM|MEDIUM,MEDIUM|MEDIUM|MEDIUM
mt_830976530,ligue1,BEHAVIOR_HEAVY|FORMATION_HEAVY|HIGH_SHRINKAGE|WEAK_EVIDENCE,team_a_states:CLEARANCE_DEPENDENCE,3,3,True,True,True,True,True,True,True,True,True,True,0,MEDIUM|MEDIUM|MEDIUM,MEDIUM|MEDIUM|MEDIUM
mt_830976530,ligue1,BEHAVIOR_HEAVY|FORMATION_HEAVY|HIGH_SHRINKAGE|WEAK_EVIDENCE,team_a_states:CONTACT_INTENSITY,3,3,True,True,True,True,True,True,True,True,True,True,0,MEDIUM|MEDIUM|MEDIUM,MEDIUM|MEDIUM|MEDIUM
mt_830976530,ligue1,BEHAVIOR_HEAVY|FORMATION_HEAVY|HIGH_SHRINKAGE|WEAK_EVIDENCE,team_a_states:CORNER_CONCESSION,3,3,True,True,True,True,True,True,True,True,True,True,0,MEDIUM|MEDIUM|MEDIUM,MEDIUM|MEDIUM|MEDIUM
mt_830976530,ligue1,BEHAVIOR_HEAVY|FORMATION_HEAVY|HIGH_SHRINKAGE|WEAK_EVIDENCE,team_a_states:CROSS_ALLOWANCE,3,3,True,True,True,True,True,True,True,True,True,True,0,MEDIUM|MEDIUM|MEDIUM,MEDIUM|MEDIUM|MEDIUM
mt_830976530,ligue1,BEHAVIOR_HEAVY|FORMATION_HEAVY|HIGH_SHRINKAGE|WEAK_EVIDENCE,team_a_states:FOUL_DRAWING,3,3,True,True,True,True,True,True,True,True,True,True,0,MEDIUM|MEDIUM|MEDIUM,MEDIUM|MEDIUM|MEDIUM
mt_830976530,ligue1,BEHAVIOR_HEAVY|FORMATION_HEAVY|HIGH_SHRINKAGE|WEAK_EVIDENCE,team_a_states:FOUL_TENDENCY,3,3,True,True,True,True,True,True,True,True,True,True,0,MEDIUM|MEDIUM|MEDIUM,MEDIUM|MEDIUM|MEDIUM
mt_830976530,ligue1,BEHAVIOR_HEAVY|FORMATION_HEAVY|HIGH_SHRINKAGE|WEAK_EVIDENCE,team_a_states:SET_PIECE_GENERATION,3,3,True,True,True,True,True,True,True,True,True,True,0,MEDIUM|MEDIUM|MEDIUM,MEDIUM|MEDIUM|MEDIUM
mt_830976530,ligue1,BEHAVIOR_HEAVY|FORMATION_HEAVY|HIGH_SHRINKAGE|WEAK_EVIDENCE,team_a_states:SHOT_SUPPRESSION,3,3,True,True,True,True,True,True,True,True,True,True,0,MEDIUM|MEDIUM|MEDIUM,MEDIUM|MEDIUM|MEDIUM
mt_830976530,ligue1,BEHAVIOR_HEAVY|FORMATION_HEAVY|HIGH_SHRINKAGE|WEAK_EVIDENCE,team_a_states:SHOT_VOLUME,3,3,True,True,True,True,True,True,True,True,True,True,0,MEDIUM|MEDIUM|MEDIUM,MEDIUM|MEDIUM|MEDIUM
mt_830976530,ligue1,BEHAVIOR_HEAVY|FORMATION_HEAVY|HIGH_SHRINKAGE|WEAK_EVIDENCE,team_a_states:TERRITORIAL_PRESSURE,3,3,True,True,True,True,True,True,True,True,True,True,0,MEDIUM|MEDIUM|MEDIUM,MEDIUM|MEDIUM|MEDIUM
mt_830976530,ligue1,BEHAVIOR_HEAVY|FORMATION_HEAVY|HIGH_SHRINKAGE|WEAK_EVIDENCE,team_a_states:WIDTH_PRESSURE,3,3,True,True,True,True,True,True,True,True,True,True,0,LOW|LOW|LOW,MEDIUM_LOW|MEDIUM_LOW|MEDIUM_LOW
mt_830976530,ligue1,BEHAVIOR_HEAVY|FORMATION_HEAVY|HIGH_SHRINKAGE|WEAK_EVIDENCE,team_b_states:BOOKING_CONVERSION,3,3,True,True,True,True,True,True,True,True,True,True,0,MEDIUM|MEDIUM|MEDIUM,MEDIUM|MEDIUM|MEDIUM
mt_830976530,ligue1,BEHAVIOR_HEAVY|FORMATION_HEAVY|HIGH_SHRINKAGE|WEAK_EVIDENCE,team_b_states:BOX_PRESSURE,3,3,True,True,True,True,True,True,True,True,True,True,0,MEDIUM|MEDIUM|MEDIUM,MEDIUM|MEDIUM|MEDIUM
mt_830976530,ligue1,BEHAVIOR_HEAVY|FORMATION_HEAVY|HIGH_SHRINKAGE|WEAK_EVIDENCE,team_b_states:BOX_PROTECTION,3,3,True,True,True,True,True,True,True,True,True,True,0,LOW|LOW|LOW,MEDIUM|MEDIUM|MEDIUM
mt_830976530,ligue1,BEHAVIOR_HEAVY|FORMATION_HEAVY|HIGH_SHRINKAGE|WEAK_EVIDENCE,team_b_states:CLEARANCE_DEPENDENCE,3,3,True,True,True,True,True,True,True,True,True,True,0,HIGH|HIGH|HIGH,MEDIUM|MEDIUM|MEDIUM
mt_830976530,ligue1,BEHAVIOR_HEAVY|FORMATION_HEAVY|HIGH_SHRINKAGE|WEAK_EVIDENCE,team_b_states:CONTACT_INTENSITY,3,3,True,True,True,True,True,True,True,True,True,True,0,MEDIUM|MEDIUM|MEDIUM,MEDIUM|MEDIUM|MEDIUM
mt_830976530,ligue1,BEHAVIOR_HEAVY|FORMATION_HEAVY|HIGH_SHRINKAGE|WEAK_EVIDENCE,team_b_states:CORNER_CONCESSION,3,3,True,True,True,True,True,True,True,True,True,True,0,HIGH|HIGH|HIGH,MEDIUM|MEDIUM|MEDIUM
mt_830976530,ligue1,BEHAVIOR_HEAVY|FORMATION_HEAVY|HIGH_SHRINKAGE|WEAK_EVIDENCE,team_b_states:CROSS_ALLOWANCE,3,3,True,True,True,True,True,True,True,True,True,True,0,MEDIUM|MEDIUM|MEDIUM,MEDIUM|MEDIUM|MEDIUM
mt_830976530,ligue1,BEHAVIOR_HEAVY|FORMATION_HEAVY|HIGH_SHRINKAGE|WEAK_EVIDENCE,team_b_states:FOUL_DRAWING,3,3,True,True,True,True,True,True,True,True,True,True,0,MEDIUM|MEDIUM|MEDIUM,MEDIUM|MEDIUM|MEDIUM
mt_830976530,ligue1,BEHAVIOR_HEAVY|FORMATION_HEAVY|HIGH_SHRINKAGE|WEAK_EVIDENCE,team_b_states:FOUL_TENDENCY,3,3,True,True,True,True,True,True,True,True,True,True,0,MEDIUM|MEDIUM|MEDIUM,MEDIUM|MEDIUM|MEDIUM
mt_830976530,ligue1,BEHAVIOR_HEAVY|FORMATION_HEAVY|HIGH_SHRINKAGE|WEAK_EVIDENCE,team_b_states:SET_PIECE_GENERATION,3,3,True,True,True,True,True,True,True,True,True,True,0,MEDIUM|MEDIUM|MEDIUM,MEDIUM|MEDIUM|MEDIUM
mt_830976530,ligue1,BEHAVIOR_HEAVY|FORMATION_HEAVY|HIGH_SHRINKAGE|WEAK_EVIDENCE,team_b_states:SHOT_SUPPRESSION,3,3,True,True,True,True,True,True,True,True,True,True,0,LOW|LOW|LOW,MEDIUM|MEDIUM|MEDIUM
mt_830976530,ligue1,BEHAVIOR_HEAVY|FORMATION_HEAVY|HIGH_SHRINKAGE|WEAK_EVIDENCE,team_b_states:SHOT_VOLUME,3,3,True,True,True,True,True,True,True,True,True,True,0,MEDIUM|MEDIUM|MEDIUM,MEDIUM|MEDIUM|MEDIUM
mt_830976530,ligue1,BEHAVIOR_HEAVY|FORMATION_HEAVY|HIGH_SHRINKAGE|WEAK_EVIDENCE,team_b_states:TERRITORIAL_PRESSURE,3,3,True,True,True,True,True,True,True,True,True,True,0,MEDIUM|MEDIUM|MEDIUM,MEDIUM|MEDIUM|MEDIUM
mt_830976530,ligue1,BEHAVIOR_HEAVY|FORMATION_HEAVY|HIGH_SHRINKAGE|WEAK_EVIDENCE,team_b_states:WIDTH_PRESSURE,3,3,True,True,True,True,True,True,True,True,True,True,0,HIGH|HIGH|HIGH,MEDIUM|MEDIUM|MEDIUM
mt_584193391,ligue2,BEHAVIOR_HEAVY|FORMATION_HEAVY|HIGH_SHRINKAGE|WEAK_EVIDENCE,matchup_states:BOX_PRESSURE_MATCHUP,3,3,True,True,True,True,True,True,True,True,True,True,0,B_ADVANTAGE|B_ADVANTAGE|B_ADVANTAGE,MEDIUM_LOW|MEDIUM_LOW|MEDIUM_LOW
mt_584193391,ligue2,BEHAVIOR_HEAVY|FORMATION_HEAVY|HIGH_SHRINKAGE|WEAK_EVIDENCE,matchup_states:CONTACT_MATCHUP,3,3,True,True,True,True,True,True,True,True,True,True,0,NEUTRAL|NEUTRAL|NEUTRAL,MEDIUM_LOW|MEDIUM_LOW|MEDIUM_LOW
mt_584193391,ligue2,BEHAVIOR_HEAVY|FORMATION_HEAVY|HIGH_SHRINKAGE|WEAK_EVIDENCE,matchup_states:CORNER_MECHANISM_MATCHUP,3,3,True,True,True,True,True,True,True,True,True,True,0,B_ADVANTAGE|B_ADVANTAGE|B_ADVANTAGE,MEDIUM_LOW|MEDIUM_LOW|MEDIUM_LOW
mt_584193391,ligue2,BEHAVIOR_HEAVY|FORMATION_HEAVY|HIGH_SHRINKAGE|WEAK_EVIDENCE,matchup_states:SHOT_CREATION_MATCHUP,3,3,True,True,True,True,True,True,True,True,True,True,0,B_ADVANTAGE|B_ADVANTAGE|B_ADVANTAGE,MEDIUM_LOW|MEDIUM_LOW|MEDIUM_LOW
mt_584193391,ligue2,BEHAVIOR_HEAVY|FORMATION_HEAVY|HIGH_SHRINKAGE|WEAK_EVIDENCE,matchup_states:WIDE_PRESSURE_MATCHUP,3,3,True,True,True,True,True,True,True,True,True,True,0,NEUTRAL|NEUTRAL|NEUTRAL,MEDIUM_LOW|MEDIUM_LOW|MEDIUM_LOW
mt_584193391,ligue2,BEHAVIOR_HEAVY|FORMATION_HEAVY|HIGH_SHRINKAGE|WEAK_EVIDENCE,team_a_states:BOOKING_CONVERSION,3,3,True,True,True,True,True,True,True,True,True,True,0,MEDIUM|MEDIUM|MEDIUM,MEDIUM_LOW|MEDIUM_LOW|MEDIUM_LOW
mt_584193391,ligue2,BEHAVIOR_HEAVY|FORMATION_HEAVY|HIGH_SHRINKAGE|WEAK_EVIDENCE,team_a_states:BOX_PRESSURE,3,3,True,True,True,True,True,True,True,True,True,True,0,LOW|LOW|LOW,MEDIUM_LOW|MEDIUM_LOW|MEDIUM_LOW
mt_584193391,ligue2,BEHAVIOR_HEAVY|FORMATION_HEAVY|HIGH_SHRINKAGE|WEAK_EVIDENCE,team_a_states:BOX_PROTECTION,3,3,True,True,True,True,True,True,True,True,True,True,0,LOW|LOW|LOW,MEDIUM_LOW|MEDIUM_LOW|MEDIUM_LOW
mt_584193391,ligue2,BEHAVIOR_HEAVY|FORMATION_HEAVY|HIGH_SHRINKAGE|WEAK_EVIDENCE,team_a_states:CLEARANCE_DEPENDENCE,3,3,True,True,True,True,True,True,True,True,True,True,0,HIGH|HIGH|HIGH,MEDIUM_LOW|MEDIUM_LOW|MEDIUM_LOW
mt_584193391,ligue2,BEHAVIOR_HEAVY|FORMATION_HEAVY|HIGH_SHRINKAGE|WEAK_EVIDENCE,team_a_states:CONTACT_INTENSITY,3,3,True,True,True,True,True,True,True,True,True,True,0,MEDIUM|MEDIUM|MEDIUM,MEDIUM_LOW|MEDIUM_LOW|MEDIUM_LOW
mt_584193391,ligue2,BEHAVIOR_HEAVY|FORMATION_HEAVY|HIGH_SHRINKAGE|WEAK_EVIDENCE,team_a_states:CORNER_CONCESSION,3,3,True,True,True,True,True,True,True,True,True,True,0,MEDIUM|MEDIUM|MEDIUM,MEDIUM_LOW|MEDIUM_LOW|MEDIUM_LOW
mt_584193391,ligue2,BEHAVIOR_HEAVY|FORMATION_HEAVY|HIGH_SHRINKAGE|WEAK_EVIDENCE,team_a_states:CROSS_ALLOWANCE,3,3,True,True,True,True,True,True,True,True,True,True,0,MEDIUM|MEDIUM|MEDIUM,MEDIUM_LOW|MEDIUM_LOW|MEDIUM_LOW
mt_584193391,ligue2,BEHAVIOR_HEAVY|FORMATION_HEAVY|HIGH_SHRINKAGE|WEAK_EVIDENCE,team_a_states:FOUL_DRAWING,3,2,False,True,True,True,True,True,True,True,True,True,0,MEDIUM|MEDIUM,MEDIUM_LOW|MEDIUM_LOW
mt_584193391,ligue2,BEHAVIOR_HEAVY|FORMATION_HEAVY|HIGH_SHRINKAGE|WEAK_EVIDENCE,team_a_states:FOUL_TENDENCY,3,3,True,True,True,True,True,True,True,True,True,True,0,MEDIUM|MEDIUM|MEDIUM,MEDIUM_LOW|MEDIUM_LOW|MEDIUM_LOW
mt_584193391,ligue2,BEHAVIOR_HEAVY|FORMATION_HEAVY|HIGH_SHRINKAGE|WEAK_EVIDENCE,team_a_states:SET_PIECE_GENERATION,3,3,True,True,True,True,True,True,True,True,True,True,0,MEDIUM|MEDIUM|MEDIUM,MEDIUM_LOW|MEDIUM_LOW|MEDIUM_LOW
mt_584193391,ligue2,BEHAVIOR_HEAVY|FORMATION_HEAVY|HIGH_SHRINKAGE|WEAK_EVIDENCE,team_a_states:SHOT_SUPPRESSION,3,3,True,True,True,True,True,True,True,True,True,True,0,LOW|LOW|LOW,MEDIUM_LOW|MEDIUM_LOW|MEDIUM_LOW
mt_584193391,ligue2,BEHAVIOR_HEAVY|FORMATION_HEAVY|HIGH_SHRINKAGE|WEAK_EVIDENCE,team_a_states:SHOT_VOLUME,3,3,True,True,True,True,True,True,True,True,True,True,0,LOW|LOW|LOW,MEDIUM_LOW|MEDIUM_LOW|MEDIUM_LOW
mt_584193391,ligue2,BEHAVIOR_HEAVY|FORMATION_HEAVY|HIGH_SHRINKAGE|WEAK_EVIDENCE,team_a_states:TERRITORIAL_PRESSURE,3,3,True,True,True,True,True,True,True,True,True,True,0,LOW|LOW|LOW,MEDIUM_LOW|MEDIUM_LOW|MEDIUM_LOW
mt_584193391,ligue2,BEHAVIOR_HEAVY|FORMATION_HEAVY|HIGH_SHRINKAGE|WEAK_EVIDENCE,team_a_states:WIDTH_PRESSURE,3,3,True,True,True,True,True,True,True,True,True,True,0,LOW|LOW|LOW,MEDIUM_LOW|MEDIUM_LOW|MEDIUM_LOW
mt_584193391,ligue2,BEHAVIOR_HEAVY|FORMATION_HEAVY|HIGH_SHRINKAGE|WEAK_EVIDENCE,team_b_states:BOOKING_CONVERSION,3,3,True,True,True,True,True,True,True,True,True,True,0,MEDIUM|MEDIUM|MEDIUM,MEDIUM_LOW|MEDIUM_LOW|MEDIUM_LOW
mt_584193391,ligue2,BEHAVIOR_HEAVY|FORMATION_HEAVY|HIGH_SHRINKAGE|WEAK_EVIDENCE,team_b_states:BOX_PRESSURE,3,3,True,True,True,True,True,True,True,True,True,True,0,MEDIUM|MEDIUM|MEDIUM,MEDIUM_LOW|MEDIUM_LOW|MEDIUM_LOW
mt_584193391,ligue2,BEHAVIOR_HEAVY|FORMATION_HEAVY|HIGH_SHRINKAGE|WEAK_EVIDENCE,team_b_states:BOX_PROTECTION,3,3,True,True,True,True,True,True,True,True,True,True,0,LOW|LOW|LOW,MEDIUM_LOW|MEDIUM_LOW|MEDIUM_LOW
mt_584193391,ligue2,BEHAVIOR_HEAVY|FORMATION_HEAVY|HIGH_SHRINKAGE|WEAK_EVIDENCE,team_b_states:CLEARANCE_DEPENDENCE,3,3,True,True,True,True,True,True,True,True,True,True,0,HIGH|HIGH|HIGH,MEDIUM_LOW|MEDIUM_LOW|MEDIUM_LOW
mt_584193391,ligue2,BEHAVIOR_HEAVY|FORMATION_HEAVY|HIGH_SHRINKAGE|WEAK_EVIDENCE,team_b_states:CONTACT_INTENSITY,3,3,True,True,True,True,True,True,True,True,True,True,0,MEDIUM|MEDIUM|MEDIUM,MEDIUM_LOW|MEDIUM_LOW|MEDIUM_LOW
mt_584193391,ligue2,BEHAVIOR_HEAVY|FORMATION_HEAVY|HIGH_SHRINKAGE|WEAK_EVIDENCE,team_b_states:CORNER_CONCESSION,3,3,True,True,True,True,True,True,True,True,True,True,0,HIGH|HIGH|HIGH,MEDIUM_LOW|MEDIUM_LOW|MEDIUM_LOW
mt_584193391,ligue2,BEHAVIOR_HEAVY|FORMATION_HEAVY|HIGH_SHRINKAGE|WEAK_EVIDENCE,team_b_states:CROSS_ALLOWANCE,3,3,True,True,True,True,True,True,True,True,True,True,0,MEDIUM|MEDIUM|MEDIUM,MEDIUM_LOW|MEDIUM_LOW|MEDIUM_LOW
mt_584193391,ligue2,BEHAVIOR_HEAVY|FORMATION_HEAVY|HIGH_SHRINKAGE|WEAK_EVIDENCE,team_b_states:FOUL_DRAWING,3,2,False,True,True,True,True,True,True,True,True,True,0,MEDIUM|MEDIUM,MEDIUM_LOW|MEDIUM_LOW
mt_584193391,ligue2,BEHAVIOR_HEAVY|FORMATION_HEAVY|HIGH_SHRINKAGE|WEAK_EVIDENCE,team_b_states:FOUL_TENDENCY,3,3,True,True,True,True,True,True,True,True,True,True,0,MEDIUM|MEDIUM|MEDIUM,MEDIUM_LOW|MEDIUM_LOW|MEDIUM_LOW
mt_584193391,ligue2,BEHAVIOR_HEAVY|FORMATION_HEAVY|HIGH_SHRINKAGE|WEAK_EVIDENCE,team_b_states:SET_PIECE_GENERATION,3,3,True,True,True,True,True,True,True,True,True,True,0,MEDIUM|MEDIUM|MEDIUM,MEDIUM_LOW|MEDIUM_LOW|MEDIUM_LOW
mt_584193391,ligue2,BEHAVIOR_HEAVY|FORMATION_HEAVY|HIGH_SHRINKAGE|WEAK_EVIDENCE,team_b_states:SHOT_SUPPRESSION,3,3,True,True,True,True,True,True,True,True,True,True,0,MEDIUM|MEDIUM|MEDIUM,MEDIUM_LOW|MEDIUM_LOW|MEDIUM_LOW
mt_584193391,ligue2,BEHAVIOR_HEAVY|FORMATION_HEAVY|HIGH_SHRINKAGE|WEAK_EVIDENCE,team_b_states:SHOT_VOLUME,3,3,True,True,True,True,True,True,True,True,True,True,0,MEDIUM|MEDIUM|MEDIUM,MEDIUM_LOW|MEDIUM_LOW|MEDIUM_LOW
mt_584193391,ligue2,BEHAVIOR_HEAVY|FORMATION_HEAVY|HIGH_SHRINKAGE|WEAK_EVIDENCE,team_b_states:TERRITORIAL_PRESSURE,3,3,True,True,True,True,True,True,True,True,True,True,0,MEDIUM|MEDIUM|MEDIUM,MEDIUM_LOW|MEDIUM_LOW|MEDIUM_LOW
mt_584193391,ligue2,BEHAVIOR_HEAVY|FORMATION_HEAVY|HIGH_SHRINKAGE|WEAK_EVIDENCE,team_b_states:WIDTH_PRESSURE,3,3,True,True,True,True,True,True,True,True,True,True,0,LOW|LOW|LOW,MEDIUM_LOW|MEDIUM_LOW|MEDIUM_LOW
mt_830906938,laliga,BEHAVIOR_HEAVY|FORMATION_HEAVY|HIGH_SHRINKAGE|WEAK_EVIDENCE,matchup_states:BOX_PRESSURE_MATCHUP,3,3,True,True,True,True,False,True,True,True,True,True,0,B_ADVANTAGE|B_ADVANTAGE|B_ADVANTAGE,MEDIUM|MEDIUM|MEDIUM
mt_830906938,laliga,BEHAVIOR_HEAVY|FORMATION_HEAVY|HIGH_SHRINKAGE|WEAK_EVIDENCE,matchup_states:CONTACT_MATCHUP,3,3,True,True,True,False,True,True,True,True,True,True,1,NEUTRAL|NEUTRAL|NEUTRAL,MEDIUM_LOW|MEDIUM_LOW|MEDIUM
mt_830906938,laliga,BEHAVIOR_HEAVY|FORMATION_HEAVY|HIGH_SHRINKAGE|WEAK_EVIDENCE,matchup_states:CORNER_MECHANISM_MATCHUP,3,3,True,True,True,True,False,True,True,True,True,True,0,NEUTRAL|NEUTRAL|NEUTRAL,MEDIUM|MEDIUM|MEDIUM
mt_830906938,laliga,BEHAVIOR_HEAVY|FORMATION_HEAVY|HIGH_SHRINKAGE|WEAK_EVIDENCE,matchup_states:SHOT_CREATION_MATCHUP,3,3,True,True,True,True,False,True,True,True,True,True,0,B_ADVANTAGE|B_ADVANTAGE|B_ADVANTAGE,MEDIUM|MEDIUM|MEDIUM
mt_830906938,laliga,BEHAVIOR_HEAVY|FORMATION_HEAVY|HIGH_SHRINKAGE|WEAK_EVIDENCE,matchup_states:WIDE_PRESSURE_MATCHUP,3,3,True,True,True,True,False,True,True,True,True,True,0,A_ADVANTAGE|A_ADVANTAGE|A_ADVANTAGE,MEDIUM|MEDIUM|MEDIUM
mt_830906938,laliga,BEHAVIOR_HEAVY|FORMATION_HEAVY|HIGH_SHRINKAGE|WEAK_EVIDENCE,team_a_states:BOOKING_CONVERSION,3,3,True,True,True,True,True,True,True,True,True,True,0,MEDIUM|MEDIUM|MEDIUM,MEDIUM_LOW|MEDIUM_LOW|MEDIUM_LOW
mt_830906938,laliga,BEHAVIOR_HEAVY|FORMATION_HEAVY|HIGH_SHRINKAGE|WEAK_EVIDENCE,team_a_states:BOX_PRESSURE,3,3,True,True,True,True,True,True,True,True,True,True,0,MEDIUM|MEDIUM|MEDIUM,MEDIUM|MEDIUM|MEDIUM
mt_830906938,laliga,BEHAVIOR_HEAVY|FORMATION_HEAVY|HIGH_SHRINKAGE|WEAK_EVIDENCE,team_a_states:BOX_PROTECTION,3,3,True,True,True,True,True,True,True,True,True,True,0,MEDIUM|MEDIUM|MEDIUM,MEDIUM|MEDIUM|MEDIUM
mt_830906938,laliga,BEHAVIOR_HEAVY|FORMATION_HEAVY|HIGH_SHRINKAGE|WEAK_EVIDENCE,team_a_states:CLEARANCE_DEPENDENCE,3,3,True,True,True,True,True,True,True,True,True,True,0,MEDIUM|MEDIUM|MEDIUM,MEDIUM|MEDIUM|MEDIUM
mt_830906938,laliga,BEHAVIOR_HEAVY|FORMATION_HEAVY|HIGH_SHRINKAGE|WEAK_EVIDENCE,team_a_states:CONTACT_INTENSITY,3,3,True,True,True,True,True,True,True,True,True,True,0,MEDIUM|MEDIUM|MEDIUM,MEDIUM|MEDIUM|MEDIUM
mt_830906938,laliga,BEHAVIOR_HEAVY|FORMATION_HEAVY|HIGH_SHRINKAGE|WEAK_EVIDENCE,team_a_states:CORNER_CONCESSION,3,3,True,True,True,True,True,True,True,True,True,True,0,LOW|LOW|LOW,MEDIUM|MEDIUM|MEDIUM
mt_830906938,laliga,BEHAVIOR_HEAVY|FORMATION_HEAVY|HIGH_SHRINKAGE|WEAK_EVIDENCE,team_a_states:CROSS_ALLOWANCE,3,3,True,True,True,True,True,True,True,True,True,True,0,LOW|LOW|LOW,MEDIUM|MEDIUM|MEDIUM
mt_830906938,laliga,BEHAVIOR_HEAVY|FORMATION_HEAVY|HIGH_SHRINKAGE|WEAK_EVIDENCE,team_a_states:FOUL_DRAWING,3,3,True,True,True,True,True,True,True,True,True,True,0,MEDIUM|MEDIUM|MEDIUM,MEDIUM|MEDIUM|MEDIUM
mt_830906938,laliga,BEHAVIOR_HEAVY|FORMATION_HEAVY|HIGH_SHRINKAGE|WEAK_EVIDENCE,team_a_states:FOUL_TENDENCY,3,3,True,True,True,True,True,True,True,True,True,True,0,MEDIUM|MEDIUM|MEDIUM,MEDIUM|MEDIUM|MEDIUM
mt_830906938,laliga,BEHAVIOR_HEAVY|FORMATION_HEAVY|HIGH_SHRINKAGE|WEAK_EVIDENCE,team_a_states:SET_PIECE_GENERATION,3,3,True,True,True,True,True,True,True,True,True,True,0,MEDIUM|MEDIUM|MEDIUM,MEDIUM|MEDIUM|MEDIUM
mt_830906938,laliga,BEHAVIOR_HEAVY|FORMATION_HEAVY|HIGH_SHRINKAGE|WEAK_EVIDENCE,team_a_states:SHOT_SUPPRESSION,3,3,True,True,True,True,True,True,True,True,True,True,0,MEDIUM|MEDIUM|MEDIUM,MEDIUM|MEDIUM|MEDIUM
mt_830906938,laliga,BEHAVIOR_HEAVY|FORMATION_HEAVY|HIGH_SHRINKAGE|WEAK_EVIDENCE,team_a_states:SHOT_VOLUME,3,3,True,True,True,True,True,True,True,True,True,True,0,MEDIUM|MEDIUM|MEDIUM,MEDIUM|MEDIUM|MEDIUM
mt_830906938,laliga,BEHAVIOR_HEAVY|FORMATION_HEAVY|HIGH_SHRINKAGE|WEAK_EVIDENCE,team_a_states:TERRITORIAL_PRESSURE,3,3,True,True,True,True,True,True,True,True,True,True,0,HIGH|HIGH|HIGH,MEDIUM|MEDIUM|MEDIUM
mt_830906938,laliga,BEHAVIOR_HEAVY|FORMATION_HEAVY|HIGH_SHRINKAGE|WEAK_EVIDENCE,team_a_states:WIDTH_PRESSURE,3,3,True,True,True,True,True,True,True,True,True,True,0,MEDIUM|MEDIUM|MEDIUM,MEDIUM_LOW|MEDIUM_LOW|MEDIUM_LOW
mt_830906938,laliga,BEHAVIOR_HEAVY|FORMATION_HEAVY|HIGH_SHRINKAGE|WEAK_EVIDENCE,team_b_states:BOOKING_CONVERSION,3,3,True,True,True,True,True,True,True,True,True,True,0,LOW|LOW|LOW,MEDIUM|MEDIUM|MEDIUM
mt_830906938,laliga,BEHAVIOR_HEAVY|FORMATION_HEAVY|HIGH_SHRINKAGE|WEAK_EVIDENCE,team_b_states:BOX_PRESSURE,3,3,True,True,True,True,True,True,True,True,True,True,0,HIGH|HIGH|HIGH,MEDIUM|MEDIUM|MEDIUM
mt_830906938,laliga,BEHAVIOR_HEAVY|FORMATION_HEAVY|HIGH_SHRINKAGE|WEAK_EVIDENCE,team_b_states:BOX_PROTECTION,3,3,True,True,True,True,True,True,True,True,True,True,0,MEDIUM|MEDIUM|MEDIUM,MEDIUM|MEDIUM|MEDIUM
mt_830906938,laliga,BEHAVIOR_HEAVY|FORMATION_HEAVY|HIGH_SHRINKAGE|WEAK_EVIDENCE,team_b_states:CLEARANCE_DEPENDENCE,3,3,True,True,True,True,True,True,True,True,True,True,0,MEDIUM|MEDIUM|MEDIUM,MEDIUM|MEDIUM|MEDIUM
mt_830906938,laliga,BEHAVIOR_HEAVY|FORMATION_HEAVY|HIGH_SHRINKAGE|WEAK_EVIDENCE,team_b_states:CONTACT_INTENSITY,3,3,True,True,True,True,True,True,True,True,True,True,0,MEDIUM|MEDIUM|MEDIUM,MEDIUM|MEDIUM|MEDIUM
mt_830906938,laliga,BEHAVIOR_HEAVY|FORMATION_HEAVY|HIGH_SHRINKAGE|WEAK_EVIDENCE,team_b_states:CORNER_CONCESSION,3,3,True,True,True,True,True,True,True,True,True,True,0,MEDIUM|MEDIUM|MEDIUM,MEDIUM|MEDIUM|MEDIUM
mt_830906938,laliga,BEHAVIOR_HEAVY|FORMATION_HEAVY|HIGH_SHRINKAGE|WEAK_EVIDENCE,team_b_states:CROSS_ALLOWANCE,3,3,True,True,True,True,True,True,True,True,True,True,0,LOW|LOW|LOW,MEDIUM|MEDIUM|MEDIUM
mt_830906938,laliga,BEHAVIOR_HEAVY|FORMATION_HEAVY|HIGH_SHRINKAGE|WEAK_EVIDENCE,team_b_states:FOUL_DRAWING,3,3,True,True,True,True,True,True,True,True,True,True,0,HIGH|HIGH|HIGH,MEDIUM|MEDIUM|MEDIUM
mt_830906938,laliga,BEHAVIOR_HEAVY|FORMATION_HEAVY|HIGH_SHRINKAGE|WEAK_EVIDENCE,team_b_states:FOUL_TENDENCY,3,3,True,True,True,True,True,True,True,True,True,True,0,MEDIUM|MEDIUM|MEDIUM,MEDIUM|MEDIUM|MEDIUM
mt_830906938,laliga,BEHAVIOR_HEAVY|FORMATION_HEAVY|HIGH_SHRINKAGE|WEAK_EVIDENCE,team_b_states:SET_PIECE_GENERATION,3,3,True,True,True,True,True,True,True,True,True,True,0,MEDIUM|MEDIUM|MEDIUM,MEDIUM|MEDIUM|MEDIUM
mt_830906938,laliga,BEHAVIOR_HEAVY|FORMATION_HEAVY|HIGH_SHRINKAGE|WEAK_EVIDENCE,team_b_states:SHOT_SUPPRESSION,3,3,True,True,True,True,True,True,True,True,True,True,0,MEDIUM|MEDIUM|MEDIUM,MEDIUM|MEDIUM|MEDIUM
mt_830906938,laliga,BEHAVIOR_HEAVY|FORMATION_HEAVY|HIGH_SHRINKAGE|WEAK_EVIDENCE,team_b_states:SHOT_VOLUME,3,3,True,True,True,True,True,True,True,True,True,True,0,HIGH|HIGH|HIGH,MEDIUM|MEDIUM|MEDIUM
mt_830906938,laliga,BEHAVIOR_HEAVY|FORMATION_HEAVY|HIGH_SHRINKAGE|WEAK_EVIDENCE,team_b_states:TERRITORIAL_PRESSURE,3,3,True,True,True,True,True,True,True,True,True,True,0,HIGH|HIGH|HIGH,MEDIUM|MEDIUM|MEDIUM
mt_830906938,laliga,BEHAVIOR_HEAVY|FORMATION_HEAVY|HIGH_SHRINKAGE|WEAK_EVIDENCE,team_b_states:WIDTH_PRESSURE,3,3,True,True,True,True,True,True,True,True,True,True,0,LOW|LOW|LOW,MEDIUM|MEDIUM|MEDIUM
mt_196039593,laliga2,BEHAVIOR_HEAVY|FORMATION_HEAVY|HIGH_SHRINKAGE|WEAK_EVIDENCE,matchup_states:BOX_PRESSURE_MATCHUP,3,3,True,False,False,True,False,True,True,True,True,True,1,A_ADVANTAGE|A_ADVANTAGE|NEUTRAL,MEDIUM_LOW|MEDIUM_LOW|MEDIUM_LOW
mt_196039593,laliga2,BEHAVIOR_HEAVY|FORMATION_HEAVY|HIGH_SHRINKAGE|WEAK_EVIDENCE,matchup_states:CONTACT_MATCHUP,3,3,True,True,True,True,True,True,True,True,True,True,0,NEUTRAL|NEUTRAL|NEUTRAL,MEDIUM_LOW|MEDIUM_LOW|MEDIUM_LOW
mt_196039593,laliga2,BEHAVIOR_HEAVY|FORMATION_HEAVY|HIGH_SHRINKAGE|WEAK_EVIDENCE,matchup_states:CORNER_MECHANISM_MATCHUP,3,3,True,True,True,True,False,True,True,True,True,True,0,A_ADVANTAGE|A_ADVANTAGE|A_ADVANTAGE,MEDIUM_LOW|MEDIUM_LOW|MEDIUM_LOW
mt_196039593,laliga2,BEHAVIOR_HEAVY|FORMATION_HEAVY|HIGH_SHRINKAGE|WEAK_EVIDENCE,matchup_states:SHOT_CREATION_MATCHUP,3,3,True,True,True,True,False,True,True,True,True,True,0,A_ADVANTAGE|A_ADVANTAGE|A_ADVANTAGE,MEDIUM_LOW|MEDIUM_LOW|MEDIUM_LOW
mt_196039593,laliga2,BEHAVIOR_HEAVY|FORMATION_HEAVY|HIGH_SHRINKAGE|WEAK_EVIDENCE,matchup_states:WIDE_PRESSURE_MATCHUP,3,3,True,True,True,True,False,True,True,True,True,True,0,A_ADVANTAGE|A_ADVANTAGE|A_ADVANTAGE,MEDIUM_LOW|MEDIUM_LOW|MEDIUM_LOW
mt_196039593,laliga2,BEHAVIOR_HEAVY|FORMATION_HEAVY|HIGH_SHRINKAGE|WEAK_EVIDENCE,team_a_states:BOOKING_CONVERSION,3,3,True,True,True,True,True,True,True,True,True,True,0,MEDIUM|MEDIUM|MEDIUM,MEDIUM_LOW|MEDIUM_LOW|MEDIUM_LOW
mt_196039593,laliga2,BEHAVIOR_HEAVY|FORMATION_HEAVY|HIGH_SHRINKAGE|WEAK_EVIDENCE,team_a_states:BOX_PRESSURE,3,3,True,True,True,True,True,True,True,True,True,True,0,MEDIUM|MEDIUM|MEDIUM,MEDIUM_LOW|MEDIUM_LOW|MEDIUM_LOW
mt_196039593,laliga2,BEHAVIOR_HEAVY|FORMATION_HEAVY|HIGH_SHRINKAGE|WEAK_EVIDENCE,team_a_states:BOX_PROTECTION,3,3,True,True,True,True,True,True,True,True,True,True,0,MEDIUM|MEDIUM|MEDIUM,MEDIUM_LOW|MEDIUM_LOW|MEDIUM_LOW
mt_196039593,laliga2,BEHAVIOR_HEAVY|FORMATION_HEAVY|HIGH_SHRINKAGE|WEAK_EVIDENCE,team_a_states:CLEARANCE_DEPENDENCE,3,3,True,True,True,True,True,True,True,True,True,True,0,MEDIUM|MEDIUM|MEDIUM,MEDIUM_LOW|MEDIUM_LOW|MEDIUM_LOW
mt_196039593,laliga2,BEHAVIOR_HEAVY|FORMATION_HEAVY|HIGH_SHRINKAGE|WEAK_EVIDENCE,team_a_states:CONTACT_INTENSITY,3,3,True,True,True,True,True,True,True,True,True,True,0,MEDIUM|MEDIUM|MEDIUM,MEDIUM_LOW|MEDIUM_LOW|MEDIUM_LOW
mt_196039593,laliga2,BEHAVIOR_HEAVY|FORMATION_HEAVY|HIGH_SHRINKAGE|WEAK_EVIDENCE,team_a_states:CORNER_CONCESSION,3,3,True,True,True,True,True,True,True,True,True,True,0,LOW|LOW|LOW,MEDIUM_LOW|MEDIUM_LOW|MEDIUM_LOW
mt_196039593,laliga2,BEHAVIOR_HEAVY|FORMATION_HEAVY|HIGH_SHRINKAGE|WEAK_EVIDENCE,team_a_states:CROSS_ALLOWANCE,3,3,True,True,True,True,True,True,True,True,True,True,0,VERY_LOW|VERY_LOW|VERY_LOW,MEDIUM_LOW|MEDIUM_LOW|MEDIUM_LOW
mt_196039593,laliga2,BEHAVIOR_HEAVY|FORMATION_HEAVY|HIGH_SHRINKAGE|WEAK_EVIDENCE,team_a_states:FOUL_DRAWING,3,3,True,True,True,True,True,True,True,True,True,True,0,MEDIUM|MEDIUM|MEDIUM,MEDIUM_LOW|MEDIUM_LOW|MEDIUM_LOW
mt_196039593,laliga2,BEHAVIOR_HEAVY|FORMATION_HEAVY|HIGH_SHRINKAGE|WEAK_EVIDENCE,team_a_states:FOUL_TENDENCY,3,3,True,True,True,True,True,True,True,True,True,True,0,MEDIUM|MEDIUM|MEDIUM,MEDIUM_LOW|MEDIUM_LOW|MEDIUM_LOW
mt_196039593,laliga2,BEHAVIOR_HEAVY|FORMATION_HEAVY|HIGH_SHRINKAGE|WEAK_EVIDENCE,team_a_states:SET_PIECE_GENERATION,3,3,True,True,True,True,True,True,True,True,True,True,0,MEDIUM|MEDIUM|MEDIUM,MEDIUM_LOW|MEDIUM_LOW|MEDIUM_LOW
mt_196039593,laliga2,BEHAVIOR_HEAVY|FORMATION_HEAVY|HIGH_SHRINKAGE|WEAK_EVIDENCE,team_a_states:SHOT_SUPPRESSION,3,3,True,True,True,True,True,True,True,True,True,True,0,HIGH|HIGH|HIGH,MEDIUM_LOW|MEDIUM_LOW|MEDIUM_LOW
mt_196039593,laliga2,BEHAVIOR_HEAVY|FORMATION_HEAVY|HIGH_SHRINKAGE|WEAK_EVIDENCE,team_a_states:SHOT_VOLUME,3,3,True,True,True,True,True,True,True,True,True,True,0,MEDIUM|MEDIUM|MEDIUM,MEDIUM_LOW|MEDIUM_LOW|MEDIUM_LOW
mt_196039593,laliga2,BEHAVIOR_HEAVY|FORMATION_HEAVY|HIGH_SHRINKAGE|WEAK_EVIDENCE,team_a_states:TERRITORIAL_PRESSURE,3,3,True,True,True,True,True,True,True,True,True,True,0,MEDIUM|MEDIUM|MEDIUM,MEDIUM_LOW|MEDIUM_LOW|MEDIUM_LOW
mt_196039593,laliga2,BEHAVIOR_HEAVY|FORMATION_HEAVY|HIGH_SHRINKAGE|WEAK_EVIDENCE,team_a_states:WIDTH_PRESSURE,3,3,True,True,True,True,True,True,True,True,True,True,0,MEDIUM|MEDIUM|MEDIUM,MEDIUM_LOW|MEDIUM_LOW|MEDIUM_LOW
mt_196039593,laliga2,BEHAVIOR_HEAVY|FORMATION_HEAVY|HIGH_SHRINKAGE|WEAK_EVIDENCE,team_b_states:BOOKING_CONVERSION,3,3,True,True,True,True,True,True,True,True,True,True,0,MEDIUM|MEDIUM|MEDIUM,MEDIUM_LOW|MEDIUM_LOW|MEDIUM_LOW
mt_196039593,laliga2,BEHAVIOR_HEAVY|FORMATION_HEAVY|HIGH_SHRINKAGE|WEAK_EVIDENCE,team_b_states:BOX_PRESSURE,3,3,True,True,True,True,True,True,True,True,True,True,0,MEDIUM|MEDIUM|MEDIUM,MEDIUM_LOW|MEDIUM_LOW|MEDIUM_LOW
mt_196039593,laliga2,BEHAVIOR_HEAVY|FORMATION_HEAVY|HIGH_SHRINKAGE|WEAK_EVIDENCE,team_b_states:BOX_PROTECTION,3,3,True,True,True,True,True,True,True,True,True,True,0,MEDIUM|MEDIUM|MEDIUM,MEDIUM_LOW|MEDIUM_LOW|MEDIUM_LOW
mt_196039593,laliga2,BEHAVIOR_HEAVY|FORMATION_HEAVY|HIGH_SHRINKAGE|WEAK_EVIDENCE,team_b_states:CLEARANCE_DEPENDENCE,3,3,True,True,True,True,True,True,True,True,True,True,0,MEDIUM|MEDIUM|MEDIUM,MEDIUM_LOW|MEDIUM_LOW|MEDIUM_LOW
mt_196039593,laliga2,BEHAVIOR_HEAVY|FORMATION_HEAVY|HIGH_SHRINKAGE|WEAK_EVIDENCE,team_b_states:CONTACT_INTENSITY,3,3,True,True,True,True,True,True,True,True,True,True,0,MEDIUM|MEDIUM|MEDIUM,MEDIUM_LOW|MEDIUM_LOW|MEDIUM_LOW
mt_196039593,laliga2,BEHAVIOR_HEAVY|FORMATION_HEAVY|HIGH_SHRINKAGE|WEAK_EVIDENCE,team_b_states:CORNER_CONCESSION,3,3,True,True,True,True,True,True,True,True,True,True,0,MEDIUM|MEDIUM|MEDIUM,MEDIUM_LOW|MEDIUM_LOW|MEDIUM_LOW
mt_196039593,laliga2,BEHAVIOR_HEAVY|FORMATION_HEAVY|HIGH_SHRINKAGE|WEAK_EVIDENCE,team_b_states:CROSS_ALLOWANCE,3,3,True,True,True,True,True,True,True,True,True,True,0,MEDIUM|MEDIUM|MEDIUM,MEDIUM_LOW|MEDIUM_LOW|MEDIUM_LOW
mt_196039593,laliga2,BEHAVIOR_HEAVY|FORMATION_HEAVY|HIGH_SHRINKAGE|WEAK_EVIDENCE,team_b_states:FOUL_DRAWING,3,3,True,True,True,True,True,True,True,True,True,True,0,MEDIUM|MEDIUM|MEDIUM,MEDIUM_LOW|MEDIUM_LOW|MEDIUM_LOW
mt_196039593,laliga2,BEHAVIOR_HEAVY|FORMATION_HEAVY|HIGH_SHRINKAGE|WEAK_EVIDENCE,team_b_states:FOUL_TENDENCY,3,3,True,True,True,True,True,True,True,True,True,True,0,MEDIUM|MEDIUM|MEDIUM,MEDIUM_LOW|MEDIUM_LOW|MEDIUM_LOW
mt_196039593,laliga2,BEHAVIOR_HEAVY|FORMATION_HEAVY|HIGH_SHRINKAGE|WEAK_EVIDENCE,team_b_states:SET_PIECE_GENERATION,3,3,True,True,True,True,True,True,True,True,True,True,0,LOW|LOW|LOW,MEDIUM_LOW|MEDIUM_LOW|MEDIUM_LOW
mt_196039593,laliga2,BEHAVIOR_HEAVY|FORMATION_HEAVY|HIGH_SHRINKAGE|WEAK_EVIDENCE,team_b_states:SHOT_SUPPRESSION,3,3,True,True,True,True,True,True,True,True,True,True,0,MEDIUM|MEDIUM|MEDIUM,MEDIUM_LOW|MEDIUM_LOW|MEDIUM_LOW
mt_196039593,laliga2,BEHAVIOR_HEAVY|FORMATION_HEAVY|HIGH_SHRINKAGE|WEAK_EVIDENCE,team_b_states:SHOT_VOLUME,3,3,True,True,True,True,True,True,True,True,True,True,0,MEDIUM|MEDIUM|MEDIUM,MEDIUM_LOW|MEDIUM_LOW|MEDIUM_LOW
mt_196039593,laliga2,BEHAVIOR_HEAVY|FORMATION_HEAVY|HIGH_SHRINKAGE|WEAK_EVIDENCE,team_b_states:TERRITORIAL_PRESSURE,3,3,True,True,True,True,True,True,True,True,True,True,0,MEDIUM|MEDIUM|MEDIUM,MEDIUM_LOW|MEDIUM_LOW|MEDIUM_LOW
mt_196039593,laliga2,BEHAVIOR_HEAVY|FORMATION_HEAVY|HIGH_SHRINKAGE|WEAK_EVIDENCE,team_b_states:WIDTH_PRESSURE,3,3,True,True,True,True,True,True,True,True,True,True,0,LOW|LOW|LOW,MEDIUM_LOW|MEDIUM_LOW|MEDIUM_LOW
