team,venue,resolved_formation,formation_family,metric,formation_value,sample_n,team_baseline,formation_delta,reliability
AD Ceuta,away,4-3-3,BACK4_1STRIKER,blocked_shots,3.75,4,3.75,0.0,LOW
AD Ceuta,away,4-3-3,BACK4_1STRIKER,clearances,24.0,4,24.0,0.0,LOW
AD Ceuta,away,4-3-3,BACK4_1STRIKER,corners,2.75,4,2.75,0.0,LOW
AD Ceuta,away,4-3-3,BACK4_1STRIKER,crosses,4.5,4,4.5,0.0,LOW
AD Ceuta,away,4-3-3,BACK4_1STRIKER,possession,51.0,4,51.0,0.0,LOW
AD Ceuta,away,4-3-3,BACK4_1STRIKER,total_shots,13.0,4,13.0,0.0,LOW
AD Ceuta,away,4-3-3,BACK4_1STRIKER,touches_in_box,19.0,4,19.0,0.0,LOW
AD Ceuta,home,4-1-4-1,BACK4_1STRIKER,blocked_shots,5.0,1,2.875,2.125,LOW
AD Ceuta,home,4-1-4-1,BACK4_1STRIKER,clearances,22.0,1,19.625,2.375,LOW
AD Ceuta,home,4-1-4-1,BACK4_1STRIKER,corners,10.0,1,5.625,4.375,LOW
AD Ceuta,home,4-1-4-1,BACK4_1STRIKER,crosses,4.0,1,4.25,-0.25,LOW
AD Ceuta,home,4-1-4-1,BACK4_1STRIKER,possession,53.0,1,50.875,2.125,LOW
AD Ceuta,home,4-1-4-1,BACK4_1STRIKER,total_shots,14.0,1,11.75,2.25,LOW
AD Ceuta,home,4-1-4-1,BACK4_1STRIKER,touches_in_box,31.0,1,21.625,9.375,LOW
AD Ceuta,home,4-2-3-1,BACK4_1STRIKER,blocked_shots,3.0,1,2.875,0.125,LOW
AD Ceuta,home,4-2-3-1,BACK4_1STRIKER,clearances,4.0,1,19.625,-15.625,LOW
AD Ceuta,home,4-2-3-1,BACK4_1STRIKER,corners,5.0,1,5.625,-0.625,LOW
AD Ceuta,home,4-2-3-1,BACK4_1STRIKER,crosses,3.0,1,4.25,-1.25,LOW
AD Ceuta,home,4-2-3-1,BACK4_1STRIKER,possession,48.0,1,50.875,-2.875,LOW
AD Ceuta,home,4-2-3-1,BACK4_1STRIKER,total_shots,14.0,1,11.75,2.25,LOW
AD Ceuta,home,4-2-3-1,BACK4_1STRIKER,touches_in_box,16.0,1,21.625,-5.625,LOW
AD Ceuta,home,4-3-3,BACK4_1STRIKER,blocked_shots,3.0,5,2.875,0.125,MEDIUM
AD Ceuta,home,4-3-3,BACK4_1STRIKER,clearances,20.0,5,19.625,0.375,MEDIUM
AD Ceuta,home,4-3-3,BACK4_1STRIKER,corners,5.2,5,5.625,-0.425,MEDIUM
AD Ceuta,home,4-3-3,BACK4_1STRIKER,crosses,4.4,5,4.25,0.15,MEDIUM
AD Ceuta,home,4-3-3,BACK4_1STRIKER,possession,54.6,5,50.875,3.725,MEDIUM
AD Ceuta,home,4-3-3,BACK4_1STRIKER,total_shots,11.8,5,11.75,0.05,MEDIUM
AD Ceuta,home,4-3-3,BACK4_1STRIKER,touches_in_box,22.0,5,21.625,0.375,MEDIUM
AD Ceuta,home,4-4-2,BACK4_2STRIKER,blocked_shots,0.0,1,2.875,-2.875,LOW
AD Ceuta,home,4-4-2,BACK4_2STRIKER,clearances,31.0,1,19.625,11.375,LOW
AD Ceuta,home,4-4-2,BACK4_2STRIKER,corners,4.0,1,5.625,-1.625,LOW
AD Ceuta,home,4-4-2,BACK4_2STRIKER,crosses,5.0,1,4.25,0.75,LOW
AD Ceuta,home,4-4-2,BACK4_2STRIKER,possession,33.0,1,50.875,-17.875,LOW
AD Ceuta,home,4-4-2,BACK4_2STRIKER,total_shots,7.0,1,11.75,-4.75,LOW
AD Ceuta,home,4-4-2,BACK4_2STRIKER,touches_in_box,16.0,1,21.625,-5.625,LOW
AS Monaco,away,3-4-2-1,BACK3_WINGBACK,blocked_shots,5.0,1,2.0,3.0,LOW
AS Monaco,away,3-4-2-1,BACK3_WINGBACK,clearances,22.0,1,22.0,0.0,LOW
AS Monaco,away,3-4-2-1,BACK3_WINGBACK,corners,9.0,1,5.25,3.75,LOW
AS Monaco,away,3-4-2-1,BACK3_WINGBACK,crosses,6.0,1,4.5,1.5,LOW
AS Monaco,away,3-4-2-1,BACK3_WINGBACK,possession,66.0,1,54.75,11.25,LOW
AS Monaco,away,3-4-2-1,BACK3_WINGBACK,total_shots,15.0,1,10.5,4.5,LOW
AS Monaco,away,3-4-2-1,BACK3_WINGBACK,touches_in_box,33.0,1,23.0,10.0,LOW
AS Monaco,away,3-5-2,BACK3_WINGBACK,blocked_shots,0.0,1,2.0,-2.0,LOW
AS Monaco,away,3-5-2,BACK3_WINGBACK,clearances,17.0,1,22.0,-5.0,LOW
AS Monaco,away,3-5-2,BACK3_WINGBACK,corners,4.0,1,5.25,-1.25,LOW
AS Monaco,away,3-5-2,BACK3_WINGBACK,crosses,3.0,1,4.5,-1.5,LOW
AS Monaco,away,3-5-2,BACK3_WINGBACK,possession,53.0,1,54.75,-1.75,LOW
AS Monaco,away,3-5-2,BACK3_WINGBACK,total_shots,5.0,1,10.5,-5.5,LOW
AS Monaco,away,3-5-2,BACK3_WINGBACK,touches_in_box,12.0,1,23.0,-11.0,LOW
AS Monaco,away,4-2-3-1,BACK4_1STRIKER,blocked_shots,1.0,1,2.0,-1.0,LOW
AS Monaco,away,4-2-3-1,BACK4_1STRIKER,clearances,30.0,1,22.0,8.0,LOW
AS Monaco,away,4-2-3-1,BACK4_1STRIKER,corners,3.0,1,5.25,-2.25,LOW
AS Monaco,away,4-2-3-1,BACK4_1STRIKER,crosses,6.0,1,4.5,1.5,LOW
AS Monaco,away,4-2-3-1,BACK4_1STRIKER,possession,60.0,1,54.75,5.25,LOW
AS Monaco,away,4-2-3-1,BACK4_1STRIKER,total_shots,10.0,1,10.5,-0.5,LOW
AS Monaco,away,4-2-3-1,BACK4_1STRIKER,touches_in_box,19.0,1,23.0,-4.0,LOW
AS Monaco,away,4-4-2,BACK4_2STRIKER,blocked_shots,2.0,1,2.0,0.0,LOW
AS Monaco,away,4-4-2,BACK4_2STRIKER,clearances,19.0,1,22.0,-3.0,LOW
AS Monaco,away,4-4-2,BACK4_2STRIKER,corners,5.0,1,5.25,-0.25,LOW
AS Monaco,away,4-4-2,BACK4_2STRIKER,crosses,3.0,1,4.5,-1.5,LOW
AS Monaco,away,4-4-2,BACK4_2STRIKER,possession,40.0,1,54.75,-14.75,LOW
AS Monaco,away,4-4-2,BACK4_2STRIKER,total_shots,12.0,1,10.5,1.5,LOW
AS Monaco,away,4-4-2,BACK4_2STRIKER,touches_in_box,28.0,1,23.0,5.0,LOW
AS Monaco,home,3-4-2-1,BACK3_WINGBACK,blocked_shots,6.0,1,3.8333,2.1667,LOW
AS Monaco,home,3-4-2-1,BACK3_WINGBACK,clearances,17.0,1,19.1667,-2.1667,LOW
AS Monaco,home,3-4-2-1,BACK3_WINGBACK,corners,11.0,1,6.3333,4.6667,LOW
AS Monaco,home,3-4-2-1,BACK3_WINGBACK,crosses,5.0,1,4.1667,0.8333,LOW
AS Monaco,home,3-4-2-1,BACK3_WINGBACK,possession,69.0,1,51.0,18.0,LOW
AS Monaco,home,3-4-2-1,BACK3_WINGBACK,total_shots,15.0,1,14.8333,0.1667,LOW
AS Monaco,home,3-4-2-1,BACK3_WINGBACK,touches_in_box,40.0,1,34.6667,5.3333,LOW
AS Monaco,home,4-2-3-1,BACK4_1STRIKER,blocked_shots,3.4,5,3.8333,-0.4333,MEDIUM
AS Monaco,home,4-2-3-1,BACK4_1STRIKER,clearances,19.6,5,19.1667,0.4333,MEDIUM
AS Monaco,home,4-2-3-1,BACK4_1STRIKER,corners,5.4,5,6.3333,-0.9333,MEDIUM
AS Monaco,home,4-2-3-1,BACK4_1STRIKER,crosses,4.0,5,4.1667,-0.1667,MEDIUM
AS Monaco,home,4-2-3-1,BACK4_1STRIKER,possession,47.4,5,51.0,-3.6,MEDIUM
AS Monaco,home,4-2-3-1,BACK4_1STRIKER,total_shots,14.8,5,14.8333,-0.0333,MEDIUM
AS Monaco,home,4-2-3-1,BACK4_1STRIKER,touches_in_box,33.6,5,34.6667,-1.0667,MEDIUM
Ajaccio,away,4-2-3-1,BACK4_1STRIKER,blocked_shots,1.0,1,1.3333,-0.3333,LOW
Ajaccio,away,4-2-3-1,BACK4_1STRIKER,clearances,24.0,1,29.3333,-5.3333,LOW
Ajaccio,away,4-2-3-1,BACK4_1STRIKER,corners,4.0,1,4.1667,-0.1667,LOW
Ajaccio,away,4-2-3-1,BACK4_1STRIKER,crosses,6.0,1,3.5,2.5,LOW
Ajaccio,away,4-2-3-1,BACK4_1STRIKER,possession,55.0,1,44.5,10.5,LOW
Ajaccio,away,4-2-3-1,BACK4_1STRIKER,total_shots,9.0,1,8.1667,0.8333,LOW
Ajaccio,away,4-2-3-1,BACK4_1STRIKER,touches_in_box,12.0,1,12.6667,-0.6667,LOW
Ajaccio,away,4-4-2,BACK4_2STRIKER,blocked_shots,0.0,1,1.3333,-1.3333,LOW
Ajaccio,away,4-4-2,BACK4_2STRIKER,clearances,42.0,1,29.3333,12.6667,LOW
Ajaccio,away,4-4-2,BACK4_2STRIKER,corners,5.0,1,4.1667,0.8333,LOW
Ajaccio,away,4-4-2,BACK4_2STRIKER,crosses,4.0,1,3.5,0.5,LOW
Ajaccio,away,4-4-2,BACK4_2STRIKER,possession,53.0,1,44.5,8.5,LOW
Ajaccio,away,4-4-2,BACK4_2STRIKER,total_shots,6.0,1,8.1667,-2.1667,LOW
Ajaccio,away,4-4-2,BACK4_2STRIKER,touches_in_box,15.0,1,12.6667,2.3333,LOW
Ajaccio,away,5-3-2,BACK5_DEFENSIVE,blocked_shots,1.75,4,1.3333,0.4167,LOW
Ajaccio,away,5-3-2,BACK5_DEFENSIVE,clearances,27.5,4,29.3333,-1.8333,LOW
Ajaccio,away,5-3-2,BACK5_DEFENSIVE,corners,4.0,4,4.1667,-0.1667,LOW
Ajaccio,away,5-3-2,BACK5_DEFENSIVE,crosses,2.75,4,3.5,-0.75,LOW
Ajaccio,away,5-3-2,BACK5_DEFENSIVE,possession,39.75,4,44.5,-4.75,LOW
Ajaccio,away,5-3-2,BACK5_DEFENSIVE,total_shots,8.5,4,8.1667,0.3333,LOW
Ajaccio,away,5-3-2,BACK5_DEFENSIVE,touches_in_box,12.25,4,12.6667,-0.4167,LOW
Ajaccio,home,4-4-2,BACK4_2STRIKER,blocked_shots,3.0,3,2.25,0.75,LOW
Ajaccio,home,4-4-2,BACK4_2STRIKER,clearances,22.0,3,22.75,-0.75,LOW
Ajaccio,home,4-4-2,BACK4_2STRIKER,corners,3.3333,3,2.5,0.8333,LOW
Ajaccio,home,4-4-2,BACK4_2STRIKER,crosses,5.3333,3,4.25,1.0833,LOW
Ajaccio,home,4-4-2,BACK4_2STRIKER,possession,54.3333,3,49.0,5.3333,LOW
Ajaccio,home,4-4-2,BACK4_2STRIKER,total_shots,13.0,3,11.0,2.0,LOW
Ajaccio,home,4-4-2,BACK4_2STRIKER,touches_in_box,19.6667,3,17.0,2.6667,LOW
Ajaccio,home,5-3-2,BACK5_DEFENSIVE,blocked_shots,0.0,1,2.25,-2.25,LOW
Ajaccio,home,5-3-2,BACK5_DEFENSIVE,clearances,25.0,1,22.75,2.25,LOW
Ajaccio,home,5-3-2,BACK5_DEFENSIVE,corners,0.0,1,2.5,-2.5,LOW
Ajaccio,home,5-3-2,BACK5_DEFENSIVE,crosses,1.0,1,4.25,-3.25,LOW
Ajaccio,home,5-3-2,BACK5_DEFENSIVE,possession,33.0,1,49.0,-16.0,LOW
Ajaccio,home,5-3-2,BACK5_DEFENSIVE,total_shots,5.0,1,11.0,-6.0,LOW
Ajaccio,home,5-3-2,BACK5_DEFENSIVE,touches_in_box,9.0,1,17.0,-8.0,LOW
Albacete Balompié,away,4-2-3-1,BACK4_1STRIKER,blocked_shots,3.0,1,2.0,1.0,LOW
Albacete Balompié,away,4-2-3-1,BACK4_1STRIKER,clearances,33.0,1,30.4,2.6,LOW
Albacete Balompié,away,4-2-3-1,BACK4_1STRIKER,corners,6.0,1,4.0,2.0,LOW
Albacete Balompié,away,4-2-3-1,BACK4_1STRIKER,crosses,4.0,1,2.2,1.8,LOW
Albacete Balompié,away,4-2-3-1,BACK4_1STRIKER,possession,48.0,1,39.0,9.0,LOW
Albacete Balompié,away,4-2-3-1,BACK4_1STRIKER,total_shots,16.0,1,9.4,6.6,LOW
Albacete Balompié,away,4-2-3-1,BACK4_1STRIKER,touches_in_box,26.0,1,17.0,9.0,LOW
Albacete Balompié,away,4-3-3,BACK4_1STRIKER,blocked_shots,2.0,1,2.0,0.0,LOW
Albacete Balompié,away,4-3-3,BACK4_1STRIKER,clearances,18.0,1,30.4,-12.4,LOW
Albacete Balompié,away,4-3-3,BACK4_1STRIKER,corners,6.0,1,4.0,2.0,LOW
Albacete Balompié,away,4-3-3,BACK4_1STRIKER,crosses,5.0,1,2.2,2.8,LOW
Albacete Balompié,away,4-3-3,BACK4_1STRIKER,possession,46.0,1,39.0,7.0,LOW
Albacete Balompié,away,4-3-3,BACK4_1STRIKER,total_shots,8.0,1,9.4,-1.4,LOW
Albacete Balompié,away,4-3-3,BACK4_1STRIKER,touches_in_box,21.0,1,17.0,4.0,LOW
Albacete Balompié,away,4-4-2,BACK4_2STRIKER,blocked_shots,2.5,2,2.0,0.5,LOW
Albacete Balompié,away,4-4-2,BACK4_2STRIKER,clearances,26.0,2,30.4,-4.4,LOW
Albacete Balompié,away,4-4-2,BACK4_2STRIKER,corners,3.0,2,4.0,-1.0,LOW
Albacete Balompié,away,4-4-2,BACK4_2STRIKER,crosses,1.0,2,2.2,-1.2,LOW
Albacete Balompié,away,4-4-2,BACK4_2STRIKER,possession,39.5,2,39.0,0.5,LOW
Albacete Balompié,away,4-4-2,BACK4_2STRIKER,total_shots,9.5,2,9.4,0.1,LOW
Albacete Balompié,away,4-4-2,BACK4_2STRIKER,touches_in_box,15.5,2,17.0,-1.5,LOW
Albacete Balompié,away,5-3-2,BACK5_DEFENSIVE,blocked_shots,0.0,1,2.0,-2.0,LOW
Albacete Balompié,away,5-3-2,BACK5_DEFENSIVE,clearances,49.0,1,30.4,18.6,LOW
Albacete Balompié,away,5-3-2,BACK5_DEFENSIVE,corners,2.0,1,4.0,-2.0,LOW
Albacete Balompié,away,5-3-2,BACK5_DEFENSIVE,crosses,0.0,1,2.2,-2.2,LOW
Albacete Balompié,away,5-3-2,BACK5_DEFENSIVE,possession,22.0,1,39.0,-17.0,LOW
Albacete Balompié,away,5-3-2,BACK5_DEFENSIVE,total_shots,4.0,1,9.4,-5.4,LOW
Albacete Balompié,away,5-3-2,BACK5_DEFENSIVE,touches_in_box,7.0,1,17.0,-10.0,LOW
Albacete Balompié,home,4-2-3-1,BACK4_1STRIKER,blocked_shots,5.0,1,4.6364,0.3636,LOW
Albacete Balompié,home,4-2-3-1,BACK4_1STRIKER,clearances,23.0,1,21.8182,1.1818,LOW
Albacete Balompié,home,4-2-3-1,BACK4_1STRIKER,corners,5.0,1,4.4545,0.5455,LOW
Albacete Balompié,home,4-2-3-1,BACK4_1STRIKER,crosses,5.0,1,4.8182,0.1818,LOW
Albacete Balompié,home,4-2-3-1,BACK4_1STRIKER,possession,43.0,1,40.7273,2.2727,LOW
Albacete Balompié,home,4-2-3-1,BACK4_1STRIKER,total_shots,14.0,1,15.0909,-1.0909,LOW
Albacete Balompié,home,4-2-3-1,BACK4_1STRIKER,touches_in_box,24.0,1,24.3636,-0.3636,LOW
Albacete Balompié,home,4-4-1-1,BACK4_1STRIKER,blocked_shots,8.0,1,4.6364,3.3636,LOW
Albacete Balompié,home,4-4-1-1,BACK4_1STRIKER,clearances,17.0,1,21.8182,-4.8182,LOW
Albacete Balompié,home,4-4-1-1,BACK4_1STRIKER,corners,4.0,1,4.4545,-0.4545,LOW
Albacete Balompié,home,4-4-1-1,BACK4_1STRIKER,crosses,5.0,1,4.8182,0.1818,LOW
Albacete Balompié,home,4-4-1-1,BACK4_1STRIKER,possession,48.0,1,40.7273,7.2727,LOW
Albacete Balompié,home,4-4-1-1,BACK4_1STRIKER,total_shots,16.0,1,15.0909,0.9091,LOW
Albacete Balompié,home,4-4-1-1,BACK4_1STRIKER,touches_in_box,28.0,1,24.3636,3.6364,LOW
Albacete Balompié,home,4-4-2,BACK4_2STRIKER,blocked_shots,3.5,6,4.6364,-1.1364,MEDIUM
Albacete Balompié,home,4-4-2,BACK4_2STRIKER,clearances,24.5,6,21.8182,2.6818,MEDIUM
Albacete Balompié,home,4-4-2,BACK4_2STRIKER,corners,4.3333,6,4.4545,-0.1212,MEDIUM
Albacete Balompié,home,4-4-2,BACK4_2STRIKER,crosses,4.5,6,4.8182,-0.3182,MEDIUM
Albacete Balompié,home,4-4-2,BACK4_2STRIKER,possession,37.5,6,40.7273,-3.2273,MEDIUM
Albacete Balompié,home,4-4-2,BACK4_2STRIKER,total_shots,15.6667,6,15.0909,0.5758,MEDIUM
Albacete Balompié,home,4-4-2,BACK4_2STRIKER,touches_in_box,26.5,6,24.3636,2.1364,MEDIUM
Albacete Balompié,home,5-3-2,BACK5_DEFENSIVE,blocked_shots,5.0,2,4.6364,0.3636,LOW
Albacete Balompié,home,5-3-2,BACK5_DEFENSIVE,clearances,24.5,2,21.8182,2.6818,LOW
Albacete Balompié,home,5-3-2,BACK5_DEFENSIVE,corners,5.0,2,4.4545,0.5455,LOW
Albacete Balompié,home,5-3-2,BACK5_DEFENSIVE,crosses,5.5,2,4.8182,0.6818,LOW
Albacete Balompié,home,5-3-2,BACK5_DEFENSIVE,possession,45.0,2,40.7273,4.2727,LOW
Albacete Balompié,home,5-3-2,BACK5_DEFENSIVE,total_shots,11.5,2,15.0909,-3.5909,LOW
Albacete Balompié,home,5-3-2,BACK5_DEFENSIVE,touches_in_box,16.5,2,24.3636,-7.8636,LOW
Albacete Balompié,home,5-4-1,BACK5_DEFENSIVE,blocked_shots,7.0,1,4.6364,2.3636,LOW
Albacete Balompié,home,5-4-1,BACK5_DEFENSIVE,clearances,4.0,1,21.8182,-17.8182,LOW
Albacete Balompié,home,5-4-1,BACK5_DEFENSIVE,corners,4.0,1,4.4545,-0.4545,LOW
Albacete Balompié,home,5-4-1,BACK5_DEFENSIVE,crosses,5.0,1,4.8182,0.1818,LOW
Albacete Balompié,home,5-4-1,BACK5_DEFENSIVE,possession,42.0,1,40.7273,1.2727,LOW
Albacete Balompié,home,5-4-1,BACK5_DEFENSIVE,total_shots,19.0,1,15.0909,3.9091,LOW
Albacete Balompié,home,5-4-1,BACK5_DEFENSIVE,touches_in_box,24.0,1,24.3636,-0.3636,LOW
Almería,away,3-4-2-1,BACK3_WINGBACK,blocked_shots,0.0,1,2.4286,-2.4286,LOW
Almería,away,3-4-2-1,BACK3_WINGBACK,clearances,35.0,1,20.0,15.0,LOW
Almería,away,3-4-2-1,BACK3_WINGBACK,corners,0.0,1,3.4286,-3.4286,LOW
Almería,away,3-4-2-1,BACK3_WINGBACK,crosses,0.0,1,3.8571,-3.8571,LOW
Almería,away,3-4-2-1,BACK3_WINGBACK,possession,42.0,1,56.8571,-14.8571,LOW
Almería,away,3-4-2-1,BACK3_WINGBACK,total_shots,7.0,1,11.1429,-4.1429,LOW
Almería,away,3-4-2-1,BACK3_WINGBACK,touches_in_box,9.0,1,20.1429,-11.1429,LOW
Almería,away,4-2-3-1,BACK4_1STRIKER,blocked_shots,3.0,5,2.4286,0.5714,MEDIUM
Almería,away,4-2-3-1,BACK4_1STRIKER,clearances,19.2,5,20.0,-0.8,MEDIUM
Almería,away,4-2-3-1,BACK4_1STRIKER,corners,4.2,5,3.4286,0.7714,MEDIUM
Almería,away,4-2-3-1,BACK4_1STRIKER,crosses,4.8,5,3.8571,0.9429,MEDIUM
Almería,away,4-2-3-1,BACK4_1STRIKER,possession,58.2,5,56.8571,1.3429,MEDIUM
Almería,away,4-2-3-1,BACK4_1STRIKER,total_shots,10.8,5,11.1429,-0.3429,MEDIUM
Almería,away,4-2-3-1,BACK4_1STRIKER,touches_in_box,22.4,5,20.1429,2.2571,MEDIUM
Almería,away,4-4-2,BACK4_2STRIKER,blocked_shots,2.0,1,2.4286,-0.4286,LOW
Almería,away,4-4-2,BACK4_2STRIKER,clearances,9.0,1,20.0,-11.0,LOW
Almería,away,4-4-2,BACK4_2STRIKER,corners,3.0,1,3.4286,-0.4286,LOW
Almería,away,4-4-2,BACK4_2STRIKER,crosses,3.0,1,3.8571,-0.8571,LOW
Almería,away,4-4-2,BACK4_2STRIKER,possession,65.0,1,56.8571,8.1429,LOW
Almería,away,4-4-2,BACK4_2STRIKER,total_shots,17.0,1,11.1429,5.8571,LOW
Almería,away,4-4-2,BACK4_2STRIKER,touches_in_box,20.0,1,20.1429,-0.1429,LOW
Almería,home,4-2-3-1,BACK4_1STRIKER,blocked_shots,4.1667,12,4.1667,0.0,HIGH
Almería,home,4-2-3-1,BACK4_1STRIKER,clearances,23.0,12,23.0,0.0,HIGH
Almería,home,4-2-3-1,BACK4_1STRIKER,corners,5.5,12,5.5,0.0,HIGH
Almería,home,4-2-3-1,BACK4_1STRIKER,crosses,5.1667,12,5.1667,0.0,HIGH
Almería,home,4-2-3-1,BACK4_1STRIKER,possession,49.6667,12,49.6667,0.0,HIGH
Almería,home,4-2-3-1,BACK4_1STRIKER,total_shots,16.4167,12,16.4167,0.0,HIGH
Almería,home,4-2-3-1,BACK4_1STRIKER,touches_in_box,26.75,12,26.75,0.0,HIGH
Amiens SC,away,3-4-1-2,BACK3_WINGBACK,blocked_shots,6.0,1,2.5455,3.4545,LOW
Amiens SC,away,3-4-1-2,BACK3_WINGBACK,clearances,9.0,1,27.1818,-18.1818,LOW
Amiens SC,away,3-4-1-2,BACK3_WINGBACK,corners,6.0,1,3.7273,2.2727,LOW
Amiens SC,away,3-4-1-2,BACK3_WINGBACK,crosses,3.0,1,3.5455,-0.5455,LOW
Amiens SC,away,3-4-1-2,BACK3_WINGBACK,possession,62.0,1,44.4545,17.5455,LOW
Amiens SC,away,3-4-1-2,BACK3_WINGBACK,total_shots,14.0,1,9.2727,4.7273,LOW
Amiens SC,away,3-4-1-2,BACK3_WINGBACK,touches_in_box,23.0,1,14.8182,8.1818,LOW
Amiens SC,away,4-2-3-1,BACK4_1STRIKER,blocked_shots,3.5,2,2.5455,0.9545,LOW
Amiens SC,away,4-2-3-1,BACK4_1STRIKER,clearances,20.0,2,27.1818,-7.1818,LOW
Amiens SC,away,4-2-3-1,BACK4_1STRIKER,corners,5.0,2,3.7273,1.2727,LOW
Amiens SC,away,4-2-3-1,BACK4_1STRIKER,crosses,5.5,2,3.5455,1.9545,LOW
Amiens SC,away,4-2-3-1,BACK4_1STRIKER,possession,53.0,2,44.4545,8.5455,LOW
Amiens SC,away,4-2-3-1,BACK4_1STRIKER,total_shots,11.0,2,9.2727,1.7273,LOW
Amiens SC,away,4-2-3-1,BACK4_1STRIKER,touches_in_box,20.0,2,14.8182,5.1818,LOW
Amiens SC,away,4-4-2,BACK4_2STRIKER,blocked_shots,2.25,4,2.5455,-0.2955,LOW
Amiens SC,away,4-4-2,BACK4_2STRIKER,clearances,34.5,4,27.1818,7.3182,LOW
Amiens SC,away,4-4-2,BACK4_2STRIKER,corners,3.5,4,3.7273,-0.2273,LOW
Amiens SC,away,4-4-2,BACK4_2STRIKER,crosses,3.0,4,3.5455,-0.5455,LOW
Amiens SC,away,4-4-2,BACK4_2STRIKER,possession,40.0,4,44.4545,-4.4545,LOW
Amiens SC,away,4-4-2,BACK4_2STRIKER,total_shots,10.5,4,9.2727,1.2273,LOW
Amiens SC,away,4-4-2,BACK4_2STRIKER,touches_in_box,13.0,4,14.8182,-1.8182,LOW
Amiens SC,away,4-5-1,BACK4_1STRIKER,blocked_shots,0.0,1,2.5455,-2.5455,LOW
Amiens SC,away,4-5-1,BACK4_1STRIKER,clearances,23.0,1,27.1818,-4.1818,LOW
Amiens SC,away,4-5-1,BACK4_1STRIKER,corners,3.0,1,3.7273,-0.7273,LOW
Amiens SC,away,4-5-1,BACK4_1STRIKER,crosses,4.0,1,3.5455,0.4545,LOW
Amiens SC,away,4-5-1,BACK4_1STRIKER,possession,38.0,1,44.4545,-6.4545,LOW
Amiens SC,away,4-5-1,BACK4_1STRIKER,total_shots,3.0,1,9.2727,-6.2727,LOW
Amiens SC,away,4-5-1,BACK4_1STRIKER,touches_in_box,9.0,1,14.8182,-5.8182,LOW
Amiens SC,away,5-3-2,BACK5_DEFENSIVE,blocked_shots,2.0,1,2.5455,-0.5455,LOW
Amiens SC,away,5-3-2,BACK5_DEFENSIVE,clearances,41.0,1,27.1818,13.8182,LOW
Amiens SC,away,5-3-2,BACK5_DEFENSIVE,corners,3.0,1,3.7273,-0.7273,LOW
Amiens SC,away,5-3-2,BACK5_DEFENSIVE,crosses,1.0,1,3.5455,-2.5455,LOW
Amiens SC,away,5-3-2,BACK5_DEFENSIVE,possession,45.0,1,44.4545,0.5455,LOW
Amiens SC,away,5-3-2,BACK5_DEFENSIVE,total_shots,5.0,1,9.2727,-4.2727,LOW
Amiens SC,away,5-3-2,BACK5_DEFENSIVE,touches_in_box,16.0,1,14.8182,1.1818,LOW
Amiens SC,away,5-4-1,BACK5_DEFENSIVE,blocked_shots,2.0,2,2.5455,-0.5455,LOW
Amiens SC,away,5-4-1,BACK5_DEFENSIVE,clearances,24.0,2,27.1818,-3.1818,LOW
Amiens SC,away,5-4-1,BACK5_DEFENSIVE,corners,2.5,2,3.7273,-1.2273,LOW
Amiens SC,away,5-4-1,BACK5_DEFENSIVE,crosses,4.0,2,3.5455,0.4545,LOW
Amiens SC,away,5-4-1,BACK5_DEFENSIVE,possession,39.0,2,44.4545,-5.4545,LOW
Amiens SC,away,5-4-1,BACK5_DEFENSIVE,total_shots,8.0,2,9.2727,-1.2727,LOW
Amiens SC,away,5-4-1,BACK5_DEFENSIVE,touches_in_box,11.5,2,14.8182,-3.3182,LOW
Amiens SC,home,3-4-3,BACK3_WINGBACK,blocked_shots,8.0,1,3.0,5.0,LOW
Amiens SC,home,3-4-3,BACK3_WINGBACK,clearances,14.0,1,18.5714,-4.5714,LOW
Amiens SC,home,3-4-3,BACK3_WINGBACK,corners,8.0,1,5.4286,2.5714,LOW
Amiens SC,home,3-4-3,BACK3_WINGBACK,crosses,2.0,1,2.1429,-0.1429,LOW
Amiens SC,home,3-4-3,BACK3_WINGBACK,possession,53.0,1,47.5714,5.4286,LOW
Amiens SC,home,3-4-3,BACK3_WINGBACK,total_shots,22.0,1,11.4286,10.5714,LOW
Amiens SC,home,3-4-3,BACK3_WINGBACK,touches_in_box,38.0,1,18.8571,19.1429,LOW
Amiens SC,home,4-2-3-1,BACK4_1STRIKER,blocked_shots,4.0,1,3.0,1.0,LOW
Amiens SC,home,4-2-3-1,BACK4_1STRIKER,clearances,21.0,1,18.5714,2.4286,LOW
Amiens SC,home,4-2-3-1,BACK4_1STRIKER,corners,3.0,1,5.4286,-2.4286,LOW
Amiens SC,home,4-2-3-1,BACK4_1STRIKER,crosses,1.0,1,2.1429,-1.1429,LOW
Amiens SC,home,4-2-3-1,BACK4_1STRIKER,possession,59.0,1,47.5714,11.4286,LOW
Amiens SC,home,4-2-3-1,BACK4_1STRIKER,total_shots,13.0,1,11.4286,1.5714,LOW
Amiens SC,home,4-2-3-1,BACK4_1STRIKER,touches_in_box,21.0,1,18.8571,2.1429,LOW
Amiens SC,home,4-4-2,BACK4_2STRIKER,blocked_shots,1.75,4,3.0,-1.25,LOW
Amiens SC,home,4-4-2,BACK4_2STRIKER,clearances,20.0,4,18.5714,1.4286,LOW
Amiens SC,home,4-4-2,BACK4_2STRIKER,corners,5.0,4,5.4286,-0.4286,LOW
Amiens SC,home,4-4-2,BACK4_2STRIKER,crosses,2.25,4,2.1429,0.1071,LOW
Amiens SC,home,4-4-2,BACK4_2STRIKER,possession,44.75,4,47.5714,-2.8214,LOW
Amiens SC,home,4-4-2,BACK4_2STRIKER,total_shots,10.25,4,11.4286,-1.1786,LOW
Amiens SC,home,4-4-2,BACK4_2STRIKER,touches_in_box,16.5,4,18.8571,-2.3571,LOW
Amiens SC,home,4-5-1,BACK4_1STRIKER,blocked_shots,2.0,1,3.0,-1.0,LOW
Amiens SC,home,4-5-1,BACK4_1STRIKER,clearances,15.0,1,18.5714,-3.5714,LOW
Amiens SC,home,4-5-1,BACK4_1STRIKER,corners,7.0,1,5.4286,1.5714,LOW
Amiens SC,home,4-5-1,BACK4_1STRIKER,crosses,3.0,1,2.1429,0.8571,LOW
Amiens SC,home,4-5-1,BACK4_1STRIKER,possession,42.0,1,47.5714,-5.5714,LOW
Amiens SC,home,4-5-1,BACK4_1STRIKER,total_shots,4.0,1,11.4286,-7.4286,LOW
Amiens SC,home,4-5-1,BACK4_1STRIKER,touches_in_box,7.0,1,18.8571,-11.8571,LOW
Angers,away,4-2-3-1,BACK4_1STRIKER,blocked_shots,2.0,3,2.6,-0.6,LOW
Angers,away,4-2-3-1,BACK4_1STRIKER,clearances,27.6667,3,27.8,-0.1333,LOW
Angers,away,4-2-3-1,BACK4_1STRIKER,corners,2.3333,3,3.6,-1.2667,LOW
Angers,away,4-2-3-1,BACK4_1STRIKER,crosses,4.0,3,4.2,-0.2,LOW
Angers,away,4-2-3-1,BACK4_1STRIKER,possession,40.0,3,39.2,0.8,LOW
Angers,away,4-2-3-1,BACK4_1STRIKER,total_shots,9.3333,3,9.4,-0.0667,LOW
Angers,away,4-2-3-1,BACK4_1STRIKER,touches_in_box,16.6667,3,15.2,1.4667,LOW
Angers,away,4-3-3,BACK4_1STRIKER,blocked_shots,3.0,1,2.6,0.4,LOW
Angers,away,4-3-3,BACK4_1STRIKER,clearances,14.0,1,27.8,-13.8,LOW
Angers,away,4-3-3,BACK4_1STRIKER,corners,5.0,1,3.6,1.4,LOW
Angers,away,4-3-3,BACK4_1STRIKER,crosses,5.0,1,4.2,0.8,LOW
Angers,away,4-3-3,BACK4_1STRIKER,possession,34.0,1,39.2,-5.2,LOW
Angers,away,4-3-3,BACK4_1STRIKER,total_shots,5.0,1,9.4,-4.4,LOW
Angers,away,4-3-3,BACK4_1STRIKER,touches_in_box,12.0,1,15.2,-3.2,LOW
Angers,away,4-4-1-1,BACK4_1STRIKER,blocked_shots,4.0,1,2.6,1.4,LOW
Angers,away,4-4-1-1,BACK4_1STRIKER,clearances,42.0,1,27.8,14.2,LOW
Angers,away,4-4-1-1,BACK4_1STRIKER,corners,6.0,1,3.6,2.4,LOW
Angers,away,4-4-1-1,BACK4_1STRIKER,crosses,4.0,1,4.2,-0.2,LOW
Angers,away,4-4-1-1,BACK4_1STRIKER,possession,42.0,1,39.2,2.8,LOW
Angers,away,4-4-1-1,BACK4_1STRIKER,total_shots,14.0,1,9.4,4.6,LOW
Angers,away,4-4-1-1,BACK4_1STRIKER,touches_in_box,14.0,1,15.2,-1.2,LOW
Angers,home,4-2-3-1,BACK4_1STRIKER,blocked_shots,1.3333,3,1.8571,-0.5238,LOW
Angers,home,4-2-3-1,BACK4_1STRIKER,clearances,29.6667,3,23.2857,6.381,LOW
Angers,home,4-2-3-1,BACK4_1STRIKER,corners,2.6667,3,4.2857,-1.619,LOW
Angers,home,4-2-3-1,BACK4_1STRIKER,crosses,3.6667,3,4.5714,-0.9048,LOW
Angers,home,4-2-3-1,BACK4_1STRIKER,possession,43.0,3,41.0,2.0,LOW
Angers,home,4-2-3-1,BACK4_1STRIKER,total_shots,6.3333,3,7.4286,-1.0952,LOW
Angers,home,4-2-3-1,BACK4_1STRIKER,touches_in_box,13.0,3,17.7143,-4.7143,LOW
Angers,home,4-4-2,BACK4_2STRIKER,blocked_shots,4.0,1,1.8571,2.1429,LOW
Angers,home,4-4-2,BACK4_2STRIKER,clearances,20.0,1,23.2857,-3.2857,LOW
Angers,home,4-4-2,BACK4_2STRIKER,corners,11.0,1,4.2857,6.7143,LOW
Angers,home,4-4-2,BACK4_2STRIKER,crosses,11.0,1,4.5714,6.4286,LOW
Angers,home,4-4-2,BACK4_2STRIKER,possession,57.0,1,41.0,16.0,LOW
Angers,home,4-4-2,BACK4_2STRIKER,total_shots,11.0,1,7.4286,3.5714,LOW
Angers,home,4-4-2,BACK4_2STRIKER,touches_in_box,30.0,1,17.7143,12.2857,LOW
Angers,home,4-5-1,BACK4_1STRIKER,blocked_shots,0.0,1,1.8571,-1.8571,LOW
Angers,home,4-5-1,BACK4_1STRIKER,clearances,23.0,1,23.2857,-0.2857,LOW
Angers,home,4-5-1,BACK4_1STRIKER,corners,2.0,1,4.2857,-2.2857,LOW
Angers,home,4-5-1,BACK4_1STRIKER,crosses,3.0,1,4.5714,-1.5714,LOW
Angers,home,4-5-1,BACK4_1STRIKER,possession,28.0,1,41.0,-13.0,LOW
Angers,home,4-5-1,BACK4_1STRIKER,total_shots,5.0,1,7.4286,-2.4286,LOW
Angers,home,4-5-1,BACK4_1STRIKER,touches_in_box,10.0,1,17.7143,-7.7143,LOW
Angers,home,5-3-2,BACK5_DEFENSIVE,blocked_shots,2.5,2,1.8571,0.6429,LOW
Angers,home,5-3-2,BACK5_DEFENSIVE,clearances,15.5,2,23.2857,-7.7857,LOW
Angers,home,5-3-2,BACK5_DEFENSIVE,corners,4.5,2,4.2857,0.2143,LOW
Angers,home,5-3-2,BACK5_DEFENSIVE,crosses,3.5,2,4.5714,-1.0714,LOW
Angers,home,5-3-2,BACK5_DEFENSIVE,possession,36.5,2,41.0,-4.5,LOW
Angers,home,5-3-2,BACK5_DEFENSIVE,total_shots,8.5,2,7.4286,1.0714,LOW
Angers,home,5-3-2,BACK5_DEFENSIVE,touches_in_box,22.5,2,17.7143,4.7857,LOW
Annecy FC,away,3-4-3,BACK3_WINGBACK,blocked_shots,2.25,4,2.0,0.25,LOW
Annecy FC,away,3-4-3,BACK3_WINGBACK,clearances,19.0,4,20.1667,-1.1667,LOW
Annecy FC,away,3-4-3,BACK3_WINGBACK,corners,6.0,4,4.5,1.5,LOW
Annecy FC,away,3-4-3,BACK3_WINGBACK,crosses,5.75,4,4.8333,0.9167,LOW
Annecy FC,away,3-4-3,BACK3_WINGBACK,possession,53.25,4,51.3333,1.9167,LOW
Annecy FC,away,3-4-3,BACK3_WINGBACK,total_shots,10.5,4,9.5,1.0,LOW
Annecy FC,away,3-4-3,BACK3_WINGBACK,touches_in_box,23.5,4,20.0,3.5,LOW
Annecy FC,away,4-2-3-1,BACK4_1STRIKER,blocked_shots,1.5,2,2.0,-0.5,LOW
Annecy FC,away,4-2-3-1,BACK4_1STRIKER,clearances,22.5,2,20.1667,2.3333,LOW
Annecy FC,away,4-2-3-1,BACK4_1STRIKER,corners,1.5,2,4.5,-3.0,LOW
Annecy FC,away,4-2-3-1,BACK4_1STRIKER,crosses,3.0,2,4.8333,-1.8333,LOW
Annecy FC,away,4-2-3-1,BACK4_1STRIKER,possession,47.5,2,51.3333,-3.8333,LOW
Annecy FC,away,4-2-3-1,BACK4_1STRIKER,total_shots,7.5,2,9.5,-2.0,LOW
Annecy FC,away,4-2-3-1,BACK4_1STRIKER,touches_in_box,13.0,2,20.0,-7.0,LOW
Annecy FC,home,3-4-2-1,BACK3_WINGBACK,blocked_shots,5.0,1,3.3,1.7,LOW
Annecy FC,home,3-4-2-1,BACK3_WINGBACK,clearances,16.0,1,19.8,-3.8,LOW
Annecy FC,home,3-4-2-1,BACK3_WINGBACK,corners,7.0,1,7.3,-0.3,LOW
Annecy FC,home,3-4-2-1,BACK3_WINGBACK,crosses,4.0,1,4.7,-0.7,LOW
Annecy FC,home,3-4-2-1,BACK3_WINGBACK,possession,53.0,1,47.9,5.1,LOW
Annecy FC,home,3-4-2-1,BACK3_WINGBACK,total_shots,15.0,1,12.3,2.7,LOW
Annecy FC,home,3-4-2-1,BACK3_WINGBACK,touches_in_box,29.0,1,23.3,5.7,LOW
Annecy FC,home,3-4-3,BACK3_WINGBACK,blocked_shots,4.6667,3,3.3,1.3667,LOW
Annecy FC,home,3-4-3,BACK3_WINGBACK,clearances,23.6667,3,19.8,3.8667,LOW
Annecy FC,home,3-4-3,BACK3_WINGBACK,corners,6.6667,3,7.3,-0.6333,LOW
Annecy FC,home,3-4-3,BACK3_WINGBACK,crosses,4.6667,3,4.7,-0.0333,LOW
Annecy FC,home,3-4-3,BACK3_WINGBACK,possession,49.0,3,47.9,1.1,LOW
Annecy FC,home,3-4-3,BACK3_WINGBACK,total_shots,12.3333,3,12.3,0.0333,LOW
Annecy FC,home,3-4-3,BACK3_WINGBACK,touches_in_box,25.3333,3,23.3,2.0333,LOW
Annecy FC,home,4-1-4-1,BACK4_1STRIKER,blocked_shots,3.0,1,3.3,-0.3,LOW
Annecy FC,home,4-1-4-1,BACK4_1STRIKER,clearances,14.0,1,19.8,-5.8,LOW
Annecy FC,home,4-1-4-1,BACK4_1STRIKER,corners,3.0,1,7.3,-4.3,LOW
Annecy FC,home,4-1-4-1,BACK4_1STRIKER,crosses,3.0,1,4.7,-1.7,LOW
Annecy FC,home,4-1-4-1,BACK4_1STRIKER,possession,41.0,1,47.9,-6.9,LOW
Annecy FC,home,4-1-4-1,BACK4_1STRIKER,total_shots,12.0,1,12.3,-0.3,LOW
Annecy FC,home,4-1-4-1,BACK4_1STRIKER,touches_in_box,15.0,1,23.3,-8.3,LOW
Annecy FC,home,4-2-3-1,BACK4_1STRIKER,blocked_shots,2.2,5,3.3,-1.1,MEDIUM
Annecy FC,home,4-2-3-1,BACK4_1STRIKER,clearances,19.4,5,19.8,-0.4,MEDIUM
Annecy FC,home,4-2-3-1,BACK4_1STRIKER,corners,8.6,5,7.3,1.3,MEDIUM
Annecy FC,home,4-2-3-1,BACK4_1STRIKER,crosses,5.2,5,4.7,0.5,MEDIUM
Annecy FC,home,4-2-3-1,BACK4_1STRIKER,possession,47.6,5,47.9,-0.3,MEDIUM
Annecy FC,home,4-2-3-1,BACK4_1STRIKER,total_shots,11.8,5,12.3,-0.5,MEDIUM
Annecy FC,home,4-2-3-1,BACK4_1STRIKER,touches_in_box,22.6,5,23.3,-0.7,MEDIUM
Arsenal,away,4-2-3-1,BACK4_1STRIKER,blocked_shots,1.75,4,1.8333,-0.0833,LOW
Arsenal,away,4-2-3-1,BACK4_1STRIKER,clearances,35.5,4,33.6667,1.8333,LOW
Arsenal,away,4-2-3-1,BACK4_1STRIKER,corners,5.75,4,5.8333,-0.0833,LOW
Arsenal,away,4-2-3-1,BACK4_1STRIKER,crosses,5.25,4,4.8333,0.4167,LOW
Arsenal,away,4-2-3-1,BACK4_1STRIKER,possession,50.5,4,48.6667,1.8333,LOW
Arsenal,away,4-2-3-1,BACK4_1STRIKER,total_shots,8.5,4,8.8333,-0.3333,LOW
Arsenal,away,4-2-3-1,BACK4_1STRIKER,touches_in_box,24.75,4,24.3333,0.4167,LOW
Arsenal,away,4-3-3,BACK4_1STRIKER,blocked_shots,1.0,1,1.8333,-0.8333,LOW
Arsenal,away,4-3-3,BACK4_1STRIKER,clearances,28.0,1,33.6667,-5.6667,LOW
Arsenal,away,4-3-3,BACK4_1STRIKER,corners,6.0,1,5.8333,0.1667,LOW
Arsenal,away,4-3-3,BACK4_1STRIKER,crosses,4.0,1,4.8333,-0.8333,LOW
Arsenal,away,4-3-3,BACK4_1STRIKER,possession,54.0,1,48.6667,5.3333,LOW
Arsenal,away,4-3-3,BACK4_1STRIKER,total_shots,12.0,1,8.8333,3.1667,LOW
Arsenal,away,4-3-3,BACK4_1STRIKER,touches_in_box,23.0,1,24.3333,-1.3333,LOW
Arsenal,away,4-4-2,BACK4_2STRIKER,blocked_shots,3.0,1,1.8333,1.1667,LOW
Arsenal,away,4-4-2,BACK4_2STRIKER,clearances,32.0,1,33.6667,-1.6667,LOW
Arsenal,away,4-4-2,BACK4_2STRIKER,corners,6.0,1,5.8333,0.1667,LOW
Arsenal,away,4-4-2,BACK4_2STRIKER,crosses,4.0,1,4.8333,-0.8333,LOW
Arsenal,away,4-4-2,BACK4_2STRIKER,possession,36.0,1,48.6667,-12.6667,LOW
Arsenal,away,4-4-2,BACK4_2STRIKER,total_shots,7.0,1,8.8333,-1.8333,LOW
Arsenal,away,4-4-2,BACK4_2STRIKER,touches_in_box,24.0,1,24.3333,-0.3333,LOW
Arsenal,home,4-2-3-1,BACK4_1STRIKER,blocked_shots,9.0,1,6.0,3.0,LOW
Arsenal,home,4-2-3-1,BACK4_1STRIKER,clearances,29.0,1,16.8571,12.1429,LOW
Arsenal,home,4-2-3-1,BACK4_1STRIKER,corners,8.0,1,7.1429,0.8571,LOW
Arsenal,home,4-2-3-1,BACK4_1STRIKER,crosses,4.0,1,4.8571,-0.8571,LOW
Arsenal,home,4-2-3-1,BACK4_1STRIKER,possession,65.0,1,59.7143,5.2857,LOW
Arsenal,home,4-2-3-1,BACK4_1STRIKER,total_shots,25.0,1,16.7143,8.2857,LOW
Arsenal,home,4-2-3-1,BACK4_1STRIKER,touches_in_box,40.0,1,37.4286,2.5714,LOW
Arsenal,home,4-3-3,BACK4_1STRIKER,blocked_shots,5.5,6,6.0,-0.5,MEDIUM
Arsenal,home,4-3-3,BACK4_1STRIKER,clearances,14.8333,6,16.8571,-2.0238,MEDIUM
Arsenal,home,4-3-3,BACK4_1STRIKER,corners,7.0,6,7.1429,-0.1429,MEDIUM
Arsenal,home,4-3-3,BACK4_1STRIKER,crosses,5.0,6,4.8571,0.1429,MEDIUM
Arsenal,home,4-3-3,BACK4_1STRIKER,possession,58.8333,6,59.7143,-0.881,MEDIUM
Arsenal,home,4-3-3,BACK4_1STRIKER,total_shots,15.3333,6,16.7143,-1.381,MEDIUM
Arsenal,home,4-3-3,BACK4_1STRIKER,touches_in_box,37.0,6,37.4286,-0.4286,MEDIUM
Aston Villa,away,4-2-3-1,BACK4_1STRIKER,blocked_shots,3.4,10,3.2727,0.1273,MEDIUM
Aston Villa,away,4-2-3-1,BACK4_1STRIKER,clearances,18.7,10,19.5455,-0.8455,MEDIUM
Aston Villa,away,4-2-3-1,BACK4_1STRIKER,corners,6.7,10,6.7273,-0.0273,MEDIUM
Aston Villa,away,4-2-3-1,BACK4_1STRIKER,crosses,3.1,10,2.9091,0.1909,MEDIUM
Aston Villa,away,4-2-3-1,BACK4_1STRIKER,possession,55.7,10,54.0,1.7,MEDIUM
Aston Villa,away,4-2-3-1,BACK4_1STRIKER,total_shots,12.7,10,12.5455,0.1545,MEDIUM
Aston Villa,away,4-2-3-1,BACK4_1STRIKER,touches_in_box,28.3,10,27.4545,0.8455,MEDIUM
Aston Villa,away,4-4-2,BACK4_2STRIKER,blocked_shots,2.0,1,3.2727,-1.2727,LOW
Aston Villa,away,4-4-2,BACK4_2STRIKER,clearances,28.0,1,19.5455,8.4545,LOW
Aston Villa,away,4-4-2,BACK4_2STRIKER,corners,7.0,1,6.7273,0.2727,LOW
Aston Villa,away,4-4-2,BACK4_2STRIKER,crosses,1.0,1,2.9091,-1.9091,LOW
Aston Villa,away,4-4-2,BACK4_2STRIKER,possession,37.0,1,54.0,-17.0,LOW
Aston Villa,away,4-4-2,BACK4_2STRIKER,total_shots,11.0,1,12.5455,-1.5455,LOW
Aston Villa,away,4-4-2,BACK4_2STRIKER,touches_in_box,19.0,1,27.4545,-8.4545,LOW
Aston Villa,home,4-2-3-1,BACK4_1STRIKER,blocked_shots,4.0,3,4.0,0.0,LOW
Aston Villa,home,4-2-3-1,BACK4_1STRIKER,clearances,15.3333,3,15.3333,0.0,LOW
Aston Villa,home,4-2-3-1,BACK4_1STRIKER,corners,6.3333,3,6.3333,0.0,LOW
Aston Villa,home,4-2-3-1,BACK4_1STRIKER,crosses,5.0,3,5.0,0.0,LOW
Aston Villa,home,4-2-3-1,BACK4_1STRIKER,possession,61.3333,3,61.3333,0.0,LOW
Aston Villa,home,4-2-3-1,BACK4_1STRIKER,total_shots,15.0,3,15.0,0.0,LOW
Aston Villa,home,4-2-3-1,BACK4_1STRIKER,touches_in_box,29.0,3,29.0,0.0,LOW
Athletic Club,away,4-2-3-1,BACK4_1STRIKER,blocked_shots,2.8333,6,2.8333,0.0,MEDIUM
Athletic Club,away,4-2-3-1,BACK4_1STRIKER,clearances,24.0,6,24.0,0.0,MEDIUM
Athletic Club,away,4-2-3-1,BACK4_1STRIKER,corners,5.1667,6,5.1667,0.0,MEDIUM
Athletic Club,away,4-2-3-1,BACK4_1STRIKER,crosses,4.5,6,4.5,0.0,MEDIUM
Athletic Club,away,4-2-3-1,BACK4_1STRIKER,possession,51.1667,6,51.1667,0.0,MEDIUM
Athletic Club,away,4-2-3-1,BACK4_1STRIKER,total_shots,9.1667,6,9.1667,0.0,MEDIUM
Athletic Club,away,4-2-3-1,BACK4_1STRIKER,touches_in_box,21.6667,6,21.6667,0.0,MEDIUM
Athletic Club,home,4-2-3-1,BACK4_1STRIKER,blocked_shots,3.5,6,3.5,0.0,MEDIUM
Athletic Club,home,4-2-3-1,BACK4_1STRIKER,clearances,24.6667,6,24.6667,0.0,MEDIUM
Athletic Club,home,4-2-3-1,BACK4_1STRIKER,corners,3.8333,6,3.8333,0.0,MEDIUM
Athletic Club,home,4-2-3-1,BACK4_1STRIKER,crosses,2.6667,6,2.6667,0.0,MEDIUM
Athletic Club,home,4-2-3-1,BACK4_1STRIKER,possession,48.8333,6,48.8333,0.0,MEDIUM
Athletic Club,home,4-2-3-1,BACK4_1STRIKER,total_shots,10.8333,6,10.8333,0.0,MEDIUM
Athletic Club,home,4-2-3-1,BACK4_1STRIKER,touches_in_box,20.5,6,20.5,0.0,MEDIUM
Atlético Madrid,away,3-4-2-1,BACK3_WINGBACK,blocked_shots,3.0,1,2.625,0.375,LOW
Atlético Madrid,away,3-4-2-1,BACK3_WINGBACK,clearances,24.0,1,23.875,0.125,LOW
Atlético Madrid,away,3-4-2-1,BACK3_WINGBACK,corners,2.0,1,4.25,-2.25,LOW
Atlético Madrid,away,3-4-2-1,BACK3_WINGBACK,crosses,3.0,1,4.0,-1.0,LOW
Atlético Madrid,away,3-4-2-1,BACK3_WINGBACK,possession,47.0,1,48.75,-1.75,LOW
Atlético Madrid,away,3-4-2-1,BACK3_WINGBACK,total_shots,9.0,1,10.875,-1.875,LOW
Atlético Madrid,away,3-4-2-1,BACK3_WINGBACK,touches_in_box,15.0,1,21.25,-6.25,LOW
Atlético Madrid,away,4-3-3,BACK4_1STRIKER,blocked_shots,1.0,1,2.625,-1.625,LOW
Atlético Madrid,away,4-3-3,BACK4_1STRIKER,clearances,32.0,1,23.875,8.125,LOW
Atlético Madrid,away,4-3-3,BACK4_1STRIKER,corners,5.0,1,4.25,0.75,LOW
Atlético Madrid,away,4-3-3,BACK4_1STRIKER,crosses,1.0,1,4.0,-3.0,LOW
Atlético Madrid,away,4-3-3,BACK4_1STRIKER,possession,43.0,1,48.75,-5.75,LOW
Atlético Madrid,away,4-3-3,BACK4_1STRIKER,total_shots,9.0,1,10.875,-1.875,LOW
Atlético Madrid,away,4-3-3,BACK4_1STRIKER,touches_in_box,23.0,1,21.25,1.75,LOW
Atlético Madrid,away,4-4-2,BACK4_2STRIKER,blocked_shots,2.6,5,2.625,-0.025,MEDIUM
Atlético Madrid,away,4-4-2,BACK4_2STRIKER,clearances,23.6,5,23.875,-0.275,MEDIUM
Atlético Madrid,away,4-4-2,BACK4_2STRIKER,corners,4.0,5,4.25,-0.25,MEDIUM
Atlético Madrid,away,4-4-2,BACK4_2STRIKER,crosses,4.4,5,4.0,0.4,MEDIUM
Atlético Madrid,away,4-4-2,BACK4_2STRIKER,possession,50.6,5,48.75,1.85,MEDIUM
Atlético Madrid,away,4-4-2,BACK4_2STRIKER,total_shots,9.8,5,10.875,-1.075,MEDIUM
Atlético Madrid,away,4-4-2,BACK4_2STRIKER,touches_in_box,21.2,5,21.25,-0.05,MEDIUM
Atlético Madrid,away,4-5-1,BACK4_1STRIKER,blocked_shots,4.0,1,2.625,1.375,LOW
Atlético Madrid,away,4-5-1,BACK4_1STRIKER,clearances,17.0,1,23.875,-6.875,LOW
Atlético Madrid,away,4-5-1,BACK4_1STRIKER,corners,7.0,1,4.25,2.75,LOW
Atlético Madrid,away,4-5-1,BACK4_1STRIKER,crosses,6.0,1,4.0,2.0,LOW
Atlético Madrid,away,4-5-1,BACK4_1STRIKER,possession,47.0,1,48.75,-1.75,LOW
Atlético Madrid,away,4-5-1,BACK4_1STRIKER,total_shots,20.0,1,10.875,9.125,LOW
Atlético Madrid,away,4-5-1,BACK4_1STRIKER,touches_in_box,26.0,1,21.25,4.75,LOW
Atlético Madrid,home,4-4-2,BACK4_2STRIKER,blocked_shots,2.8,5,2.8,0.0,MEDIUM
Atlético Madrid,home,4-4-2,BACK4_2STRIKER,clearances,15.0,5,15.0,0.0,MEDIUM
Atlético Madrid,home,4-4-2,BACK4_2STRIKER,corners,4.6,5,4.6,0.0,MEDIUM
Atlético Madrid,home,4-4-2,BACK4_2STRIKER,crosses,4.4,5,4.4,0.0,MEDIUM
Atlético Madrid,home,4-4-2,BACK4_2STRIKER,possession,46.4,5,46.4,0.0,MEDIUM
Atlético Madrid,home,4-4-2,BACK4_2STRIKER,total_shots,10.8,5,10.8,0.0,MEDIUM
Atlético Madrid,home,4-4-2,BACK4_2STRIKER,touches_in_box,23.6,5,23.6,0.0,MEDIUM
Auxerre,away,3-4-3,BACK3_WINGBACK,blocked_shots,1.0,1,3.6667,-2.6667,LOW
Auxerre,away,3-4-3,BACK3_WINGBACK,clearances,26.0,1,22.1667,3.8333,LOW
Auxerre,away,3-4-3,BACK3_WINGBACK,corners,3.0,1,4.0,-1.0,LOW
Auxerre,away,3-4-3,BACK3_WINGBACK,crosses,4.0,1,3.3333,0.6667,LOW
Auxerre,away,3-4-3,BACK3_WINGBACK,possession,40.0,1,39.6667,0.3333,LOW
Auxerre,away,3-4-3,BACK3_WINGBACK,total_shots,14.0,1,12.1667,1.8333,LOW
Auxerre,away,3-4-3,BACK3_WINGBACK,touches_in_box,16.0,1,18.6667,-2.6667,LOW
Auxerre,away,4-2-3-1,BACK4_1STRIKER,blocked_shots,3.0,1,3.6667,-0.6667,LOW
Auxerre,away,4-2-3-1,BACK4_1STRIKER,clearances,37.0,1,22.1667,14.8333,LOW
Auxerre,away,4-2-3-1,BACK4_1STRIKER,corners,3.0,1,4.0,-1.0,LOW
Auxerre,away,4-2-3-1,BACK4_1STRIKER,crosses,1.0,1,3.3333,-2.3333,LOW
Auxerre,away,4-2-3-1,BACK4_1STRIKER,possession,31.0,1,39.6667,-8.6667,LOW
Auxerre,away,4-2-3-1,BACK4_1STRIKER,total_shots,12.0,1,12.1667,-0.1667,LOW
Auxerre,away,4-2-3-1,BACK4_1STRIKER,touches_in_box,13.0,1,18.6667,-5.6667,LOW
Auxerre,away,4-3-3,BACK4_1STRIKER,blocked_shots,4.5,2,3.6667,0.8333,LOW
Auxerre,away,4-3-3,BACK4_1STRIKER,clearances,20.0,2,22.1667,-2.1667,LOW
Auxerre,away,4-3-3,BACK4_1STRIKER,corners,3.0,2,4.0,-1.0,LOW
Auxerre,away,4-3-3,BACK4_1STRIKER,crosses,3.5,2,3.3333,0.1667,LOW
Auxerre,away,4-3-3,BACK4_1STRIKER,possession,41.5,2,39.6667,1.8333,LOW
Auxerre,away,4-3-3,BACK4_1STRIKER,total_shots,12.5,2,12.1667,0.3333,LOW
Auxerre,away,4-3-3,BACK4_1STRIKER,touches_in_box,21.0,2,18.6667,2.3333,LOW
Auxerre,away,4-4-2,BACK4_2STRIKER,blocked_shots,4.0,1,3.6667,0.3333,LOW
Auxerre,away,4-4-2,BACK4_2STRIKER,clearances,22.0,1,22.1667,-0.1667,LOW
Auxerre,away,4-4-2,BACK4_2STRIKER,corners,7.0,1,4.0,3.0,LOW
Auxerre,away,4-4-2,BACK4_2STRIKER,crosses,4.0,1,3.3333,0.6667,LOW
Auxerre,away,4-4-2,BACK4_2STRIKER,possession,50.0,1,39.6667,10.3333,LOW
Auxerre,away,4-4-2,BACK4_2STRIKER,total_shots,10.0,1,12.1667,-2.1667,LOW
Auxerre,away,4-4-2,BACK4_2STRIKER,touches_in_box,21.0,1,18.6667,2.3333,LOW
Auxerre,away,5-4-1,BACK5_DEFENSIVE,blocked_shots,5.0,1,3.6667,1.3333,LOW
Auxerre,away,5-4-1,BACK5_DEFENSIVE,clearances,8.0,1,22.1667,-14.1667,LOW
Auxerre,away,5-4-1,BACK5_DEFENSIVE,corners,5.0,1,4.0,1.0,LOW
Auxerre,away,5-4-1,BACK5_DEFENSIVE,crosses,4.0,1,3.3333,0.6667,LOW
Auxerre,away,5-4-1,BACK5_DEFENSIVE,possession,34.0,1,39.6667,-5.6667,LOW
Auxerre,away,5-4-1,BACK5_DEFENSIVE,total_shots,12.0,1,12.1667,-0.1667,LOW
Auxerre,away,5-4-1,BACK5_DEFENSIVE,touches_in_box,20.0,1,18.6667,1.3333,LOW
Auxerre,home,3-4-2-1,BACK3_WINGBACK,blocked_shots,3.0,2,2.0,1.0,LOW
Auxerre,home,3-4-2-1,BACK3_WINGBACK,clearances,30.0,2,28.0,2.0,LOW
Auxerre,home,3-4-2-1,BACK3_WINGBACK,corners,5.0,2,3.3333,1.6667,LOW
Auxerre,home,3-4-2-1,BACK3_WINGBACK,crosses,3.0,2,3.0,0.0,LOW
Auxerre,home,3-4-2-1,BACK3_WINGBACK,possession,40.5,2,42.6667,-2.1667,LOW
Auxerre,home,3-4-2-1,BACK3_WINGBACK,total_shots,12.0,2,9.3333,2.6667,LOW
Auxerre,home,3-4-2-1,BACK3_WINGBACK,touches_in_box,28.5,2,21.6667,6.8333,LOW
Auxerre,home,5-4-1,BACK5_DEFENSIVE,blocked_shots,0.0,1,2.0,-2.0,LOW
Auxerre,home,5-4-1,BACK5_DEFENSIVE,clearances,24.0,1,28.0,-4.0,LOW
Auxerre,home,5-4-1,BACK5_DEFENSIVE,corners,0.0,1,3.3333,-3.3333,LOW
Auxerre,home,5-4-1,BACK5_DEFENSIVE,crosses,3.0,1,3.0,0.0,LOW
Auxerre,home,5-4-1,BACK5_DEFENSIVE,possession,47.0,1,42.6667,4.3333,LOW
Auxerre,home,5-4-1,BACK5_DEFENSIVE,total_shots,4.0,1,9.3333,-5.3333,LOW
Auxerre,home,5-4-1,BACK5_DEFENSIVE,touches_in_box,8.0,1,21.6667,-13.6667,LOW
Barcelona,away,4-2-3-1,BACK4_1STRIKER,blocked_shots,5.0,7,4.2222,0.7778,MEDIUM
Barcelona,away,4-2-3-1,BACK4_1STRIKER,clearances,19.0,7,18.8889,0.1111,MEDIUM
Barcelona,away,4-2-3-1,BACK4_1STRIKER,corners,7.5714,7,7.2222,0.3492,MEDIUM
Barcelona,away,4-2-3-1,BACK4_1STRIKER,crosses,4.4286,7,4.2222,0.2063,MEDIUM
Barcelona,away,4-2-3-1,BACK4_1STRIKER,possession,70.7143,7,70.2222,0.4921,MEDIUM
Barcelona,away,4-2-3-1,BACK4_1STRIKER,total_shots,18.5714,7,16.7778,1.7937,MEDIUM
Barcelona,away,4-2-3-1,BACK4_1STRIKER,touches_in_box,37.7143,7,34.4444,3.2698,MEDIUM
Barcelona,away,4-3-3,BACK4_1STRIKER,blocked_shots,1.5,2,4.2222,-2.7222,LOW
Barcelona,away,4-3-3,BACK4_1STRIKER,clearances,18.5,2,18.8889,-0.3889,LOW
Barcelona,away,4-3-3,BACK4_1STRIKER,corners,6.0,2,7.2222,-1.2222,LOW
Barcelona,away,4-3-3,BACK4_1STRIKER,crosses,3.5,2,4.2222,-0.7222,LOW
Barcelona,away,4-3-3,BACK4_1STRIKER,possession,68.5,2,70.2222,-1.7222,LOW
Barcelona,away,4-3-3,BACK4_1STRIKER,total_shots,10.5,2,16.7778,-6.2778,LOW
Barcelona,away,4-3-3,BACK4_1STRIKER,touches_in_box,23.0,2,34.4444,-11.4444,LOW
Barcelona,home,4-2-3-1,BACK4_1STRIKER,blocked_shots,3.0,1,3.25,-0.25,LOW
Barcelona,home,4-2-3-1,BACK4_1STRIKER,clearances,18.0,1,12.75,5.25,LOW
Barcelona,home,4-2-3-1,BACK4_1STRIKER,corners,4.0,1,5.25,-1.25,LOW
Barcelona,home,4-2-3-1,BACK4_1STRIKER,crosses,3.0,1,3.75,-0.75,LOW
Barcelona,home,4-2-3-1,BACK4_1STRIKER,possession,60.0,1,69.0,-9.0,LOW
Barcelona,home,4-2-3-1,BACK4_1STRIKER,total_shots,14.0,1,18.5,-4.5,LOW
Barcelona,home,4-2-3-1,BACK4_1STRIKER,touches_in_box,37.0,1,38.75,-1.75,LOW
Barcelona,home,4-3-3,BACK4_1STRIKER,blocked_shots,3.3333,3,3.25,0.0833,LOW
Barcelona,home,4-3-3,BACK4_1STRIKER,clearances,11.0,3,12.75,-1.75,LOW
Barcelona,home,4-3-3,BACK4_1STRIKER,corners,5.6667,3,5.25,0.4167,LOW
Barcelona,home,4-3-3,BACK4_1STRIKER,crosses,4.0,3,3.75,0.25,LOW
Barcelona,home,4-3-3,BACK4_1STRIKER,possession,72.0,3,69.0,3.0,LOW
Barcelona,home,4-3-3,BACK4_1STRIKER,total_shots,20.0,3,18.5,1.5,LOW
Barcelona,home,4-3-3,BACK4_1STRIKER,touches_in_box,39.3333,3,38.75,0.5833,LOW
Bastia,away,3-1-4-2,BACK3_OTHER,blocked_shots,0.0,1,2.1429,-2.1429,LOW
Bastia,away,3-1-4-2,BACK3_OTHER,clearances,34.0,1,32.7143,1.2857,LOW
Bastia,away,3-1-4-2,BACK3_OTHER,corners,2.0,1,5.1429,-3.1429,LOW
Bastia,away,3-1-4-2,BACK3_OTHER,crosses,1.0,1,3.4286,-2.4286,LOW
Bastia,away,3-1-4-2,BACK3_OTHER,possession,46.0,1,45.5714,0.4286,LOW
Bastia,away,3-1-4-2,BACK3_OTHER,total_shots,3.0,1,9.5714,-6.5714,LOW
Bastia,away,3-1-4-2,BACK3_OTHER,touches_in_box,11.0,1,17.4286,-6.4286,LOW
Bastia,away,3-4-1-2,BACK3_WINGBACK,blocked_shots,1.0,1,2.1429,-1.1429,LOW
Bastia,away,3-4-1-2,BACK3_WINGBACK,clearances,35.0,1,32.7143,2.2857,LOW
Bastia,away,3-4-1-2,BACK3_WINGBACK,corners,2.0,1,5.1429,-3.1429,LOW
Bastia,away,3-4-1-2,BACK3_WINGBACK,crosses,3.0,1,3.4286,-0.4286,LOW
Bastia,away,3-4-1-2,BACK3_WINGBACK,possession,39.0,1,45.5714,-6.5714,LOW
Bastia,away,3-4-1-2,BACK3_WINGBACK,total_shots,12.0,1,9.5714,2.4286,LOW
Bastia,away,3-4-1-2,BACK3_WINGBACK,touches_in_box,18.0,1,17.4286,0.5714,LOW
Bastia,away,4-2-3-1,BACK4_1STRIKER,blocked_shots,3.0,3,2.1429,0.8571,LOW
Bastia,away,4-2-3-1,BACK4_1STRIKER,clearances,29.3333,3,32.7143,-3.381,LOW
Bastia,away,4-2-3-1,BACK4_1STRIKER,corners,7.0,3,5.1429,1.8571,LOW
Bastia,away,4-2-3-1,BACK4_1STRIKER,crosses,4.3333,3,3.4286,0.9048,LOW
Bastia,away,4-2-3-1,BACK4_1STRIKER,possession,49.0,3,45.5714,3.4286,LOW
Bastia,away,4-2-3-1,BACK4_1STRIKER,total_shots,11.3333,3,9.5714,1.7619,LOW
Bastia,away,4-2-3-1,BACK4_1STRIKER,touches_in_box,21.6667,3,17.4286,4.2381,LOW
Bastia,away,5-4-1,BACK5_DEFENSIVE,blocked_shots,2.5,2,2.1429,0.3571,LOW
Bastia,away,5-4-1,BACK5_DEFENSIVE,clearances,36.0,2,32.7143,3.2857,LOW
Bastia,away,5-4-1,BACK5_DEFENSIVE,corners,5.5,2,5.1429,0.3571,LOW
Bastia,away,5-4-1,BACK5_DEFENSIVE,crosses,3.5,2,3.4286,0.0714,LOW
Bastia,away,5-4-1,BACK5_DEFENSIVE,possession,43.5,2,45.5714,-2.0714,LOW
Bastia,away,5-4-1,BACK5_DEFENSIVE,total_shots,9.0,2,9.5714,-0.5714,LOW
Bastia,away,5-4-1,BACK5_DEFENSIVE,touches_in_box,14.0,2,17.4286,-3.4286,LOW
Bastia,home,3-1-4-2,BACK3_OTHER,blocked_shots,1.0,1,5.1111,-4.1111,LOW
Bastia,home,3-1-4-2,BACK3_OTHER,clearances,32.0,1,20.8889,11.1111,LOW
Bastia,home,3-1-4-2,BACK3_OTHER,corners,6.0,1,5.6667,0.3333,LOW
Bastia,home,3-1-4-2,BACK3_OTHER,crosses,4.0,1,4.2222,-0.2222,LOW
Bastia,home,3-1-4-2,BACK3_OTHER,possession,66.0,1,58.3333,7.6667,LOW
Bastia,home,3-1-4-2,BACK3_OTHER,total_shots,9.0,1,15.1111,-6.1111,LOW
Bastia,home,3-1-4-2,BACK3_OTHER,touches_in_box,20.0,1,23.3333,-3.3333,LOW
Bastia,home,3-4-1-2,BACK3_WINGBACK,blocked_shots,5.0,1,5.1111,-0.1111,LOW
Bastia,home,3-4-1-2,BACK3_WINGBACK,clearances,12.0,1,20.8889,-8.8889,LOW
Bastia,home,3-4-1-2,BACK3_WINGBACK,corners,11.0,1,5.6667,5.3333,LOW
Bastia,home,3-4-1-2,BACK3_WINGBACK,crosses,6.0,1,4.2222,1.7778,LOW
Bastia,home,3-4-1-2,BACK3_WINGBACK,possession,60.0,1,58.3333,1.6667,LOW
Bastia,home,3-4-1-2,BACK3_WINGBACK,total_shots,17.0,1,15.1111,1.8889,LOW
Bastia,home,3-4-1-2,BACK3_WINGBACK,touches_in_box,24.0,1,23.3333,0.6667,LOW
Bastia,home,4-2-2-2,BACK4_2STRIKER,blocked_shots,5.0,1,5.1111,-0.1111,LOW
Bastia,home,4-2-2-2,BACK4_2STRIKER,clearances,13.0,1,20.8889,-7.8889,LOW
Bastia,home,4-2-2-2,BACK4_2STRIKER,corners,6.0,1,5.6667,0.3333,LOW
Bastia,home,4-2-2-2,BACK4_2STRIKER,crosses,3.0,1,4.2222,-1.2222,LOW
Bastia,home,4-2-2-2,BACK4_2STRIKER,possession,56.0,1,58.3333,-2.3333,LOW
Bastia,home,4-2-2-2,BACK4_2STRIKER,total_shots,15.0,1,15.1111,-0.1111,LOW
Bastia,home,4-2-2-2,BACK4_2STRIKER,touches_in_box,22.0,1,23.3333,-1.3333,LOW
Bastia,home,4-2-3-1,BACK4_1STRIKER,blocked_shots,5.8333,6,5.1111,0.7222,MEDIUM
Bastia,home,4-2-3-1,BACK4_1STRIKER,clearances,21.8333,6,20.8889,0.9444,MEDIUM
Bastia,home,4-2-3-1,BACK4_1STRIKER,corners,4.6667,6,5.6667,-1.0,MEDIUM
Bastia,home,4-2-3-1,BACK4_1STRIKER,crosses,4.1667,6,4.2222,-0.0556,MEDIUM
Bastia,home,4-2-3-1,BACK4_1STRIKER,possession,57.1667,6,58.3333,-1.1667,MEDIUM
Bastia,home,4-2-3-1,BACK4_1STRIKER,total_shots,15.8333,6,15.1111,0.7222,MEDIUM
Bastia,home,4-2-3-1,BACK4_1STRIKER,touches_in_box,24.0,6,23.3333,0.6667,MEDIUM
Birmingham City,away,4-2-3-1,BACK4_1STRIKER,blocked_shots,2.3333,3,2.25,0.0833,LOW
Birmingham City,away,4-2-3-1,BACK4_1STRIKER,clearances,32.3333,3,33.5,-1.1667,LOW
Birmingham City,away,4-2-3-1,BACK4_1STRIKER,corners,3.6667,3,4.0,-0.3333,LOW
Birmingham City,away,4-2-3-1,BACK4_1STRIKER,crosses,1.3333,3,2.0,-0.6667,LOW
Birmingham City,away,4-2-3-1,BACK4_1STRIKER,possession,56.6667,3,57.25,-0.5833,LOW
Birmingham City,away,4-2-3-1,BACK4_1STRIKER,total_shots,5.0,3,5.75,-0.75,LOW
Birmingham City,away,4-2-3-1,BACK4_1STRIKER,touches_in_box,10.0,3,11.75,-1.75,LOW
Birmingham City,away,4-4-1-1,BACK4_1STRIKER,blocked_shots,2.0,1,2.25,-0.25,LOW
Birmingham City,away,4-4-1-1,BACK4_1STRIKER,clearances,37.0,1,33.5,3.5,LOW
Birmingham City,away,4-4-1-1,BACK4_1STRIKER,corners,5.0,1,4.0,1.0,LOW
Birmingham City,away,4-4-1-1,BACK4_1STRIKER,crosses,4.0,1,2.0,2.0,LOW
Birmingham City,away,4-4-1-1,BACK4_1STRIKER,possession,59.0,1,57.25,1.75,LOW
Birmingham City,away,4-4-1-1,BACK4_1STRIKER,total_shots,8.0,1,5.75,2.25,LOW
Birmingham City,away,4-4-1-1,BACK4_1STRIKER,touches_in_box,17.0,1,11.75,5.25,LOW
Birmingham City,home,4-2-3-1,BACK4_1STRIKER,blocked_shots,6.5,4,6.5,0.0,LOW
Birmingham City,home,4-2-3-1,BACK4_1STRIKER,clearances,36.0,4,36.0,0.0,LOW
Birmingham City,home,4-2-3-1,BACK4_1STRIKER,corners,5.25,4,5.25,0.0,LOW
Birmingham City,home,4-2-3-1,BACK4_1STRIKER,crosses,2.5,4,2.5,0.0,LOW
Birmingham City,home,4-2-3-1,BACK4_1STRIKER,possession,46.25,4,46.25,0.0,LOW
Birmingham City,home,4-2-3-1,BACK4_1STRIKER,total_shots,16.0,4,16.0,0.0,LOW
Birmingham City,home,4-2-3-1,BACK4_1STRIKER,touches_in_box,20.5,4,20.5,0.0,LOW
Blackburn Rovers,away,3-1-4-2,BACK3_OTHER,blocked_shots,7.0,1,2.8889,4.1111,LOW
Blackburn Rovers,away,3-1-4-2,BACK3_OTHER,clearances,22.0,1,29.2222,-7.2222,LOW
Blackburn Rovers,away,3-1-4-2,BACK3_OTHER,corners,6.0,1,4.0,2.0,LOW
Blackburn Rovers,away,3-1-4-2,BACK3_OTHER,crosses,2.0,1,2.1111,-0.1111,LOW
Blackburn Rovers,away,3-1-4-2,BACK3_OTHER,possession,52.0,1,46.0,6.0,LOW
Blackburn Rovers,away,3-1-4-2,BACK3_OTHER,total_shots,10.0,1,8.6667,1.3333,LOW
Blackburn Rovers,away,3-1-4-2,BACK3_OTHER,touches_in_box,16.0,1,11.8333,4.1667,LOW
Blackburn Rovers,away,3-4-1-2,BACK3_WINGBACK,blocked_shots,3.0,1,2.8889,0.1111,LOW
Blackburn Rovers,away,3-4-1-2,BACK3_WINGBACK,clearances,36.0,1,29.2222,6.7778,LOW
Blackburn Rovers,away,3-4-1-2,BACK3_WINGBACK,corners,6.0,1,4.0,2.0,LOW
Blackburn Rovers,away,3-4-1-2,BACK3_WINGBACK,crosses,5.0,1,2.1111,2.8889,LOW
Blackburn Rovers,away,3-4-1-2,BACK3_WINGBACK,possession,46.0,1,46.0,0.0,LOW
Blackburn Rovers,away,3-4-1-2,BACK3_WINGBACK,total_shots,11.0,1,8.6667,2.3333,LOW
Blackburn Rovers,away,3-4-1-2,BACK3_WINGBACK,touches_in_box,18.0,1,11.8333,6.1667,LOW
Blackburn Rovers,away,3-4-2-1,BACK3_WINGBACK,blocked_shots,2.0,1,2.8889,-0.8889,LOW
Blackburn Rovers,away,3-4-2-1,BACK3_WINGBACK,clearances,29.0,1,29.2222,-0.2222,LOW
Blackburn Rovers,away,3-4-2-1,BACK3_WINGBACK,corners,3.0,1,4.0,-1.0,LOW
Blackburn Rovers,away,3-4-2-1,BACK3_WINGBACK,crosses,1.0,1,2.1111,-1.1111,LOW
Blackburn Rovers,away,3-4-2-1,BACK3_WINGBACK,possession,36.0,1,46.0,-10.0,LOW
Blackburn Rovers,away,3-4-2-1,BACK3_WINGBACK,total_shots,6.0,1,8.6667,-2.6667,LOW
Blackburn Rovers,away,4-2-3-1,BACK4_1STRIKER,blocked_shots,2.3333,6,2.8889,-0.5556,MEDIUM
Blackburn Rovers,away,4-2-3-1,BACK4_1STRIKER,clearances,29.3333,6,29.2222,0.1111,MEDIUM
Blackburn Rovers,away,4-2-3-1,BACK4_1STRIKER,corners,3.5,6,4.0,-0.5,MEDIUM
Blackburn Rovers,away,4-2-3-1,BACK4_1STRIKER,crosses,1.8333,6,2.1111,-0.2778,MEDIUM
Blackburn Rovers,away,4-2-3-1,BACK4_1STRIKER,possession,46.6667,6,46.0,0.6667,MEDIUM
Blackburn Rovers,away,4-2-3-1,BACK4_1STRIKER,total_shots,8.5,6,8.6667,-0.1667,MEDIUM
Blackburn Rovers,away,4-2-3-1,BACK4_1STRIKER,touches_in_box,9.25,4,11.8333,-2.5833,LOW
Blackburn Rovers,home,3-4-1-2,BACK3_WINGBACK,blocked_shots,5.0,1,2.8571,2.1429,LOW
Blackburn Rovers,home,3-4-1-2,BACK3_WINGBACK,clearances,39.0,1,34.5714,4.4286,LOW
Blackburn Rovers,home,3-4-1-2,BACK3_WINGBACK,corners,9.0,1,4.2857,4.7143,LOW
Blackburn Rovers,home,3-4-1-2,BACK3_WINGBACK,crosses,6.0,1,6.4286,-0.4286,LOW
Blackburn Rovers,home,3-4-1-2,BACK3_WINGBACK,possession,45.0,1,40.8571,4.1429,LOW
Blackburn Rovers,home,3-4-1-2,BACK3_WINGBACK,total_shots,14.0,1,10.2857,3.7143,LOW
Blackburn Rovers,home,3-4-1-2,BACK3_WINGBACK,touches_in_box,18.0,1,20.5714,-2.5714,LOW
Blackburn Rovers,home,3-4-2-1,BACK3_WINGBACK,blocked_shots,3.0,2,2.8571,0.1429,LOW
Blackburn Rovers,home,3-4-2-1,BACK3_WINGBACK,clearances,35.5,2,34.5714,0.9286,LOW
Blackburn Rovers,home,3-4-2-1,BACK3_WINGBACK,corners,3.5,2,4.2857,-0.7857,LOW
Blackburn Rovers,home,3-4-2-1,BACK3_WINGBACK,crosses,6.0,2,6.4286,-0.4286,LOW
Blackburn Rovers,home,3-4-2-1,BACK3_WINGBACK,possession,36.5,2,40.8571,-4.3571,LOW
Blackburn Rovers,home,3-4-2-1,BACK3_WINGBACK,total_shots,8.5,2,10.2857,-1.7857,LOW
Blackburn Rovers,home,3-4-2-1,BACK3_WINGBACK,touches_in_box,18.0,2,20.5714,-2.5714,LOW
Blackburn Rovers,home,4-2-3-1,BACK4_1STRIKER,blocked_shots,2.25,4,2.8571,-0.6071,LOW
Blackburn Rovers,home,4-2-3-1,BACK4_1STRIKER,clearances,33.0,4,34.5714,-1.5714,LOW
Blackburn Rovers,home,4-2-3-1,BACK4_1STRIKER,corners,3.5,4,4.2857,-0.7857,LOW
Blackburn Rovers,home,4-2-3-1,BACK4_1STRIKER,crosses,6.75,4,6.4286,0.3214,LOW
Blackburn Rovers,home,4-2-3-1,BACK4_1STRIKER,possession,42.0,4,40.8571,1.1429,LOW
Blackburn Rovers,home,4-2-3-1,BACK4_1STRIKER,total_shots,10.25,4,10.2857,-0.0357,LOW
Blackburn Rovers,home,4-2-3-1,BACK4_1STRIKER,touches_in_box,22.5,4,20.5714,1.9286,LOW
Bournemouth,away,4-2-3-1,BACK4_1STRIKER,blocked_shots,5.75,4,5.75,0.0,LOW
Bournemouth,away,4-2-3-1,BACK4_1STRIKER,clearances,31.25,4,31.25,0.0,LOW
Bournemouth,away,4-2-3-1,BACK4_1STRIKER,corners,7.25,4,7.25,0.0,LOW
Bournemouth,away,4-2-3-1,BACK4_1STRIKER,crosses,3.25,4,3.25,0.0,LOW
Bournemouth,away,4-2-3-1,BACK4_1STRIKER,possession,53.0,4,53.0,0.0,LOW
Bournemouth,away,4-2-3-1,BACK4_1STRIKER,total_shots,15.25,4,15.25,0.0,LOW
Bournemouth,away,4-2-3-1,BACK4_1STRIKER,touches_in_box,25.75,4,25.75,0.0,LOW
Bournemouth,home,4-1-4-1,BACK4_1STRIKER,blocked_shots,5.0,1,5.4444,-0.4444,LOW
Bournemouth,home,4-1-4-1,BACK4_1STRIKER,clearances,32.0,1,27.5556,4.4444,LOW
Bournemouth,home,4-1-4-1,BACK4_1STRIKER,corners,8.0,1,7.8889,0.1111,LOW
Bournemouth,home,4-1-4-1,BACK4_1STRIKER,crosses,3.0,1,5.3333,-2.3333,LOW
Bournemouth,home,4-1-4-1,BACK4_1STRIKER,possession,59.0,1,50.8889,8.1111,LOW
Bournemouth,home,4-1-4-1,BACK4_1STRIKER,total_shots,14.0,1,16.0,-2.0,LOW
Bournemouth,home,4-1-4-1,BACK4_1STRIKER,touches_in_box,30.0,1,30.4444,-0.4444,LOW
Bournemouth,home,4-2-3-1,BACK4_1STRIKER,blocked_shots,5.5,8,5.4444,0.0556,MEDIUM
Bournemouth,home,4-2-3-1,BACK4_1STRIKER,clearances,27.0,8,27.5556,-0.5556,MEDIUM
Bournemouth,home,4-2-3-1,BACK4_1STRIKER,corners,7.875,8,7.8889,-0.0139,MEDIUM
Bournemouth,home,4-2-3-1,BACK4_1STRIKER,crosses,5.625,8,5.3333,0.2917,MEDIUM
Bournemouth,home,4-2-3-1,BACK4_1STRIKER,possession,49.875,8,50.8889,-1.0139,MEDIUM
Bournemouth,home,4-2-3-1,BACK4_1STRIKER,total_shots,16.25,8,16.0,0.25,MEDIUM
Bournemouth,home,4-2-3-1,BACK4_1STRIKER,touches_in_box,30.5,8,30.4444,0.0556,MEDIUM
Brentford,away,3-5-2,BACK3_WINGBACK,blocked_shots,2.0,1,2.375,-0.375,LOW
Brentford,away,3-5-2,BACK3_WINGBACK,clearances,37.0,1,27.25,9.75,LOW
Brentford,away,3-5-2,BACK3_WINGBACK,corners,5.0,1,4.5,0.5,LOW
Brentford,away,3-5-2,BACK3_WINGBACK,crosses,3.0,1,3.875,-0.875,LOW
Brentford,away,3-5-2,BACK3_WINGBACK,possession,38.0,1,48.5,-10.5,LOW
Brentford,away,3-5-2,BACK3_WINGBACK,total_shots,9.0,1,10.125,-1.125,LOW
Brentford,away,3-5-2,BACK3_WINGBACK,touches_in_box,17.0,1,23.625,-6.625,LOW
Brentford,away,4-2-3-1,BACK4_1STRIKER,blocked_shots,3.5,4,2.375,1.125,LOW
Brentford,away,4-2-3-1,BACK4_1STRIKER,clearances,26.75,4,27.25,-0.5,LOW
Brentford,away,4-2-3-1,BACK4_1STRIKER,corners,5.25,4,4.5,0.75,LOW
Brentford,away,4-2-3-1,BACK4_1STRIKER,crosses,4.5,4,3.875,0.625,LOW
Brentford,away,4-2-3-1,BACK4_1STRIKER,possession,54.75,4,48.5,6.25,LOW
Brentford,away,4-2-3-1,BACK4_1STRIKER,total_shots,10.25,4,10.125,0.125,LOW
Brentford,away,4-2-3-1,BACK4_1STRIKER,touches_in_box,24.75,4,23.625,1.125,LOW
Brentford,away,4-3-3,BACK4_1STRIKER,blocked_shots,2.0,1,2.375,-0.375,LOW
Brentford,away,4-3-3,BACK4_1STRIKER,clearances,17.0,1,27.25,-10.25,LOW
Brentford,away,4-3-3,BACK4_1STRIKER,corners,2.0,1,4.5,-2.5,LOW
Brentford,away,4-3-3,BACK4_1STRIKER,crosses,2.0,1,3.875,-1.875,LOW
Brentford,away,4-3-3,BACK4_1STRIKER,possession,49.0,1,48.5,0.5,LOW
Brentford,away,4-3-3,BACK4_1STRIKER,total_shots,20.0,1,10.125,9.875,LOW
Brentford,away,4-3-3,BACK4_1STRIKER,touches_in_box,37.0,1,23.625,13.375,LOW
Brentford,away,4-4-2,BACK4_2STRIKER,blocked_shots,0.0,1,2.375,-2.375,LOW
Brentford,away,4-4-2,BACK4_2STRIKER,clearances,35.0,1,27.25,7.75,LOW
Brentford,away,4-4-2,BACK4_2STRIKER,corners,5.0,1,4.5,0.5,LOW
Brentford,away,4-4-2,BACK4_2STRIKER,crosses,2.0,1,3.875,-1.875,LOW
Brentford,away,4-4-2,BACK4_2STRIKER,possession,36.0,1,48.5,-12.5,LOW
Brentford,away,4-4-2,BACK4_2STRIKER,total_shots,3.0,1,10.125,-7.125,LOW
Brentford,away,4-4-2,BACK4_2STRIKER,touches_in_box,16.0,1,23.625,-7.625,LOW
Brentford,away,5-3-2,BACK5_DEFENSIVE,blocked_shots,1.0,1,2.375,-1.375,LOW
Brentford,away,5-3-2,BACK5_DEFENSIVE,clearances,22.0,1,27.25,-5.25,LOW
Brentford,away,5-3-2,BACK5_DEFENSIVE,corners,3.0,1,4.5,-1.5,LOW
Brentford,away,5-3-2,BACK5_DEFENSIVE,crosses,6.0,1,3.875,2.125,LOW
Brentford,away,5-3-2,BACK5_DEFENSIVE,possession,46.0,1,48.5,-2.5,LOW
Brentford,away,5-3-2,BACK5_DEFENSIVE,total_shots,8.0,1,10.125,-2.125,LOW
Brentford,away,5-3-2,BACK5_DEFENSIVE,touches_in_box,20.0,1,23.625,-3.625,LOW
Brentford,home,4-1-4-1,BACK4_1STRIKER,blocked_shots,0.0,1,3.1667,-3.1667,LOW
Brentford,home,4-1-4-1,BACK4_1STRIKER,clearances,25.0,1,34.3333,-9.3333,LOW
Brentford,home,4-1-4-1,BACK4_1STRIKER,corners,1.0,1,3.5,-2.5,LOW
Brentford,home,4-1-4-1,BACK4_1STRIKER,crosses,7.0,1,5.1667,1.8333,LOW
Brentford,home,4-1-4-1,BACK4_1STRIKER,possession,49.0,1,45.5,3.5,LOW
Brentford,home,4-1-4-1,BACK4_1STRIKER,total_shots,10.0,1,12.1667,-2.1667,LOW
Brentford,home,4-1-4-1,BACK4_1STRIKER,touches_in_box,22.0,1,27.0,-5.0,LOW
Brentford,home,4-2-3-1,BACK4_1STRIKER,blocked_shots,3.8,5,3.1667,0.6333,MEDIUM
Brentford,home,4-2-3-1,BACK4_1STRIKER,clearances,36.2,5,34.3333,1.8667,MEDIUM
Brentford,home,4-2-3-1,BACK4_1STRIKER,corners,4.0,5,3.5,0.5,MEDIUM
Brentford,home,4-2-3-1,BACK4_1STRIKER,crosses,4.8,5,5.1667,-0.3667,MEDIUM
Brentford,home,4-2-3-1,BACK4_1STRIKER,possession,44.8,5,45.5,-0.7,MEDIUM
Brentford,home,4-2-3-1,BACK4_1STRIKER,total_shots,12.6,5,12.1667,0.4333,MEDIUM
Brentford,home,4-2-3-1,BACK4_1STRIKER,touches_in_box,28.0,5,27.0,1.0,MEDIUM
Brighton & Hove Albion,away,3-4-2-1,BACK3_WINGBACK,blocked_shots,2.0,1,2.625,-0.625,LOW
Brighton & Hove Albion,away,3-4-2-1,BACK3_WINGBACK,clearances,28.0,1,26.5,1.5,LOW
Brighton & Hove Albion,away,3-4-2-1,BACK3_WINGBACK,corners,2.0,1,3.5,-1.5,LOW
Brighton & Hove Albion,away,3-4-2-1,BACK3_WINGBACK,crosses,3.0,1,4.375,-1.375,LOW
Brighton & Hove Albion,away,3-4-2-1,BACK3_WINGBACK,possession,47.0,1,50.5,-3.5,LOW
Brighton & Hove Albion,away,3-4-2-1,BACK3_WINGBACK,total_shots,8.0,1,10.25,-2.25,LOW
Brighton & Hove Albion,away,3-4-2-1,BACK3_WINGBACK,touches_in_box,18.0,1,25.25,-7.25,LOW
Brighton & Hove Albion,away,4-1-4-1,BACK4_1STRIKER,blocked_shots,2.0,1,2.625,-0.625,LOW
Brighton & Hove Albion,away,4-1-4-1,BACK4_1STRIKER,clearances,11.0,1,26.5,-15.5,LOW
Brighton & Hove Albion,away,4-1-4-1,BACK4_1STRIKER,corners,6.0,1,3.5,2.5,LOW
Brighton & Hove Albion,away,4-1-4-1,BACK4_1STRIKER,crosses,4.0,1,4.375,-0.375,LOW
Brighton & Hove Albion,away,4-1-4-1,BACK4_1STRIKER,possession,62.0,1,50.5,11.5,LOW
Brighton & Hove Albion,away,4-1-4-1,BACK4_1STRIKER,total_shots,10.0,1,10.25,-0.25,LOW
Brighton & Hove Albion,away,4-1-4-1,BACK4_1STRIKER,touches_in_box,31.0,1,25.25,5.75,LOW
Brighton & Hove Albion,away,4-2-3-1,BACK4_1STRIKER,blocked_shots,3.5,4,2.625,0.875,LOW
Brighton & Hove Albion,away,4-2-3-1,BACK4_1STRIKER,clearances,30.75,4,26.5,4.25,LOW
Brighton & Hove Albion,away,4-2-3-1,BACK4_1STRIKER,corners,2.75,4,3.5,-0.75,LOW
Brighton & Hove Albion,away,4-2-3-1,BACK4_1STRIKER,crosses,5.0,4,4.375,0.625,LOW
Brighton & Hove Albion,away,4-2-3-1,BACK4_1STRIKER,possession,51.25,4,50.5,0.75,LOW
Brighton & Hove Albion,away,4-2-3-1,BACK4_1STRIKER,total_shots,11.25,4,10.25,1.0,LOW
Brighton & Hove Albion,away,4-2-3-1,BACK4_1STRIKER,touches_in_box,29.25,4,25.25,4.0,LOW
Brighton & Hove Albion,away,4-3-3,BACK4_1STRIKER,blocked_shots,1.0,1,2.625,-1.625,LOW
Brighton & Hove Albion,away,4-3-3,BACK4_1STRIKER,clearances,13.0,1,26.5,-13.5,LOW
Brighton & Hove Albion,away,4-3-3,BACK4_1STRIKER,corners,5.0,1,3.5,1.5,LOW
Brighton & Hove Albion,away,4-3-3,BACK4_1STRIKER,crosses,5.0,1,4.375,0.625,LOW
Brighton & Hove Albion,away,4-3-3,BACK4_1STRIKER,possession,50.0,1,50.5,-0.5,LOW
Brighton & Hove Albion,away,4-3-3,BACK4_1STRIKER,total_shots,9.0,1,10.25,-1.25,LOW
Brighton & Hove Albion,away,4-3-3,BACK4_1STRIKER,touches_in_box,24.0,1,25.25,-1.25,LOW
Brighton & Hove Albion,away,4-4-2,BACK4_2STRIKER,blocked_shots,2.0,1,2.625,-0.625,LOW
Brighton & Hove Albion,away,4-4-2,BACK4_2STRIKER,clearances,37.0,1,26.5,10.5,LOW
Brighton & Hove Albion,away,4-4-2,BACK4_2STRIKER,corners,4.0,1,3.5,0.5,LOW
Brighton & Hove Albion,away,4-4-2,BACK4_2STRIKER,crosses,3.0,1,4.375,-1.375,LOW
Brighton & Hove Albion,away,4-4-2,BACK4_2STRIKER,possession,40.0,1,50.5,-10.5,LOW
Brighton & Hove Albion,away,4-4-2,BACK4_2STRIKER,total_shots,10.0,1,10.25,-0.25,LOW
Brighton & Hove Albion,away,4-4-2,BACK4_2STRIKER,touches_in_box,12.0,1,25.25,-13.25,LOW
Brighton & Hove Albion,home,4-1-4-1,BACK4_1STRIKER,blocked_shots,5.0,1,5.1429,-0.1429,LOW
Brighton & Hove Albion,home,4-1-4-1,BACK4_1STRIKER,clearances,14.0,1,17.0,-3.0,LOW
Brighton & Hove Albion,home,4-1-4-1,BACK4_1STRIKER,corners,3.0,1,5.4286,-2.4286,LOW
Brighton & Hove Albion,home,4-1-4-1,BACK4_1STRIKER,crosses,8.0,1,4.5714,3.4286,LOW
Brighton & Hove Albion,home,4-1-4-1,BACK4_1STRIKER,possession,59.0,1,59.4286,-0.4286,LOW
Brighton & Hove Albion,home,4-1-4-1,BACK4_1STRIKER,total_shots,21.0,1,16.2857,4.7143,LOW
Brighton & Hove Albion,home,4-1-4-1,BACK4_1STRIKER,touches_in_box,47.0,1,33.2857,13.7143,LOW
Brighton & Hove Albion,home,4-2-3-1,BACK4_1STRIKER,blocked_shots,4.2,5,5.1429,-0.9429,MEDIUM
Brighton & Hove Albion,home,4-2-3-1,BACK4_1STRIKER,clearances,19.8,5,17.0,2.8,MEDIUM
Brighton & Hove Albion,home,4-2-3-1,BACK4_1STRIKER,corners,5.2,5,5.4286,-0.2286,MEDIUM
Brighton & Hove Albion,home,4-2-3-1,BACK4_1STRIKER,crosses,3.8,5,4.5714,-0.7714,MEDIUM
Brighton & Hove Albion,home,4-2-3-1,BACK4_1STRIKER,possession,57.6,5,59.4286,-1.8286,MEDIUM
Brighton & Hove Albion,home,4-2-3-1,BACK4_1STRIKER,total_shots,14.4,5,16.2857,-1.8857,MEDIUM
Brighton & Hove Albion,home,4-2-3-1,BACK4_1STRIKER,touches_in_box,29.4,5,33.2857,-3.8857,MEDIUM
Brighton & Hove Albion,home,4-4-2,BACK4_2STRIKER,blocked_shots,10.0,1,5.1429,4.8571,LOW
Brighton & Hove Albion,home,4-4-2,BACK4_2STRIKER,clearances,6.0,1,17.0,-11.0,LOW
Brighton & Hove Albion,home,4-4-2,BACK4_2STRIKER,corners,9.0,1,5.4286,3.5714,LOW
Brighton & Hove Albion,home,4-4-2,BACK4_2STRIKER,crosses,5.0,1,4.5714,0.4286,LOW
Brighton & Hove Albion,home,4-4-2,BACK4_2STRIKER,possession,69.0,1,59.4286,9.5714,LOW
Brighton & Hove Albion,home,4-4-2,BACK4_2STRIKER,total_shots,21.0,1,16.2857,4.7143,LOW
Brighton & Hove Albion,home,4-4-2,BACK4_2STRIKER,touches_in_box,39.0,1,33.2857,5.7143,LOW
Bristol City,away,3-4-1-2,BACK3_WINGBACK,blocked_shots,7.0,1,3.5,3.5,LOW
Bristol City,away,3-4-1-2,BACK3_WINGBACK,clearances,54.0,1,35.25,18.75,LOW
Bristol City,away,3-4-1-2,BACK3_WINGBACK,corners,4.0,1,4.0,0.0,LOW
Bristol City,away,3-4-1-2,BACK3_WINGBACK,crosses,3.0,1,2.5,0.5,LOW
Bristol City,away,3-4-1-2,BACK3_WINGBACK,possession,50.0,1,48.875,1.125,LOW
Bristol City,away,3-4-1-2,BACK3_WINGBACK,total_shots,15.0,1,11.125,3.875,LOW
Bristol City,away,3-4-1-2,BACK3_WINGBACK,touches_in_box,22.0,1,14.75,7.25,LOW
Bristol City,away,3-4-2-1,BACK3_WINGBACK,blocked_shots,4.5,2,3.5,1.0,LOW
Bristol City,away,3-4-2-1,BACK3_WINGBACK,clearances,18.0,2,35.25,-17.25,LOW
Bristol City,away,3-4-2-1,BACK3_WINGBACK,corners,7.5,2,4.0,3.5,LOW
Bristol City,away,3-4-2-1,BACK3_WINGBACK,crosses,3.5,2,2.5,1.0,LOW
Bristol City,away,3-4-2-1,BACK3_WINGBACK,possession,54.5,2,48.875,5.625,LOW
Bristol City,away,3-4-2-1,BACK3_WINGBACK,total_shots,14.5,2,11.125,3.375,LOW
Bristol City,away,3-4-3,BACK3_WINGBACK,blocked_shots,2.0,1,3.5,-1.5,LOW
Bristol City,away,3-4-3,BACK3_WINGBACK,clearances,53.0,1,35.25,17.75,LOW
Bristol City,away,3-4-3,BACK3_WINGBACK,corners,5.0,1,4.0,1.0,LOW
Bristol City,away,3-4-3,BACK3_WINGBACK,crosses,2.0,1,2.5,-0.5,LOW
Bristol City,away,3-4-3,BACK3_WINGBACK,possession,53.0,1,48.875,4.125,LOW
Bristol City,away,3-4-3,BACK3_WINGBACK,total_shots,6.0,1,11.125,-5.125,LOW
Bristol City,away,3-4-3,BACK3_WINGBACK,touches_in_box,16.0,1,14.75,1.25,LOW
Bristol City,away,4-2-3-1,BACK4_1STRIKER,blocked_shots,1.6667,3,3.5,-1.8333,LOW
Bristol City,away,4-2-3-1,BACK4_1STRIKER,clearances,30.6667,3,35.25,-4.5833,LOW
Bristol City,away,4-2-3-1,BACK4_1STRIKER,corners,1.6667,3,4.0,-2.3333,LOW
Bristol City,away,4-2-3-1,BACK4_1STRIKER,crosses,2.3333,3,2.5,-0.1667,LOW
Bristol City,away,4-2-3-1,BACK4_1STRIKER,possession,42.0,3,48.875,-6.875,LOW
Bristol City,away,4-2-3-1,BACK4_1STRIKER,total_shots,7.3333,3,11.125,-3.7917,LOW
Bristol City,away,4-2-3-1,BACK4_1STRIKER,touches_in_box,8.0,1,14.75,-6.75,LOW
Bristol City,away,4-3-2-1,BACK4_1STRIKER,blocked_shots,5.0,1,3.5,1.5,LOW
Bristol City,away,4-3-2-1,BACK4_1STRIKER,clearances,47.0,1,35.25,11.75,LOW
Bristol City,away,4-3-2-1,BACK4_1STRIKER,corners,3.0,1,4.0,-1.0,LOW
Bristol City,away,4-3-2-1,BACK4_1STRIKER,crosses,1.0,1,2.5,-1.5,LOW
Bristol City,away,4-3-2-1,BACK4_1STRIKER,possession,53.0,1,48.875,4.125,LOW
Bristol City,away,4-3-2-1,BACK4_1STRIKER,total_shots,17.0,1,11.125,5.875,LOW
Bristol City,away,4-3-2-1,BACK4_1STRIKER,touches_in_box,13.0,1,14.75,-1.75,LOW
Bristol City,home,3-4-1-2,BACK3_WINGBACK,blocked_shots,7.0,2,5.1,1.9,LOW
Bristol City,home,3-4-1-2,BACK3_WINGBACK,clearances,19.5,2,21.1,-1.6,LOW
Bristol City,home,3-4-1-2,BACK3_WINGBACK,corners,10.5,2,6.6,3.9,LOW
Bristol City,home,3-4-1-2,BACK3_WINGBACK,crosses,8.0,2,5.0,3.0,LOW
Bristol City,home,3-4-1-2,BACK3_WINGBACK,possession,62.5,2,55.4,7.1,LOW
Bristol City,home,3-4-1-2,BACK3_WINGBACK,total_shots,22.5,2,17.0,5.5,LOW
Bristol City,home,3-4-1-2,BACK3_WINGBACK,touches_in_box,35.0,2,29.4,5.6,LOW
Bristol City,home,3-4-2-1,BACK3_WINGBACK,blocked_shots,9.0,2,5.1,3.9,LOW
Bristol City,home,3-4-2-1,BACK3_WINGBACK,clearances,22.5,2,21.1,1.4,LOW
Bristol City,home,3-4-2-1,BACK3_WINGBACK,corners,8.0,2,6.6,1.4,LOW
Bristol City,home,3-4-2-1,BACK3_WINGBACK,crosses,7.0,2,5.0,2.0,LOW
Bristol City,home,3-4-2-1,BACK3_WINGBACK,possession,54.5,2,55.4,-0.9,LOW
Bristol City,home,3-4-2-1,BACK3_WINGBACK,total_shots,18.0,2,17.0,1.0,LOW
Bristol City,home,3-4-2-1,BACK3_WINGBACK,touches_in_box,34.5,2,29.4,5.1,LOW
Bristol City,home,3-4-3,BACK3_WINGBACK,blocked_shots,3.0,2,5.1,-2.1,LOW
Bristol City,home,3-4-3,BACK3_WINGBACK,clearances,23.5,2,21.1,2.4,LOW
Bristol City,home,3-4-3,BACK3_WINGBACK,corners,5.0,2,6.6,-1.6,LOW
Bristol City,home,3-4-3,BACK3_WINGBACK,crosses,4.5,2,5.0,-0.5,LOW
Bristol City,home,3-4-3,BACK3_WINGBACK,possession,55.5,2,55.4,0.1,LOW
Bristol City,home,3-4-3,BACK3_WINGBACK,total_shots,16.0,2,17.0,-1.0,LOW
Bristol City,home,3-4-3,BACK3_WINGBACK,touches_in_box,23.0,2,29.4,-6.4,LOW
Bristol City,home,4-2-3-1,BACK4_1STRIKER,blocked_shots,3.25,4,5.1,-1.85,LOW
Bristol City,home,4-2-3-1,BACK4_1STRIKER,clearances,20.0,4,21.1,-1.1,LOW
Bristol City,home,4-2-3-1,BACK4_1STRIKER,corners,4.75,4,6.6,-1.85,LOW
Bristol City,home,4-2-3-1,BACK4_1STRIKER,crosses,2.75,4,5.0,-2.25,LOW
Bristol City,home,4-2-3-1,BACK4_1STRIKER,possession,52.25,4,55.4,-3.15,LOW
Bristol City,home,4-2-3-1,BACK4_1STRIKER,total_shots,14.25,4,17.0,-2.75,LOW
Bristol City,home,4-2-3-1,BACK4_1STRIKER,touches_in_box,27.25,4,29.4,-2.15,LOW
Burgos Club de Fútbol,away,4-1-4-1,BACK4_1STRIKER,blocked_shots,3.0,1,2.5,0.5,LOW
Burgos Club de Fútbol,away,4-1-4-1,BACK4_1STRIKER,clearances,17.0,1,24.5,-7.5,LOW
Burgos Club de Fútbol,away,4-1-4-1,BACK4_1STRIKER,corners,8.0,1,3.2,4.8,LOW
Burgos Club de Fútbol,away,4-1-4-1,BACK4_1STRIKER,crosses,4.0,1,3.7,0.3,LOW
Burgos Club de Fútbol,away,4-1-4-1,BACK4_1STRIKER,possession,61.0,1,50.3,10.7,LOW
Burgos Club de Fútbol,away,4-1-4-1,BACK4_1STRIKER,total_shots,17.0,1,8.8,8.2,LOW
Burgos Club de Fútbol,away,4-1-4-1,BACK4_1STRIKER,touches_in_box,22.0,1,14.5,7.5,LOW
Burgos Club de Fútbol,away,4-2-3-1,BACK4_1STRIKER,blocked_shots,2.75,4,2.5,0.25,LOW
Burgos Club de Fútbol,away,4-2-3-1,BACK4_1STRIKER,clearances,22.5,4,24.5,-2.0,LOW
Burgos Club de Fútbol,away,4-2-3-1,BACK4_1STRIKER,corners,2.0,4,3.2,-1.2,LOW
Burgos Club de Fútbol,away,4-2-3-1,BACK4_1STRIKER,crosses,2.75,4,3.7,-0.95,LOW
Burgos Club de Fútbol,away,4-2-3-1,BACK4_1STRIKER,possession,52.75,4,50.3,2.45,LOW
Burgos Club de Fútbol,away,4-2-3-1,BACK4_1STRIKER,total_shots,9.0,4,8.8,0.2,LOW
Burgos Club de Fútbol,away,4-2-3-1,BACK4_1STRIKER,touches_in_box,14.25,4,14.5,-0.25,LOW
Burgos Club de Fútbol,away,4-4-2,BACK4_2STRIKER,blocked_shots,2.2,5,2.5,-0.3,MEDIUM
Burgos Club de Fútbol,away,4-4-2,BACK4_2STRIKER,clearances,27.6,5,24.5,3.1,MEDIUM
Burgos Club de Fútbol,away,4-4-2,BACK4_2STRIKER,corners,3.2,5,3.2,0.0,MEDIUM
Burgos Club de Fútbol,away,4-4-2,BACK4_2STRIKER,crosses,4.4,5,3.7,0.7,MEDIUM
Burgos Club de Fútbol,away,4-4-2,BACK4_2STRIKER,possession,46.2,5,50.3,-4.1,MEDIUM
Burgos Club de Fútbol,away,4-4-2,BACK4_2STRIKER,total_shots,7.0,5,8.8,-1.8,MEDIUM
Burgos Club de Fútbol,away,4-4-2,BACK4_2STRIKER,touches_in_box,13.2,5,14.5,-1.3,MEDIUM
Burgos Club de Fútbol,home,4-2-3-1,BACK4_1STRIKER,blocked_shots,3.0,4,3.0,0.0,LOW
Burgos Club de Fútbol,home,4-2-3-1,BACK4_1STRIKER,clearances,23.25,4,23.625,-0.375,LOW
Burgos Club de Fútbol,home,4-2-3-1,BACK4_1STRIKER,corners,3.5,4,3.5,0.0,LOW
Burgos Club de Fútbol,home,4-2-3-1,BACK4_1STRIKER,crosses,4.25,4,5.125,-0.875,LOW
Burgos Club de Fútbol,home,4-2-3-1,BACK4_1STRIKER,possession,48.5,4,49.75,-1.25,LOW
Burgos Club de Fútbol,home,4-2-3-1,BACK4_1STRIKER,total_shots,11.0,4,12.25,-1.25,LOW
Burgos Club de Fútbol,home,4-2-3-1,BACK4_1STRIKER,touches_in_box,17.5,4,19.0,-1.5,LOW
Burgos Club de Fútbol,home,4-4-2,BACK4_2STRIKER,blocked_shots,3.0,4,3.0,0.0,LOW
Burgos Club de Fútbol,home,4-4-2,BACK4_2STRIKER,clearances,24.0,4,23.625,0.375,LOW
Burgos Club de Fútbol,home,4-4-2,BACK4_2STRIKER,corners,3.5,4,3.5,0.0,LOW
Burgos Club de Fútbol,home,4-4-2,BACK4_2STRIKER,crosses,6.0,4,5.125,0.875,LOW
Burgos Club de Fútbol,home,4-4-2,BACK4_2STRIKER,possession,51.0,4,49.75,1.25,LOW
Burgos Club de Fútbol,home,4-4-2,BACK4_2STRIKER,total_shots,13.5,4,12.25,1.25,LOW
Burgos Club de Fútbol,home,4-4-2,BACK4_2STRIKER,touches_in_box,20.5,4,19.0,1.5,LOW
Burnley,away,3-4-2-1,BACK3_WINGBACK,blocked_shots,1.5,2,1.7143,-0.2143,LOW
Burnley,away,3-4-2-1,BACK3_WINGBACK,clearances,32.0,2,28.8571,3.1429,LOW
Burnley,away,3-4-2-1,BACK3_WINGBACK,corners,2.0,2,3.4286,-1.4286,LOW
Burnley,away,3-4-2-1,BACK3_WINGBACK,crosses,2.5,2,2.2857,0.2143,LOW
Burnley,away,3-4-2-1,BACK3_WINGBACK,possession,45.5,2,48.4286,-2.9286,LOW
Burnley,away,3-4-2-1,BACK3_WINGBACK,total_shots,6.5,2,9.7143,-3.2143,LOW
Burnley,away,3-4-2-1,BACK3_WINGBACK,touches_in_box,13.5,2,17.0,-3.5,LOW
Burnley,away,4-2-3-1,BACK4_1STRIKER,blocked_shots,2.3333,3,1.7143,0.619,LOW
Burnley,away,4-2-3-1,BACK4_1STRIKER,clearances,26.3333,3,28.8571,-2.5238,LOW
Burnley,away,4-2-3-1,BACK4_1STRIKER,corners,3.6667,3,3.4286,0.2381,LOW
Burnley,away,4-2-3-1,BACK4_1STRIKER,crosses,3.0,3,2.2857,0.7143,LOW
Burnley,away,4-2-3-1,BACK4_1STRIKER,possession,52.6667,3,48.4286,4.2381,LOW
Burnley,away,4-2-3-1,BACK4_1STRIKER,total_shots,12.3333,3,9.7143,2.619,LOW
Burnley,away,4-2-3-1,BACK4_1STRIKER,touches_in_box,21.0,3,17.0,4.0,LOW
Burnley,away,4-4-1-1,BACK4_1STRIKER,blocked_shots,2.0,1,1.7143,0.2857,LOW
Burnley,away,4-4-1-1,BACK4_1STRIKER,clearances,38.0,1,28.8571,9.1429,LOW
Burnley,away,4-4-1-1,BACK4_1STRIKER,corners,5.0,1,3.4286,1.5714,LOW
Burnley,away,4-4-1-1,BACK4_1STRIKER,crosses,1.0,1,2.2857,-1.2857,LOW
Burnley,away,4-4-1-1,BACK4_1STRIKER,possession,50.0,1,48.4286,1.5714,LOW
Burnley,away,4-4-1-1,BACK4_1STRIKER,total_shots,13.0,1,9.7143,3.2857,LOW
Burnley,away,4-4-1-1,BACK4_1STRIKER,touches_in_box,17.0,1,17.0,0.0,LOW
Burnley,away,5-4-1,BACK5_DEFENSIVE,blocked_shots,0.0,1,1.7143,-1.7143,LOW
Burnley,away,5-4-1,BACK5_DEFENSIVE,clearances,21.0,1,28.8571,-7.8571,LOW
Burnley,away,5-4-1,BACK5_DEFENSIVE,corners,4.0,1,3.4286,0.5714,LOW
Burnley,away,5-4-1,BACK5_DEFENSIVE,crosses,1.0,1,2.2857,-1.2857,LOW
Burnley,away,5-4-1,BACK5_DEFENSIVE,possession,40.0,1,48.4286,-8.4286,LOW
Burnley,away,5-4-1,BACK5_DEFENSIVE,total_shots,5.0,1,9.7143,-4.7143,LOW
Burnley,away,5-4-1,BACK5_DEFENSIVE,touches_in_box,12.0,1,17.0,-5.0,LOW
Burnley,home,3-4-3,BACK3_WINGBACK,blocked_shots,7.0,1,3.2667,3.7333,LOW
Burnley,home,3-4-3,BACK3_WINGBACK,clearances,39.0,1,26.0,13.0,LOW
Burnley,home,3-4-3,BACK3_WINGBACK,corners,6.0,1,5.0667,0.9333,LOW
Burnley,home,3-4-3,BACK3_WINGBACK,crosses,1.0,1,3.3333,-2.3333,LOW
Burnley,home,3-4-3,BACK3_WINGBACK,possession,54.0,1,51.1333,2.8667,LOW
Burnley,home,3-4-3,BACK3_WINGBACK,total_shots,16.0,1,11.3333,4.6667,LOW
Burnley,home,3-4-3,BACK3_WINGBACK,touches_in_box,28.0,1,21.7333,6.2667,LOW
Burnley,home,4-1-4-1,BACK4_1STRIKER,blocked_shots,3.0,1,3.2667,-0.2667,LOW
Burnley,home,4-1-4-1,BACK4_1STRIKER,clearances,15.0,1,26.0,-11.0,LOW
Burnley,home,4-1-4-1,BACK4_1STRIKER,corners,7.0,1,5.0667,1.9333,LOW
Burnley,home,4-1-4-1,BACK4_1STRIKER,crosses,7.0,1,3.3333,3.6667,LOW
Burnley,home,4-1-4-1,BACK4_1STRIKER,possession,49.0,1,51.1333,-2.1333,LOW
Burnley,home,4-1-4-1,BACK4_1STRIKER,total_shots,11.0,1,11.3333,-0.3333,LOW
Burnley,home,4-1-4-1,BACK4_1STRIKER,touches_in_box,35.0,1,21.7333,13.2667,LOW
Burnley,home,4-2-3-1,BACK4_1STRIKER,blocked_shots,3.2857,7,3.2667,0.019,MEDIUM
Burnley,home,4-2-3-1,BACK4_1STRIKER,clearances,27.8571,7,26.0,1.8571,MEDIUM
Burnley,home,4-2-3-1,BACK4_1STRIKER,corners,5.2857,7,5.0667,0.219,MEDIUM
Burnley,home,4-2-3-1,BACK4_1STRIKER,crosses,3.5714,7,3.3333,0.2381,MEDIUM
Burnley,home,4-2-3-1,BACK4_1STRIKER,possession,51.2857,7,51.1333,0.1524,MEDIUM
Burnley,home,4-2-3-1,BACK4_1STRIKER,total_shots,11.7143,7,11.3333,0.381,MEDIUM
Burnley,home,4-2-3-1,BACK4_1STRIKER,touches_in_box,20.2857,7,21.7333,-1.4476,MEDIUM
Burnley,home,4-3-3,BACK4_1STRIKER,blocked_shots,5.0,3,3.2667,1.7333,LOW
Burnley,home,4-3-3,BACK4_1STRIKER,clearances,15.6667,3,26.0,-10.3333,LOW
Burnley,home,4-3-3,BACK4_1STRIKER,corners,7.3333,3,5.0667,2.2667,LOW
Burnley,home,4-3-3,BACK4_1STRIKER,crosses,4.6667,3,3.3333,1.3333,LOW
Burnley,home,4-3-3,BACK4_1STRIKER,possession,64.0,3,51.1333,12.8667,LOW
Burnley,home,4-3-3,BACK4_1STRIKER,total_shots,15.3333,3,11.3333,4.0,LOW
Burnley,home,4-3-3,BACK4_1STRIKER,touches_in_box,32.6667,3,21.7333,10.9333,LOW
Burnley,home,4-4-2,BACK4_2STRIKER,blocked_shots,1.0,1,3.2667,-2.2667,LOW
Burnley,home,4-4-2,BACK4_2STRIKER,clearances,18.0,1,26.0,-8.0,LOW
Burnley,home,4-4-2,BACK4_2STRIKER,corners,2.0,1,5.0667,-3.0667,LOW
Burnley,home,4-4-2,BACK4_2STRIKER,crosses,2.0,1,3.3333,-1.3333,LOW
Burnley,home,4-4-2,BACK4_2STRIKER,possession,48.0,1,51.1333,-3.1333,LOW
Burnley,home,4-4-2,BACK4_2STRIKER,total_shots,9.0,1,11.3333,-2.3333,LOW
Burnley,home,4-4-2,BACK4_2STRIKER,touches_in_box,9.0,1,21.7333,-12.7333,LOW
Burnley,home,5-4-1,BACK5_DEFENSIVE,blocked_shots,0.0,2,3.2667,-3.2667,LOW
Burnley,home,5-4-1,BACK5_DEFENSIVE,clearances,38.0,2,26.0,12.0,LOW
Burnley,home,5-4-1,BACK5_DEFENSIVE,corners,1.0,2,5.0667,-4.0667,LOW
Burnley,home,5-4-1,BACK5_DEFENSIVE,crosses,0.5,2,3.3333,-2.8333,LOW
Burnley,home,5-4-1,BACK5_DEFENSIVE,possession,32.5,2,51.1333,-18.6333,LOW
Burnley,home,5-4-1,BACK5_DEFENSIVE,total_shots,3.0,2,11.3333,-8.3333,LOW
Burnley,home,5-4-1,BACK5_DEFENSIVE,touches_in_box,7.0,2,21.7333,-14.7333,LOW
CD Castellón,away,3-2-4-1,BACK3_WINGBACK,blocked_shots,2.0,1,3.1667,-1.1667,LOW
CD Castellón,away,3-2-4-1,BACK3_WINGBACK,clearances,30.0,1,23.0,7.0,LOW
CD Castellón,away,3-2-4-1,BACK3_WINGBACK,corners,1.0,1,4.6667,-3.6667,LOW
CD Castellón,away,3-2-4-1,BACK3_WINGBACK,crosses,4.0,1,4.6667,-0.6667,LOW
CD Castellón,away,3-2-4-1,BACK3_WINGBACK,possession,55.0,1,56.5,-1.5,LOW
CD Castellón,away,3-2-4-1,BACK3_WINGBACK,total_shots,13.0,1,13.6667,-0.6667,LOW
CD Castellón,away,3-2-4-1,BACK3_WINGBACK,touches_in_box,19.0,1,25.5,-6.5,LOW
CD Castellón,away,3-4-2-1,BACK3_WINGBACK,blocked_shots,4.0,1,3.1667,0.8333,LOW
CD Castellón,away,3-4-2-1,BACK3_WINGBACK,clearances,23.0,1,23.0,0.0,LOW
CD Castellón,away,3-4-2-1,BACK3_WINGBACK,corners,7.0,1,4.6667,2.3333,LOW
CD Castellón,away,3-4-2-1,BACK3_WINGBACK,crosses,1.0,1,4.6667,-3.6667,LOW
CD Castellón,away,3-4-2-1,BACK3_WINGBACK,possession,58.0,1,56.5,1.5,LOW
CD Castellón,away,3-4-2-1,BACK3_WINGBACK,total_shots,7.0,1,13.6667,-6.6667,LOW
CD Castellón,away,3-4-2-1,BACK3_WINGBACK,touches_in_box,15.0,1,25.5,-10.5,LOW
CD Castellón,away,3-4-3,BACK3_WINGBACK,blocked_shots,4.0,1,3.1667,0.8333,LOW
CD Castellón,away,3-4-3,BACK3_WINGBACK,clearances,29.0,1,23.0,6.0,LOW
CD Castellón,away,3-4-3,BACK3_WINGBACK,corners,8.0,1,4.6667,3.3333,LOW
CD Castellón,away,3-4-3,BACK3_WINGBACK,crosses,10.0,1,4.6667,5.3333,LOW
CD Castellón,away,3-4-3,BACK3_WINGBACK,possession,66.0,1,56.5,9.5,LOW
CD Castellón,away,3-4-3,BACK3_WINGBACK,total_shots,21.0,1,13.6667,7.3333,LOW
CD Castellón,away,3-4-3,BACK3_WINGBACK,touches_in_box,36.0,1,25.5,10.5,LOW
CD Castellón,away,4-2-3-1,BACK4_1STRIKER,blocked_shots,3.0,2,3.1667,-0.1667,LOW
CD Castellón,away,4-2-3-1,BACK4_1STRIKER,clearances,19.5,2,23.0,-3.5,LOW
CD Castellón,away,4-2-3-1,BACK4_1STRIKER,corners,3.5,2,4.6667,-1.1667,LOW
CD Castellón,away,4-2-3-1,BACK4_1STRIKER,crosses,5.5,2,4.6667,0.8333,LOW
CD Castellón,away,4-2-3-1,BACK4_1STRIKER,possession,50.5,2,56.5,-6.0,LOW
CD Castellón,away,4-2-3-1,BACK4_1STRIKER,total_shots,13.0,2,13.6667,-0.6667,LOW
CD Castellón,away,4-2-3-1,BACK4_1STRIKER,touches_in_box,28.0,2,25.5,2.5,LOW
CD Castellón,away,4-4-2,BACK4_2STRIKER,blocked_shots,3.0,1,3.1667,-0.1667,LOW
CD Castellón,away,4-4-2,BACK4_2STRIKER,clearances,17.0,1,23.0,-6.0,LOW
CD Castellón,away,4-4-2,BACK4_2STRIKER,corners,5.0,1,4.6667,0.3333,LOW
CD Castellón,away,4-4-2,BACK4_2STRIKER,crosses,2.0,1,4.6667,-2.6667,LOW
CD Castellón,away,4-4-2,BACK4_2STRIKER,possession,59.0,1,56.5,2.5,LOW
CD Castellón,away,4-4-2,BACK4_2STRIKER,total_shots,15.0,1,13.6667,1.3333,LOW
CD Castellón,away,4-4-2,BACK4_2STRIKER,touches_in_box,27.0,1,25.5,1.5,LOW
CD Castellón,home,3-4-3,BACK3_WINGBACK,blocked_shots,4.6667,3,5.4444,-0.7778,LOW
CD Castellón,home,3-4-3,BACK3_WINGBACK,clearances,16.6667,3,18.4444,-1.7778,LOW
CD Castellón,home,3-4-3,BACK3_WINGBACK,corners,8.6667,3,6.2222,2.4444,LOW
CD Castellón,home,3-4-3,BACK3_WINGBACK,crosses,7.3333,3,6.0,1.3333,LOW
CD Castellón,home,3-4-3,BACK3_WINGBACK,possession,64.3333,3,55.2222,9.1111,LOW
CD Castellón,home,3-4-3,BACK3_WINGBACK,total_shots,19.3333,3,17.3333,2.0,LOW
CD Castellón,home,3-4-3,BACK3_WINGBACK,touches_in_box,37.3333,3,34.5556,2.7778,LOW
CD Castellón,home,3-5-2,BACK3_WINGBACK,blocked_shots,7.0,1,5.4444,1.5556,LOW
CD Castellón,home,3-5-2,BACK3_WINGBACK,clearances,14.0,1,18.4444,-4.4444,LOW
CD Castellón,home,3-5-2,BACK3_WINGBACK,corners,3.0,1,6.2222,-3.2222,LOW
CD Castellón,home,3-5-2,BACK3_WINGBACK,crosses,6.0,1,6.0,0.0,LOW
CD Castellón,home,3-5-2,BACK3_WINGBACK,possession,70.0,1,55.2222,14.7778,LOW
CD Castellón,home,3-5-2,BACK3_WINGBACK,total_shots,16.0,1,17.3333,-1.3333,LOW
CD Castellón,home,3-5-2,BACK3_WINGBACK,touches_in_box,24.0,1,34.5556,-10.5556,LOW
CD Castellón,home,4-2-3-1,BACK4_1STRIKER,blocked_shots,6.0,1,5.4444,0.5556,LOW
CD Castellón,home,4-2-3-1,BACK4_1STRIKER,clearances,20.0,1,18.4444,1.5556,LOW
CD Castellón,home,4-2-3-1,BACK4_1STRIKER,corners,3.0,1,6.2222,-3.2222,LOW
CD Castellón,home,4-2-3-1,BACK4_1STRIKER,crosses,5.0,1,6.0,-1.0,LOW
CD Castellón,home,4-2-3-1,BACK4_1STRIKER,possession,45.0,1,55.2222,-10.2222,LOW
CD Castellón,home,4-2-3-1,BACK4_1STRIKER,total_shots,18.0,1,17.3333,0.6667,LOW
CD Castellón,home,4-2-3-1,BACK4_1STRIKER,touches_in_box,36.0,1,34.5556,1.4444,LOW
CD Castellón,home,4-4-2,BACK4_2STRIKER,blocked_shots,5.5,4,5.4444,0.0556,LOW
CD Castellón,home,4-4-2,BACK4_2STRIKER,clearances,20.5,4,18.4444,2.0556,LOW
CD Castellón,home,4-4-2,BACK4_2STRIKER,corners,6.0,4,6.2222,-0.2222,LOW
CD Castellón,home,4-4-2,BACK4_2STRIKER,crosses,5.25,4,6.0,-0.75,LOW
CD Castellón,home,4-4-2,BACK4_2STRIKER,possession,47.25,4,55.2222,-7.9722,LOW
CD Castellón,home,4-4-2,BACK4_2STRIKER,total_shots,16.0,4,17.3333,-1.3333,LOW
CD Castellón,home,4-4-2,BACK4_2STRIKER,touches_in_box,34.75,4,34.5556,0.1944,LOW
CD Eldense,away,4-2-3-1,BACK4_1STRIKER,blocked_shots,3.0,2,2.4286,0.5714,LOW
CD Eldense,away,4-2-3-1,BACK4_1STRIKER,clearances,27.5,2,23.0,4.5,LOW
CD Eldense,away,4-2-3-1,BACK4_1STRIKER,corners,1.5,2,4.4286,-2.9286,LOW
CD Eldense,away,4-2-3-1,BACK4_1STRIKER,crosses,3.5,2,4.5714,-1.0714,LOW
CD Eldense,away,4-2-3-1,BACK4_1STRIKER,possession,34.0,2,42.2857,-8.2857,LOW
CD Eldense,away,4-2-3-1,BACK4_1STRIKER,total_shots,10.0,2,10.1429,-0.1429,LOW
CD Eldense,away,4-2-3-1,BACK4_1STRIKER,touches_in_box,12.5,2,15.1429,-2.6429,LOW
CD Eldense,away,4-3-3,BACK4_1STRIKER,blocked_shots,1.0,1,2.4286,-1.4286,LOW
CD Eldense,away,4-3-3,BACK4_1STRIKER,clearances,30.0,1,23.0,7.0,LOW
CD Eldense,away,4-3-3,BACK4_1STRIKER,corners,4.0,1,4.4286,-0.4286,LOW
CD Eldense,away,4-3-3,BACK4_1STRIKER,crosses,4.0,1,4.5714,-0.5714,LOW
CD Eldense,away,4-3-3,BACK4_1STRIKER,possession,32.0,1,42.2857,-10.2857,LOW
CD Eldense,away,4-3-3,BACK4_1STRIKER,total_shots,6.0,1,10.1429,-4.1429,LOW
CD Eldense,away,4-3-3,BACK4_1STRIKER,touches_in_box,9.0,1,15.1429,-6.1429,LOW
CD Eldense,away,4-4-1-1,BACK4_1STRIKER,blocked_shots,6.0,1,2.4286,3.5714,LOW
CD Eldense,away,4-4-1-1,BACK4_1STRIKER,clearances,24.0,1,23.0,1.0,LOW
CD Eldense,away,4-4-1-1,BACK4_1STRIKER,corners,7.0,1,4.4286,2.5714,LOW
CD Eldense,away,4-4-1-1,BACK4_1STRIKER,crosses,6.0,1,4.5714,1.4286,LOW
CD Eldense,away,4-4-1-1,BACK4_1STRIKER,possession,50.0,1,42.2857,7.7143,LOW
CD Eldense,away,4-4-1-1,BACK4_1STRIKER,total_shots,13.0,1,10.1429,2.8571,LOW
CD Eldense,away,4-4-1-1,BACK4_1STRIKER,touches_in_box,15.0,1,15.1429,-0.1429,LOW
CD Eldense,away,4-4-2,BACK4_2STRIKER,blocked_shots,2.0,2,2.4286,-0.4286,LOW
CD Eldense,away,4-4-2,BACK4_2STRIKER,clearances,15.0,2,23.0,-8.0,LOW
CD Eldense,away,4-4-2,BACK4_2STRIKER,corners,5.5,2,4.4286,1.0714,LOW
CD Eldense,away,4-4-2,BACK4_2STRIKER,crosses,3.0,2,4.5714,-1.5714,LOW
CD Eldense,away,4-4-2,BACK4_2STRIKER,possession,55.0,2,42.2857,12.7143,LOW
CD Eldense,away,4-4-2,BACK4_2STRIKER,total_shots,9.5,2,10.1429,-0.6429,LOW
CD Eldense,away,4-4-2,BACK4_2STRIKER,touches_in_box,17.5,2,15.1429,2.3571,LOW
CD Eldense,away,4-5-1,BACK4_1STRIKER,blocked_shots,0.0,1,2.4286,-2.4286,LOW
CD Eldense,away,4-5-1,BACK4_1STRIKER,clearances,22.0,1,23.0,-1.0,LOW
CD Eldense,away,4-5-1,BACK4_1STRIKER,corners,6.0,1,4.4286,1.5714,LOW
CD Eldense,away,4-5-1,BACK4_1STRIKER,crosses,9.0,1,4.5714,4.4286,LOW
CD Eldense,away,4-5-1,BACK4_1STRIKER,possession,36.0,1,42.2857,-6.2857,LOW
CD Eldense,away,4-5-1,BACK4_1STRIKER,total_shots,13.0,1,10.1429,2.8571,LOW
CD Eldense,away,4-5-1,BACK4_1STRIKER,touches_in_box,22.0,1,15.1429,6.8571,LOW
CD Eldense,home,4-2-3-1,BACK4_1STRIKER,blocked_shots,3.0,1,2.5,0.5,LOW
CD Eldense,home,4-2-3-1,BACK4_1STRIKER,clearances,10.0,1,15.5,-5.5,LOW
CD Eldense,home,4-2-3-1,BACK4_1STRIKER,corners,8.0,1,5.5,2.5,LOW
CD Eldense,home,4-2-3-1,BACK4_1STRIKER,crosses,8.0,1,6.0,2.0,LOW
CD Eldense,home,4-2-3-1,BACK4_1STRIKER,possession,45.0,1,45.0,0.0,LOW
CD Eldense,home,4-2-3-1,BACK4_1STRIKER,total_shots,14.0,1,10.5,3.5,LOW
CD Eldense,home,4-2-3-1,BACK4_1STRIKER,touches_in_box,27.0,1,19.5,7.5,LOW
CD Eldense,home,4-4-2,BACK4_2STRIKER,blocked_shots,2.0,1,2.5,-0.5,LOW
CD Eldense,home,4-4-2,BACK4_2STRIKER,clearances,21.0,1,15.5,5.5,LOW
CD Eldense,home,4-4-2,BACK4_2STRIKER,corners,3.0,1,5.5,-2.5,LOW
CD Eldense,home,4-4-2,BACK4_2STRIKER,crosses,4.0,1,6.0,-2.0,LOW
CD Eldense,home,4-4-2,BACK4_2STRIKER,possession,45.0,1,45.0,0.0,LOW
CD Eldense,home,4-4-2,BACK4_2STRIKER,total_shots,7.0,1,10.5,-3.5,LOW
CD Eldense,home,4-4-2,BACK4_2STRIKER,touches_in_box,12.0,1,19.5,-7.5,LOW
CD Tenerife,away,4-4-2,BACK4_2STRIKER,blocked_shots,5.0,2,5.0,0.0,LOW
CD Tenerife,away,4-4-2,BACK4_2STRIKER,clearances,20.5,2,20.5,0.0,LOW
CD Tenerife,away,4-4-2,BACK4_2STRIKER,corners,6.5,2,6.5,0.0,LOW
CD Tenerife,away,4-4-2,BACK4_2STRIKER,crosses,5.5,2,5.5,0.0,LOW
CD Tenerife,away,4-4-2,BACK4_2STRIKER,possession,45.5,2,45.5,0.0,LOW
CD Tenerife,away,4-4-2,BACK4_2STRIKER,total_shots,13.5,2,13.5,0.0,LOW
CD Tenerife,away,4-4-2,BACK4_2STRIKER,touches_in_box,23.5,2,23.5,0.0,LOW
CD Tenerife,home,4-1-4-1,BACK4_1STRIKER,blocked_shots,4.0,1,3.6667,0.3333,LOW
CD Tenerife,home,4-1-4-1,BACK4_1STRIKER,clearances,16.0,1,21.1667,-5.1667,LOW
CD Tenerife,home,4-1-4-1,BACK4_1STRIKER,corners,3.0,1,4.8333,-1.8333,LOW
CD Tenerife,home,4-1-4-1,BACK4_1STRIKER,crosses,5.0,1,5.3333,-0.3333,LOW
CD Tenerife,home,4-1-4-1,BACK4_1STRIKER,possession,45.0,1,49.1667,-4.1667,LOW
CD Tenerife,home,4-1-4-1,BACK4_1STRIKER,total_shots,18.0,1,12.3333,5.6667,LOW
CD Tenerife,home,4-1-4-1,BACK4_1STRIKER,touches_in_box,28.0,1,21.0,7.0,LOW
CD Tenerife,home,4-2-3-1,BACK4_1STRIKER,blocked_shots,3.0,1,3.6667,-0.6667,LOW
CD Tenerife,home,4-2-3-1,BACK4_1STRIKER,clearances,30.0,1,21.1667,8.8333,LOW
CD Tenerife,home,4-2-3-1,BACK4_1STRIKER,corners,3.0,1,4.8333,-1.8333,LOW
CD Tenerife,home,4-2-3-1,BACK4_1STRIKER,crosses,5.0,1,5.3333,-0.3333,LOW
CD Tenerife,home,4-2-3-1,BACK4_1STRIKER,possession,70.0,1,49.1667,20.8333,LOW
CD Tenerife,home,4-2-3-1,BACK4_1STRIKER,total_shots,10.0,1,12.3333,-2.3333,LOW
CD Tenerife,home,4-2-3-1,BACK4_1STRIKER,touches_in_box,22.0,1,21.0,1.0,LOW
CD Tenerife,home,4-4-2,BACK4_2STRIKER,blocked_shots,3.75,4,3.6667,0.0833,LOW
CD Tenerife,home,4-4-2,BACK4_2STRIKER,clearances,20.25,4,21.1667,-0.9167,LOW
CD Tenerife,home,4-4-2,BACK4_2STRIKER,corners,5.75,4,4.8333,0.9167,LOW
CD Tenerife,home,4-4-2,BACK4_2STRIKER,crosses,5.5,4,5.3333,0.1667,LOW
CD Tenerife,home,4-4-2,BACK4_2STRIKER,possession,45.0,4,49.1667,-4.1667,LOW
CD Tenerife,home,4-4-2,BACK4_2STRIKER,total_shots,11.5,4,12.3333,-0.8333,LOW
CD Tenerife,home,4-4-2,BACK4_2STRIKER,touches_in_box,19.0,4,21.0,-2.0,LOW
Caen,away,4-1-4-1,BACK4_1STRIKER,blocked_shots,2.0,2,3.3333,-1.3333,LOW
Caen,away,4-1-4-1,BACK4_1STRIKER,clearances,24.5,2,22.3333,2.1667,LOW
Caen,away,4-1-4-1,BACK4_1STRIKER,corners,2.5,2,2.6667,-0.1667,LOW
Caen,away,4-1-4-1,BACK4_1STRIKER,crosses,1.0,2,2.3333,-1.3333,LOW
Caen,away,4-1-4-1,BACK4_1STRIKER,possession,45.5,2,44.0,1.5,LOW
Caen,away,4-1-4-1,BACK4_1STRIKER,total_shots,7.5,2,10.0,-2.5,LOW
Caen,away,4-1-4-1,BACK4_1STRIKER,touches_in_box,11.0,2,17.3333,-6.3333,LOW
Caen,away,5-3-2,BACK5_DEFENSIVE,blocked_shots,6.0,1,3.3333,2.6667,LOW
Caen,away,5-3-2,BACK5_DEFENSIVE,clearances,18.0,1,22.3333,-4.3333,LOW
Caen,away,5-3-2,BACK5_DEFENSIVE,corners,3.0,1,2.6667,0.3333,LOW
Caen,away,5-3-2,BACK5_DEFENSIVE,crosses,5.0,1,2.3333,2.6667,LOW
Caen,away,5-3-2,BACK5_DEFENSIVE,possession,41.0,1,44.0,-3.0,LOW
Caen,away,5-3-2,BACK5_DEFENSIVE,total_shots,15.0,1,10.0,5.0,LOW
Caen,away,5-3-2,BACK5_DEFENSIVE,touches_in_box,30.0,1,17.3333,12.6667,LOW
Caen,home,3-5-2,BACK3_WINGBACK,blocked_shots,2.0,1,2.1667,-0.1667,LOW
Caen,home,3-5-2,BACK3_WINGBACK,clearances,24.0,1,27.1667,-3.1667,LOW
Caen,home,3-5-2,BACK3_WINGBACK,corners,5.0,1,3.1667,1.8333,LOW
Caen,home,3-5-2,BACK3_WINGBACK,crosses,5.0,1,5.1667,-0.1667,LOW
Caen,home,3-5-2,BACK3_WINGBACK,possession,62.0,1,48.3333,13.6667,LOW
Caen,home,3-5-2,BACK3_WINGBACK,total_shots,12.0,1,9.5,2.5,LOW
Caen,home,3-5-2,BACK3_WINGBACK,touches_in_box,22.0,1,18.3333,3.6667,LOW
Caen,home,4-2-2-2,BACK4_2STRIKER,blocked_shots,1.0,1,2.1667,-1.1667,LOW
Caen,home,4-2-2-2,BACK4_2STRIKER,clearances,49.0,1,27.1667,21.8333,LOW
Caen,home,4-2-2-2,BACK4_2STRIKER,corners,1.0,1,3.1667,-2.1667,LOW
Caen,home,4-2-2-2,BACK4_2STRIKER,crosses,5.0,1,5.1667,-0.1667,LOW
Caen,home,4-2-2-2,BACK4_2STRIKER,possession,46.0,1,48.3333,-2.3333,LOW
Caen,home,4-2-2-2,BACK4_2STRIKER,total_shots,6.0,1,9.5,-3.5,LOW
Caen,home,4-2-2-2,BACK4_2STRIKER,touches_in_box,22.0,1,18.3333,3.6667,LOW
Caen,home,4-2-3-1,BACK4_1STRIKER,blocked_shots,1.0,2,2.1667,-1.1667,LOW
Caen,home,4-2-3-1,BACK4_1STRIKER,clearances,19.5,2,27.1667,-7.6667,LOW
Caen,home,4-2-3-1,BACK4_1STRIKER,corners,1.5,2,3.1667,-1.6667,LOW
Caen,home,4-2-3-1,BACK4_1STRIKER,crosses,5.5,2,5.1667,0.3333,LOW
Caen,home,4-2-3-1,BACK4_1STRIKER,possession,52.5,2,48.3333,4.1667,LOW
Caen,home,4-2-3-1,BACK4_1STRIKER,total_shots,7.5,2,9.5,-2.0,LOW
Caen,home,4-2-3-1,BACK4_1STRIKER,touches_in_box,13.5,2,18.3333,-4.8333,LOW
Caen,home,4-4-2,BACK4_2STRIKER,blocked_shots,4.0,2,2.1667,1.8333,LOW
Caen,home,4-4-2,BACK4_2STRIKER,clearances,25.5,2,27.1667,-1.6667,LOW
Caen,home,4-4-2,BACK4_2STRIKER,corners,5.0,2,3.1667,1.8333,LOW
Caen,home,4-4-2,BACK4_2STRIKER,crosses,5.0,2,5.1667,-0.1667,LOW
Caen,home,4-4-2,BACK4_2STRIKER,possession,38.5,2,48.3333,-9.8333,LOW
Caen,home,4-4-2,BACK4_2STRIKER,total_shots,12.0,2,9.5,2.5,LOW
Caen,home,4-4-2,BACK4_2STRIKER,touches_in_box,19.5,2,18.3333,1.1667,LOW
Cardiff City,away,3-4-3,BACK3_WINGBACK,blocked_shots,2.0,1,2.625,-0.625,LOW
Cardiff City,away,3-4-3,BACK3_WINGBACK,clearances,42.0,1,28.875,13.125,LOW
Cardiff City,away,3-4-3,BACK3_WINGBACK,corners,6.0,1,3.375,2.625,LOW
Cardiff City,away,3-4-3,BACK3_WINGBACK,crosses,3.0,1,4.0,-1.0,LOW
Cardiff City,away,3-4-3,BACK3_WINGBACK,possession,41.0,1,41.0,0.0,LOW
Cardiff City,away,3-4-3,BACK3_WINGBACK,total_shots,11.0,1,9.75,1.25,LOW
Cardiff City,away,3-4-3,BACK3_WINGBACK,touches_in_box,13.0,1,15.8,-2.8,LOW
Cardiff City,away,3-5-2,BACK3_WINGBACK,blocked_shots,4.0,1,2.625,1.375,LOW
Cardiff City,away,3-5-2,BACK3_WINGBACK,clearances,38.0,1,28.875,9.125,LOW
Cardiff City,away,3-5-2,BACK3_WINGBACK,corners,4.0,1,3.375,0.625,LOW
Cardiff City,away,3-5-2,BACK3_WINGBACK,crosses,8.0,1,4.0,4.0,LOW
Cardiff City,away,3-5-2,BACK3_WINGBACK,possession,59.0,1,41.0,18.0,LOW
Cardiff City,away,3-5-2,BACK3_WINGBACK,total_shots,12.0,1,9.75,2.25,LOW
Cardiff City,away,3-5-2,BACK3_WINGBACK,touches_in_box,24.0,1,15.8,8.2,LOW
Cardiff City,away,4-2-3-1,BACK4_1STRIKER,blocked_shots,2.6667,3,2.625,0.0417,LOW
Cardiff City,away,4-2-3-1,BACK4_1STRIKER,clearances,22.6667,3,28.875,-6.2083,LOW
Cardiff City,away,4-2-3-1,BACK4_1STRIKER,corners,3.3333,3,3.375,-0.0417,LOW
Cardiff City,away,4-2-3-1,BACK4_1STRIKER,crosses,3.6667,3,4.0,-0.3333,LOW
Cardiff City,away,4-2-3-1,BACK4_1STRIKER,possession,38.0,3,41.0,-3.0,LOW
Cardiff City,away,4-2-3-1,BACK4_1STRIKER,total_shots,9.6667,3,9.75,-0.0833,LOW
Cardiff City,away,4-2-3-1,BACK4_1STRIKER,touches_in_box,14.0,3,15.8,-1.8,LOW
Cardiff City,away,4-3-3,BACK4_1STRIKER,blocked_shots,2.0,1,2.625,-0.625,LOW
Cardiff City,away,4-3-3,BACK4_1STRIKER,clearances,24.0,1,28.875,-4.875,LOW
Cardiff City,away,4-3-3,BACK4_1STRIKER,corners,4.0,1,3.375,0.625,LOW
Cardiff City,away,4-3-3,BACK4_1STRIKER,crosses,5.0,1,4.0,1.0,LOW
Cardiff City,away,4-3-3,BACK4_1STRIKER,possession,34.0,1,41.0,-7.0,LOW
Cardiff City,away,4-3-3,BACK4_1STRIKER,total_shots,7.0,1,9.75,-2.75,LOW
Cardiff City,away,4-4-2,BACK4_2STRIKER,blocked_shots,2.5,2,2.625,-0.125,LOW
Cardiff City,away,4-4-2,BACK4_2STRIKER,clearances,29.5,2,28.875,0.625,LOW
Cardiff City,away,4-4-2,BACK4_2STRIKER,corners,1.5,2,3.375,-1.875,LOW
Cardiff City,away,4-4-2,BACK4_2STRIKER,crosses,2.5,2,4.0,-1.5,LOW
Cardiff City,away,4-4-2,BACK4_2STRIKER,possession,40.0,2,41.0,-1.0,LOW
Cardiff City,away,4-4-2,BACK4_2STRIKER,total_shots,9.5,2,9.75,-0.25,LOW
Cardiff City,home,3-5-2,BACK3_WINGBACK,blocked_shots,6.0,1,3.5714,2.4286,LOW
Cardiff City,home,3-5-2,BACK3_WINGBACK,clearances,21.0,1,23.2857,-2.2857,LOW
Cardiff City,home,3-5-2,BACK3_WINGBACK,corners,3.0,1,4.5714,-1.5714,LOW
Cardiff City,home,3-5-2,BACK3_WINGBACK,crosses,4.0,1,4.2857,-0.2857,LOW
Cardiff City,home,3-5-2,BACK3_WINGBACK,possession,51.0,1,45.7143,5.2857,LOW
Cardiff City,home,3-5-2,BACK3_WINGBACK,total_shots,16.0,1,12.4286,3.5714,LOW
Cardiff City,home,3-5-2,BACK3_WINGBACK,touches_in_box,21.0,1,20.75,0.25,LOW
Cardiff City,home,4-2-3-1,BACK4_1STRIKER,blocked_shots,2.8,5,3.5714,-0.7714,MEDIUM
Cardiff City,home,4-2-3-1,BACK4_1STRIKER,clearances,25.0,5,23.2857,1.7143,MEDIUM
Cardiff City,home,4-2-3-1,BACK4_1STRIKER,corners,4.8,5,4.5714,0.2286,MEDIUM
Cardiff City,home,4-2-3-1,BACK4_1STRIKER,crosses,4.2,5,4.2857,-0.0857,MEDIUM
Cardiff City,home,4-2-3-1,BACK4_1STRIKER,possession,45.0,5,45.7143,-0.7143,MEDIUM
Cardiff City,home,4-2-3-1,BACK4_1STRIKER,total_shots,11.6,5,12.4286,-0.8286,MEDIUM
Cardiff City,home,4-2-3-1,BACK4_1STRIKER,touches_in_box,20.6667,3,20.75,-0.0833,LOW
Cardiff City,home,4-4-2,BACK4_2STRIKER,blocked_shots,5.0,1,3.5714,1.4286,LOW
Cardiff City,home,4-4-2,BACK4_2STRIKER,clearances,17.0,1,23.2857,-6.2857,LOW
Cardiff City,home,4-4-2,BACK4_2STRIKER,corners,5.0,1,4.5714,0.4286,LOW
Cardiff City,home,4-4-2,BACK4_2STRIKER,crosses,5.0,1,4.2857,0.7143,LOW
Cardiff City,home,4-4-2,BACK4_2STRIKER,possession,44.0,1,45.7143,-1.7143,LOW
Cardiff City,home,4-4-2,BACK4_2STRIKER,total_shots,13.0,1,12.4286,0.5714,LOW
Celta Vigo,away,3-4-2-1,BACK3_WINGBACK,blocked_shots,2.0,1,2.0,0.0,LOW
Celta Vigo,away,3-4-2-1,BACK3_WINGBACK,clearances,25.0,1,27.3333,-2.3333,LOW
Celta Vigo,away,3-4-2-1,BACK3_WINGBACK,corners,4.0,1,3.8333,0.1667,LOW
Celta Vigo,away,3-4-2-1,BACK3_WINGBACK,crosses,1.0,1,1.3333,-0.3333,LOW
Celta Vigo,away,3-4-2-1,BACK3_WINGBACK,possession,50.0,1,46.1667,3.8333,LOW
Celta Vigo,away,3-4-2-1,BACK3_WINGBACK,total_shots,8.0,1,9.8333,-1.8333,LOW
Celta Vigo,away,3-4-2-1,BACK3_WINGBACK,touches_in_box,9.0,1,16.6667,-7.6667,LOW
Celta Vigo,away,3-4-3,BACK3_WINGBACK,blocked_shots,2.25,4,2.0,0.25,LOW
Celta Vigo,away,3-4-3,BACK3_WINGBACK,clearances,27.0,4,27.3333,-0.3333,LOW
Celta Vigo,away,3-4-3,BACK3_WINGBACK,corners,4.5,4,3.8333,0.6667,LOW
Celta Vigo,away,3-4-3,BACK3_WINGBACK,crosses,1.25,4,1.3333,-0.0833,LOW
Celta Vigo,away,3-4-3,BACK3_WINGBACK,possession,49.75,4,46.1667,3.5833,LOW
Celta Vigo,away,3-4-3,BACK3_WINGBACK,total_shots,10.0,4,9.8333,0.1667,LOW
Celta Vigo,away,3-4-3,BACK3_WINGBACK,touches_in_box,17.0,4,16.6667,0.3333,LOW
Celta Vigo,away,4-1-4-1,BACK4_1STRIKER,blocked_shots,1.0,1,2.0,-1.0,LOW
Celta Vigo,away,4-1-4-1,BACK4_1STRIKER,clearances,31.0,1,27.3333,3.6667,LOW
Celta Vigo,away,4-1-4-1,BACK4_1STRIKER,corners,1.0,1,3.8333,-2.8333,LOW
Celta Vigo,away,4-1-4-1,BACK4_1STRIKER,crosses,2.0,1,1.3333,0.6667,LOW
Celta Vigo,away,4-1-4-1,BACK4_1STRIKER,possession,28.0,1,46.1667,-18.1667,LOW
Celta Vigo,away,4-1-4-1,BACK4_1STRIKER,total_shots,11.0,1,9.8333,1.1667,LOW
Celta Vigo,away,4-1-4-1,BACK4_1STRIKER,touches_in_box,23.0,1,16.6667,6.3333,LOW
Celta Vigo,home,3-4-2-1,BACK3_WINGBACK,blocked_shots,3.0,2,2.5,0.5,LOW
Celta Vigo,home,3-4-2-1,BACK3_WINGBACK,clearances,15.0,2,19.0,-4.0,LOW
Celta Vigo,home,3-4-2-1,BACK3_WINGBACK,corners,4.0,2,3.8333,0.1667,LOW
Celta Vigo,home,3-4-2-1,BACK3_WINGBACK,crosses,4.0,2,3.3333,0.6667,LOW
Celta Vigo,home,3-4-2-1,BACK3_WINGBACK,possession,40.5,2,48.1667,-7.6667,LOW
Celta Vigo,home,3-4-2-1,BACK3_WINGBACK,total_shots,9.0,2,12.3333,-3.3333,LOW
Celta Vigo,home,3-4-2-1,BACK3_WINGBACK,touches_in_box,25.5,2,27.5,-2.0,LOW
Celta Vigo,home,3-4-3,BACK3_WINGBACK,blocked_shots,2.25,4,2.5,-0.25,LOW
Celta Vigo,home,3-4-3,BACK3_WINGBACK,clearances,21.0,4,19.0,2.0,LOW
Celta Vigo,home,3-4-3,BACK3_WINGBACK,corners,3.75,4,3.8333,-0.0833,LOW
Celta Vigo,home,3-4-3,BACK3_WINGBACK,crosses,3.0,4,3.3333,-0.3333,LOW
Celta Vigo,home,3-4-3,BACK3_WINGBACK,possession,52.0,4,48.1667,3.8333,LOW
Celta Vigo,home,3-4-3,BACK3_WINGBACK,total_shots,14.0,4,12.3333,1.6667,LOW
Celta Vigo,home,3-4-3,BACK3_WINGBACK,touches_in_box,28.5,4,27.5,1.0,LOW
Charlton Athletic,away,3-1-4-2,BACK3_OTHER,blocked_shots,3.0,1,3.25,-0.25,LOW
Charlton Athletic,away,3-1-4-2,BACK3_OTHER,clearances,35.0,1,31.25,3.75,LOW
Charlton Athletic,away,3-1-4-2,BACK3_OTHER,corners,3.0,1,2.25,0.75,LOW
Charlton Athletic,away,3-1-4-2,BACK3_OTHER,crosses,8.0,1,5.5,2.5,LOW
Charlton Athletic,away,3-1-4-2,BACK3_OTHER,possession,38.0,1,46.25,-8.25,LOW
Charlton Athletic,away,3-1-4-2,BACK3_OTHER,total_shots,7.0,1,10.5,-3.5,LOW
Charlton Athletic,away,3-1-4-2,BACK3_OTHER,touches_in_box,15.0,1,19.0,-4.0,LOW
Charlton Athletic,away,3-4-1-2,BACK3_WINGBACK,blocked_shots,2.0,1,3.25,-1.25,LOW
Charlton Athletic,away,3-4-1-2,BACK3_WINGBACK,clearances,27.0,1,31.25,-4.25,LOW
Charlton Athletic,away,3-4-1-2,BACK3_WINGBACK,corners,2.0,1,2.25,-0.25,LOW
Charlton Athletic,away,3-4-1-2,BACK3_WINGBACK,crosses,5.0,1,5.5,-0.5,LOW
Charlton Athletic,away,3-4-1-2,BACK3_WINGBACK,possession,52.0,1,46.25,5.75,LOW
Charlton Athletic,away,3-4-1-2,BACK3_WINGBACK,total_shots,11.0,1,10.5,0.5,LOW
Charlton Athletic,away,3-4-1-2,BACK3_WINGBACK,touches_in_box,13.0,1,19.0,-6.0,LOW
Charlton Athletic,away,3-5-2,BACK3_WINGBACK,blocked_shots,4.0,1,3.25,0.75,LOW
Charlton Athletic,away,3-5-2,BACK3_WINGBACK,clearances,41.0,1,31.25,9.75,LOW
Charlton Athletic,away,3-5-2,BACK3_WINGBACK,corners,2.0,1,2.25,-0.25,LOW
Charlton Athletic,away,3-5-2,BACK3_WINGBACK,crosses,3.0,1,5.5,-2.5,LOW
Charlton Athletic,away,3-5-2,BACK3_WINGBACK,possession,40.0,1,46.25,-6.25,LOW
Charlton Athletic,away,3-5-2,BACK3_WINGBACK,total_shots,11.0,1,10.5,0.5,LOW
Charlton Athletic,away,3-5-2,BACK3_WINGBACK,touches_in_box,33.0,1,19.0,14.0,LOW
Charlton Athletic,away,4-2-3-1,BACK4_1STRIKER,blocked_shots,4.0,1,3.25,0.75,LOW
Charlton Athletic,away,4-2-3-1,BACK4_1STRIKER,clearances,22.0,1,31.25,-9.25,LOW
Charlton Athletic,away,4-2-3-1,BACK4_1STRIKER,corners,2.0,1,2.25,-0.25,LOW
Charlton Athletic,away,4-2-3-1,BACK4_1STRIKER,crosses,6.0,1,5.5,0.5,LOW
Charlton Athletic,away,4-2-3-1,BACK4_1STRIKER,possession,55.0,1,46.25,8.75,LOW
Charlton Athletic,away,4-2-3-1,BACK4_1STRIKER,total_shots,13.0,1,10.5,2.5,LOW
Charlton Athletic,away,4-2-3-1,BACK4_1STRIKER,touches_in_box,15.0,1,19.0,-4.0,LOW
Charlton Athletic,home,3-1-4-2,BACK3_OTHER,blocked_shots,3.5,4,3.7143,-0.2143,LOW
Charlton Athletic,home,3-1-4-2,BACK3_OTHER,clearances,31.5,4,32.5714,-1.0714,LOW
Charlton Athletic,home,3-1-4-2,BACK3_OTHER,corners,5.0,4,5.5714,-0.5714,LOW
Charlton Athletic,home,3-1-4-2,BACK3_OTHER,crosses,3.75,4,4.1429,-0.3929,LOW
Charlton Athletic,home,3-1-4-2,BACK3_OTHER,possession,42.25,4,45.2857,-3.0357,LOW
Charlton Athletic,home,3-1-4-2,BACK3_OTHER,total_shots,11.25,4,11.7143,-0.4643,LOW
Charlton Athletic,home,3-1-4-2,BACK3_OTHER,touches_in_box,21.0,4,22.2857,-1.2857,LOW
Charlton Athletic,home,3-4-2-1,BACK3_WINGBACK,blocked_shots,5.0,1,3.7143,1.2857,LOW
Charlton Athletic,home,3-4-2-1,BACK3_WINGBACK,clearances,39.0,1,32.5714,6.4286,LOW
Charlton Athletic,home,3-4-2-1,BACK3_WINGBACK,corners,9.0,1,5.5714,3.4286,LOW
Charlton Athletic,home,3-4-2-1,BACK3_WINGBACK,crosses,5.0,1,4.1429,0.8571,LOW
Charlton Athletic,home,3-4-2-1,BACK3_WINGBACK,possession,58.0,1,45.2857,12.7143,LOW
Charlton Athletic,home,3-4-2-1,BACK3_WINGBACK,total_shots,12.0,1,11.7143,0.2857,LOW
Charlton Athletic,home,3-4-2-1,BACK3_WINGBACK,touches_in_box,24.0,1,22.2857,1.7143,LOW
Charlton Athletic,home,3-5-2,BACK3_WINGBACK,blocked_shots,3.5,2,3.7143,-0.2143,LOW
Charlton Athletic,home,3-5-2,BACK3_WINGBACK,clearances,31.5,2,32.5714,-1.0714,LOW
Charlton Athletic,home,3-5-2,BACK3_WINGBACK,corners,5.0,2,5.5714,-0.5714,LOW
Charlton Athletic,home,3-5-2,BACK3_WINGBACK,crosses,4.5,2,4.1429,0.3571,LOW
Charlton Athletic,home,3-5-2,BACK3_WINGBACK,possession,45.0,2,45.2857,-0.2857,LOW
Charlton Athletic,home,3-5-2,BACK3_WINGBACK,total_shots,12.5,2,11.7143,0.7857,LOW
Charlton Athletic,home,3-5-2,BACK3_WINGBACK,touches_in_box,24.0,2,22.2857,1.7143,LOW
Chelsea,away,4-2-3-1,BACK4_1STRIKER,blocked_shots,2.8,5,3.0,-0.2,MEDIUM
Chelsea,away,4-2-3-1,BACK4_1STRIKER,clearances,15.4,5,17.0,-1.6,MEDIUM
Chelsea,away,4-2-3-1,BACK4_1STRIKER,corners,4.6,5,4.6667,-0.0667,MEDIUM
Chelsea,away,4-2-3-1,BACK4_1STRIKER,crosses,2.8,5,2.6667,0.1333,MEDIUM
Chelsea,away,4-2-3-1,BACK4_1STRIKER,possession,62.0,5,59.5,2.5,MEDIUM
Chelsea,away,4-2-3-1,BACK4_1STRIKER,total_shots,12.2,5,11.1667,1.0333,MEDIUM
Chelsea,away,4-2-3-1,BACK4_1STRIKER,touches_in_box,26.4,5,24.5,1.9,MEDIUM
Chelsea,away,4-4-1-1,BACK4_1STRIKER,blocked_shots,4.0,1,3.0,1.0,LOW
Chelsea,away,4-4-1-1,BACK4_1STRIKER,clearances,25.0,1,17.0,8.0,LOW
Chelsea,away,4-4-1-1,BACK4_1STRIKER,corners,5.0,1,4.6667,0.3333,LOW
Chelsea,away,4-4-1-1,BACK4_1STRIKER,crosses,2.0,1,2.6667,-0.6667,LOW
Chelsea,away,4-4-1-1,BACK4_1STRIKER,possession,47.0,1,59.5,-12.5,LOW
Chelsea,away,4-4-1-1,BACK4_1STRIKER,total_shots,6.0,1,11.1667,-5.1667,LOW
Chelsea,away,4-4-1-1,BACK4_1STRIKER,touches_in_box,15.0,1,24.5,-9.5,LOW
Chelsea,home,4-2-3-1,BACK4_1STRIKER,blocked_shots,8.4,5,8.4,0.0,MEDIUM
Chelsea,home,4-2-3-1,BACK4_1STRIKER,clearances,13.6,5,13.6,0.0,MEDIUM
Chelsea,home,4-2-3-1,BACK4_1STRIKER,corners,7.4,5,7.4,0.0,MEDIUM
Chelsea,home,4-2-3-1,BACK4_1STRIKER,crosses,8.8,5,8.8,0.0,MEDIUM
Chelsea,home,4-2-3-1,BACK4_1STRIKER,possession,66.4,5,66.4,0.0,MEDIUM
Chelsea,home,4-2-3-1,BACK4_1STRIKER,total_shots,23.0,5,23.0,0.0,MEDIUM
Chelsea,home,4-2-3-1,BACK4_1STRIKER,touches_in_box,43.6,5,43.6,0.0,MEDIUM
Clermont Foot,away,3-4-3,BACK3_WINGBACK,blocked_shots,4.0,1,3.2727,0.7273,LOW
Clermont Foot,away,3-4-3,BACK3_WINGBACK,clearances,28.0,1,28.7273,-0.7273,LOW
Clermont Foot,away,3-4-3,BACK3_WINGBACK,corners,4.0,1,3.0909,0.9091,LOW
Clermont Foot,away,3-4-3,BACK3_WINGBACK,crosses,2.0,1,2.9091,-0.9091,LOW
Clermont Foot,away,3-4-3,BACK3_WINGBACK,possession,43.0,1,46.8182,-3.8182,LOW
Clermont Foot,away,3-4-3,BACK3_WINGBACK,total_shots,9.0,1,9.4545,-0.4545,LOW
Clermont Foot,away,3-4-3,BACK3_WINGBACK,touches_in_box,15.0,1,15.8182,-0.8182,LOW
Clermont Foot,away,4-1-4-1,BACK4_1STRIKER,blocked_shots,3.5,2,3.2727,0.2273,LOW
Clermont Foot,away,4-1-4-1,BACK4_1STRIKER,clearances,25.0,2,28.7273,-3.7273,LOW
Clermont Foot,away,4-1-4-1,BACK4_1STRIKER,corners,4.5,2,3.0909,1.4091,LOW
Clermont Foot,away,4-1-4-1,BACK4_1STRIKER,crosses,4.5,2,2.9091,1.5909,LOW
Clermont Foot,away,4-1-4-1,BACK4_1STRIKER,possession,47.0,2,46.8182,0.1818,LOW
Clermont Foot,away,4-1-4-1,BACK4_1STRIKER,total_shots,9.0,2,9.4545,-0.4545,LOW
Clermont Foot,away,4-1-4-1,BACK4_1STRIKER,touches_in_box,13.5,2,15.8182,-2.3182,LOW
Clermont Foot,away,4-2-3-1,BACK4_1STRIKER,blocked_shots,2.1667,6,3.2727,-1.1061,MEDIUM
Clermont Foot,away,4-2-3-1,BACK4_1STRIKER,clearances,31.0,6,28.7273,2.2727,MEDIUM
Clermont Foot,away,4-2-3-1,BACK4_1STRIKER,corners,2.1667,6,3.0909,-0.9242,MEDIUM
Clermont Foot,away,4-2-3-1,BACK4_1STRIKER,crosses,1.6667,6,2.9091,-1.2424,MEDIUM
Clermont Foot,away,4-2-3-1,BACK4_1STRIKER,possession,46.5,6,46.8182,-0.3182,MEDIUM
Clermont Foot,away,4-2-3-1,BACK4_1STRIKER,total_shots,7.8333,6,9.4545,-1.6212,MEDIUM
Clermont Foot,away,4-2-3-1,BACK4_1STRIKER,touches_in_box,15.0,6,15.8182,-0.8182,MEDIUM
Clermont Foot,away,5-3-2,BACK5_DEFENSIVE,blocked_shots,8.0,1,3.2727,4.7273,LOW
Clermont Foot,away,5-3-2,BACK5_DEFENSIVE,clearances,24.0,1,28.7273,-4.7273,LOW
Clermont Foot,away,5-3-2,BACK5_DEFENSIVE,corners,4.0,1,3.0909,0.9091,LOW
Clermont Foot,away,5-3-2,BACK5_DEFENSIVE,crosses,7.0,1,2.9091,4.0909,LOW
Clermont Foot,away,5-3-2,BACK5_DEFENSIVE,possession,57.0,1,46.8182,10.1818,LOW
Clermont Foot,away,5-3-2,BACK5_DEFENSIVE,total_shots,20.0,1,9.4545,10.5455,LOW
Clermont Foot,away,5-3-2,BACK5_DEFENSIVE,touches_in_box,32.0,1,15.8182,16.1818,LOW
Clermont Foot,away,5-4-1,BACK5_DEFENSIVE,blocked_shots,4.0,1,3.2727,0.7273,LOW
Clermont Foot,away,5-4-1,BACK5_DEFENSIVE,clearances,28.0,1,28.7273,-0.7273,LOW
Clermont Foot,away,5-4-1,BACK5_DEFENSIVE,corners,4.0,1,3.0909,0.9091,LOW
Clermont Foot,away,5-4-1,BACK5_DEFENSIVE,crosses,4.0,1,2.9091,1.0909,LOW
Clermont Foot,away,5-4-1,BACK5_DEFENSIVE,possession,42.0,1,46.8182,-4.8182,LOW
Clermont Foot,away,5-4-1,BACK5_DEFENSIVE,total_shots,10.0,1,9.4545,0.5455,LOW
Clermont Foot,away,5-4-1,BACK5_DEFENSIVE,touches_in_box,10.0,1,15.8182,-5.8182,LOW
Clermont Foot,home,3-4-3,BACK3_WINGBACK,blocked_shots,2.0,1,2.0,0.0,LOW
Clermont Foot,home,3-4-3,BACK3_WINGBACK,clearances,26.0,1,23.25,2.75,LOW
Clermont Foot,home,3-4-3,BACK3_WINGBACK,corners,3.0,1,3.5833,-0.5833,LOW
Clermont Foot,home,3-4-3,BACK3_WINGBACK,crosses,4.0,1,3.8333,0.1667,LOW
Clermont Foot,home,3-4-3,BACK3_WINGBACK,possession,51.0,1,51.4167,-0.4167,LOW
Clermont Foot,home,3-4-3,BACK3_WINGBACK,total_shots,15.0,1,11.0,4.0,LOW
Clermont Foot,home,3-4-3,BACK3_WINGBACK,touches_in_box,16.0,1,20.0,-4.0,LOW
Clermont Foot,home,4-1-4-1,BACK4_1STRIKER,blocked_shots,2.0,2,2.0,0.0,LOW
Clermont Foot,home,4-1-4-1,BACK4_1STRIKER,clearances,23.0,2,23.25,-0.25,LOW
Clermont Foot,home,4-1-4-1,BACK4_1STRIKER,corners,3.5,2,3.5833,-0.0833,LOW
Clermont Foot,home,4-1-4-1,BACK4_1STRIKER,crosses,2.5,2,3.8333,-1.3333,LOW
Clermont Foot,home,4-1-4-1,BACK4_1STRIKER,possession,37.5,2,51.4167,-13.9167,LOW
Clermont Foot,home,4-1-4-1,BACK4_1STRIKER,total_shots,11.0,2,11.0,0.0,LOW
Clermont Foot,home,4-1-4-1,BACK4_1STRIKER,touches_in_box,17.5,2,20.0,-2.5,LOW
Clermont Foot,home,4-2-3-1,BACK4_1STRIKER,blocked_shots,1.5714,7,2.0,-0.4286,MEDIUM
Clermont Foot,home,4-2-3-1,BACK4_1STRIKER,clearances,22.8571,7,23.25,-0.3929,MEDIUM
Clermont Foot,home,4-2-3-1,BACK4_1STRIKER,corners,3.7143,7,3.5833,0.131,MEDIUM
Clermont Foot,home,4-2-3-1,BACK4_1STRIKER,crosses,4.1429,7,3.8333,0.3095,MEDIUM
Clermont Foot,home,4-2-3-1,BACK4_1STRIKER,possession,53.5714,7,51.4167,2.1548,MEDIUM
Clermont Foot,home,4-2-3-1,BACK4_1STRIKER,total_shots,10.0,7,11.0,-1.0,MEDIUM
Clermont Foot,home,4-2-3-1,BACK4_1STRIKER,touches_in_box,18.4286,7,20.0,-1.5714,MEDIUM
Clermont Foot,home,4-3-3,BACK4_1STRIKER,blocked_shots,4.0,1,2.0,2.0,LOW
Clermont Foot,home,4-3-3,BACK4_1STRIKER,clearances,35.0,1,23.25,11.75,LOW
Clermont Foot,home,4-3-3,BACK4_1STRIKER,corners,4.0,1,3.5833,0.4167,LOW
Clermont Foot,home,4-3-3,BACK4_1STRIKER,crosses,5.0,1,3.8333,1.1667,LOW
Clermont Foot,home,4-3-3,BACK4_1STRIKER,possession,62.0,1,51.4167,10.5833,LOW
Clermont Foot,home,4-3-3,BACK4_1STRIKER,total_shots,17.0,1,11.0,6.0,LOW
Clermont Foot,home,4-3-3,BACK4_1STRIKER,touches_in_box,30.0,1,20.0,10.0,LOW
Clermont Foot,home,4-4-2,BACK4_2STRIKER,blocked_shots,3.0,1,2.0,1.0,LOW
Clermont Foot,home,4-4-2,BACK4_2STRIKER,clearances,12.0,1,23.25,-11.25,LOW
Clermont Foot,home,4-4-2,BACK4_2STRIKER,corners,3.0,1,3.5833,-0.5833,LOW
Clermont Foot,home,4-4-2,BACK4_2STRIKER,crosses,3.0,1,3.8333,-0.8333,LOW
Clermont Foot,home,4-4-2,BACK4_2STRIKER,possession,54.0,1,51.4167,2.5833,LOW
Clermont Foot,home,4-4-2,BACK4_2STRIKER,total_shots,8.0,1,11.0,-3.0,LOW
Clermont Foot,home,4-4-2,BACK4_2STRIKER,touches_in_box,30.0,1,20.0,10.0,LOW
Coventry City,away,3-4-1-2,BACK3_WINGBACK,blocked_shots,4.0,1,3.3333,0.6667,LOW
Coventry City,away,3-4-1-2,BACK3_WINGBACK,clearances,37.0,1,27.5,9.5,LOW
Coventry City,away,3-4-1-2,BACK3_WINGBACK,corners,3.0,1,5.1667,-2.1667,LOW
Coventry City,away,3-4-1-2,BACK3_WINGBACK,crosses,7.0,1,3.6667,3.3333,LOW
Coventry City,away,3-4-1-2,BACK3_WINGBACK,possession,54.0,1,54.8333,-0.8333,LOW
Coventry City,away,3-4-1-2,BACK3_WINGBACK,total_shots,20.0,1,14.3333,5.6667,LOW
Coventry City,away,3-4-1-2,BACK3_WINGBACK,touches_in_box,26.0,1,28.0,-2.0,LOW
Coventry City,away,3-4-2-1,BACK3_WINGBACK,blocked_shots,4.0,1,3.3333,0.6667,LOW
Coventry City,away,3-4-2-1,BACK3_WINGBACK,clearances,20.0,1,27.5,-7.5,LOW
Coventry City,away,3-4-2-1,BACK3_WINGBACK,corners,3.0,1,5.1667,-2.1667,LOW
Coventry City,away,3-4-2-1,BACK3_WINGBACK,crosses,4.0,1,3.6667,0.3333,LOW
Coventry City,away,3-4-2-1,BACK3_WINGBACK,possession,70.0,1,54.8333,15.1667,LOW
Coventry City,away,3-4-2-1,BACK3_WINGBACK,total_shots,12.0,1,14.3333,-2.3333,LOW
Coventry City,away,3-4-2-1,BACK3_WINGBACK,touches_in_box,30.0,1,28.0,2.0,LOW
Coventry City,away,4-1-4-1,BACK4_1STRIKER,blocked_shots,2.0,1,3.3333,-1.3333,LOW
Coventry City,away,4-1-4-1,BACK4_1STRIKER,clearances,17.0,1,27.5,-10.5,LOW
Coventry City,away,4-1-4-1,BACK4_1STRIKER,corners,6.0,1,5.1667,0.8333,LOW
Coventry City,away,4-1-4-1,BACK4_1STRIKER,crosses,5.0,1,3.6667,1.3333,LOW
Coventry City,away,4-1-4-1,BACK4_1STRIKER,possession,76.0,1,54.8333,21.1667,LOW
Coventry City,away,4-1-4-1,BACK4_1STRIKER,total_shots,17.0,1,14.3333,2.6667,LOW
Coventry City,away,4-1-4-1,BACK4_1STRIKER,touches_in_box,24.0,1,28.0,-4.0,LOW
Coventry City,away,4-2-3-1,BACK4_1STRIKER,blocked_shots,3.4286,7,3.3333,0.0952,MEDIUM
Coventry City,away,4-2-3-1,BACK4_1STRIKER,clearances,28.7143,7,27.5,1.2143,MEDIUM
Coventry City,away,4-2-3-1,BACK4_1STRIKER,corners,5.8571,7,5.1667,0.6905,MEDIUM
Coventry City,away,4-2-3-1,BACK4_1STRIKER,crosses,3.5714,7,3.6667,-0.0952,MEDIUM
Coventry City,away,4-2-3-1,BACK4_1STRIKER,possession,51.0,7,54.8333,-3.8333,MEDIUM
Coventry City,away,4-2-3-1,BACK4_1STRIKER,total_shots,13.7143,7,14.3333,-0.619,MEDIUM
Coventry City,away,4-2-3-1,BACK4_1STRIKER,touches_in_box,28.0,5,28.0,0.0,MEDIUM
Coventry City,away,5-3-2,BACK5_DEFENSIVE,blocked_shots,0.0,1,3.3333,-3.3333,LOW
Coventry City,away,5-3-2,BACK5_DEFENSIVE,clearances,34.0,1,27.5,6.5,LOW
Coventry City,away,5-3-2,BACK5_DEFENSIVE,corners,1.0,1,5.1667,-4.1667,LOW
Coventry City,away,5-3-2,BACK5_DEFENSIVE,crosses,1.0,1,3.6667,-2.6667,LOW
Coventry City,away,5-3-2,BACK5_DEFENSIVE,possession,32.0,1,54.8333,-22.8333,LOW
Coventry City,away,5-3-2,BACK5_DEFENSIVE,total_shots,6.0,1,14.3333,-8.3333,LOW
Coventry City,away,5-3-2,BACK5_DEFENSIVE,touches_in_box,8.0,1,28.0,-20.0,LOW
Coventry City,away,5-4-1,BACK5_DEFENSIVE,blocked_shots,6.0,1,3.3333,2.6667,LOW
Coventry City,away,5-4-1,BACK5_DEFENSIVE,clearances,21.0,1,27.5,-6.5,LOW
Coventry City,away,5-4-1,BACK5_DEFENSIVE,corners,8.0,1,5.1667,2.8333,LOW
Coventry City,away,5-4-1,BACK5_DEFENSIVE,crosses,2.0,1,3.6667,-1.6667,LOW
Coventry City,away,5-4-1,BACK5_DEFENSIVE,possession,69.0,1,54.8333,14.1667,LOW
Coventry City,away,5-4-1,BACK5_DEFENSIVE,total_shots,21.0,1,14.3333,6.6667,LOW
Coventry City,away,5-4-1,BACK5_DEFENSIVE,touches_in_box,52.0,1,28.0,24.0,LOW
Coventry City,home,3-4-1-2,BACK3_WINGBACK,blocked_shots,5.3333,3,4.3077,1.0256,LOW
Coventry City,home,3-4-1-2,BACK3_WINGBACK,clearances,12.6667,3,17.2308,-4.5641,LOW
Coventry City,home,3-4-1-2,BACK3_WINGBACK,corners,8.3333,3,6.5385,1.7949,LOW
Coventry City,home,3-4-1-2,BACK3_WINGBACK,crosses,5.0,3,6.2308,-1.2308,LOW
Coventry City,home,3-4-1-2,BACK3_WINGBACK,possession,59.6667,3,56.5385,3.1282,LOW
Coventry City,home,3-4-1-2,BACK3_WINGBACK,total_shots,17.6667,3,15.9231,1.7436,LOW
Coventry City,home,3-4-1-2,BACK3_WINGBACK,touches_in_box,38.0,1,33.25,4.75,LOW
Coventry City,home,3-4-2-1,BACK3_WINGBACK,blocked_shots,3.0,1,4.3077,-1.3077,LOW
Coventry City,home,3-4-2-1,BACK3_WINGBACK,clearances,22.0,1,17.2308,4.7692,LOW
Coventry City,home,3-4-2-1,BACK3_WINGBACK,corners,10.0,1,6.5385,3.4615,LOW
Coventry City,home,3-4-2-1,BACK3_WINGBACK,crosses,6.0,1,6.2308,-0.2308,LOW
Coventry City,home,3-4-2-1,BACK3_WINGBACK,possession,52.0,1,56.5385,-4.5385,LOW
Coventry City,home,3-4-2-1,BACK3_WINGBACK,total_shots,17.0,1,15.9231,1.0769,LOW
Coventry City,home,3-4-2-1,BACK3_WINGBACK,touches_in_box,31.0,1,33.25,-2.25,LOW
Coventry City,home,3-5-2,BACK3_WINGBACK,blocked_shots,6.0,1,4.3077,1.6923,LOW
Coventry City,home,3-5-2,BACK3_WINGBACK,clearances,9.0,1,17.2308,-8.2308,LOW
Coventry City,home,3-5-2,BACK3_WINGBACK,corners,12.0,1,6.5385,5.4615,LOW
Coventry City,home,3-5-2,BACK3_WINGBACK,crosses,11.0,1,6.2308,4.7692,LOW
Coventry City,home,3-5-2,BACK3_WINGBACK,possession,68.0,1,56.5385,11.4615,LOW
Coventry City,home,3-5-2,BACK3_WINGBACK,total_shots,20.0,1,15.9231,4.0769,LOW
Coventry City,home,3-5-2,BACK3_WINGBACK,touches_in_box,52.0,1,33.25,18.75,LOW
Coventry City,home,4-1-4-1,BACK4_1STRIKER,blocked_shots,3.0,1,4.3077,-1.3077,LOW
Coventry City,home,4-1-4-1,BACK4_1STRIKER,clearances,30.0,1,17.2308,12.7692,LOW
Coventry City,home,4-1-4-1,BACK4_1STRIKER,corners,2.0,1,6.5385,-4.5385,LOW
Coventry City,home,4-1-4-1,BACK4_1STRIKER,crosses,4.0,1,6.2308,-2.2308,LOW
Coventry City,home,4-1-4-1,BACK4_1STRIKER,possession,31.0,1,56.5385,-25.5385,LOW
Coventry City,home,4-1-4-1,BACK4_1STRIKER,total_shots,11.0,1,15.9231,-4.9231,LOW
Coventry City,home,4-2-3-1,BACK4_1STRIKER,blocked_shots,4.0,7,4.3077,-0.3077,MEDIUM
Coventry City,home,4-2-3-1,BACK4_1STRIKER,clearances,17.8571,7,17.2308,0.6264,MEDIUM
Coventry City,home,4-2-3-1,BACK4_1STRIKER,corners,5.1429,7,6.5385,-1.3956,MEDIUM
Coventry City,home,4-2-3-1,BACK4_1STRIKER,crosses,6.4286,7,6.2308,0.1978,MEDIUM
Coventry City,home,4-2-3-1,BACK4_1STRIKER,possession,57.8571,7,56.5385,1.3187,MEDIUM
Coventry City,home,4-2-3-1,BACK4_1STRIKER,total_shots,15.1429,7,15.9231,-0.7802,MEDIUM
Coventry City,home,4-2-3-1,BACK4_1STRIKER,touches_in_box,29.0,5,33.25,-4.25,MEDIUM
Crystal Palace,away,3-1-4-2,BACK3_OTHER,blocked_shots,6.0,1,2.1429,3.8571,LOW
Crystal Palace,away,3-1-4-2,BACK3_OTHER,clearances,25.0,1,29.7143,-4.7143,LOW
Crystal Palace,away,3-1-4-2,BACK3_OTHER,corners,6.0,1,4.0,2.0,LOW
Crystal Palace,away,3-1-4-2,BACK3_OTHER,crosses,3.0,1,3.7143,-0.7143,LOW
Crystal Palace,away,3-1-4-2,BACK3_OTHER,possession,50.0,1,41.0,9.0,LOW
Crystal Palace,away,3-1-4-2,BACK3_OTHER,total_shots,20.0,1,12.0,8.0,LOW
Crystal Palace,away,3-1-4-2,BACK3_OTHER,touches_in_box,23.0,1,21.7143,1.2857,LOW
Crystal Palace,away,3-4-2-1,BACK3_WINGBACK,blocked_shots,1.6,5,2.1429,-0.5429,MEDIUM
Crystal Palace,away,3-4-2-1,BACK3_WINGBACK,clearances,30.4,5,29.7143,0.6857,MEDIUM
Crystal Palace,away,3-4-2-1,BACK3_WINGBACK,corners,4.2,5,4.0,0.2,MEDIUM
Crystal Palace,away,3-4-2-1,BACK3_WINGBACK,crosses,4.0,5,3.7143,0.2857,MEDIUM
Crystal Palace,away,3-4-2-1,BACK3_WINGBACK,possession,37.4,5,41.0,-3.6,MEDIUM
Crystal Palace,away,3-4-2-1,BACK3_WINGBACK,total_shots,11.4,5,12.0,-0.6,MEDIUM
Crystal Palace,away,3-4-2-1,BACK3_WINGBACK,touches_in_box,21.6,5,21.7143,-0.1143,MEDIUM
Crystal Palace,away,3-4-3,BACK3_WINGBACK,blocked_shots,1.0,1,2.1429,-1.1429,LOW
Crystal Palace,away,3-4-3,BACK3_WINGBACK,clearances,31.0,1,29.7143,1.2857,LOW
Crystal Palace,away,3-4-3,BACK3_WINGBACK,corners,1.0,1,4.0,-3.0,LOW
Crystal Palace,away,3-4-3,BACK3_WINGBACK,crosses,3.0,1,3.7143,-0.7143,LOW
Crystal Palace,away,3-4-3,BACK3_WINGBACK,possession,50.0,1,41.0,9.0,LOW
Crystal Palace,away,3-4-3,BACK3_WINGBACK,total_shots,7.0,1,12.0,-5.0,LOW
Crystal Palace,away,3-4-3,BACK3_WINGBACK,touches_in_box,21.0,1,21.7143,-0.7143,LOW
Crystal Palace,home,3-4-2-1,BACK3_WINGBACK,blocked_shots,6.8333,6,5.8571,0.9762,MEDIUM
Crystal Palace,home,3-4-2-1,BACK3_WINGBACK,clearances,27.8333,6,26.8571,0.9762,MEDIUM
Crystal Palace,home,3-4-2-1,BACK3_WINGBACK,corners,5.8333,6,5.1429,0.6905,MEDIUM
Crystal Palace,home,3-4-2-1,BACK3_WINGBACK,crosses,5.1667,6,5.2857,-0.119,MEDIUM
Crystal Palace,home,3-4-2-1,BACK3_WINGBACK,possession,58.8333,6,56.4286,2.4048,MEDIUM
Crystal Palace,home,3-4-2-1,BACK3_WINGBACK,total_shots,15.3333,6,14.2857,1.0476,MEDIUM
Crystal Palace,home,3-4-2-1,BACK3_WINGBACK,touches_in_box,31.0,6,29.5714,1.4286,MEDIUM
Crystal Palace,home,3-4-3,BACK3_WINGBACK,blocked_shots,0.0,1,5.8571,-5.8571,LOW
Crystal Palace,home,3-4-3,BACK3_WINGBACK,clearances,21.0,1,26.8571,-5.8571,LOW
Crystal Palace,home,3-4-3,BACK3_WINGBACK,corners,1.0,1,5.1429,-4.1429,LOW
Crystal Palace,home,3-4-3,BACK3_WINGBACK,crosses,6.0,1,5.2857,0.7143,LOW
Crystal Palace,home,3-4-3,BACK3_WINGBACK,possession,42.0,1,56.4286,-14.4286,LOW
Crystal Palace,home,3-4-3,BACK3_WINGBACK,total_shots,8.0,1,14.2857,-6.2857,LOW
Crystal Palace,home,3-4-3,BACK3_WINGBACK,touches_in_box,21.0,1,29.5714,-8.5714,LOW
Cultural Leonesa,home,4-1-4-1,BACK4_1STRIKER,blocked_shots,3.5,2,3.2857,0.2143,LOW
Cultural Leonesa,home,4-1-4-1,BACK4_1STRIKER,clearances,16.0,2,24.6429,-8.6429,LOW
Cultural Leonesa,home,4-1-4-1,BACK4_1STRIKER,corners,4.5,2,3.8571,0.6429,LOW
Cultural Leonesa,home,4-1-4-1,BACK4_1STRIKER,crosses,4.5,2,3.1429,1.3571,LOW
Cultural Leonesa,home,4-1-4-1,BACK4_1STRIKER,possession,59.5,2,52.0,7.5,LOW
Cultural Leonesa,home,4-1-4-1,BACK4_1STRIKER,total_shots,13.5,2,11.5,2.0,LOW
Cultural Leonesa,home,4-1-4-1,BACK4_1STRIKER,touches_in_box,29.0,2,22.0,7.0,LOW
Cultural Leonesa,home,4-2-3-1,BACK4_1STRIKER,blocked_shots,3.75,4,3.2857,0.4643,LOW
Cultural Leonesa,home,4-2-3-1,BACK4_1STRIKER,clearances,30.25,4,24.6429,5.6071,LOW
Cultural Leonesa,home,4-2-3-1,BACK4_1STRIKER,corners,3.75,4,3.8571,-0.1071,LOW
Cultural Leonesa,home,4-2-3-1,BACK4_1STRIKER,crosses,4.0,4,3.1429,0.8571,LOW
Cultural Leonesa,home,4-2-3-1,BACK4_1STRIKER,possession,46.75,4,52.0,-5.25,LOW
Cultural Leonesa,home,4-2-3-1,BACK4_1STRIKER,total_shots,13.25,4,11.5,1.75,LOW
Cultural Leonesa,home,4-2-3-1,BACK4_1STRIKER,touches_in_box,24.75,4,22.0,2.75,LOW
Cultural Leonesa,home,4-3-1-2,BACK4_2STRIKER,blocked_shots,3.0,1,3.2857,-0.2857,LOW
Cultural Leonesa,home,4-3-1-2,BACK4_2STRIKER,clearances,20.0,1,24.6429,-4.6429,LOW
Cultural Leonesa,home,4-3-1-2,BACK4_2STRIKER,corners,1.0,1,3.8571,-2.8571,LOW
Cultural Leonesa,home,4-3-1-2,BACK4_2STRIKER,crosses,2.0,1,3.1429,-1.1429,LOW
Cultural Leonesa,home,4-3-1-2,BACK4_2STRIKER,possession,53.0,1,52.0,1.0,LOW
Cultural Leonesa,home,4-3-1-2,BACK4_2STRIKER,total_shots,10.0,1,11.5,-1.5,LOW
Cultural Leonesa,home,4-3-1-2,BACK4_2STRIKER,touches_in_box,25.0,1,22.0,3.0,LOW
Cultural Leonesa,home,4-4-2,BACK4_2STRIKER,blocked_shots,3.3333,6,3.2857,0.0476,MEDIUM
Cultural Leonesa,home,4-4-2,BACK4_2STRIKER,clearances,25.8333,6,24.6429,1.1905,MEDIUM
Cultural Leonesa,home,4-4-2,BACK4_2STRIKER,corners,4.1667,6,3.8571,0.3095,MEDIUM
Cultural Leonesa,home,4-4-2,BACK4_2STRIKER,crosses,2.5,6,3.1429,-0.6429,MEDIUM
Cultural Leonesa,home,4-4-2,BACK4_2STRIKER,possession,52.5,6,52.0,0.5,MEDIUM
Cultural Leonesa,home,4-4-2,BACK4_2STRIKER,total_shots,10.5,6,11.5,-1.0,MEDIUM
Cultural Leonesa,home,4-4-2,BACK4_2STRIKER,touches_in_box,18.8333,6,22.0,-3.1667,MEDIUM
Cultural Leonesa,home,4-5-1,BACK4_1STRIKER,blocked_shots,1.0,1,3.2857,-2.2857,LOW
Cultural Leonesa,home,4-5-1,BACK4_1STRIKER,clearances,17.0,1,24.6429,-7.6429,LOW
Cultural Leonesa,home,4-5-1,BACK4_1STRIKER,corners,4.0,1,3.8571,0.1429,LOW
Cultural Leonesa,home,4-5-1,BACK4_1STRIKER,crosses,2.0,1,3.1429,-1.1429,LOW
Cultural Leonesa,home,4-5-1,BACK4_1STRIKER,possession,54.0,1,52.0,2.0,LOW
Cultural Leonesa,home,4-5-1,BACK4_1STRIKER,total_shots,8.0,1,11.5,-3.5,LOW
Cultural Leonesa,home,4-5-1,BACK4_1STRIKER,touches_in_box,13.0,1,22.0,-9.0,LOW
Cádiz,away,3-4-2-1,BACK3_WINGBACK,blocked_shots,1.0,1,1.3333,-0.3333,LOW
Cádiz,away,3-4-2-1,BACK3_WINGBACK,clearances,18.0,1,26.0667,-8.0667,LOW
Cádiz,away,3-4-2-1,BACK3_WINGBACK,corners,5.0,1,3.8,1.2,LOW
Cádiz,away,3-4-2-1,BACK3_WINGBACK,crosses,6.0,1,3.1333,2.8667,LOW
Cádiz,away,3-4-2-1,BACK3_WINGBACK,possession,48.0,1,46.5333,1.4667,LOW
Cádiz,away,3-4-2-1,BACK3_WINGBACK,total_shots,9.0,1,8.3333,0.6667,LOW
Cádiz,away,3-4-2-1,BACK3_WINGBACK,touches_in_box,12.0,1,16.0,-4.0,LOW
Cádiz,away,4-1-4-1,BACK4_1STRIKER,blocked_shots,1.0,1,1.3333,-0.3333,LOW
Cádiz,away,4-1-4-1,BACK4_1STRIKER,clearances,26.0,1,26.0667,-0.0667,LOW
Cádiz,away,4-1-4-1,BACK4_1STRIKER,corners,7.0,1,3.8,3.2,LOW
Cádiz,away,4-1-4-1,BACK4_1STRIKER,crosses,1.0,1,3.1333,-2.1333,LOW
Cádiz,away,4-1-4-1,BACK4_1STRIKER,possession,30.0,1,46.5333,-16.5333,LOW
Cádiz,away,4-1-4-1,BACK4_1STRIKER,total_shots,9.0,1,8.3333,0.6667,LOW
Cádiz,away,4-1-4-1,BACK4_1STRIKER,touches_in_box,20.0,1,16.0,4.0,LOW
Cádiz,away,4-2-3-1,BACK4_1STRIKER,blocked_shots,1.0,5,1.3333,-0.3333,MEDIUM
Cádiz,away,4-2-3-1,BACK4_1STRIKER,clearances,32.2,5,26.0667,6.1333,MEDIUM
Cádiz,away,4-2-3-1,BACK4_1STRIKER,corners,2.6,5,3.8,-1.2,MEDIUM
Cádiz,away,4-2-3-1,BACK4_1STRIKER,crosses,2.6,5,3.1333,-0.5333,MEDIUM
Cádiz,away,4-2-3-1,BACK4_1STRIKER,possession,42.0,5,46.5333,-4.5333,MEDIUM
Cádiz,away,4-2-3-1,BACK4_1STRIKER,total_shots,6.8,5,8.3333,-1.5333,MEDIUM
Cádiz,away,4-2-3-1,BACK4_1STRIKER,touches_in_box,14.0,5,16.0,-2.0,MEDIUM
Cádiz,away,4-3-3,BACK4_1STRIKER,blocked_shots,0.0,1,1.3333,-1.3333,LOW
Cádiz,away,4-3-3,BACK4_1STRIKER,clearances,10.0,1,26.0667,-16.0667,LOW
Cádiz,away,4-3-3,BACK4_1STRIKER,corners,4.0,1,3.8,0.2,LOW
Cádiz,away,4-3-3,BACK4_1STRIKER,crosses,5.0,1,3.1333,1.8667,LOW
Cádiz,away,4-3-3,BACK4_1STRIKER,possession,65.0,1,46.5333,18.4667,LOW
Cádiz,away,4-3-3,BACK4_1STRIKER,total_shots,10.0,1,8.3333,1.6667,LOW
Cádiz,away,4-3-3,BACK4_1STRIKER,touches_in_box,20.0,1,16.0,4.0,LOW
Cádiz,away,4-4-2,BACK4_2STRIKER,blocked_shots,1.8571,7,1.3333,0.5238,MEDIUM
Cádiz,away,4-4-2,BACK4_2STRIKER,clearances,25.1429,7,26.0667,-0.9238,MEDIUM
Cádiz,away,4-4-2,BACK4_2STRIKER,corners,4.0,7,3.8,0.2,MEDIUM
Cádiz,away,4-4-2,BACK4_2STRIKER,crosses,3.1429,7,3.1333,0.0095,MEDIUM
Cádiz,away,4-4-2,BACK4_2STRIKER,possession,49.2857,7,46.5333,2.7524,MEDIUM
Cádiz,away,4-4-2,BACK4_2STRIKER,total_shots,9.0,7,8.3333,0.6667,MEDIUM
Cádiz,away,4-4-2,BACK4_2STRIKER,touches_in_box,16.8571,7,16.0,0.8571,MEDIUM
Cádiz,home,4-2-3-1,BACK4_1STRIKER,blocked_shots,1.0,2,1.0,0.0,LOW
Cádiz,home,4-2-3-1,BACK4_1STRIKER,clearances,28.5,2,28.5,0.0,LOW
Cádiz,home,4-2-3-1,BACK4_1STRIKER,corners,2.5,2,2.5,0.0,LOW
Cádiz,home,4-2-3-1,BACK4_1STRIKER,crosses,3.5,2,3.5,0.0,LOW
Cádiz,home,4-2-3-1,BACK4_1STRIKER,possession,41.5,2,41.5,0.0,LOW
Cádiz,home,4-2-3-1,BACK4_1STRIKER,total_shots,9.0,2,9.0,0.0,LOW
Cádiz,home,4-2-3-1,BACK4_1STRIKER,touches_in_box,13.5,2,13.5,0.0,LOW
Córdoba,away,4-2-3-1,BACK4_1STRIKER,blocked_shots,1.0,1,2.3333,-1.3333,LOW
Córdoba,away,4-2-3-1,BACK4_1STRIKER,clearances,21.0,1,25.0,-4.0,LOW
Córdoba,away,4-2-3-1,BACK4_1STRIKER,corners,3.0,1,4.6667,-1.6667,LOW
Córdoba,away,4-2-3-1,BACK4_1STRIKER,crosses,2.0,1,4.5,-2.5,LOW
Córdoba,away,4-2-3-1,BACK4_1STRIKER,possession,46.0,1,54.5,-8.5,LOW
Córdoba,away,4-2-3-1,BACK4_1STRIKER,total_shots,10.0,1,11.5,-1.5,LOW
Córdoba,away,4-2-3-1,BACK4_1STRIKER,touches_in_box,18.0,1,20.8333,-2.8333,LOW
Córdoba,away,4-3-3,BACK4_1STRIKER,blocked_shots,2.6,5,2.3333,0.2667,MEDIUM
Córdoba,away,4-3-3,BACK4_1STRIKER,clearances,25.8,5,25.0,0.8,MEDIUM
Córdoba,away,4-3-3,BACK4_1STRIKER,corners,5.0,5,4.6667,0.3333,MEDIUM
Córdoba,away,4-3-3,BACK4_1STRIKER,crosses,5.0,5,4.5,0.5,MEDIUM
Córdoba,away,4-3-3,BACK4_1STRIKER,possession,56.2,5,54.5,1.7,MEDIUM
Córdoba,away,4-3-3,BACK4_1STRIKER,total_shots,11.8,5,11.5,0.3,MEDIUM
Córdoba,away,4-3-3,BACK4_1STRIKER,touches_in_box,21.4,5,20.8333,0.5667,MEDIUM
Córdoba,home,4-2-3-1,BACK4_1STRIKER,blocked_shots,6.1667,6,5.0,1.1667,MEDIUM
Córdoba,home,4-2-3-1,BACK4_1STRIKER,clearances,11.1667,6,14.1818,-3.0152,MEDIUM
Córdoba,home,4-2-3-1,BACK4_1STRIKER,corners,9.3333,6,8.0909,1.2424,MEDIUM
Córdoba,home,4-2-3-1,BACK4_1STRIKER,crosses,7.8333,6,7.5455,0.2879,MEDIUM
Córdoba,home,4-2-3-1,BACK4_1STRIKER,possession,60.1667,6,62.3636,-2.197,MEDIUM
Córdoba,home,4-2-3-1,BACK4_1STRIKER,total_shots,20.5,6,19.3636,1.1364,MEDIUM
Córdoba,home,4-2-3-1,BACK4_1STRIKER,touches_in_box,33.8333,6,32.0909,1.7424,MEDIUM
Córdoba,home,4-3-3,BACK4_1STRIKER,blocked_shots,3.6,5,5.0,-1.4,MEDIUM
Córdoba,home,4-3-3,BACK4_1STRIKER,clearances,17.8,5,14.1818,3.6182,MEDIUM
Córdoba,home,4-3-3,BACK4_1STRIKER,corners,6.6,5,8.0909,-1.4909,MEDIUM
Córdoba,home,4-3-3,BACK4_1STRIKER,crosses,7.2,5,7.5455,-0.3455,MEDIUM
Córdoba,home,4-3-3,BACK4_1STRIKER,possession,65.0,5,62.3636,2.6364,MEDIUM
Córdoba,home,4-3-3,BACK4_1STRIKER,total_shots,18.0,5,19.3636,-1.3636,MEDIUM
Córdoba,home,4-3-3,BACK4_1STRIKER,touches_in_box,30.0,5,32.0909,-2.0909,MEDIUM
Deportivo Alavés,away,4-2-3-1,BACK4_1STRIKER,blocked_shots,3.0,4,3.25,-0.25,LOW
Deportivo Alavés,away,4-2-3-1,BACK4_1STRIKER,clearances,23.25,4,26.5,-3.25,LOW
Deportivo Alavés,away,4-2-3-1,BACK4_1STRIKER,corners,4.0,4,4.0,0.0,LOW
Deportivo Alavés,away,4-2-3-1,BACK4_1STRIKER,crosses,4.25,4,4.5,-0.25,LOW
Deportivo Alavés,away,4-2-3-1,BACK4_1STRIKER,possession,56.25,4,51.625,4.625,LOW
Deportivo Alavés,away,4-2-3-1,BACK4_1STRIKER,total_shots,13.0,4,12.25,0.75,LOW
Deportivo Alavés,away,4-2-3-1,BACK4_1STRIKER,touches_in_box,21.0,4,18.25,2.75,LOW
Deportivo Alavés,away,4-4-1-1,BACK4_1STRIKER,blocked_shots,1.0,1,3.25,-2.25,LOW
Deportivo Alavés,away,4-4-1-1,BACK4_1STRIKER,clearances,37.0,1,26.5,10.5,LOW
Deportivo Alavés,away,4-4-1-1,BACK4_1STRIKER,corners,3.0,1,4.0,-1.0,LOW
Deportivo Alavés,away,4-4-1-1,BACK4_1STRIKER,crosses,3.0,1,4.5,-1.5,LOW
Deportivo Alavés,away,4-4-1-1,BACK4_1STRIKER,possession,40.0,1,51.625,-11.625,LOW
Deportivo Alavés,away,4-4-1-1,BACK4_1STRIKER,total_shots,6.0,1,12.25,-6.25,LOW
Deportivo Alavés,away,4-4-1-1,BACK4_1STRIKER,touches_in_box,6.0,1,18.25,-12.25,LOW
Deportivo Alavés,away,4-4-2,BACK4_2STRIKER,blocked_shots,4.3333,3,3.25,1.0833,LOW
Deportivo Alavés,away,4-4-2,BACK4_2STRIKER,clearances,27.3333,3,26.5,0.8333,LOW
Deportivo Alavés,away,4-4-2,BACK4_2STRIKER,corners,4.3333,3,4.0,0.3333,LOW
Deportivo Alavés,away,4-4-2,BACK4_2STRIKER,crosses,5.3333,3,4.5,0.8333,LOW
Deportivo Alavés,away,4-4-2,BACK4_2STRIKER,possession,49.3333,3,51.625,-2.2917,LOW
Deportivo Alavés,away,4-4-2,BACK4_2STRIKER,total_shots,13.3333,3,12.25,1.0833,LOW
Deportivo Alavés,away,4-4-2,BACK4_2STRIKER,touches_in_box,18.6667,3,18.25,0.4167,LOW
Deportivo Alavés,home,4-1-4-1,BACK4_1STRIKER,blocked_shots,3.0,1,5.25,-2.25,LOW
Deportivo Alavés,home,4-1-4-1,BACK4_1STRIKER,clearances,29.0,1,21.5,7.5,LOW
Deportivo Alavés,home,4-1-4-1,BACK4_1STRIKER,corners,6.0,1,7.5,-1.5,LOW
Deportivo Alavés,home,4-1-4-1,BACK4_1STRIKER,crosses,6.0,1,6.75,-0.75,LOW
Deportivo Alavés,home,4-1-4-1,BACK4_1STRIKER,possession,57.0,1,45.75,11.25,LOW
Deportivo Alavés,home,4-1-4-1,BACK4_1STRIKER,total_shots,18.0,1,16.25,1.75,LOW
Deportivo Alavés,home,4-1-4-1,BACK4_1STRIKER,touches_in_box,22.0,1,29.75,-7.75,LOW
Deportivo Alavés,home,4-2-3-1,BACK4_1STRIKER,blocked_shots,12.0,1,5.25,6.75,LOW
Deportivo Alavés,home,4-2-3-1,BACK4_1STRIKER,clearances,16.0,1,21.5,-5.5,LOW
Deportivo Alavés,home,4-2-3-1,BACK4_1STRIKER,corners,14.0,1,7.5,6.5,LOW
Deportivo Alavés,home,4-2-3-1,BACK4_1STRIKER,crosses,8.0,1,6.75,1.25,LOW
Deportivo Alavés,home,4-2-3-1,BACK4_1STRIKER,possession,47.0,1,45.75,1.25,LOW
Deportivo Alavés,home,4-2-3-1,BACK4_1STRIKER,total_shots,25.0,1,16.25,8.75,LOW
Deportivo Alavés,home,4-2-3-1,BACK4_1STRIKER,touches_in_box,47.0,1,29.75,17.25,LOW
Deportivo Alavés,home,4-4-2,BACK4_2STRIKER,blocked_shots,4.0,1,5.25,-1.25,LOW
Deportivo Alavés,home,4-4-2,BACK4_2STRIKER,clearances,21.0,1,21.5,-0.5,LOW
Deportivo Alavés,home,4-4-2,BACK4_2STRIKER,corners,6.0,1,7.5,-1.5,LOW
Deportivo Alavés,home,4-4-2,BACK4_2STRIKER,crosses,8.0,1,6.75,1.25,LOW
Deportivo Alavés,home,4-4-2,BACK4_2STRIKER,possession,29.0,1,45.75,-16.75,LOW
Deportivo Alavés,home,4-4-2,BACK4_2STRIKER,total_shots,15.0,1,16.25,-1.25,LOW
Deportivo Alavés,home,4-4-2,BACK4_2STRIKER,touches_in_box,25.0,1,29.75,-4.75,LOW
Deportivo Alavés,home,5-3-2,BACK5_DEFENSIVE,blocked_shots,2.0,1,5.25,-3.25,LOW
Deportivo Alavés,home,5-3-2,BACK5_DEFENSIVE,clearances,20.0,1,21.5,-1.5,LOW
Deportivo Alavés,home,5-3-2,BACK5_DEFENSIVE,corners,4.0,1,7.5,-3.5,LOW
Deportivo Alavés,home,5-3-2,BACK5_DEFENSIVE,crosses,5.0,1,6.75,-1.75,LOW
Deportivo Alavés,home,5-3-2,BACK5_DEFENSIVE,possession,50.0,1,45.75,4.25,LOW
Deportivo Alavés,home,5-3-2,BACK5_DEFENSIVE,total_shots,7.0,1,16.25,-9.25,LOW
Deportivo Alavés,home,5-3-2,BACK5_DEFENSIVE,touches_in_box,25.0,1,29.75,-4.75,LOW
Deportivo La Coruña,away,4-1-4-1,BACK4_1STRIKER,blocked_shots,4.0,1,4.2857,-0.2857,LOW
Deportivo La Coruña,away,4-1-4-1,BACK4_1STRIKER,clearances,47.0,1,30.7143,16.2857,LOW
Deportivo La Coruña,away,4-1-4-1,BACK4_1STRIKER,corners,4.0,1,4.4286,-0.4286,LOW
Deportivo La Coruña,away,4-1-4-1,BACK4_1STRIKER,crosses,3.0,1,2.8571,0.1429,LOW
Deportivo La Coruña,away,4-1-4-1,BACK4_1STRIKER,possession,53.0,1,49.7143,3.2857,LOW
Deportivo La Coruña,away,4-1-4-1,BACK4_1STRIKER,total_shots,10.0,1,12.8571,-2.8571,LOW
Deportivo La Coruña,away,4-1-4-1,BACK4_1STRIKER,touches_in_box,28.0,1,21.1429,6.8571,LOW
Deportivo La Coruña,away,4-2-3-1,BACK4_1STRIKER,blocked_shots,7.0,2,4.2857,2.7143,LOW
Deportivo La Coruña,away,4-2-3-1,BACK4_1STRIKER,clearances,22.0,2,30.7143,-8.7143,LOW
Deportivo La Coruña,away,4-2-3-1,BACK4_1STRIKER,corners,2.5,2,4.4286,-1.9286,LOW
Deportivo La Coruña,away,4-2-3-1,BACK4_1STRIKER,crosses,3.5,2,2.8571,0.6429,LOW
Deportivo La Coruña,away,4-2-3-1,BACK4_1STRIKER,possession,50.0,2,49.7143,0.2857,LOW
Deportivo La Coruña,away,4-2-3-1,BACK4_1STRIKER,total_shots,16.5,2,12.8571,3.6429,LOW
Deportivo La Coruña,away,4-2-3-1,BACK4_1STRIKER,touches_in_box,25.0,2,21.1429,3.8571,LOW
Deportivo La Coruña,away,4-4-2,BACK4_2STRIKER,blocked_shots,2.6667,3,4.2857,-1.619,LOW
Deportivo La Coruña,away,4-4-2,BACK4_2STRIKER,clearances,26.6667,3,30.7143,-4.0476,LOW
Deportivo La Coruña,away,4-4-2,BACK4_2STRIKER,corners,5.6667,3,4.4286,1.2381,LOW
Deportivo La Coruña,away,4-4-2,BACK4_2STRIKER,crosses,3.0,3,2.8571,0.1429,LOW
Deportivo La Coruña,away,4-4-2,BACK4_2STRIKER,possession,52.3333,3,49.7143,2.619,LOW
Deportivo La Coruña,away,4-4-2,BACK4_2STRIKER,total_shots,12.6667,3,12.8571,-0.1905,LOW
Deportivo La Coruña,away,4-4-2,BACK4_2STRIKER,touches_in_box,17.6667,3,21.1429,-3.4762,LOW
Deportivo La Coruña,away,5-3-2,BACK5_DEFENSIVE,blocked_shots,4.0,1,4.2857,-0.2857,LOW
Deportivo La Coruña,away,5-3-2,BACK5_DEFENSIVE,clearances,44.0,1,30.7143,13.2857,LOW
Deportivo La Coruña,away,5-3-2,BACK5_DEFENSIVE,corners,5.0,1,4.4286,0.5714,LOW
Deportivo La Coruña,away,5-3-2,BACK5_DEFENSIVE,crosses,1.0,1,2.8571,-1.8571,LOW
Deportivo La Coruña,away,5-3-2,BACK5_DEFENSIVE,possession,38.0,1,49.7143,-11.7143,LOW
Deportivo La Coruña,away,5-3-2,BACK5_DEFENSIVE,total_shots,9.0,1,12.8571,-3.8571,LOW
Deportivo La Coruña,away,5-3-2,BACK5_DEFENSIVE,touches_in_box,17.0,1,21.1429,-4.1429,LOW
Deportivo La Coruña,home,4-2-3-1,BACK4_1STRIKER,blocked_shots,5.0,2,4.8,0.2,LOW
Deportivo La Coruña,home,4-2-3-1,BACK4_1STRIKER,clearances,26.5,2,26.1,0.4,LOW
Deportivo La Coruña,home,4-2-3-1,BACK4_1STRIKER,corners,3.5,2,5.0,-1.5,LOW
Deportivo La Coruña,home,4-2-3-1,BACK4_1STRIKER,crosses,3.5,2,3.8,-0.3,LOW
Deportivo La Coruña,home,4-2-3-1,BACK4_1STRIKER,possession,54.5,2,52.2,2.3,LOW
Deportivo La Coruña,home,4-2-3-1,BACK4_1STRIKER,total_shots,14.5,2,12.9,1.6,LOW
Deportivo La Coruña,home,4-2-3-1,BACK4_1STRIKER,touches_in_box,24.0,2,22.4,1.6,LOW
Deportivo La Coruña,home,4-4-2,BACK4_2STRIKER,blocked_shots,5.1667,6,4.8,0.3667,MEDIUM
Deportivo La Coruña,home,4-4-2,BACK4_2STRIKER,clearances,26.3333,6,26.1,0.2333,MEDIUM
Deportivo La Coruña,home,4-4-2,BACK4_2STRIKER,corners,5.8333,6,5.0,0.8333,MEDIUM
Deportivo La Coruña,home,4-4-2,BACK4_2STRIKER,crosses,3.5,6,3.8,-0.3,MEDIUM
Deportivo La Coruña,home,4-4-2,BACK4_2STRIKER,possession,55.8333,6,52.2,3.6333,MEDIUM
Deportivo La Coruña,home,4-4-2,BACK4_2STRIKER,total_shots,11.6667,6,12.9,-1.2333,MEDIUM
Deportivo La Coruña,home,4-4-2,BACK4_2STRIKER,touches_in_box,20.5,6,22.4,-1.9,MEDIUM
Deportivo La Coruña,home,5-3-2,BACK5_DEFENSIVE,blocked_shots,3.0,1,4.8,-1.8,LOW
Deportivo La Coruña,home,5-3-2,BACK5_DEFENSIVE,clearances,27.0,1,26.1,0.9,LOW
Deportivo La Coruña,home,5-3-2,BACK5_DEFENSIVE,corners,2.0,1,5.0,-3.0,LOW
Deportivo La Coruña,home,5-3-2,BACK5_DEFENSIVE,crosses,5.0,1,3.8,1.2,LOW
Deportivo La Coruña,home,5-3-2,BACK5_DEFENSIVE,possession,34.0,1,52.2,-18.2,LOW
Deportivo La Coruña,home,5-3-2,BACK5_DEFENSIVE,total_shots,14.0,1,12.9,1.1,LOW
Deportivo La Coruña,home,5-3-2,BACK5_DEFENSIVE,touches_in_box,30.0,1,22.4,7.6,LOW
Deportivo La Coruña,home,5-4-1,BACK5_DEFENSIVE,blocked_shots,4.0,1,4.8,-0.8,LOW
Deportivo La Coruña,home,5-4-1,BACK5_DEFENSIVE,clearances,23.0,1,26.1,-3.1,LOW
Deportivo La Coruña,home,5-4-1,BACK5_DEFENSIVE,corners,6.0,1,5.0,1.0,LOW
Deportivo La Coruña,home,5-4-1,BACK5_DEFENSIVE,crosses,5.0,1,3.8,1.2,LOW
Deportivo La Coruña,home,5-4-1,BACK5_DEFENSIVE,possession,44.0,1,52.2,-8.2,LOW
Deportivo La Coruña,home,5-4-1,BACK5_DEFENSIVE,total_shots,16.0,1,12.9,3.1,LOW
Deportivo La Coruña,home,5-4-1,BACK5_DEFENSIVE,touches_in_box,23.0,1,22.4,0.6,LOW
Derby County,away,3-4-3,BACK3_WINGBACK,blocked_shots,3.0,1,2.5,0.5,LOW
Derby County,away,3-4-3,BACK3_WINGBACK,clearances,20.0,1,29.375,-9.375,LOW
Derby County,away,3-4-3,BACK3_WINGBACK,corners,5.0,1,5.0,0.0,LOW
Derby County,away,3-4-3,BACK3_WINGBACK,crosses,6.0,1,4.0,2.0,LOW
Derby County,away,3-4-3,BACK3_WINGBACK,possession,40.0,1,41.25,-1.25,LOW
Derby County,away,3-4-3,BACK3_WINGBACK,total_shots,15.0,1,11.25,3.75,LOW
Derby County,away,3-4-3,BACK3_WINGBACK,touches_in_box,23.0,1,20.25,2.75,LOW
Derby County,away,3-5-2,BACK3_WINGBACK,blocked_shots,2.0,1,2.5,-0.5,LOW
Derby County,away,3-5-2,BACK3_WINGBACK,clearances,38.0,1,29.375,8.625,LOW
Derby County,away,3-5-2,BACK3_WINGBACK,corners,8.0,1,5.0,3.0,LOW
Derby County,away,3-5-2,BACK3_WINGBACK,crosses,3.0,1,4.0,-1.0,LOW
Derby County,away,3-5-2,BACK3_WINGBACK,possession,26.0,1,41.25,-15.25,LOW
Derby County,away,3-5-2,BACK3_WINGBACK,total_shots,6.0,1,11.25,-5.25,LOW
Derby County,away,3-5-2,BACK3_WINGBACK,touches_in_box,14.0,1,20.25,-6.25,LOW
Derby County,away,4-2-3-1,BACK4_1STRIKER,blocked_shots,1.6667,3,2.5,-0.8333,LOW
Derby County,away,4-2-3-1,BACK4_1STRIKER,clearances,35.0,3,29.375,5.625,LOW
Derby County,away,4-2-3-1,BACK4_1STRIKER,corners,4.6667,3,5.0,-0.3333,LOW
Derby County,away,4-2-3-1,BACK4_1STRIKER,crosses,3.6667,3,4.0,-0.3333,LOW
Derby County,away,4-2-3-1,BACK4_1STRIKER,possession,48.3333,3,41.25,7.0833,LOW
Derby County,away,4-2-3-1,BACK4_1STRIKER,total_shots,12.6667,3,11.25,1.4167,LOW
Derby County,away,4-2-3-1,BACK4_1STRIKER,touches_in_box,23.6667,3,20.25,3.4167,LOW
Derby County,away,5-3-2,BACK5_DEFENSIVE,blocked_shots,2.5,2,2.5,0.0,LOW
Derby County,away,5-3-2,BACK5_DEFENSIVE,clearances,32.0,2,29.375,2.625,LOW
Derby County,away,5-3-2,BACK5_DEFENSIVE,corners,2.5,2,5.0,-2.5,LOW
Derby County,away,5-3-2,BACK5_DEFENSIVE,crosses,3.0,2,4.0,-1.0,LOW
Derby County,away,5-3-2,BACK5_DEFENSIVE,possession,35.0,2,41.25,-6.25,LOW
Derby County,away,5-3-2,BACK5_DEFENSIVE,total_shots,9.0,2,11.25,-2.25,LOW
Derby County,away,5-3-2,BACK5_DEFENSIVE,touches_in_box,16.5,2,20.25,-3.75,LOW
Derby County,away,5-4-1,BACK5_DEFENSIVE,blocked_shots,5.0,1,2.5,2.5,LOW
Derby County,away,5-4-1,BACK5_DEFENSIVE,clearances,8.0,1,29.375,-21.375,LOW
Derby County,away,5-4-1,BACK5_DEFENSIVE,corners,8.0,1,5.0,3.0,LOW
Derby County,away,5-4-1,BACK5_DEFENSIVE,crosses,6.0,1,4.0,2.0,LOW
Derby County,away,5-4-1,BACK5_DEFENSIVE,possession,49.0,1,41.25,7.75,LOW
Derby County,away,5-4-1,BACK5_DEFENSIVE,total_shots,13.0,1,11.25,1.75,LOW
Derby County,away,5-4-1,BACK5_DEFENSIVE,touches_in_box,21.0,1,20.25,0.75,LOW
Derby County,home,3-4-1-2,BACK3_WINGBACK,blocked_shots,3.0,2,4.0,-1.0,LOW
Derby County,home,3-4-1-2,BACK3_WINGBACK,clearances,44.0,2,28.0,16.0,LOW
Derby County,home,3-4-1-2,BACK3_WINGBACK,corners,8.5,2,6.2,2.3,LOW
Derby County,home,3-4-1-2,BACK3_WINGBACK,crosses,5.0,2,5.5,-0.5,LOW
Derby County,home,3-4-1-2,BACK3_WINGBACK,possession,51.0,2,49.6,1.4,LOW
Derby County,home,3-4-1-2,BACK3_WINGBACK,total_shots,13.0,2,12.1,0.9,LOW
Derby County,home,3-4-1-2,BACK3_WINGBACK,touches_in_box,23.5,2,23.0,0.5,LOW
Derby County,home,3-4-2-1,BACK3_WINGBACK,blocked_shots,3.5,2,4.0,-0.5,LOW
Derby County,home,3-4-2-1,BACK3_WINGBACK,clearances,23.5,2,28.0,-4.5,LOW
Derby County,home,3-4-2-1,BACK3_WINGBACK,corners,8.5,2,6.2,2.3,LOW
Derby County,home,3-4-2-1,BACK3_WINGBACK,crosses,5.0,2,5.5,-0.5,LOW
Derby County,home,3-4-2-1,BACK3_WINGBACK,possession,45.0,2,49.6,-4.6,LOW
Derby County,home,3-4-2-1,BACK3_WINGBACK,total_shots,12.5,2,12.1,0.4,LOW
Derby County,home,3-4-2-1,BACK3_WINGBACK,touches_in_box,27.5,2,23.0,4.5,LOW
Derby County,home,3-5-2,BACK3_WINGBACK,blocked_shots,4.0,1,4.0,0.0,LOW
Derby County,home,3-5-2,BACK3_WINGBACK,clearances,18.0,1,28.0,-10.0,LOW
Derby County,home,3-5-2,BACK3_WINGBACK,corners,3.0,1,6.2,-3.2,LOW
Derby County,home,3-5-2,BACK3_WINGBACK,crosses,6.0,1,5.5,0.5,LOW
Derby County,home,3-5-2,BACK3_WINGBACK,possession,58.0,1,49.6,8.4,LOW
Derby County,home,3-5-2,BACK3_WINGBACK,total_shots,14.0,1,12.1,1.9,LOW
Derby County,home,3-5-2,BACK3_WINGBACK,touches_in_box,17.0,1,23.0,-6.0,LOW
Derby County,home,4-1-4-1,BACK4_1STRIKER,blocked_shots,5.0,1,4.0,1.0,LOW
Derby County,home,4-1-4-1,BACK4_1STRIKER,clearances,15.0,1,28.0,-13.0,LOW
Derby County,home,4-1-4-1,BACK4_1STRIKER,corners,7.0,1,6.2,0.8,LOW
Derby County,home,4-1-4-1,BACK4_1STRIKER,crosses,5.0,1,5.5,-0.5,LOW
Derby County,home,4-1-4-1,BACK4_1STRIKER,possession,51.0,1,49.6,1.4,LOW
Derby County,home,4-1-4-1,BACK4_1STRIKER,total_shots,13.0,1,12.1,0.9,LOW
Derby County,home,4-1-4-1,BACK4_1STRIKER,touches_in_box,26.0,1,23.0,3.0,LOW
Derby County,home,4-2-3-1,BACK4_1STRIKER,blocked_shots,5.6667,3,4.0,1.6667,LOW
Derby County,home,4-2-3-1,BACK4_1STRIKER,clearances,26.3333,3,28.0,-1.6667,LOW
Derby County,home,4-2-3-1,BACK4_1STRIKER,corners,5.0,3,6.2,-1.2,LOW
Derby County,home,4-2-3-1,BACK4_1STRIKER,crosses,7.0,3,5.5,1.5,LOW
Derby County,home,4-2-3-1,BACK4_1STRIKER,possession,55.3333,3,49.6,5.7333,LOW
Derby County,home,4-2-3-1,BACK4_1STRIKER,total_shots,13.3333,3,12.1,1.2333,LOW
Derby County,home,4-2-3-1,BACK4_1STRIKER,touches_in_box,24.3333,3,23.0,1.3333,LOW
Derby County,home,4-3-3,BACK4_1STRIKER,blocked_shots,1.0,1,4.0,-3.0,LOW
Derby County,home,4-3-3,BACK4_1STRIKER,clearances,33.0,1,28.0,5.0,LOW
Derby County,home,4-3-3,BACK4_1STRIKER,corners,3.0,1,6.2,-3.2,LOW
Derby County,home,4-3-3,BACK4_1STRIKER,crosses,3.0,1,5.5,-2.5,LOW
Derby County,home,4-3-3,BACK4_1STRIKER,possession,29.0,1,49.6,-20.6,LOW
Derby County,home,4-3-3,BACK4_1STRIKER,total_shots,3.0,1,12.1,-9.1,LOW
Derby County,home,4-3-3,BACK4_1STRIKER,touches_in_box,12.0,1,23.0,-11.0,LOW
Eibar,away,3-5-2,BACK3_WINGBACK,blocked_shots,1.0,1,2.1667,-1.1667,LOW
Eibar,away,3-5-2,BACK3_WINGBACK,clearances,55.0,1,32.6667,22.3333,LOW
Eibar,away,3-5-2,BACK3_WINGBACK,corners,3.0,1,3.1667,-0.1667,LOW
Eibar,away,3-5-2,BACK3_WINGBACK,crosses,0.0,1,2.8333,-2.8333,LOW
Eibar,away,3-5-2,BACK3_WINGBACK,possession,39.0,1,40.0,-1.0,LOW
Eibar,away,3-5-2,BACK3_WINGBACK,total_shots,6.0,1,6.3333,-0.3333,LOW
Eibar,away,3-5-2,BACK3_WINGBACK,touches_in_box,9.0,1,12.5,-3.5,LOW
Eibar,away,4-2-3-1,BACK4_1STRIKER,blocked_shots,3.0,3,2.1667,0.8333,LOW
Eibar,away,4-2-3-1,BACK4_1STRIKER,clearances,29.0,3,32.6667,-3.6667,LOW
Eibar,away,4-2-3-1,BACK4_1STRIKER,corners,4.0,3,3.1667,0.8333,LOW
Eibar,away,4-2-3-1,BACK4_1STRIKER,crosses,5.0,3,2.8333,2.1667,LOW
Eibar,away,4-2-3-1,BACK4_1STRIKER,possession,42.3333,3,40.0,2.3333,LOW
Eibar,away,4-2-3-1,BACK4_1STRIKER,total_shots,8.0,3,6.3333,1.6667,LOW
Eibar,away,4-2-3-1,BACK4_1STRIKER,touches_in_box,16.3333,3,12.5,3.8333,LOW
Eibar,away,4-4-1-1,BACK4_1STRIKER,blocked_shots,1.0,1,2.1667,-1.1667,LOW
Eibar,away,4-4-1-1,BACK4_1STRIKER,clearances,23.0,1,32.6667,-9.6667,LOW
Eibar,away,4-4-1-1,BACK4_1STRIKER,corners,2.0,1,3.1667,-1.1667,LOW
Eibar,away,4-4-1-1,BACK4_1STRIKER,crosses,1.0,1,2.8333,-1.8333,LOW
Eibar,away,4-4-1-1,BACK4_1STRIKER,possession,36.0,1,40.0,-4.0,LOW
Eibar,away,4-4-1-1,BACK4_1STRIKER,total_shots,4.0,1,6.3333,-2.3333,LOW
Eibar,away,4-4-1-1,BACK4_1STRIKER,touches_in_box,8.0,1,12.5,-4.5,LOW
Eibar,away,4-4-2,BACK4_2STRIKER,blocked_shots,2.0,1,2.1667,-0.1667,LOW
Eibar,away,4-4-2,BACK4_2STRIKER,clearances,31.0,1,32.6667,-1.6667,LOW
Eibar,away,4-4-2,BACK4_2STRIKER,corners,2.0,1,3.1667,-1.1667,LOW
Eibar,away,4-4-2,BACK4_2STRIKER,crosses,1.0,1,2.8333,-1.8333,LOW
Eibar,away,4-4-2,BACK4_2STRIKER,possession,38.0,1,40.0,-2.0,LOW
Eibar,away,4-4-2,BACK4_2STRIKER,total_shots,4.0,1,6.3333,-2.3333,LOW
Eibar,away,4-4-2,BACK4_2STRIKER,touches_in_box,9.0,1,12.5,-3.5,LOW
Eibar,home,4-2-3-1,BACK4_1STRIKER,blocked_shots,2.2857,7,2.375,-0.0893,MEDIUM
Eibar,home,4-2-3-1,BACK4_1STRIKER,clearances,27.0,7,26.0,1.0,MEDIUM
Eibar,home,4-2-3-1,BACK4_1STRIKER,corners,4.5714,7,4.25,0.3214,MEDIUM
Eibar,home,4-2-3-1,BACK4_1STRIKER,crosses,5.5714,7,5.5,0.0714,MEDIUM
Eibar,home,4-2-3-1,BACK4_1STRIKER,possession,48.5714,7,48.875,-0.3036,MEDIUM
Eibar,home,4-2-3-1,BACK4_1STRIKER,total_shots,12.1429,7,12.125,0.0179,MEDIUM
Eibar,home,4-2-3-1,BACK4_1STRIKER,touches_in_box,22.8571,7,23.875,-1.0179,MEDIUM
Eibar,home,4-4-2,BACK4_2STRIKER,blocked_shots,3.0,1,2.375,0.625,LOW
Eibar,home,4-4-2,BACK4_2STRIKER,clearances,19.0,1,26.0,-7.0,LOW
Eibar,home,4-4-2,BACK4_2STRIKER,corners,2.0,1,4.25,-2.25,LOW
Eibar,home,4-4-2,BACK4_2STRIKER,crosses,5.0,1,5.5,-0.5,LOW
Eibar,home,4-4-2,BACK4_2STRIKER,possession,51.0,1,48.875,2.125,LOW
Eibar,home,4-4-2,BACK4_2STRIKER,total_shots,12.0,1,12.125,-0.125,LOW
Eibar,home,4-4-2,BACK4_2STRIKER,touches_in_box,31.0,1,23.875,7.125,LOW
Elche,away,3-4-1-2,BACK3_WINGBACK,blocked_shots,2.0,2,1.9091,0.0909,LOW
Elche,away,3-4-1-2,BACK3_WINGBACK,clearances,23.0,2,21.0,2.0,LOW
Elche,away,3-4-1-2,BACK3_WINGBACK,corners,2.0,2,2.5455,-0.5455,LOW
Elche,away,3-4-1-2,BACK3_WINGBACK,crosses,5.5,2,3.2727,2.2273,LOW
Elche,away,3-4-1-2,BACK3_WINGBACK,possession,54.5,2,57.3636,-2.8636,LOW
Elche,away,3-4-1-2,BACK3_WINGBACK,total_shots,10.5,2,8.4545,2.0455,LOW
Elche,away,3-4-1-2,BACK3_WINGBACK,touches_in_box,14.5,2,15.0,-0.5,LOW
Elche,away,3-5-2,BACK3_WINGBACK,blocked_shots,1.3333,3,1.9091,-0.5758,LOW
Elche,away,3-5-2,BACK3_WINGBACK,clearances,29.6667,3,21.0,8.6667,LOW
Elche,away,3-5-2,BACK3_WINGBACK,corners,2.3333,3,2.5455,-0.2121,LOW
Elche,away,3-5-2,BACK3_WINGBACK,crosses,2.6667,3,3.2727,-0.6061,LOW
Elche,away,3-5-2,BACK3_WINGBACK,possession,51.6667,3,57.3636,-5.697,LOW
Elche,away,3-5-2,BACK3_WINGBACK,total_shots,6.3333,3,8.4545,-2.1212,LOW
Elche,away,3-5-2,BACK3_WINGBACK,touches_in_box,13.3333,3,15.0,-1.6667,LOW
Elche,away,4-1-4-1,BACK4_1STRIKER,blocked_shots,4.0,2,1.9091,2.0909,LOW
Elche,away,4-1-4-1,BACK4_1STRIKER,clearances,21.5,2,21.0,0.5,LOW
Elche,away,4-1-4-1,BACK4_1STRIKER,corners,1.5,2,2.5455,-1.0455,LOW
Elche,away,4-1-4-1,BACK4_1STRIKER,crosses,2.0,2,3.2727,-1.2727,LOW
Elche,away,4-1-4-1,BACK4_1STRIKER,possession,63.0,2,57.3636,5.6364,LOW
Elche,away,4-1-4-1,BACK4_1STRIKER,total_shots,11.0,2,8.4545,2.5455,LOW
Elche,away,4-1-4-1,BACK4_1STRIKER,touches_in_box,19.0,2,15.0,4.0,LOW
Elche,away,4-2-3-1,BACK4_1STRIKER,blocked_shots,2.0,1,1.9091,0.0909,LOW
Elche,away,4-2-3-1,BACK4_1STRIKER,clearances,8.0,1,21.0,-13.0,LOW
Elche,away,4-2-3-1,BACK4_1STRIKER,corners,6.0,1,2.5455,3.4545,LOW
Elche,away,4-2-3-1,BACK4_1STRIKER,crosses,6.0,1,3.2727,2.7273,LOW
Elche,away,4-2-3-1,BACK4_1STRIKER,possession,60.0,1,57.3636,2.6364,LOW
Elche,away,4-2-3-1,BACK4_1STRIKER,total_shots,7.0,1,8.4545,-1.4545,LOW
Elche,away,4-2-3-1,BACK4_1STRIKER,touches_in_box,12.0,1,15.0,-3.0,LOW
Elche,away,4-3-3,BACK4_1STRIKER,blocked_shots,0.0,1,1.9091,-1.9091,LOW
Elche,away,4-3-3,BACK4_1STRIKER,clearances,9.0,1,21.0,-12.0,LOW
Elche,away,4-3-3,BACK4_1STRIKER,corners,3.0,1,2.5455,0.4545,LOW
Elche,away,4-3-3,BACK4_1STRIKER,crosses,1.0,1,3.2727,-2.2727,LOW
Elche,away,4-3-3,BACK4_1STRIKER,possession,59.0,1,57.3636,1.6364,LOW
Elche,away,4-3-3,BACK4_1STRIKER,total_shots,5.0,1,8.4545,-3.4545,LOW
Elche,away,4-3-3,BACK4_1STRIKER,touches_in_box,8.0,1,15.0,-7.0,LOW
Elche,away,4-5-1,BACK4_1STRIKER,blocked_shots,1.0,1,1.9091,-0.9091,LOW
Elche,away,4-5-1,BACK4_1STRIKER,clearances,25.0,1,21.0,4.0,LOW
Elche,away,4-5-1,BACK4_1STRIKER,corners,0.0,1,2.5455,-2.5455,LOW
Elche,away,4-5-1,BACK4_1STRIKER,crosses,1.0,1,3.2727,-2.2727,LOW
Elche,away,4-5-1,BACK4_1STRIKER,possession,50.0,1,57.3636,-7.3636,LOW
Elche,away,4-5-1,BACK4_1STRIKER,total_shots,9.0,1,8.4545,0.5455,LOW
Elche,away,4-5-1,BACK4_1STRIKER,touches_in_box,13.0,1,15.0,-2.0,LOW
Elche,away,5-4-1,BACK5_DEFENSIVE,blocked_shots,2.0,1,1.9091,0.0909,LOW
Elche,away,5-4-1,BACK5_DEFENSIVE,clearances,11.0,1,21.0,-10.0,LOW
Elche,away,5-4-1,BACK5_DEFENSIVE,corners,5.0,1,2.5455,2.4545,LOW
Elche,away,5-4-1,BACK5_DEFENSIVE,crosses,5.0,1,3.2727,1.7273,LOW
Elche,away,5-4-1,BACK5_DEFENSIVE,possession,72.0,1,57.3636,14.6364,LOW
Elche,away,5-4-1,BACK5_DEFENSIVE,total_shots,10.0,1,8.4545,1.5455,LOW
Elche,away,5-4-1,BACK5_DEFENSIVE,touches_in_box,25.0,1,15.0,10.0,LOW
Elche,home,3-5-2,BACK3_WINGBACK,blocked_shots,3.6667,3,3.75,-0.0833,LOW
Elche,home,3-5-2,BACK3_WINGBACK,clearances,20.3333,3,15.375,4.9583,LOW
Elche,home,3-5-2,BACK3_WINGBACK,corners,8.6667,3,7.125,1.5417,LOW
Elche,home,3-5-2,BACK3_WINGBACK,crosses,6.3333,3,5.625,0.7083,LOW
Elche,home,3-5-2,BACK3_WINGBACK,possession,69.0,3,64.875,4.125,LOW
Elche,home,3-5-2,BACK3_WINGBACK,total_shots,16.0,3,16.625,-0.625,LOW
Elche,home,3-5-2,BACK3_WINGBACK,touches_in_box,30.3333,3,28.25,2.0833,LOW
Elche,home,4-1-4-1,BACK4_1STRIKER,blocked_shots,3.0,1,3.75,-0.75,LOW
Elche,home,4-1-4-1,BACK4_1STRIKER,clearances,10.0,1,15.375,-5.375,LOW
Elche,home,4-1-4-1,BACK4_1STRIKER,corners,7.0,1,7.125,-0.125,LOW
Elche,home,4-1-4-1,BACK4_1STRIKER,crosses,5.0,1,5.625,-0.625,LOW
Elche,home,4-1-4-1,BACK4_1STRIKER,possession,64.0,1,64.875,-0.875,LOW
Elche,home,4-1-4-1,BACK4_1STRIKER,total_shots,17.0,1,16.625,0.375,LOW
Elche,home,4-1-4-1,BACK4_1STRIKER,touches_in_box,28.0,1,28.25,-0.25,LOW
Elche,home,4-2-3-1,BACK4_1STRIKER,blocked_shots,7.0,1,3.75,3.25,LOW
Elche,home,4-2-3-1,BACK4_1STRIKER,clearances,15.0,1,15.375,-0.375,LOW
Elche,home,4-2-3-1,BACK4_1STRIKER,corners,6.0,1,7.125,-1.125,LOW
Elche,home,4-2-3-1,BACK4_1STRIKER,crosses,4.0,1,5.625,-1.625,LOW
Elche,home,4-2-3-1,BACK4_1STRIKER,possession,49.0,1,64.875,-15.875,LOW
Elche,home,4-2-3-1,BACK4_1STRIKER,total_shots,21.0,1,16.625,4.375,LOW
Elche,home,4-2-3-1,BACK4_1STRIKER,touches_in_box,31.0,1,28.25,2.75,LOW
Elche,home,4-4-1-1,BACK4_1STRIKER,blocked_shots,3.5,2,3.75,-0.25,LOW
Elche,home,4-4-1-1,BACK4_1STRIKER,clearances,14.0,2,15.375,-1.375,LOW
Elche,home,4-4-1-1,BACK4_1STRIKER,corners,6.5,2,7.125,-0.625,LOW
Elche,home,4-4-1-1,BACK4_1STRIKER,crosses,5.5,2,5.625,-0.125,LOW
Elche,home,4-4-1-1,BACK4_1STRIKER,possession,65.0,2,64.875,0.125,LOW
Elche,home,4-4-1-1,BACK4_1STRIKER,total_shots,15.0,2,16.625,-1.625,LOW
Elche,home,4-4-1-1,BACK4_1STRIKER,touches_in_box,25.0,2,28.25,-3.25,LOW
Elche,home,4-4-2,BACK4_2STRIKER,blocked_shots,2.0,1,3.75,-1.75,LOW
Elche,home,4-4-2,BACK4_2STRIKER,clearances,9.0,1,15.375,-6.375,LOW
Elche,home,4-4-2,BACK4_2STRIKER,corners,5.0,1,7.125,-2.125,LOW
Elche,home,4-4-2,BACK4_2STRIKER,crosses,6.0,1,5.625,0.375,LOW
Elche,home,4-4-2,BACK4_2STRIKER,possession,69.0,1,64.875,4.125,LOW
Elche,home,4-4-2,BACK4_2STRIKER,total_shots,17.0,1,16.625,0.375,LOW
Elche,home,4-4-2,BACK4_2STRIKER,touches_in_box,26.0,1,28.25,-2.25,LOW
Espanyol,away,4-1-4-1,BACK4_1STRIKER,blocked_shots,3.0,1,2.8333,0.1667,LOW
Espanyol,away,4-1-4-1,BACK4_1STRIKER,clearances,30.0,1,31.3333,-1.3333,LOW
Espanyol,away,4-1-4-1,BACK4_1STRIKER,corners,3.0,1,3.0,0.0,LOW
Espanyol,away,4-1-4-1,BACK4_1STRIKER,crosses,7.0,1,3.8333,3.1667,LOW
Espanyol,away,4-1-4-1,BACK4_1STRIKER,possession,58.0,1,39.8333,18.1667,LOW
Espanyol,away,4-1-4-1,BACK4_1STRIKER,total_shots,9.0,1,9.6667,-0.6667,LOW
Espanyol,away,4-1-4-1,BACK4_1STRIKER,touches_in_box,23.0,1,14.1667,8.8333,LOW
Espanyol,away,4-2-3-1,BACK4_1STRIKER,blocked_shots,2.6667,3,2.8333,-0.1667,LOW
Espanyol,away,4-2-3-1,BACK4_1STRIKER,clearances,30.6667,3,31.3333,-0.6667,LOW
Espanyol,away,4-2-3-1,BACK4_1STRIKER,corners,3.3333,3,3.0,0.3333,LOW
Espanyol,away,4-2-3-1,BACK4_1STRIKER,crosses,3.3333,3,3.8333,-0.5,LOW
Espanyol,away,4-2-3-1,BACK4_1STRIKER,possession,35.0,3,39.8333,-4.8333,LOW
Espanyol,away,4-2-3-1,BACK4_1STRIKER,total_shots,10.6667,3,9.6667,1.0,LOW
Espanyol,away,4-2-3-1,BACK4_1STRIKER,touches_in_box,12.0,3,14.1667,-2.1667,LOW
Espanyol,away,4-4-1-1,BACK4_1STRIKER,blocked_shots,2.0,1,2.8333,-0.8333,LOW
Espanyol,away,4-4-1-1,BACK4_1STRIKER,clearances,41.0,1,31.3333,9.6667,LOW
Espanyol,away,4-4-1-1,BACK4_1STRIKER,corners,1.0,1,3.0,-2.0,LOW
Espanyol,away,4-4-1-1,BACK4_1STRIKER,crosses,0.0,1,3.8333,-3.8333,LOW
Espanyol,away,4-4-1-1,BACK4_1STRIKER,possession,29.0,1,39.8333,-10.8333,LOW
Espanyol,away,4-4-1-1,BACK4_1STRIKER,total_shots,9.0,1,9.6667,-0.6667,LOW
Espanyol,away,4-4-1-1,BACK4_1STRIKER,touches_in_box,10.0,1,14.1667,-4.1667,LOW
Espanyol,away,4-4-2,BACK4_2STRIKER,blocked_shots,4.0,1,2.8333,1.1667,LOW
Espanyol,away,4-4-2,BACK4_2STRIKER,clearances,25.0,1,31.3333,-6.3333,LOW
Espanyol,away,4-4-2,BACK4_2STRIKER,corners,4.0,1,3.0,1.0,LOW
Espanyol,away,4-4-2,BACK4_2STRIKER,crosses,6.0,1,3.8333,2.1667,LOW
Espanyol,away,4-4-2,BACK4_2STRIKER,possession,47.0,1,39.8333,7.1667,LOW
Espanyol,away,4-4-2,BACK4_2STRIKER,total_shots,8.0,1,9.6667,-1.6667,LOW
Espanyol,away,4-4-2,BACK4_2STRIKER,touches_in_box,16.0,1,14.1667,1.8333,LOW
Espanyol,home,4-2-3-1,BACK4_1STRIKER,blocked_shots,3.2,5,2.8889,0.3111,MEDIUM
Espanyol,home,4-2-3-1,BACK4_1STRIKER,clearances,29.4,5,26.2222,3.1778,MEDIUM
Espanyol,home,4-2-3-1,BACK4_1STRIKER,corners,4.4,5,3.8889,0.5111,MEDIUM
Espanyol,home,4-2-3-1,BACK4_1STRIKER,crosses,4.8,5,4.5556,0.2444,MEDIUM
Espanyol,home,4-2-3-1,BACK4_1STRIKER,possession,39.4,5,40.8889,-1.4889,MEDIUM
Espanyol,home,4-2-3-1,BACK4_1STRIKER,total_shots,13.6,5,12.1111,1.4889,MEDIUM
Espanyol,home,4-2-3-1,BACK4_1STRIKER,touches_in_box,18.6,5,17.4444,1.1556,MEDIUM
Espanyol,home,4-4-2,BACK4_2STRIKER,blocked_shots,2.5,4,2.8889,-0.3889,LOW
Espanyol,home,4-4-2,BACK4_2STRIKER,clearances,22.25,4,26.2222,-3.9722,LOW
Espanyol,home,4-4-2,BACK4_2STRIKER,corners,3.25,4,3.8889,-0.6389,LOW
Espanyol,home,4-4-2,BACK4_2STRIKER,crosses,4.25,4,4.5556,-0.3056,LOW
Espanyol,home,4-4-2,BACK4_2STRIKER,possession,42.75,4,40.8889,1.8611,LOW
Espanyol,home,4-4-2,BACK4_2STRIKER,total_shots,10.25,4,12.1111,-1.8611,LOW
Espanyol,home,4-4-2,BACK4_2STRIKER,touches_in_box,16.0,4,17.4444,-1.4444,LOW
Everton,away,4-2-3-1,BACK4_1STRIKER,blocked_shots,2.8571,7,2.75,0.1071,MEDIUM
Everton,away,4-2-3-1,BACK4_1STRIKER,clearances,33.5714,7,34.25,-0.6786,MEDIUM
Everton,away,4-2-3-1,BACK4_1STRIKER,corners,4.1429,7,3.875,0.2679,MEDIUM
Everton,away,4-2-3-1,BACK4_1STRIKER,crosses,3.2857,7,3.0,0.2857,MEDIUM
Everton,away,4-2-3-1,BACK4_1STRIKER,possession,43.7143,7,41.125,2.5893,MEDIUM
Everton,away,4-2-3-1,BACK4_1STRIKER,total_shots,10.4286,7,9.375,1.0536,MEDIUM
Everton,away,4-2-3-1,BACK4_1STRIKER,touches_in_box,22.1429,7,20.375,1.7679,MEDIUM
Everton,away,4-3-3,BACK4_1STRIKER,blocked_shots,2.0,1,2.75,-0.75,LOW
Everton,away,4-3-3,BACK4_1STRIKER,clearances,39.0,1,34.25,4.75,LOW
Everton,away,4-3-3,BACK4_1STRIKER,corners,2.0,1,3.875,-1.875,LOW
Everton,away,4-3-3,BACK4_1STRIKER,crosses,1.0,1,3.0,-2.0,LOW
Everton,away,4-3-3,BACK4_1STRIKER,possession,23.0,1,41.125,-18.125,LOW
Everton,away,4-3-3,BACK4_1STRIKER,total_shots,2.0,1,9.375,-7.375,LOW
Everton,away,4-3-3,BACK4_1STRIKER,touches_in_box,8.0,1,20.375,-12.375,LOW
Everton,home,4-2-3-1,BACK4_1STRIKER,blocked_shots,3.2,5,2.8333,0.3667,MEDIUM
Everton,home,4-2-3-1,BACK4_1STRIKER,clearances,29.2,5,27.8333,1.3667,MEDIUM
Everton,home,4-2-3-1,BACK4_1STRIKER,corners,4.2,5,3.8333,0.3667,MEDIUM
Everton,home,4-2-3-1,BACK4_1STRIKER,crosses,5.0,5,4.3333,0.6667,MEDIUM
Everton,home,4-2-3-1,BACK4_1STRIKER,possession,40.8,5,38.1667,2.6333,MEDIUM
Everton,home,4-2-3-1,BACK4_1STRIKER,total_shots,12.8,5,11.5,1.3,MEDIUM
Everton,home,4-2-3-1,BACK4_1STRIKER,touches_in_box,24.0,5,21.1667,2.8333,MEDIUM
Everton,home,4-3-3,BACK4_1STRIKER,blocked_shots,1.0,1,2.8333,-1.8333,LOW
Everton,home,4-3-3,BACK4_1STRIKER,clearances,21.0,1,27.8333,-6.8333,LOW
Everton,home,4-3-3,BACK4_1STRIKER,corners,2.0,1,3.8333,-1.8333,LOW
Everton,home,4-3-3,BACK4_1STRIKER,crosses,1.0,1,4.3333,-3.3333,LOW
Everton,home,4-3-3,BACK4_1STRIKER,possession,25.0,1,38.1667,-13.1667,LOW
Everton,home,4-3-3,BACK4_1STRIKER,total_shots,5.0,1,11.5,-6.5,LOW
Everton,home,4-3-3,BACK4_1STRIKER,touches_in_box,7.0,1,21.1667,-14.1667,LOW
FC Andorra,away,4-2-3-1,BACK4_1STRIKER,blocked_shots,4.0,1,2.8,1.2,LOW
FC Andorra,away,4-2-3-1,BACK4_1STRIKER,clearances,15.0,1,26.9,-11.9,LOW
FC Andorra,away,4-2-3-1,BACK4_1STRIKER,corners,8.0,1,4.4,3.6,LOW
FC Andorra,away,4-2-3-1,BACK4_1STRIKER,crosses,4.0,1,2.9,1.1,LOW
FC Andorra,away,4-2-3-1,BACK4_1STRIKER,possession,67.0,1,60.0,7.0,LOW
FC Andorra,away,4-2-3-1,BACK4_1STRIKER,total_shots,12.0,1,12.3,-0.3,LOW
FC Andorra,away,4-2-3-1,BACK4_1STRIKER,touches_in_box,22.0,1,17.3,4.7,LOW
FC Andorra,away,4-3-3,BACK4_1STRIKER,blocked_shots,2.4286,7,2.8,-0.3714,MEDIUM
FC Andorra,away,4-3-3,BACK4_1STRIKER,clearances,29.0,7,26.9,2.1,MEDIUM
FC Andorra,away,4-3-3,BACK4_1STRIKER,corners,4.1429,7,4.4,-0.2571,MEDIUM
FC Andorra,away,4-3-3,BACK4_1STRIKER,crosses,3.0,7,2.9,0.1,MEDIUM
FC Andorra,away,4-3-3,BACK4_1STRIKER,possession,58.1429,7,60.0,-1.8571,MEDIUM
FC Andorra,away,4-3-3,BACK4_1STRIKER,total_shots,11.2857,7,12.3,-1.0143,MEDIUM
FC Andorra,away,4-3-3,BACK4_1STRIKER,touches_in_box,16.1429,7,17.3,-1.1571,MEDIUM
FC Andorra,away,4-4-1-1,BACK4_1STRIKER,blocked_shots,3.5,2,2.8,0.7,LOW
FC Andorra,away,4-4-1-1,BACK4_1STRIKER,clearances,25.5,2,26.9,-1.4,LOW
FC Andorra,away,4-4-1-1,BACK4_1STRIKER,corners,3.5,2,4.4,-0.9,LOW
FC Andorra,away,4-4-1-1,BACK4_1STRIKER,crosses,2.0,2,2.9,-0.9,LOW
FC Andorra,away,4-4-1-1,BACK4_1STRIKER,possession,63.0,2,60.0,3.0,LOW
FC Andorra,away,4-4-1-1,BACK4_1STRIKER,total_shots,16.0,2,12.3,3.7,LOW
FC Andorra,away,4-4-1-1,BACK4_1STRIKER,touches_in_box,19.0,2,17.3,1.7,LOW
FC Andorra,home,4-1-4-1,BACK4_1STRIKER,blocked_shots,1.0,1,4.5,-3.5,LOW
FC Andorra,home,4-1-4-1,BACK4_1STRIKER,clearances,22.0,1,22.5,-0.5,LOW
FC Andorra,home,4-1-4-1,BACK4_1STRIKER,corners,7.0,1,7.25,-0.25,LOW
FC Andorra,home,4-1-4-1,BACK4_1STRIKER,crosses,1.0,1,3.5,-2.5,LOW
FC Andorra,home,4-1-4-1,BACK4_1STRIKER,possession,60.0,1,71.25,-11.25,LOW
FC Andorra,home,4-1-4-1,BACK4_1STRIKER,total_shots,8.0,1,15.5,-7.5,LOW
FC Andorra,home,4-1-4-1,BACK4_1STRIKER,touches_in_box,17.0,1,28.0,-11.0,LOW
FC Andorra,home,4-3-3,BACK4_1STRIKER,blocked_shots,5.6667,3,4.5,1.1667,LOW
FC Andorra,home,4-3-3,BACK4_1STRIKER,clearances,22.6667,3,22.5,0.1667,LOW
FC Andorra,home,4-3-3,BACK4_1STRIKER,corners,7.3333,3,7.25,0.0833,LOW
FC Andorra,home,4-3-3,BACK4_1STRIKER,crosses,4.3333,3,3.5,0.8333,LOW
FC Andorra,home,4-3-3,BACK4_1STRIKER,possession,75.0,3,71.25,3.75,LOW
FC Andorra,home,4-3-3,BACK4_1STRIKER,total_shots,18.0,3,15.5,2.5,LOW
FC Andorra,home,4-3-3,BACK4_1STRIKER,touches_in_box,31.6667,3,28.0,3.6667,LOW
FC Cartagena,away,4-2-3-1,BACK4_1STRIKER,blocked_shots,1.5,2,1.75,-0.25,LOW
FC Cartagena,away,4-2-3-1,BACK4_1STRIKER,clearances,25.0,2,19.25,5.75,LOW
FC Cartagena,away,4-2-3-1,BACK4_1STRIKER,corners,4.0,2,5.0,-1.0,LOW
FC Cartagena,away,4-2-3-1,BACK4_1STRIKER,crosses,2.0,2,2.25,-0.25,LOW
FC Cartagena,away,4-2-3-1,BACK4_1STRIKER,possession,41.5,2,45.5,-4.0,LOW
FC Cartagena,away,4-2-3-1,BACK4_1STRIKER,total_shots,8.5,2,8.25,0.25,LOW
FC Cartagena,away,4-2-3-1,BACK4_1STRIKER,touches_in_box,13.5,2,12.75,0.75,LOW
FC Cartagena,away,4-4-2,BACK4_2STRIKER,blocked_shots,0.0,1,1.75,-1.75,LOW
FC Cartagena,away,4-4-2,BACK4_2STRIKER,clearances,10.0,1,19.25,-9.25,LOW
FC Cartagena,away,4-4-2,BACK4_2STRIKER,corners,6.0,1,5.0,1.0,LOW
FC Cartagena,away,4-4-2,BACK4_2STRIKER,crosses,0.0,1,2.25,-2.25,LOW
FC Cartagena,away,4-4-2,BACK4_2STRIKER,possession,55.0,1,45.5,9.5,LOW
FC Cartagena,away,4-4-2,BACK4_2STRIKER,total_shots,4.0,1,8.25,-4.25,LOW
FC Cartagena,away,4-4-2,BACK4_2STRIKER,touches_in_box,7.0,1,12.75,-5.75,LOW
FC Cartagena,away,5-3-2,BACK5_DEFENSIVE,blocked_shots,4.0,1,1.75,2.25,LOW
FC Cartagena,away,5-3-2,BACK5_DEFENSIVE,clearances,17.0,1,19.25,-2.25,LOW
FC Cartagena,away,5-3-2,BACK5_DEFENSIVE,corners,6.0,1,5.0,1.0,LOW
FC Cartagena,away,5-3-2,BACK5_DEFENSIVE,crosses,5.0,1,2.25,2.75,LOW
FC Cartagena,away,5-3-2,BACK5_DEFENSIVE,possession,44.0,1,45.5,-1.5,LOW
FC Cartagena,away,5-3-2,BACK5_DEFENSIVE,total_shots,12.0,1,8.25,3.75,LOW
FC Cartagena,away,5-3-2,BACK5_DEFENSIVE,touches_in_box,17.0,1,12.75,4.25,LOW
FC Cartagena,home,4-2-3-1,BACK4_1STRIKER,blocked_shots,1.3333,3,2.25,-0.9167,LOW
FC Cartagena,home,4-2-3-1,BACK4_1STRIKER,clearances,22.0,3,19.0,3.0,LOW
FC Cartagena,home,4-2-3-1,BACK4_1STRIKER,corners,3.0,3,3.5,-0.5,LOW
FC Cartagena,home,4-2-3-1,BACK4_1STRIKER,crosses,3.0,3,5.25,-2.25,LOW
FC Cartagena,home,4-2-3-1,BACK4_1STRIKER,possession,45.6667,3,46.25,-0.5833,LOW
FC Cartagena,home,4-2-3-1,BACK4_1STRIKER,total_shots,8.6667,3,10.0,-1.3333,LOW
FC Cartagena,home,4-2-3-1,BACK4_1STRIKER,touches_in_box,16.3333,3,18.25,-1.9167,LOW
FC Cartagena,home,4-4-2,BACK4_2STRIKER,blocked_shots,5.0,1,2.25,2.75,LOW
FC Cartagena,home,4-4-2,BACK4_2STRIKER,clearances,10.0,1,19.0,-9.0,LOW
FC Cartagena,home,4-4-2,BACK4_2STRIKER,corners,5.0,1,3.5,1.5,LOW
FC Cartagena,home,4-4-2,BACK4_2STRIKER,crosses,12.0,1,5.25,6.75,LOW
FC Cartagena,home,4-4-2,BACK4_2STRIKER,possession,48.0,1,46.25,1.75,LOW
FC Cartagena,home,4-4-2,BACK4_2STRIKER,total_shots,14.0,1,10.0,4.0,LOW
FC Cartagena,home,4-4-2,BACK4_2STRIKER,touches_in_box,24.0,1,18.25,5.75,LOW
FC Martigues,away,4-1-4-1,BACK4_1STRIKER,blocked_shots,1.25,4,1.25,0.0,LOW
FC Martigues,away,4-1-4-1,BACK4_1STRIKER,clearances,22.5,4,22.5,0.0,LOW
FC Martigues,away,4-1-4-1,BACK4_1STRIKER,corners,2.0,4,2.0,0.0,LOW
FC Martigues,away,4-1-4-1,BACK4_1STRIKER,crosses,3.0,4,3.0,0.0,LOW
FC Martigues,away,4-1-4-1,BACK4_1STRIKER,possession,45.0,4,45.0,0.0,LOW
FC Martigues,away,4-1-4-1,BACK4_1STRIKER,total_shots,8.0,4,8.0,0.0,LOW
FC Martigues,away,4-1-4-1,BACK4_1STRIKER,touches_in_box,13.25,4,13.25,0.0,LOW
FC Martigues,home,4-1-4-1,BACK4_1STRIKER,blocked_shots,3.0,2,3.0,0.0,LOW
FC Martigues,home,4-1-4-1,BACK4_1STRIKER,clearances,38.5,2,32.0,6.5,LOW
FC Martigues,home,4-1-4-1,BACK4_1STRIKER,corners,3.5,2,3.6667,-0.1667,LOW
FC Martigues,home,4-1-4-1,BACK4_1STRIKER,crosses,3.0,2,3.3333,-0.3333,LOW
FC Martigues,home,4-1-4-1,BACK4_1STRIKER,possession,38.0,2,43.6667,-5.6667,LOW
FC Martigues,home,4-1-4-1,BACK4_1STRIKER,total_shots,9.5,2,11.0,-1.5,LOW
FC Martigues,home,4-1-4-1,BACK4_1STRIKER,touches_in_box,12.0,2,17.6667,-5.6667,LOW
FC Martigues,home,5-3-2,BACK5_DEFENSIVE,blocked_shots,3.0,1,3.0,0.0,LOW
FC Martigues,home,5-3-2,BACK5_DEFENSIVE,clearances,19.0,1,32.0,-13.0,LOW
FC Martigues,home,5-3-2,BACK5_DEFENSIVE,corners,4.0,1,3.6667,0.3333,LOW
FC Martigues,home,5-3-2,BACK5_DEFENSIVE,crosses,4.0,1,3.3333,0.6667,LOW
FC Martigues,home,5-3-2,BACK5_DEFENSIVE,possession,55.0,1,43.6667,11.3333,LOW
FC Martigues,home,5-3-2,BACK5_DEFENSIVE,total_shots,14.0,1,11.0,3.0,LOW
FC Martigues,home,5-3-2,BACK5_DEFENSIVE,touches_in_box,29.0,1,17.6667,11.3333,LOW
Fulham,away,4-2-3-1,BACK4_1STRIKER,blocked_shots,3.7143,7,3.7143,0.0,MEDIUM
Fulham,away,4-2-3-1,BACK4_1STRIKER,clearances,26.1429,7,26.1429,0.0,MEDIUM
Fulham,away,4-2-3-1,BACK4_1STRIKER,corners,5.1429,7,5.1429,0.0,MEDIUM
Fulham,away,4-2-3-1,BACK4_1STRIKER,crosses,5.5714,7,5.5714,0.0,MEDIUM
Fulham,away,4-2-3-1,BACK4_1STRIKER,possession,50.1429,7,50.1429,0.0,MEDIUM
Fulham,away,4-2-3-1,BACK4_1STRIKER,total_shots,11.5714,7,11.5714,0.0,MEDIUM
Fulham,away,4-2-3-1,BACK4_1STRIKER,touches_in_box,24.1429,7,24.1429,0.0,MEDIUM
Fulham,home,3-4-3,BACK3_WINGBACK,blocked_shots,7.0,1,4.8571,2.1429,LOW
Fulham,home,3-4-3,BACK3_WINGBACK,clearances,13.0,1,21.4286,-8.4286,LOW
Fulham,home,3-4-3,BACK3_WINGBACK,corners,9.0,1,6.0,3.0,LOW
Fulham,home,3-4-3,BACK3_WINGBACK,crosses,4.0,1,6.1429,-2.1429,LOW
Fulham,home,3-4-3,BACK3_WINGBACK,possession,73.0,1,55.4286,17.5714,LOW
Fulham,home,3-4-3,BACK3_WINGBACK,total_shots,15.0,1,13.7143,1.2857,LOW
Fulham,home,3-4-3,BACK3_WINGBACK,touches_in_box,32.0,1,27.0,5.0,LOW
Fulham,home,4-2-3-1,BACK4_1STRIKER,blocked_shots,4.5,6,4.8571,-0.3571,MEDIUM
Fulham,home,4-2-3-1,BACK4_1STRIKER,clearances,22.8333,6,21.4286,1.4048,MEDIUM
Fulham,home,4-2-3-1,BACK4_1STRIKER,corners,5.5,6,6.0,-0.5,MEDIUM
Fulham,home,4-2-3-1,BACK4_1STRIKER,crosses,6.5,6,6.1429,0.3571,MEDIUM
Fulham,home,4-2-3-1,BACK4_1STRIKER,possession,52.5,6,55.4286,-2.9286,MEDIUM
Fulham,home,4-2-3-1,BACK4_1STRIKER,total_shots,13.5,6,13.7143,-0.2143,MEDIUM
Fulham,home,4-2-3-1,BACK4_1STRIKER,touches_in_box,26.1667,6,27.0,-0.8333,MEDIUM
Getafe,away,4-1-4-1,BACK4_1STRIKER,blocked_shots,4.0,1,3.2857,0.7143,LOW
Getafe,away,4-1-4-1,BACK4_1STRIKER,clearances,42.0,1,30.8571,11.1429,LOW
Getafe,away,4-1-4-1,BACK4_1STRIKER,corners,8.0,1,3.8571,4.1429,LOW
Getafe,away,4-1-4-1,BACK4_1STRIKER,crosses,5.0,1,4.7143,0.2857,LOW
Getafe,away,4-1-4-1,BACK4_1STRIKER,possession,37.0,1,34.2857,2.7143,LOW
Getafe,away,4-1-4-1,BACK4_1STRIKER,total_shots,9.0,1,10.2857,-1.2857,LOW
Getafe,away,4-1-4-1,BACK4_1STRIKER,touches_in_box,23.0,1,15.8571,7.1429,LOW
Getafe,away,4-2-3-1,BACK4_1STRIKER,blocked_shots,4.0,1,3.2857,0.7143,LOW
Getafe,away,4-2-3-1,BACK4_1STRIKER,clearances,28.0,1,30.8571,-2.8571,LOW
Getafe,away,4-2-3-1,BACK4_1STRIKER,corners,5.0,1,3.8571,1.1429,LOW
Getafe,away,4-2-3-1,BACK4_1STRIKER,crosses,5.0,1,4.7143,0.2857,LOW
Getafe,away,4-2-3-1,BACK4_1STRIKER,possession,43.0,1,34.2857,8.7143,LOW
Getafe,away,4-2-3-1,BACK4_1STRIKER,total_shots,8.0,1,10.2857,-2.2857,LOW
Getafe,away,4-2-3-1,BACK4_1STRIKER,touches_in_box,21.0,1,15.8571,5.1429,LOW
Getafe,away,4-4-2,BACK4_2STRIKER,blocked_shots,3.5,2,3.2857,0.2143,LOW
Getafe,away,4-4-2,BACK4_2STRIKER,clearances,23.5,2,30.8571,-7.3571,LOW
Getafe,away,4-4-2,BACK4_2STRIKER,corners,3.5,2,3.8571,-0.3571,LOW
Getafe,away,4-4-2,BACK4_2STRIKER,crosses,5.0,2,4.7143,0.2857,LOW
Getafe,away,4-4-2,BACK4_2STRIKER,possession,34.0,2,34.2857,-0.2857,LOW
Getafe,away,4-4-2,BACK4_2STRIKER,total_shots,12.5,2,10.2857,2.2143,LOW
Getafe,away,4-4-2,BACK4_2STRIKER,touches_in_box,12.5,2,15.8571,-3.3571,LOW
Getafe,away,4-5-1,BACK4_1STRIKER,blocked_shots,2.0,1,3.2857,-1.2857,LOW
Getafe,away,4-5-1,BACK4_1STRIKER,clearances,23.0,1,30.8571,-7.8571,LOW
Getafe,away,4-5-1,BACK4_1STRIKER,corners,2.0,1,3.8571,-1.8571,LOW
Getafe,away,4-5-1,BACK4_1STRIKER,crosses,8.0,1,4.7143,3.2857,LOW
Getafe,away,4-5-1,BACK4_1STRIKER,possession,40.0,1,34.2857,5.7143,LOW
Getafe,away,4-5-1,BACK4_1STRIKER,total_shots,12.0,1,10.2857,1.7143,LOW
Getafe,away,4-5-1,BACK4_1STRIKER,touches_in_box,12.0,1,15.8571,-3.8571,LOW
Getafe,away,5-3-2,BACK5_DEFENSIVE,blocked_shots,2.0,1,3.2857,-1.2857,LOW
Getafe,away,5-3-2,BACK5_DEFENSIVE,clearances,31.0,1,30.8571,0.1429,LOW
Getafe,away,5-3-2,BACK5_DEFENSIVE,corners,3.0,1,3.8571,-0.8571,LOW
Getafe,away,5-3-2,BACK5_DEFENSIVE,crosses,2.0,1,4.7143,-2.7143,LOW
Getafe,away,5-3-2,BACK5_DEFENSIVE,possession,29.0,1,34.2857,-5.2857,LOW
Getafe,away,5-3-2,BACK5_DEFENSIVE,total_shots,9.0,1,10.2857,-1.2857,LOW
Getafe,away,5-3-2,BACK5_DEFENSIVE,touches_in_box,17.0,1,15.8571,1.1429,LOW
Getafe,away,5-4-1,BACK5_DEFENSIVE,blocked_shots,4.0,1,3.2857,0.7143,LOW
Getafe,away,5-4-1,BACK5_DEFENSIVE,clearances,45.0,1,30.8571,14.1429,LOW
Getafe,away,5-4-1,BACK5_DEFENSIVE,corners,2.0,1,3.8571,-1.8571,LOW
Getafe,away,5-4-1,BACK5_DEFENSIVE,crosses,3.0,1,4.7143,-1.7143,LOW
Getafe,away,5-4-1,BACK5_DEFENSIVE,possession,23.0,1,34.2857,-11.2857,LOW
Getafe,away,5-4-1,BACK5_DEFENSIVE,total_shots,9.0,1,10.2857,-1.2857,LOW
Getafe,away,5-4-1,BACK5_DEFENSIVE,touches_in_box,13.0,1,15.8571,-2.8571,LOW
Getafe,home,4-4-2,BACK4_2STRIKER,blocked_shots,2.5,2,2.2,0.3,LOW
Getafe,home,4-4-2,BACK4_2STRIKER,clearances,24.0,2,24.8,-0.8,LOW
Getafe,home,4-4-2,BACK4_2STRIKER,corners,2.5,2,3.4,-0.9,LOW
Getafe,home,4-4-2,BACK4_2STRIKER,crosses,6.0,2,6.8,-0.8,LOW
Getafe,home,4-4-2,BACK4_2STRIKER,possession,43.5,2,44.6,-1.1,LOW
Getafe,home,4-4-2,BACK4_2STRIKER,total_shots,14.5,2,12.4,2.1,LOW
Getafe,home,4-4-2,BACK4_2STRIKER,touches_in_box,19.0,2,19.8,-0.8,LOW
Getafe,home,5-3-2,BACK5_DEFENSIVE,blocked_shots,2.5,2,2.2,0.3,LOW
Getafe,home,5-3-2,BACK5_DEFENSIVE,clearances,22.5,2,24.8,-2.3,LOW
Getafe,home,5-3-2,BACK5_DEFENSIVE,corners,4.0,2,3.4,0.6,LOW
Getafe,home,5-3-2,BACK5_DEFENSIVE,crosses,7.5,2,6.8,0.7,LOW
Getafe,home,5-3-2,BACK5_DEFENSIVE,possession,52.0,2,44.6,7.4,LOW
Getafe,home,5-3-2,BACK5_DEFENSIVE,total_shots,11.5,2,12.4,-0.9,LOW
Getafe,home,5-3-2,BACK5_DEFENSIVE,touches_in_box,22.0,2,19.8,2.2,LOW
Getafe,home,5-4-1,BACK5_DEFENSIVE,blocked_shots,1.0,1,2.2,-1.2,LOW
Getafe,home,5-4-1,BACK5_DEFENSIVE,clearances,31.0,1,24.8,6.2,LOW
Getafe,home,5-4-1,BACK5_DEFENSIVE,corners,4.0,1,3.4,0.6,LOW
Getafe,home,5-4-1,BACK5_DEFENSIVE,crosses,7.0,1,6.8,0.2,LOW
Getafe,home,5-4-1,BACK5_DEFENSIVE,possession,32.0,1,44.6,-12.6,LOW
Getafe,home,5-4-1,BACK5_DEFENSIVE,total_shots,10.0,1,12.4,-2.4,LOW
Getafe,home,5-4-1,BACK5_DEFENSIVE,touches_in_box,17.0,1,19.8,-2.8,LOW
Girona FC,away,4-1-4-1,BACK4_1STRIKER,blocked_shots,3.0,1,3.0,0.0,LOW
Girona FC,away,4-1-4-1,BACK4_1STRIKER,clearances,28.0,1,24.4,3.6,LOW
Girona FC,away,4-1-4-1,BACK4_1STRIKER,corners,6.0,1,4.0,2.0,LOW
Girona FC,away,4-1-4-1,BACK4_1STRIKER,crosses,0.0,1,3.0,-3.0,LOW
Girona FC,away,4-1-4-1,BACK4_1STRIKER,possession,51.0,1,50.8,0.2,LOW
Girona FC,away,4-1-4-1,BACK4_1STRIKER,total_shots,9.0,1,9.4,-0.4,LOW
Girona FC,away,4-1-4-1,BACK4_1STRIKER,touches_in_box,18.0,1,20.6,-2.6,LOW
Girona FC,away,4-2-3-1,BACK4_1STRIKER,blocked_shots,4.0,2,3.0,1.0,LOW
Girona FC,away,4-2-3-1,BACK4_1STRIKER,clearances,27.5,2,24.4,3.1,LOW
Girona FC,away,4-2-3-1,BACK4_1STRIKER,corners,4.0,2,4.0,0.0,LOW
Girona FC,away,4-2-3-1,BACK4_1STRIKER,crosses,5.0,2,3.0,2.0,LOW
Girona FC,away,4-2-3-1,BACK4_1STRIKER,possession,52.5,2,50.8,1.7,LOW
Girona FC,away,4-2-3-1,BACK4_1STRIKER,total_shots,11.0,2,9.4,1.6,LOW
Girona FC,away,4-2-3-1,BACK4_1STRIKER,touches_in_box,22.5,2,20.6,1.9,LOW
Girona FC,away,4-3-3,BACK4_1STRIKER,blocked_shots,2.0,1,3.0,-1.0,LOW
Girona FC,away,4-3-3,BACK4_1STRIKER,clearances,13.0,1,24.4,-11.4,LOW
Girona FC,away,4-3-3,BACK4_1STRIKER,corners,5.0,1,4.0,1.0,LOW
Girona FC,away,4-3-3,BACK4_1STRIKER,crosses,4.0,1,3.0,1.0,LOW
Girona FC,away,4-3-3,BACK4_1STRIKER,possession,51.0,1,50.8,0.2,LOW
Girona FC,away,4-3-3,BACK4_1STRIKER,total_shots,11.0,1,9.4,1.6,LOW
Girona FC,away,4-3-3,BACK4_1STRIKER,touches_in_box,24.0,1,20.6,3.4,LOW
Girona FC,away,4-4-1-1,BACK4_1STRIKER,blocked_shots,2.0,1,3.0,-1.0,LOW
Girona FC,away,4-4-1-1,BACK4_1STRIKER,clearances,26.0,1,24.4,1.6,LOW
Girona FC,away,4-4-1-1,BACK4_1STRIKER,corners,1.0,1,4.0,-3.0,LOW
Girona FC,away,4-4-1-1,BACK4_1STRIKER,crosses,1.0,1,3.0,-2.0,LOW
Girona FC,away,4-4-1-1,BACK4_1STRIKER,possession,47.0,1,50.8,-3.8,LOW
Girona FC,away,4-4-1-1,BACK4_1STRIKER,total_shots,5.0,1,9.4,-4.4,LOW
Girona FC,away,4-4-1-1,BACK4_1STRIKER,touches_in_box,16.0,1,20.6,-4.6,LOW
Girona FC,home,3-3-1-3,BACK3_OTHER,blocked_shots,4.0,1,2.75,1.25,LOW
Girona FC,home,3-3-1-3,BACK3_OTHER,clearances,16.0,1,17.125,-1.125,LOW
Girona FC,home,3-3-1-3,BACK3_OTHER,corners,3.0,1,6.625,-3.625,LOW
Girona FC,home,3-3-1-3,BACK3_OTHER,crosses,12.0,1,5.25,6.75,LOW
Girona FC,home,3-3-1-3,BACK3_OTHER,possession,71.0,1,57.5,13.5,LOW
Girona FC,home,3-3-1-3,BACK3_OTHER,total_shots,14.0,1,11.375,2.625,LOW
Girona FC,home,3-3-1-3,BACK3_OTHER,touches_in_box,22.0,1,24.625,-2.625,LOW
Girona FC,home,4-2-3-1,BACK4_1STRIKER,blocked_shots,2.1667,6,2.75,-0.5833,MEDIUM
Girona FC,home,4-2-3-1,BACK4_1STRIKER,clearances,16.1667,6,17.125,-0.9583,MEDIUM
Girona FC,home,4-2-3-1,BACK4_1STRIKER,corners,7.8333,6,6.625,1.2083,MEDIUM
Girona FC,home,4-2-3-1,BACK4_1STRIKER,crosses,5.0,6,5.25,-0.25,MEDIUM
Girona FC,home,4-2-3-1,BACK4_1STRIKER,possession,56.3333,6,57.5,-1.1667,MEDIUM
Girona FC,home,4-2-3-1,BACK4_1STRIKER,total_shots,11.3333,6,11.375,-0.0417,MEDIUM
Girona FC,home,4-2-3-1,BACK4_1STRIKER,touches_in_box,26.8333,6,24.625,2.2083,MEDIUM
Girona FC,home,4-5-1,BACK4_1STRIKER,blocked_shots,5.0,1,2.75,2.25,LOW
Girona FC,home,4-5-1,BACK4_1STRIKER,clearances,24.0,1,17.125,6.875,LOW
Girona FC,home,4-5-1,BACK4_1STRIKER,corners,3.0,1,6.625,-3.625,LOW
Girona FC,home,4-5-1,BACK4_1STRIKER,crosses,0.0,1,5.25,-5.25,LOW
Girona FC,home,4-5-1,BACK4_1STRIKER,possession,51.0,1,57.5,-6.5,LOW
Girona FC,home,4-5-1,BACK4_1STRIKER,total_shots,9.0,1,11.375,-2.375,LOW
Girona FC,home,4-5-1,BACK4_1STRIKER,touches_in_box,14.0,1,24.625,-10.625,LOW
Granada,away,4-2-3-1,BACK4_1STRIKER,blocked_shots,2.0,2,1.4286,0.5714,LOW
Granada,away,4-2-3-1,BACK4_1STRIKER,clearances,16.5,2,25.0,-8.5,LOW
Granada,away,4-2-3-1,BACK4_1STRIKER,corners,3.0,2,3.7143,-0.7143,LOW
Granada,away,4-2-3-1,BACK4_1STRIKER,crosses,5.0,2,4.1429,0.8571,LOW
Granada,away,4-2-3-1,BACK4_1STRIKER,possession,47.5,2,49.2857,-1.7857,LOW
Granada,away,4-2-3-1,BACK4_1STRIKER,total_shots,12.0,2,10.5714,1.4286,LOW
Granada,away,4-2-3-1,BACK4_1STRIKER,touches_in_box,23.5,2,15.2857,8.2143,LOW
Granada,away,4-3-3,BACK4_1STRIKER,blocked_shots,1.5,4,1.4286,0.0714,LOW
Granada,away,4-3-3,BACK4_1STRIKER,clearances,29.25,4,25.0,4.25,LOW
Granada,away,4-3-3,BACK4_1STRIKER,corners,4.75,4,3.7143,1.0357,LOW
Granada,away,4-3-3,BACK4_1STRIKER,crosses,4.75,4,4.1429,0.6071,LOW
Granada,away,4-3-3,BACK4_1STRIKER,possession,51.25,4,49.2857,1.9643,LOW
Granada,away,4-3-3,BACK4_1STRIKER,total_shots,11.25,4,10.5714,0.6786,LOW
Granada,away,4-3-3,BACK4_1STRIKER,touches_in_box,13.5,4,15.2857,-1.7857,LOW
Granada,away,4-4-2,BACK4_2STRIKER,blocked_shots,0.0,1,1.4286,-1.4286,LOW
Granada,away,4-4-2,BACK4_2STRIKER,clearances,25.0,1,25.0,0.0,LOW
Granada,away,4-4-2,BACK4_2STRIKER,corners,1.0,1,3.7143,-2.7143,LOW
Granada,away,4-4-2,BACK4_2STRIKER,crosses,0.0,1,4.1429,-4.1429,LOW
Granada,away,4-4-2,BACK4_2STRIKER,possession,45.0,1,49.2857,-4.2857,LOW
Granada,away,4-4-2,BACK4_2STRIKER,total_shots,5.0,1,10.5714,-5.5714,LOW
Granada,away,4-4-2,BACK4_2STRIKER,touches_in_box,6.0,1,15.2857,-9.2857,LOW
Granada,home,3-4-3,BACK3_WINGBACK,blocked_shots,4.0,1,3.8889,0.1111,LOW
Granada,home,3-4-3,BACK3_WINGBACK,clearances,11.0,1,19.8889,-8.8889,LOW
Granada,home,3-4-3,BACK3_WINGBACK,corners,4.0,1,4.6667,-0.6667,LOW
Granada,home,3-4-3,BACK3_WINGBACK,crosses,5.0,1,5.7778,-0.7778,LOW
Granada,home,3-4-3,BACK3_WINGBACK,possession,50.0,1,50.4444,-0.4444,LOW
Granada,home,3-4-3,BACK3_WINGBACK,total_shots,12.0,1,16.0,-4.0,LOW
Granada,home,3-4-3,BACK3_WINGBACK,touches_in_box,18.0,1,19.6667,-1.6667,LOW
Granada,home,3-5-2,BACK3_WINGBACK,blocked_shots,3.0,1,3.8889,-0.8889,LOW
Granada,home,3-5-2,BACK3_WINGBACK,clearances,22.0,1,19.8889,2.1111,LOW
Granada,home,3-5-2,BACK3_WINGBACK,corners,6.0,1,4.6667,1.3333,LOW
Granada,home,3-5-2,BACK3_WINGBACK,crosses,4.0,1,5.7778,-1.7778,LOW
Granada,home,3-5-2,BACK3_WINGBACK,possession,38.0,1,50.4444,-12.4444,LOW
Granada,home,3-5-2,BACK3_WINGBACK,total_shots,11.0,1,16.0,-5.0,LOW
Granada,home,3-5-2,BACK3_WINGBACK,touches_in_box,15.0,1,19.6667,-4.6667,LOW
Granada,home,4-1-4-1,BACK4_1STRIKER,blocked_shots,3.0,1,3.8889,-0.8889,LOW
Granada,home,4-1-4-1,BACK4_1STRIKER,clearances,28.0,1,19.8889,8.1111,LOW
Granada,home,4-1-4-1,BACK4_1STRIKER,corners,5.0,1,4.6667,0.3333,LOW
Granada,home,4-1-4-1,BACK4_1STRIKER,crosses,2.0,1,5.7778,-3.7778,LOW
Granada,home,4-1-4-1,BACK4_1STRIKER,possession,42.0,1,50.4444,-8.4444,LOW
Granada,home,4-1-4-1,BACK4_1STRIKER,total_shots,12.0,1,16.0,-4.0,LOW
Granada,home,4-1-4-1,BACK4_1STRIKER,touches_in_box,16.0,1,19.6667,-3.6667,LOW
Granada,home,4-3-3,BACK4_1STRIKER,blocked_shots,3.6667,3,3.8889,-0.2222,LOW
Granada,home,4-3-3,BACK4_1STRIKER,clearances,20.3333,3,19.8889,0.4444,LOW
Granada,home,4-3-3,BACK4_1STRIKER,corners,4.0,3,4.6667,-0.6667,LOW
Granada,home,4-3-3,BACK4_1STRIKER,crosses,5.6667,3,5.7778,-0.1111,LOW
Granada,home,4-3-3,BACK4_1STRIKER,possession,56.3333,3,50.4444,5.8889,LOW
Granada,home,4-3-3,BACK4_1STRIKER,total_shots,17.0,3,16.0,1.0,LOW
Granada,home,4-3-3,BACK4_1STRIKER,touches_in_box,16.6667,3,19.6667,-3.0,LOW
Granada,home,4-4-2,BACK4_2STRIKER,blocked_shots,4.6667,3,3.8889,0.7778,LOW
Granada,home,4-4-2,BACK4_2STRIKER,clearances,19.0,3,19.8889,-0.8889,LOW
Granada,home,4-4-2,BACK4_2STRIKER,corners,5.0,3,4.6667,0.3333,LOW
Granada,home,4-4-2,BACK4_2STRIKER,crosses,8.0,3,5.7778,2.2222,LOW
Granada,home,4-4-2,BACK4_2STRIKER,possession,51.6667,3,50.4444,1.2222,LOW
Granada,home,4-4-2,BACK4_2STRIKER,total_shots,19.3333,3,16.0,3.3333,LOW
Granada,home,4-4-2,BACK4_2STRIKER,touches_in_box,26.0,3,19.6667,6.3333,LOW
Grenoble Foot 38,away,4-1-4-1,BACK4_1STRIKER,blocked_shots,1.0,2,2.2,-1.2,LOW
Grenoble Foot 38,away,4-1-4-1,BACK4_1STRIKER,clearances,19.5,2,31.7,-12.2,LOW
Grenoble Foot 38,away,4-1-4-1,BACK4_1STRIKER,corners,3.5,2,2.6,0.9,LOW
Grenoble Foot 38,away,4-1-4-1,BACK4_1STRIKER,crosses,4.0,2,4.8,-0.8,LOW
Grenoble Foot 38,away,4-1-4-1,BACK4_1STRIKER,possession,55.0,2,42.0,13.0,LOW
Grenoble Foot 38,away,4-1-4-1,BACK4_1STRIKER,total_shots,11.0,2,10.2,0.8,LOW
Grenoble Foot 38,away,4-1-4-1,BACK4_1STRIKER,touches_in_box,15.0,2,17.5,-2.5,LOW
Grenoble Foot 38,away,4-4-1-1,BACK4_1STRIKER,blocked_shots,2.3333,3,2.2,0.1333,LOW
Grenoble Foot 38,away,4-4-1-1,BACK4_1STRIKER,clearances,43.6667,3,31.7,11.9667,LOW
Grenoble Foot 38,away,4-4-1-1,BACK4_1STRIKER,corners,1.3333,3,2.6,-1.2667,LOW
Grenoble Foot 38,away,4-4-1-1,BACK4_1STRIKER,crosses,5.3333,3,4.8,0.5333,LOW
Grenoble Foot 38,away,4-4-1-1,BACK4_1STRIKER,possession,40.3333,3,42.0,-1.6667,LOW
Grenoble Foot 38,away,4-4-1-1,BACK4_1STRIKER,total_shots,7.0,3,10.2,-3.2,LOW
Grenoble Foot 38,away,4-4-1-1,BACK4_1STRIKER,touches_in_box,13.3333,3,17.5,-4.1667,LOW
Grenoble Foot 38,away,5-3-2,BACK5_DEFENSIVE,blocked_shots,3.0,3,2.2,0.8,LOW
Grenoble Foot 38,away,5-3-2,BACK5_DEFENSIVE,clearances,27.3333,3,31.7,-4.3667,LOW
Grenoble Foot 38,away,5-3-2,BACK5_DEFENSIVE,corners,2.6667,3,2.6,0.0667,LOW
Grenoble Foot 38,away,5-3-2,BACK5_DEFENSIVE,crosses,6.6667,3,4.8,1.8667,LOW
Grenoble Foot 38,away,5-3-2,BACK5_DEFENSIVE,possession,39.6667,3,42.0,-2.3333,LOW
Grenoble Foot 38,away,5-3-2,BACK5_DEFENSIVE,total_shots,12.3333,3,10.2,2.1333,LOW
Grenoble Foot 38,away,5-3-2,BACK5_DEFENSIVE,touches_in_box,22.0,3,17.5,4.5,LOW
Grenoble Foot 38,away,5-4-1,BACK5_DEFENSIVE,blocked_shots,2.0,2,2.2,-0.2,LOW
Grenoble Foot 38,away,5-4-1,BACK5_DEFENSIVE,clearances,32.5,2,31.7,0.8,LOW
Grenoble Foot 38,away,5-4-1,BACK5_DEFENSIVE,corners,3.5,2,2.6,0.9,LOW
Grenoble Foot 38,away,5-4-1,BACK5_DEFENSIVE,crosses,2.0,2,4.8,-2.8,LOW
Grenoble Foot 38,away,5-4-1,BACK5_DEFENSIVE,possession,35.0,2,42.0,-7.0,LOW
Grenoble Foot 38,away,5-4-1,BACK5_DEFENSIVE,total_shots,11.0,2,10.2,0.8,LOW
Grenoble Foot 38,away,5-4-1,BACK5_DEFENSIVE,touches_in_box,19.5,2,17.5,2.0,LOW
Grenoble Foot 38,home,4-2-3-1,BACK4_1STRIKER,blocked_shots,1.5,2,2.3333,-0.8333,LOW
Grenoble Foot 38,home,4-2-3-1,BACK4_1STRIKER,clearances,22.0,2,27.2222,-5.2222,LOW
Grenoble Foot 38,home,4-2-3-1,BACK4_1STRIKER,corners,1.5,2,4.2222,-2.7222,LOW
Grenoble Foot 38,home,4-2-3-1,BACK4_1STRIKER,crosses,2.5,2,4.0,-1.5,LOW
Grenoble Foot 38,home,4-2-3-1,BACK4_1STRIKER,possession,42.5,2,44.7778,-2.2778,LOW
Grenoble Foot 38,home,4-2-3-1,BACK4_1STRIKER,total_shots,7.0,2,9.6667,-2.6667,LOW
Grenoble Foot 38,home,4-2-3-1,BACK4_1STRIKER,touches_in_box,10.5,2,17.4444,-6.9444,LOW
Grenoble Foot 38,home,4-3-3,BACK4_1STRIKER,blocked_shots,2.0,1,2.3333,-0.3333,LOW
Grenoble Foot 38,home,4-3-3,BACK4_1STRIKER,clearances,15.0,1,27.2222,-12.2222,LOW
Grenoble Foot 38,home,4-3-3,BACK4_1STRIKER,corners,9.0,1,4.2222,4.7778,LOW
Grenoble Foot 38,home,4-3-3,BACK4_1STRIKER,crosses,6.0,1,4.0,2.0,LOW
Grenoble Foot 38,home,4-3-3,BACK4_1STRIKER,possession,49.0,1,44.7778,4.2222,LOW
Grenoble Foot 38,home,4-3-3,BACK4_1STRIKER,total_shots,13.0,1,9.6667,3.3333,LOW
Grenoble Foot 38,home,4-3-3,BACK4_1STRIKER,touches_in_box,41.0,1,17.4444,23.5556,LOW
Grenoble Foot 38,home,5-3-2,BACK5_DEFENSIVE,blocked_shots,3.0,5,2.3333,0.6667,MEDIUM
Grenoble Foot 38,home,5-3-2,BACK5_DEFENSIVE,clearances,30.8,5,27.2222,3.5778,MEDIUM
Grenoble Foot 38,home,5-3-2,BACK5_DEFENSIVE,corners,4.4,5,4.2222,0.1778,MEDIUM
Grenoble Foot 38,home,5-3-2,BACK5_DEFENSIVE,crosses,4.4,5,4.0,0.4,MEDIUM
Grenoble Foot 38,home,5-3-2,BACK5_DEFENSIVE,possession,43.6,5,44.7778,-1.1778,MEDIUM
Grenoble Foot 38,home,5-3-2,BACK5_DEFENSIVE,total_shots,11.0,5,9.6667,1.3333,MEDIUM
Grenoble Foot 38,home,5-3-2,BACK5_DEFENSIVE,touches_in_box,18.2,5,17.4444,0.7556,MEDIUM
Grenoble Foot 38,home,5-4-1,BACK5_DEFENSIVE,blocked_shots,1.0,1,2.3333,-1.3333,LOW
Grenoble Foot 38,home,5-4-1,BACK5_DEFENSIVE,clearances,32.0,1,27.2222,4.7778,LOW
Grenoble Foot 38,home,5-4-1,BACK5_DEFENSIVE,corners,4.0,1,4.2222,-0.2222,LOW
Grenoble Foot 38,home,5-4-1,BACK5_DEFENSIVE,crosses,3.0,1,4.0,-1.0,LOW
Grenoble Foot 38,home,5-4-1,BACK5_DEFENSIVE,possession,51.0,1,44.7778,6.2222,LOW
Grenoble Foot 38,home,5-4-1,BACK5_DEFENSIVE,total_shots,5.0,1,9.6667,-4.6667,LOW
Grenoble Foot 38,home,5-4-1,BACK5_DEFENSIVE,touches_in_box,4.0,1,17.4444,-13.4444,LOW
Guingamp,away,4-4-2,BACK4_2STRIKER,blocked_shots,3.4545,11,3.4545,0.0,MEDIUM
Guingamp,away,4-4-2,BACK4_2STRIKER,clearances,21.9091,11,21.9091,0.0,MEDIUM
Guingamp,away,4-4-2,BACK4_2STRIKER,corners,4.8182,11,4.8182,0.0,MEDIUM
Guingamp,away,4-4-2,BACK4_2STRIKER,crosses,4.1818,11,4.1818,0.0,MEDIUM
Guingamp,away,4-4-2,BACK4_2STRIKER,possession,52.5455,11,52.5455,0.0,MEDIUM
Guingamp,away,4-4-2,BACK4_2STRIKER,total_shots,13.5455,11,13.5455,0.0,MEDIUM
Guingamp,away,4-4-2,BACK4_2STRIKER,touches_in_box,20.8182,11,20.8182,0.0,MEDIUM
Guingamp,home,4-4-2,BACK4_2STRIKER,blocked_shots,3.4286,7,3.5,-0.0714,MEDIUM
Guingamp,home,4-4-2,BACK4_2STRIKER,clearances,16.1429,7,16.375,-0.2321,MEDIUM
Guingamp,home,4-4-2,BACK4_2STRIKER,corners,6.4286,7,6.625,-0.1964,MEDIUM
Guingamp,home,4-4-2,BACK4_2STRIKER,crosses,6.7143,7,6.625,0.0893,MEDIUM
Guingamp,home,4-4-2,BACK4_2STRIKER,possession,57.4286,7,57.25,0.1786,MEDIUM
Guingamp,home,4-4-2,BACK4_2STRIKER,total_shots,15.2857,7,14.875,0.4107,MEDIUM
Guingamp,home,4-4-2,BACK4_2STRIKER,touches_in_box,25.5714,7,24.75,0.8214,MEDIUM
Guingamp,home,4-5-1,BACK4_1STRIKER,blocked_shots,4.0,1,3.5,0.5,LOW
Guingamp,home,4-5-1,BACK4_1STRIKER,clearances,18.0,1,16.375,1.625,LOW
Guingamp,home,4-5-1,BACK4_1STRIKER,corners,8.0,1,6.625,1.375,LOW
Guingamp,home,4-5-1,BACK4_1STRIKER,crosses,6.0,1,6.625,-0.625,LOW
Guingamp,home,4-5-1,BACK4_1STRIKER,possession,56.0,1,57.25,-1.25,LOW
Guingamp,home,4-5-1,BACK4_1STRIKER,total_shots,12.0,1,14.875,-2.875,LOW
Guingamp,home,4-5-1,BACK4_1STRIKER,touches_in_box,19.0,1,24.75,-5.75,LOW
Huddersfield Town,away,3-4-3,BACK3_WINGBACK,blocked_shots,4.0,1,3.25,0.75,LOW
Huddersfield Town,away,3-4-3,BACK3_WINGBACK,clearances,13.0,1,25.5,-12.5,LOW
Huddersfield Town,away,3-4-3,BACK3_WINGBACK,corners,3.0,1,3.75,-0.75,LOW
Huddersfield Town,away,3-4-3,BACK3_WINGBACK,crosses,5.0,1,3.75,1.25,LOW
Huddersfield Town,away,3-4-3,BACK3_WINGBACK,possession,53.0,1,39.0,14.0,LOW
Huddersfield Town,away,3-4-3,BACK3_WINGBACK,total_shots,11.0,1,8.75,2.25,LOW
Huddersfield Town,away,3-5-2,BACK3_WINGBACK,blocked_shots,4.5,2,3.25,1.25,LOW
Huddersfield Town,away,3-5-2,BACK3_WINGBACK,clearances,27.0,2,25.5,1.5,LOW
Huddersfield Town,away,3-5-2,BACK3_WINGBACK,corners,5.5,2,3.75,1.75,LOW
Huddersfield Town,away,3-5-2,BACK3_WINGBACK,crosses,5.0,2,3.75,1.25,LOW
Huddersfield Town,away,3-5-2,BACK3_WINGBACK,possession,39.5,2,39.0,0.5,LOW
Huddersfield Town,away,3-5-2,BACK3_WINGBACK,total_shots,11.0,2,8.75,2.25,LOW
Huddersfield Town,away,5-4-1,BACK5_DEFENSIVE,blocked_shots,0.0,1,3.25,-3.25,LOW
Huddersfield Town,away,5-4-1,BACK5_DEFENSIVE,clearances,35.0,1,25.5,9.5,LOW
Huddersfield Town,away,5-4-1,BACK5_DEFENSIVE,corners,1.0,1,3.75,-2.75,LOW
Huddersfield Town,away,5-4-1,BACK5_DEFENSIVE,crosses,0.0,1,3.75,-3.75,LOW
Huddersfield Town,away,5-4-1,BACK5_DEFENSIVE,possession,24.0,1,39.0,-15.0,LOW
Huddersfield Town,away,5-4-1,BACK5_DEFENSIVE,total_shots,2.0,1,8.75,-6.75,LOW
Huddersfield Town,home,3-5-2,BACK3_WINGBACK,blocked_shots,2.5,2,4.2,-1.7,LOW
Huddersfield Town,home,3-5-2,BACK3_WINGBACK,clearances,24.0,2,19.2,4.8,LOW
Huddersfield Town,home,3-5-2,BACK3_WINGBACK,corners,4.0,2,6.0,-2.0,LOW
Huddersfield Town,home,3-5-2,BACK3_WINGBACK,crosses,4.0,2,5.4,-1.4,LOW
Huddersfield Town,home,3-5-2,BACK3_WINGBACK,possession,36.0,2,39.6,-3.6,LOW
Huddersfield Town,home,3-5-2,BACK3_WINGBACK,total_shots,9.0,2,12.8,-3.8,LOW
Huddersfield Town,home,4-2-3-1,BACK4_1STRIKER,blocked_shots,5.3333,3,4.2,1.1333,LOW
Huddersfield Town,home,4-2-3-1,BACK4_1STRIKER,clearances,16.0,3,19.2,-3.2,LOW
Huddersfield Town,home,4-2-3-1,BACK4_1STRIKER,corners,7.3333,3,6.0,1.3333,LOW
Huddersfield Town,home,4-2-3-1,BACK4_1STRIKER,crosses,6.3333,3,5.4,0.9333,LOW
Huddersfield Town,home,4-2-3-1,BACK4_1STRIKER,possession,42.0,3,39.6,2.4,LOW
Huddersfield Town,home,4-2-3-1,BACK4_1STRIKER,total_shots,15.3333,3,12.8,2.5333,LOW
Huesca,away,3-4-3,BACK3_WINGBACK,blocked_shots,2.0,1,2.6667,-0.6667,LOW
Huesca,away,3-4-3,BACK3_WINGBACK,clearances,21.0,1,29.7778,-8.7778,LOW
Huesca,away,3-4-3,BACK3_WINGBACK,corners,0.0,1,3.1111,-3.1111,LOW
Huesca,away,3-4-3,BACK3_WINGBACK,crosses,0.0,1,3.5556,-3.5556,LOW
Huesca,away,3-4-3,BACK3_WINGBACK,possession,47.0,1,43.1111,3.8889,LOW
Huesca,away,3-4-3,BACK3_WINGBACK,total_shots,6.0,1,8.6667,-2.6667,LOW
Huesca,away,3-4-3,BACK3_WINGBACK,touches_in_box,11.0,1,14.8889,-3.8889,LOW
Huesca,away,3-5-2,BACK3_WINGBACK,blocked_shots,1.0,2,2.6667,-1.6667,LOW
Huesca,away,3-5-2,BACK3_WINGBACK,clearances,44.5,2,29.7778,14.7222,LOW
Huesca,away,3-5-2,BACK3_WINGBACK,corners,1.0,2,3.1111,-2.1111,LOW
Huesca,away,3-5-2,BACK3_WINGBACK,crosses,1.0,2,3.5556,-2.5556,LOW
Huesca,away,3-5-2,BACK3_WINGBACK,possession,38.5,2,43.1111,-4.6111,LOW
Huesca,away,3-5-2,BACK3_WINGBACK,total_shots,5.5,2,8.6667,-3.1667,LOW
Huesca,away,3-5-2,BACK3_WINGBACK,touches_in_box,7.0,2,14.8889,-7.8889,LOW
Huesca,away,4-2-3-1,BACK4_1STRIKER,blocked_shots,4.0,2,2.6667,1.3333,LOW
Huesca,away,4-2-3-1,BACK4_1STRIKER,clearances,17.5,2,29.7778,-12.2778,LOW
Huesca,away,4-2-3-1,BACK4_1STRIKER,corners,4.0,2,3.1111,0.8889,LOW
Huesca,away,4-2-3-1,BACK4_1STRIKER,crosses,2.5,2,3.5556,-1.0556,LOW
Huesca,away,4-2-3-1,BACK4_1STRIKER,possession,38.5,2,43.1111,-4.6111,LOW
Huesca,away,4-2-3-1,BACK4_1STRIKER,total_shots,12.0,2,8.6667,3.3333,LOW
Huesca,away,4-2-3-1,BACK4_1STRIKER,touches_in_box,18.0,2,14.8889,3.1111,LOW
Huesca,away,4-4-2,BACK4_2STRIKER,blocked_shots,4.0,1,2.6667,1.3333,LOW
Huesca,away,4-4-2,BACK4_2STRIKER,clearances,42.0,1,29.7778,12.2222,LOW
Huesca,away,4-4-2,BACK4_2STRIKER,corners,3.0,1,3.1111,-0.1111,LOW
Huesca,away,4-4-2,BACK4_2STRIKER,crosses,4.0,1,3.5556,0.4444,LOW
Huesca,away,4-4-2,BACK4_2STRIKER,possession,47.0,1,43.1111,3.8889,LOW
Huesca,away,4-4-2,BACK4_2STRIKER,total_shots,8.0,1,8.6667,-0.6667,LOW
Huesca,away,4-4-2,BACK4_2STRIKER,touches_in_box,13.0,1,14.8889,-1.8889,LOW
Huesca,away,5-3-2,BACK5_DEFENSIVE,blocked_shots,4.0,1,2.6667,1.3333,LOW
Huesca,away,5-3-2,BACK5_DEFENSIVE,clearances,27.0,1,29.7778,-2.7778,LOW
Huesca,away,5-3-2,BACK5_DEFENSIVE,corners,5.0,1,3.1111,1.8889,LOW
Huesca,away,5-3-2,BACK5_DEFENSIVE,crosses,11.0,1,3.5556,7.4444,LOW
Huesca,away,5-3-2,BACK5_DEFENSIVE,possession,37.0,1,43.1111,-6.1111,LOW
Huesca,away,5-3-2,BACK5_DEFENSIVE,total_shots,13.0,1,8.6667,4.3333,LOW
Huesca,away,5-3-2,BACK5_DEFENSIVE,touches_in_box,22.0,1,14.8889,7.1111,LOW
Huesca,away,5-4-1,BACK5_DEFENSIVE,blocked_shots,2.0,2,2.6667,-0.6667,LOW
Huesca,away,5-4-1,BACK5_DEFENSIVE,clearances,27.0,2,29.7778,-2.7778,LOW
Huesca,away,5-4-1,BACK5_DEFENSIVE,corners,5.0,2,3.1111,1.8889,LOW
Huesca,away,5-4-1,BACK5_DEFENSIVE,crosses,5.0,2,3.5556,1.4444,LOW
Huesca,away,5-4-1,BACK5_DEFENSIVE,possession,51.5,2,43.1111,8.3889,LOW
Huesca,away,5-4-1,BACK5_DEFENSIVE,total_shots,8.0,2,8.6667,-0.6667,LOW
Huesca,away,5-4-1,BACK5_DEFENSIVE,touches_in_box,19.0,2,14.8889,4.1111,LOW
Huesca,home,3-5-2,BACK3_WINGBACK,blocked_shots,1.0,1,1.8571,-0.8571,LOW
Huesca,home,3-5-2,BACK3_WINGBACK,clearances,28.0,1,23.4286,4.5714,LOW
Huesca,home,3-5-2,BACK3_WINGBACK,corners,4.0,1,3.8571,0.1429,LOW
Huesca,home,3-5-2,BACK3_WINGBACK,crosses,2.0,1,3.1429,-1.1429,LOW
Huesca,home,3-5-2,BACK3_WINGBACK,possession,34.0,1,41.8571,-7.8571,LOW
Huesca,home,3-5-2,BACK3_WINGBACK,total_shots,10.0,1,10.1429,-0.1429,LOW
Huesca,home,3-5-2,BACK3_WINGBACK,touches_in_box,17.0,1,17.2857,-0.2857,LOW
Huesca,home,4-2-3-1,BACK4_1STRIKER,blocked_shots,2.0,2,1.8571,0.1429,LOW
Huesca,home,4-2-3-1,BACK4_1STRIKER,clearances,22.5,2,23.4286,-0.9286,LOW
Huesca,home,4-2-3-1,BACK4_1STRIKER,corners,4.0,2,3.8571,0.1429,LOW
Huesca,home,4-2-3-1,BACK4_1STRIKER,crosses,3.0,2,3.1429,-0.1429,LOW
Huesca,home,4-2-3-1,BACK4_1STRIKER,possession,51.0,2,41.8571,9.1429,LOW
Huesca,home,4-2-3-1,BACK4_1STRIKER,total_shots,11.0,2,10.1429,0.8571,LOW
Huesca,home,4-2-3-1,BACK4_1STRIKER,touches_in_box,16.5,2,17.2857,-0.7857,LOW
Huesca,home,5-3-2,BACK5_DEFENSIVE,blocked_shots,2.6667,3,1.8571,0.8095,LOW
Huesca,home,5-3-2,BACK5_DEFENSIVE,clearances,21.6667,3,23.4286,-1.7619,LOW
Huesca,home,5-3-2,BACK5_DEFENSIVE,corners,4.3333,3,3.8571,0.4762,LOW
Huesca,home,5-3-2,BACK5_DEFENSIVE,crosses,4.3333,3,3.1429,1.1905,LOW
Huesca,home,5-3-2,BACK5_DEFENSIVE,possession,40.6667,3,41.8571,-1.1905,LOW
Huesca,home,5-3-2,BACK5_DEFENSIVE,total_shots,11.0,3,10.1429,0.8571,LOW
Huesca,home,5-3-2,BACK5_DEFENSIVE,touches_in_box,19.6667,3,17.2857,2.381,LOW
Huesca,home,5-4-1,BACK5_DEFENSIVE,blocked_shots,0.0,1,1.8571,-1.8571,LOW
Huesca,home,5-4-1,BACK5_DEFENSIVE,clearances,26.0,1,23.4286,2.5714,LOW
Huesca,home,5-4-1,BACK5_DEFENSIVE,corners,2.0,1,3.8571,-1.8571,LOW
Huesca,home,5-4-1,BACK5_DEFENSIVE,crosses,1.0,1,3.1429,-2.1429,LOW
Huesca,home,5-4-1,BACK5_DEFENSIVE,possession,35.0,1,41.8571,-6.8571,LOW
Huesca,home,5-4-1,BACK5_DEFENSIVE,total_shots,6.0,1,10.1429,-4.1429,LOW
Huesca,home,5-4-1,BACK5_DEFENSIVE,touches_in_box,12.0,1,17.2857,-5.2857,LOW
Hull City,away,3-4-2-1,BACK3_WINGBACK,blocked_shots,4.0,2,3.6364,0.3636,LOW
Hull City,away,3-4-2-1,BACK3_WINGBACK,clearances,29.5,2,31.5455,-2.0455,LOW
Hull City,away,3-4-2-1,BACK3_WINGBACK,corners,4.0,2,4.0,0.0,LOW
Hull City,away,3-4-2-1,BACK3_WINGBACK,crosses,1.5,2,3.0909,-1.5909,LOW
Hull City,away,3-4-2-1,BACK3_WINGBACK,possession,38.0,2,45.3636,-7.3636,LOW
Hull City,away,3-4-2-1,BACK3_WINGBACK,total_shots,9.0,2,9.5455,-0.5455,LOW
Hull City,away,3-4-2-1,BACK3_WINGBACK,touches_in_box,19.5,2,17.3636,2.1364,LOW
Hull City,away,4-1-4-1,BACK4_1STRIKER,blocked_shots,6.0,1,3.6364,2.3636,LOW
Hull City,away,4-1-4-1,BACK4_1STRIKER,clearances,19.0,1,31.5455,-12.5455,LOW
Hull City,away,4-1-4-1,BACK4_1STRIKER,corners,3.0,1,4.0,-1.0,LOW
Hull City,away,4-1-4-1,BACK4_1STRIKER,crosses,4.0,1,3.0909,0.9091,LOW
Hull City,away,4-1-4-1,BACK4_1STRIKER,possession,52.0,1,45.3636,6.6364,LOW
Hull City,away,4-1-4-1,BACK4_1STRIKER,total_shots,14.0,1,9.5455,4.4545,LOW
Hull City,away,4-1-4-1,BACK4_1STRIKER,touches_in_box,28.0,1,17.3636,10.6364,LOW
Hull City,away,4-2-2-2,BACK4_2STRIKER,blocked_shots,2.5,2,3.6364,-1.1364,LOW
Hull City,away,4-2-2-2,BACK4_2STRIKER,clearances,33.5,2,31.5455,1.9545,LOW
Hull City,away,4-2-2-2,BACK4_2STRIKER,corners,3.0,2,4.0,-1.0,LOW
Hull City,away,4-2-2-2,BACK4_2STRIKER,crosses,3.0,2,3.0909,-0.0909,LOW
Hull City,away,4-2-2-2,BACK4_2STRIKER,possession,53.0,2,45.3636,7.6364,LOW
Hull City,away,4-2-2-2,BACK4_2STRIKER,total_shots,6.0,2,9.5455,-3.5455,LOW
Hull City,away,4-2-2-2,BACK4_2STRIKER,touches_in_box,12.5,2,17.3636,-4.8636,LOW
Hull City,away,4-2-3-1,BACK4_1STRIKER,blocked_shots,3.6667,3,3.6364,0.0303,LOW
Hull City,away,4-2-3-1,BACK4_1STRIKER,clearances,42.6667,3,31.5455,11.1212,LOW
Hull City,away,4-2-3-1,BACK4_1STRIKER,corners,5.0,3,4.0,1.0,LOW
Hull City,away,4-2-3-1,BACK4_1STRIKER,crosses,3.6667,3,3.0909,0.5758,LOW
Hull City,away,4-2-3-1,BACK4_1STRIKER,possession,42.0,3,45.3636,-3.3636,LOW
Hull City,away,4-2-3-1,BACK4_1STRIKER,total_shots,11.6667,3,9.5455,2.1212,LOW
Hull City,away,4-2-3-1,BACK4_1STRIKER,touches_in_box,22.6667,3,17.3636,5.303,LOW
Hull City,away,4-3-3,BACK4_1STRIKER,blocked_shots,3.0,2,3.6364,-0.6364,LOW
Hull City,away,4-3-3,BACK4_1STRIKER,clearances,27.0,2,31.5455,-4.5455,LOW
Hull City,away,4-3-3,BACK4_1STRIKER,corners,3.0,2,4.0,-1.0,LOW
Hull City,away,4-3-3,BACK4_1STRIKER,crosses,3.0,2,3.0909,-0.0909,LOW
Hull City,away,4-3-3,BACK4_1STRIKER,possession,41.5,2,45.3636,-3.8636,LOW
Hull City,away,4-3-3,BACK4_1STRIKER,total_shots,8.0,2,9.5455,-1.5455,LOW
Hull City,away,4-3-3,BACK4_1STRIKER,touches_in_box,9.5,2,17.3636,-7.8636,LOW
Hull City,away,4-4-2,BACK4_2STRIKER,blocked_shots,4.0,1,3.6364,0.3636,LOW
Hull City,away,4-4-2,BACK4_2STRIKER,clearances,20.0,1,31.5455,-11.5455,LOW
Hull City,away,4-4-2,BACK4_2STRIKER,corners,6.0,1,4.0,2.0,LOW
Hull City,away,4-4-2,BACK4_2STRIKER,crosses,4.0,1,3.0909,0.9091,LOW
Hull City,away,4-4-2,BACK4_2STRIKER,possession,56.0,1,45.3636,10.6364,LOW
Hull City,away,4-4-2,BACK4_2STRIKER,total_shots,10.0,1,9.5455,0.4545,LOW
Hull City,away,4-4-2,BACK4_2STRIKER,touches_in_box,12.0,1,17.3636,-5.3636,LOW
Hull City,home,3-4-1-2,BACK3_WINGBACK,blocked_shots,9.0,1,6.7143,2.2857,LOW
Hull City,home,3-4-1-2,BACK3_WINGBACK,clearances,30.0,1,30.0,0.0,LOW
Hull City,home,3-4-1-2,BACK3_WINGBACK,corners,6.0,1,7.1429,-1.1429,LOW
Hull City,home,3-4-1-2,BACK3_WINGBACK,crosses,2.0,1,5.2857,-3.2857,LOW
Hull City,home,3-4-1-2,BACK3_WINGBACK,possession,48.0,1,54.4286,-6.4286,LOW
Hull City,home,3-4-1-2,BACK3_WINGBACK,total_shots,15.0,1,16.2857,-1.2857,LOW
Hull City,home,3-4-1-2,BACK3_WINGBACK,touches_in_box,20.0,1,28.7143,-8.7143,LOW
Hull City,home,4-2-3-1,BACK4_1STRIKER,blocked_shots,6.3333,6,6.7143,-0.381,MEDIUM
Hull City,home,4-2-3-1,BACK4_1STRIKER,clearances,30.0,6,30.0,0.0,MEDIUM
Hull City,home,4-2-3-1,BACK4_1STRIKER,corners,7.3333,6,7.1429,0.1905,MEDIUM
Hull City,home,4-2-3-1,BACK4_1STRIKER,crosses,5.8333,6,5.2857,0.5476,MEDIUM
Hull City,home,4-2-3-1,BACK4_1STRIKER,possession,55.5,6,54.4286,1.0714,MEDIUM
Hull City,home,4-2-3-1,BACK4_1STRIKER,total_shots,16.5,6,16.2857,0.2143,MEDIUM
Hull City,home,4-2-3-1,BACK4_1STRIKER,touches_in_box,30.1667,6,28.7143,1.4524,MEDIUM
Ipswich Town,away,4-2-3-1,BACK4_1STRIKER,blocked_shots,3.6667,6,3.2857,0.381,MEDIUM
Ipswich Town,away,4-2-3-1,BACK4_1STRIKER,clearances,32.0,6,34.1429,-2.1429,MEDIUM
Ipswich Town,away,4-2-3-1,BACK4_1STRIKER,corners,4.1667,6,3.8571,0.3095,MEDIUM
Ipswich Town,away,4-2-3-1,BACK4_1STRIKER,crosses,3.0,6,2.8571,0.1429,MEDIUM
Ipswich Town,away,4-2-3-1,BACK4_1STRIKER,possession,48.5,6,45.4286,3.0714,MEDIUM
Ipswich Town,away,4-2-3-1,BACK4_1STRIKER,total_shots,11.5,6,10.8571,0.6429,MEDIUM
Ipswich Town,away,4-2-3-1,BACK4_1STRIKER,touches_in_box,20.0,6,19.1429,0.8571,MEDIUM
Ipswich Town,away,5-4-1,BACK5_DEFENSIVE,blocked_shots,1.0,1,3.2857,-2.2857,LOW
Ipswich Town,away,5-4-1,BACK5_DEFENSIVE,clearances,47.0,1,34.1429,12.8571,LOW
Ipswich Town,away,5-4-1,BACK5_DEFENSIVE,corners,2.0,1,3.8571,-1.8571,LOW
Ipswich Town,away,5-4-1,BACK5_DEFENSIVE,crosses,2.0,1,2.8571,-0.8571,LOW
Ipswich Town,away,5-4-1,BACK5_DEFENSIVE,possession,27.0,1,45.4286,-18.4286,LOW
Ipswich Town,away,5-4-1,BACK5_DEFENSIVE,total_shots,7.0,1,10.8571,-3.8571,LOW
Ipswich Town,away,5-4-1,BACK5_DEFENSIVE,touches_in_box,14.0,1,19.1429,-5.1429,LOW
Ipswich Town,home,4-2-3-1,BACK4_1STRIKER,blocked_shots,3.8889,9,3.8889,0.0,MEDIUM
Ipswich Town,home,4-2-3-1,BACK4_1STRIKER,clearances,24.4444,9,24.4444,0.0,MEDIUM
Ipswich Town,home,4-2-3-1,BACK4_1STRIKER,corners,4.4444,9,4.4444,0.0,MEDIUM
Ipswich Town,home,4-2-3-1,BACK4_1STRIKER,crosses,4.4444,9,4.4444,0.0,MEDIUM
Ipswich Town,home,4-2-3-1,BACK4_1STRIKER,possession,53.4444,9,53.4444,0.0,MEDIUM
Ipswich Town,home,4-2-3-1,BACK4_1STRIKER,total_shots,15.0,9,15.0,0.0,MEDIUM
Ipswich Town,home,4-2-3-1,BACK4_1STRIKER,touches_in_box,25.6667,9,25.6667,0.0,MEDIUM
Las Palmas,away,4-2-3-1,BACK4_1STRIKER,blocked_shots,5.0,4,3.5714,1.4286,LOW
Las Palmas,away,4-2-3-1,BACK4_1STRIKER,clearances,30.5,4,27.0714,3.4286,LOW
Las Palmas,away,4-2-3-1,BACK4_1STRIKER,corners,6.0,4,3.9286,2.0714,LOW
Las Palmas,away,4-2-3-1,BACK4_1STRIKER,crosses,3.75,4,2.5714,1.1786,LOW
Las Palmas,away,4-2-3-1,BACK4_1STRIKER,possession,61.75,4,57.7857,3.9643,LOW
Las Palmas,away,4-2-3-1,BACK4_1STRIKER,total_shots,14.0,4,12.1429,1.8571,LOW
Las Palmas,away,4-2-3-1,BACK4_1STRIKER,touches_in_box,23.5,4,18.5714,4.9286,LOW
Las Palmas,away,4-3-3,BACK4_1STRIKER,blocked_shots,2.0,1,3.5714,-1.5714,LOW
Las Palmas,away,4-3-3,BACK4_1STRIKER,clearances,25.0,1,27.0714,-2.0714,LOW
Las Palmas,away,4-3-3,BACK4_1STRIKER,corners,2.0,1,3.9286,-1.9286,LOW
Las Palmas,away,4-3-3,BACK4_1STRIKER,crosses,1.0,1,2.5714,-1.5714,LOW
Las Palmas,away,4-3-3,BACK4_1STRIKER,possession,60.0,1,57.7857,2.2143,LOW
Las Palmas,away,4-3-3,BACK4_1STRIKER,total_shots,13.0,1,12.1429,0.8571,LOW
Las Palmas,away,4-3-3,BACK4_1STRIKER,touches_in_box,18.0,1,18.5714,-0.5714,LOW
Las Palmas,away,4-4-2,BACK4_2STRIKER,blocked_shots,3.7143,7,3.5714,0.1429,MEDIUM
Las Palmas,away,4-4-2,BACK4_2STRIKER,clearances,27.8571,7,27.0714,0.7857,MEDIUM
Las Palmas,away,4-4-2,BACK4_2STRIKER,corners,3.1429,7,3.9286,-0.7857,MEDIUM
Las Palmas,away,4-4-2,BACK4_2STRIKER,crosses,2.2857,7,2.5714,-0.2857,MEDIUM
Las Palmas,away,4-4-2,BACK4_2STRIKER,possession,56.1429,7,57.7857,-1.6429,MEDIUM
Las Palmas,away,4-4-2,BACK4_2STRIKER,total_shots,11.8571,7,12.1429,-0.2857,MEDIUM
Las Palmas,away,4-4-2,BACK4_2STRIKER,touches_in_box,18.1429,7,18.5714,-0.4286,MEDIUM
Las Palmas,away,4-5-1,BACK4_1STRIKER,blocked_shots,1.0,2,3.5714,-2.5714,LOW
Las Palmas,away,4-5-1,BACK4_1STRIKER,clearances,18.5,2,27.0714,-8.5714,LOW
Las Palmas,away,4-5-1,BACK4_1STRIKER,corners,3.5,2,3.9286,-0.4286,LOW
Las Palmas,away,4-5-1,BACK4_1STRIKER,crosses,2.0,2,2.5714,-0.5714,LOW
Las Palmas,away,4-5-1,BACK4_1STRIKER,possession,54.5,2,57.7857,-3.2857,LOW
Las Palmas,away,4-5-1,BACK4_1STRIKER,total_shots,9.0,2,12.1429,-3.1429,LOW
Las Palmas,away,4-5-1,BACK4_1STRIKER,touches_in_box,10.5,2,18.5714,-8.0714,LOW
Las Palmas,home,4-2-3-1,BACK4_1STRIKER,blocked_shots,2.0,3,2.5,-0.5,LOW
Las Palmas,home,4-2-3-1,BACK4_1STRIKER,clearances,28.6667,3,28.25,0.4167,LOW
Las Palmas,home,4-2-3-1,BACK4_1STRIKER,corners,4.6667,3,4.5,0.1667,LOW
Las Palmas,home,4-2-3-1,BACK4_1STRIKER,crosses,1.6667,3,1.75,-0.0833,LOW
Las Palmas,home,4-2-3-1,BACK4_1STRIKER,possession,54.6667,3,51.25,3.4167,LOW
Las Palmas,home,4-2-3-1,BACK4_1STRIKER,total_shots,12.3333,3,11.25,1.0833,LOW
Las Palmas,home,4-2-3-1,BACK4_1STRIKER,touches_in_box,17.0,3,16.75,0.25,LOW
Las Palmas,home,4-4-2,BACK4_2STRIKER,blocked_shots,4.0,1,2.5,1.5,LOW
Las Palmas,home,4-4-2,BACK4_2STRIKER,clearances,27.0,1,28.25,-1.25,LOW
Las Palmas,home,4-4-2,BACK4_2STRIKER,corners,4.0,1,4.5,-0.5,LOW
Las Palmas,home,4-4-2,BACK4_2STRIKER,crosses,2.0,1,1.75,0.25,LOW
Las Palmas,home,4-4-2,BACK4_2STRIKER,possession,41.0,1,51.25,-10.25,LOW
Las Palmas,home,4-4-2,BACK4_2STRIKER,total_shots,8.0,1,11.25,-3.25,LOW
Las Palmas,home,4-4-2,BACK4_2STRIKER,touches_in_box,16.0,1,16.75,-0.75,LOW
Le Havre,away,3-4-1-2,BACK3_WINGBACK,blocked_shots,3.0,1,3.0,0.0,LOW
Le Havre,away,3-4-1-2,BACK3_WINGBACK,clearances,17.0,1,28.4,-11.4,LOW
Le Havre,away,3-4-1-2,BACK3_WINGBACK,corners,3.0,1,4.0,-1.0,LOW
Le Havre,away,3-4-1-2,BACK3_WINGBACK,crosses,5.0,1,4.0,1.0,LOW
Le Havre,away,3-4-1-2,BACK3_WINGBACK,possession,56.0,1,43.4,12.6,LOW
Le Havre,away,3-4-1-2,BACK3_WINGBACK,total_shots,16.0,1,9.8,6.2,LOW
Le Havre,away,3-4-1-2,BACK3_WINGBACK,touches_in_box,27.0,1,15.8,11.2,LOW
Le Havre,away,3-5-2,BACK3_WINGBACK,blocked_shots,1.0,1,3.0,-2.0,LOW
Le Havre,away,3-5-2,BACK3_WINGBACK,clearances,30.0,1,28.4,1.6,LOW
Le Havre,away,3-5-2,BACK3_WINGBACK,corners,0.0,1,4.0,-4.0,LOW
Le Havre,away,3-5-2,BACK3_WINGBACK,crosses,3.0,1,4.0,-1.0,LOW
Le Havre,away,3-5-2,BACK3_WINGBACK,possession,30.0,1,43.4,-13.4,LOW
Le Havre,away,3-5-2,BACK3_WINGBACK,total_shots,4.0,1,9.8,-5.8,LOW
Le Havre,away,3-5-2,BACK3_WINGBACK,touches_in_box,8.0,1,15.8,-7.8,LOW
Le Havre,away,4-1-4-1,BACK4_1STRIKER,blocked_shots,3.0,1,3.0,0.0,LOW
Le Havre,away,4-1-4-1,BACK4_1STRIKER,clearances,28.0,1,28.4,-0.4,LOW
Le Havre,away,4-1-4-1,BACK4_1STRIKER,corners,9.0,1,4.0,5.0,LOW
Le Havre,away,4-1-4-1,BACK4_1STRIKER,crosses,7.0,1,4.0,3.0,LOW
Le Havre,away,4-1-4-1,BACK4_1STRIKER,possession,53.0,1,43.4,9.6,LOW
Le Havre,away,4-1-4-1,BACK4_1STRIKER,total_shots,11.0,1,9.8,1.2,LOW
Le Havre,away,4-1-4-1,BACK4_1STRIKER,touches_in_box,19.0,1,15.8,3.2,LOW
Le Havre,away,4-3-3,BACK4_1STRIKER,blocked_shots,6.0,1,3.0,3.0,LOW
Le Havre,away,4-3-3,BACK4_1STRIKER,clearances,26.0,1,28.4,-2.4,LOW
Le Havre,away,4-3-3,BACK4_1STRIKER,corners,6.0,1,4.0,2.0,LOW
Le Havre,away,4-3-3,BACK4_1STRIKER,crosses,3.0,1,4.0,-1.0,LOW
Le Havre,away,4-3-3,BACK4_1STRIKER,possession,47.0,1,43.4,3.6,LOW
Le Havre,away,4-3-3,BACK4_1STRIKER,total_shots,10.0,1,9.8,0.2,LOW
Le Havre,away,4-3-3,BACK4_1STRIKER,touches_in_box,12.0,1,15.8,-3.8,LOW
Le Havre,away,4-4-2,BACK4_2STRIKER,blocked_shots,2.0,1,3.0,-1.0,LOW
Le Havre,away,4-4-2,BACK4_2STRIKER,clearances,41.0,1,28.4,12.6,LOW
Le Havre,away,4-4-2,BACK4_2STRIKER,corners,2.0,1,4.0,-2.0,LOW
Le Havre,away,4-4-2,BACK4_2STRIKER,crosses,2.0,1,4.0,-2.0,LOW
Le Havre,away,4-4-2,BACK4_2STRIKER,possession,31.0,1,43.4,-12.4,LOW
Le Havre,away,4-4-2,BACK4_2STRIKER,total_shots,8.0,1,9.8,-1.8,LOW
Le Havre,away,4-4-2,BACK4_2STRIKER,touches_in_box,13.0,1,15.8,-2.8,LOW
Le Havre,home,3-1-4-2,BACK3_OTHER,blocked_shots,3.0,1,2.6667,0.3333,LOW
Le Havre,home,3-1-4-2,BACK3_OTHER,clearances,28.0,1,30.6667,-2.6667,LOW
Le Havre,home,3-1-4-2,BACK3_OTHER,corners,4.0,1,3.6667,0.3333,LOW
Le Havre,home,3-1-4-2,BACK3_OTHER,crosses,4.0,1,4.0,0.0,LOW
Le Havre,home,3-1-4-2,BACK3_OTHER,possession,38.0,1,38.0,0.0,LOW
Le Havre,home,3-1-4-2,BACK3_OTHER,total_shots,7.0,1,8.6667,-1.6667,LOW
Le Havre,home,3-1-4-2,BACK3_OTHER,touches_in_box,10.0,1,12.3333,-2.3333,LOW
Le Havre,home,3-4-1-2,BACK3_WINGBACK,blocked_shots,1.0,1,2.6667,-1.6667,LOW
Le Havre,home,3-4-1-2,BACK3_WINGBACK,clearances,46.0,1,30.6667,15.3333,LOW
Le Havre,home,3-4-1-2,BACK3_WINGBACK,corners,1.0,1,3.6667,-2.6667,LOW
Le Havre,home,3-4-1-2,BACK3_WINGBACK,crosses,1.0,1,4.0,-3.0,LOW
Le Havre,home,3-4-1-2,BACK3_WINGBACK,possession,33.0,1,38.0,-5.0,LOW
Le Havre,home,3-4-1-2,BACK3_WINGBACK,total_shots,5.0,1,8.6667,-3.6667,LOW
Le Havre,home,3-4-1-2,BACK3_WINGBACK,touches_in_box,7.0,1,12.3333,-5.3333,LOW
Le Havre,home,4-1-4-1,BACK4_1STRIKER,blocked_shots,4.0,1,2.6667,1.3333,LOW
Le Havre,home,4-1-4-1,BACK4_1STRIKER,clearances,18.0,1,30.6667,-12.6667,LOW
Le Havre,home,4-1-4-1,BACK4_1STRIKER,corners,6.0,1,3.6667,2.3333,LOW
Le Havre,home,4-1-4-1,BACK4_1STRIKER,crosses,7.0,1,4.0,3.0,LOW
Le Havre,home,4-1-4-1,BACK4_1STRIKER,possession,43.0,1,38.0,5.0,LOW
Le Havre,home,4-1-4-1,BACK4_1STRIKER,total_shots,14.0,1,8.6667,5.3333,LOW
Le Havre,home,4-1-4-1,BACK4_1STRIKER,touches_in_box,20.0,1,12.3333,7.6667,LOW
Le Mans,away,3-1-4-2,BACK3_OTHER,blocked_shots,2.0,3,2.4286,-0.4286,LOW
Le Mans,away,3-1-4-2,BACK3_OTHER,clearances,19.3333,3,28.1429,-8.8095,LOW
Le Mans,away,3-1-4-2,BACK3_OTHER,corners,5.0,3,5.5714,-0.5714,LOW
Le Mans,away,3-1-4-2,BACK3_OTHER,crosses,4.6667,3,5.2857,-0.619,LOW
Le Mans,away,3-1-4-2,BACK3_OTHER,possession,51.3333,3,46.5714,4.7619,LOW
Le Mans,away,3-1-4-2,BACK3_OTHER,total_shots,10.3333,3,10.4286,-0.0952,LOW
Le Mans,away,3-1-4-2,BACK3_OTHER,touches_in_box,19.3333,3,20.7143,-1.381,LOW
Le Mans,away,5-3-2,BACK5_DEFENSIVE,blocked_shots,2.75,4,2.4286,0.3214,LOW
Le Mans,away,5-3-2,BACK5_DEFENSIVE,clearances,34.75,4,28.1429,6.6071,LOW
Le Mans,away,5-3-2,BACK5_DEFENSIVE,corners,6.0,4,5.5714,0.4286,LOW
Le Mans,away,5-3-2,BACK5_DEFENSIVE,crosses,5.75,4,5.2857,0.4643,LOW
Le Mans,away,5-3-2,BACK5_DEFENSIVE,possession,43.0,4,46.5714,-3.5714,LOW
Le Mans,away,5-3-2,BACK5_DEFENSIVE,total_shots,10.5,4,10.4286,0.0714,LOW
Le Mans,away,5-3-2,BACK5_DEFENSIVE,touches_in_box,21.75,4,20.7143,1.0357,LOW
Le Mans,home,3-1-4-2,BACK3_OTHER,blocked_shots,6.0,1,3.0,3.0,LOW
Le Mans,home,3-1-4-2,BACK3_OTHER,clearances,18.0,1,19.0,-1.0,LOW
Le Mans,home,3-1-4-2,BACK3_OTHER,corners,6.0,1,4.2,1.8,LOW
Le Mans,home,3-1-4-2,BACK3_OTHER,crosses,6.0,1,5.8,0.2,LOW
Le Mans,home,3-1-4-2,BACK3_OTHER,possession,58.0,1,48.4,9.6,LOW
Le Mans,home,3-1-4-2,BACK3_OTHER,total_shots,13.0,1,11.0,2.0,LOW
Le Mans,home,3-1-4-2,BACK3_OTHER,touches_in_box,24.0,1,19.8,4.2,LOW
Le Mans,home,5-3-2,BACK5_DEFENSIVE,blocked_shots,2.25,4,3.0,-0.75,LOW
Le Mans,home,5-3-2,BACK5_DEFENSIVE,clearances,19.25,4,19.0,0.25,LOW
Le Mans,home,5-3-2,BACK5_DEFENSIVE,corners,3.75,4,4.2,-0.45,LOW
Le Mans,home,5-3-2,BACK5_DEFENSIVE,crosses,5.75,4,5.8,-0.05,LOW
Le Mans,home,5-3-2,BACK5_DEFENSIVE,possession,46.0,4,48.4,-2.4,LOW
Le Mans,home,5-3-2,BACK5_DEFENSIVE,total_shots,10.5,4,11.0,-0.5,LOW
Le Mans,home,5-3-2,BACK5_DEFENSIVE,touches_in_box,18.75,4,19.8,-1.05,LOW
Leeds United,away,3-4-1-2,BACK3_WINGBACK,blocked_shots,3.0,1,3.4211,-0.4211,LOW
Leeds United,away,3-4-1-2,BACK3_WINGBACK,clearances,55.0,1,31.7895,23.2105,LOW
Leeds United,away,3-4-1-2,BACK3_WINGBACK,corners,3.0,1,4.1053,-1.1053,LOW
Leeds United,away,3-4-1-2,BACK3_WINGBACK,crosses,5.0,1,5.1579,-0.1579,LOW
Leeds United,away,3-4-1-2,BACK3_WINGBACK,possession,33.0,1,51.2105,-18.2105,LOW
Leeds United,away,3-4-1-2,BACK3_WINGBACK,total_shots,10.0,1,11.6316,-1.6316,LOW
Leeds United,away,3-4-1-2,BACK3_WINGBACK,touches_in_box,21.0,1,23.2,-2.2,LOW
Leeds United,away,3-4-2-1,BACK3_WINGBACK,blocked_shots,3.5,2,3.4211,0.0789,LOW
Leeds United,away,3-4-2-1,BACK3_WINGBACK,clearances,49.5,2,31.7895,17.7105,LOW
Leeds United,away,3-4-2-1,BACK3_WINGBACK,corners,2.5,2,4.1053,-1.6053,LOW
Leeds United,away,3-4-2-1,BACK3_WINGBACK,crosses,5.5,2,5.1579,0.3421,LOW
Leeds United,away,3-4-2-1,BACK3_WINGBACK,possession,43.5,2,51.2105,-7.7105,LOW
Leeds United,away,3-4-2-1,BACK3_WINGBACK,total_shots,12.5,2,11.6316,0.8684,LOW
Leeds United,away,3-4-2-1,BACK3_WINGBACK,touches_in_box,29.5,2,23.2,6.3,LOW
Leeds United,away,3-5-2,BACK3_WINGBACK,blocked_shots,4.5,2,3.4211,1.0789,LOW
Leeds United,away,3-5-2,BACK3_WINGBACK,clearances,45.0,2,31.7895,13.2105,LOW
Leeds United,away,3-5-2,BACK3_WINGBACK,corners,2.5,2,4.1053,-1.6053,LOW
Leeds United,away,3-5-2,BACK3_WINGBACK,crosses,6.0,2,5.1579,0.8421,LOW
Leeds United,away,3-5-2,BACK3_WINGBACK,possession,43.0,2,51.2105,-8.2105,LOW
Leeds United,away,3-5-2,BACK3_WINGBACK,total_shots,14.5,2,11.6316,2.8684,LOW
Leeds United,away,3-5-2,BACK3_WINGBACK,touches_in_box,22.0,2,23.2,-1.2,LOW
Leeds United,away,4-1-4-1,BACK4_1STRIKER,blocked_shots,1.0,1,3.4211,-2.4211,LOW
Leeds United,away,4-1-4-1,BACK4_1STRIKER,clearances,19.0,1,31.7895,-12.7895,LOW
Leeds United,away,4-1-4-1,BACK4_1STRIKER,corners,7.0,1,4.1053,2.8947,LOW
Leeds United,away,4-1-4-1,BACK4_1STRIKER,crosses,4.0,1,5.1579,-1.1579,LOW
Leeds United,away,4-1-4-1,BACK4_1STRIKER,possession,50.0,1,51.2105,-1.2105,LOW
Leeds United,away,4-1-4-1,BACK4_1STRIKER,total_shots,5.0,1,11.6316,-6.6316,LOW
Leeds United,away,4-1-4-1,BACK4_1STRIKER,touches_in_box,18.0,1,23.2,-5.2,LOW
Leeds United,away,4-2-3-1,BACK4_1STRIKER,blocked_shots,3.7778,9,3.4211,0.3567,MEDIUM
Leeds United,away,4-2-3-1,BACK4_1STRIKER,clearances,27.3333,9,31.7895,-4.4561,MEDIUM
Leeds United,away,4-2-3-1,BACK4_1STRIKER,corners,5.2222,9,4.1053,1.117,MEDIUM
Leeds United,away,4-2-3-1,BACK4_1STRIKER,crosses,5.0,9,5.1579,-0.1579,MEDIUM
Leeds United,away,4-2-3-1,BACK4_1STRIKER,possession,59.5556,9,51.2105,8.345,MEDIUM
Leeds United,away,4-2-3-1,BACK4_1STRIKER,total_shots,12.8889,9,11.6316,1.2573,MEDIUM
Leeds United,away,4-2-3-1,BACK4_1STRIKER,touches_in_box,23.6,5,23.2,0.4,MEDIUM
Leeds United,away,4-3-3,BACK4_1STRIKER,blocked_shots,3.0,3,3.4211,-0.4211,LOW
Leeds United,away,4-3-3,BACK4_1STRIKER,clearances,20.6667,3,31.7895,-11.1228,LOW
Leeds United,away,4-3-3,BACK4_1STRIKER,corners,3.3333,3,4.1053,-0.7719,LOW
Leeds United,away,4-3-3,BACK4_1STRIKER,crosses,6.6667,3,5.1579,1.5088,LOW
Leeds United,away,4-3-3,BACK4_1STRIKER,possession,49.0,3,51.2105,-2.2105,LOW
Leeds United,away,4-3-3,BACK4_1STRIKER,total_shots,10.6667,3,11.6316,-0.9649,LOW
Leeds United,away,4-3-3,BACK4_1STRIKER,touches_in_box,23.6667,3,23.2,0.4667,LOW
Leeds United,away,5-4-1,BACK5_DEFENSIVE,blocked_shots,2.0,1,3.4211,-1.4211,LOW
Leeds United,away,5-4-1,BACK5_DEFENSIVE,clearances,33.0,1,31.7895,1.2105,LOW
Leeds United,away,5-4-1,BACK5_DEFENSIVE,corners,1.0,1,4.1053,-3.1053,LOW
Leeds United,away,5-4-1,BACK5_DEFENSIVE,crosses,1.0,1,5.1579,-4.1579,LOW
Leeds United,away,5-4-1,BACK5_DEFENSIVE,possession,34.0,1,51.2105,-17.2105,LOW
Leeds United,away,5-4-1,BACK5_DEFENSIVE,total_shots,4.0,1,11.6316,-7.6316,LOW
Leeds United,away,5-4-1,BACK5_DEFENSIVE,touches_in_box,17.0,1,23.2,-6.2,LOW
Leeds United,home,3-4-2-1,BACK3_WINGBACK,blocked_shots,1.0,1,2.4,-1.4,LOW
Leeds United,home,3-4-2-1,BACK3_WINGBACK,clearances,35.0,1,19.6,15.4,LOW
Leeds United,home,3-4-2-1,BACK3_WINGBACK,corners,4.0,1,5.8,-1.8,LOW
Leeds United,home,3-4-2-1,BACK3_WINGBACK,crosses,1.0,1,3.6,-2.6,LOW
Leeds United,home,3-4-2-1,BACK3_WINGBACK,possession,49.0,1,51.4,-2.4,LOW
Leeds United,home,3-4-2-1,BACK3_WINGBACK,total_shots,3.0,1,11.8,-8.8,LOW
Leeds United,home,3-4-2-1,BACK3_WINGBACK,touches_in_box,18.0,1,21.5,-3.5,LOW
Leeds United,home,3-5-2,BACK3_WINGBACK,blocked_shots,2.0,1,2.4,-0.4,LOW
Leeds United,home,3-5-2,BACK3_WINGBACK,clearances,23.0,1,19.6,3.4,LOW
Leeds United,home,3-5-2,BACK3_WINGBACK,corners,6.0,1,5.8,0.2,LOW
Leeds United,home,3-5-2,BACK3_WINGBACK,crosses,3.0,1,3.6,-0.6,LOW
Leeds United,home,3-5-2,BACK3_WINGBACK,possession,45.0,1,51.4,-6.4,LOW
Leeds United,home,3-5-2,BACK3_WINGBACK,total_shots,11.0,1,11.8,-0.8,LOW
Leeds United,home,3-5-2,BACK3_WINGBACK,touches_in_box,25.0,1,21.5,3.5,LOW
Leeds United,home,4-2-3-1,BACK4_1STRIKER,blocked_shots,3.0,3,2.4,0.6,LOW
Leeds United,home,4-2-3-1,BACK4_1STRIKER,clearances,13.3333,3,19.6,-6.2667,LOW
Leeds United,home,4-2-3-1,BACK4_1STRIKER,corners,6.3333,3,5.8,0.5333,LOW
Leeds United,home,4-2-3-1,BACK4_1STRIKER,crosses,4.6667,3,3.6,1.0667,LOW
Leeds United,home,4-2-3-1,BACK4_1STRIKER,possession,54.3333,3,51.4,2.9333,LOW
Leeds United,home,4-2-3-1,BACK4_1STRIKER,total_shots,15.0,3,11.8,3.2,LOW
Leganés,away,3-4-2-1,BACK3_WINGBACK,blocked_shots,5.0,1,2.9167,2.0833,LOW
Leganés,away,3-4-2-1,BACK3_WINGBACK,clearances,13.0,1,23.5,-10.5,LOW
Leganés,away,3-4-2-1,BACK3_WINGBACK,corners,6.0,1,3.8333,2.1667,LOW
Leganés,away,3-4-2-1,BACK3_WINGBACK,crosses,5.0,1,3.8333,1.1667,LOW
Leganés,away,3-4-2-1,BACK3_WINGBACK,possession,62.0,1,49.8333,12.1667,LOW
Leganés,away,3-4-2-1,BACK3_WINGBACK,total_shots,23.0,1,11.75,11.25,LOW
Leganés,away,3-4-2-1,BACK3_WINGBACK,touches_in_box,35.0,1,18.0,17.0,LOW
Leganés,away,3-4-3,BACK3_WINGBACK,blocked_shots,2.0,1,2.9167,-0.9167,LOW
Leganés,away,3-4-3,BACK3_WINGBACK,clearances,20.0,1,23.5,-3.5,LOW
Leganés,away,3-4-3,BACK3_WINGBACK,corners,1.0,1,3.8333,-2.8333,LOW
Leganés,away,3-4-3,BACK3_WINGBACK,crosses,2.0,1,3.8333,-1.8333,LOW
Leganés,away,3-4-3,BACK3_WINGBACK,possession,40.0,1,49.8333,-9.8333,LOW
Leganés,away,3-4-3,BACK3_WINGBACK,total_shots,11.0,1,11.75,-0.75,LOW
Leganés,away,3-4-3,BACK3_WINGBACK,touches_in_box,13.0,1,18.0,-5.0,LOW
Leganés,away,4-2-3-1,BACK4_1STRIKER,blocked_shots,3.2,5,2.9167,0.2833,MEDIUM
Leganés,away,4-2-3-1,BACK4_1STRIKER,clearances,22.4,5,23.5,-1.1,MEDIUM
Leganés,away,4-2-3-1,BACK4_1STRIKER,corners,4.2,5,3.8333,0.3667,MEDIUM
Leganés,away,4-2-3-1,BACK4_1STRIKER,crosses,3.8,5,3.8333,-0.0333,MEDIUM
Leganés,away,4-2-3-1,BACK4_1STRIKER,possession,47.0,5,49.8333,-2.8333,MEDIUM
Leganés,away,4-2-3-1,BACK4_1STRIKER,total_shots,12.6,5,11.75,0.85,MEDIUM
Leganés,away,4-2-3-1,BACK4_1STRIKER,touches_in_box,18.6,5,18.0,0.6,MEDIUM
Leganés,away,4-3-3,BACK4_1STRIKER,blocked_shots,2.6667,3,2.9167,-0.25,LOW
Leganés,away,4-3-3,BACK4_1STRIKER,clearances,27.0,3,23.5,3.5,LOW
Leganés,away,4-3-3,BACK4_1STRIKER,corners,4.0,3,3.8333,0.1667,LOW
Leganés,away,4-3-3,BACK4_1STRIKER,crosses,2.6667,3,3.8333,-1.1667,LOW
Leganés,away,4-3-3,BACK4_1STRIKER,possession,58.6667,3,49.8333,8.8333,LOW
Leganés,away,4-3-3,BACK4_1STRIKER,total_shots,9.6667,3,11.75,-2.0833,LOW
Leganés,away,4-3-3,BACK4_1STRIKER,touches_in_box,13.0,3,18.0,-5.0,LOW
Leganés,away,4-4-2,BACK4_2STRIKER,blocked_shots,4.0,1,2.9167,1.0833,LOW
Leganés,away,4-4-2,BACK4_2STRIKER,clearances,29.0,1,23.5,5.5,LOW
Leganés,away,4-4-2,BACK4_2STRIKER,corners,3.0,1,3.8333,-0.8333,LOW
Leganés,away,4-4-2,BACK4_2STRIKER,crosses,8.0,1,3.8333,4.1667,LOW
Leganés,away,4-4-2,BACK4_2STRIKER,possession,48.0,1,49.8333,-1.8333,LOW
Leganés,away,4-4-2,BACK4_2STRIKER,total_shots,11.0,1,11.75,-0.75,LOW
Leganés,away,4-4-2,BACK4_2STRIKER,touches_in_box,24.0,1,18.0,6.0,LOW
Leganés,away,5-3-2,BACK5_DEFENSIVE,blocked_shots,0.0,1,2.9167,-2.9167,LOW
Leganés,away,5-3-2,BACK5_DEFENSIVE,clearances,27.0,1,23.5,3.5,LOW
Leganés,away,5-3-2,BACK5_DEFENSIVE,corners,3.0,1,3.8333,-0.8333,LOW
Leganés,away,5-3-2,BACK5_DEFENSIVE,crosses,4.0,1,3.8333,0.1667,LOW
Leganés,away,5-3-2,BACK5_DEFENSIVE,possession,37.0,1,49.8333,-12.8333,LOW
Leganés,away,5-3-2,BACK5_DEFENSIVE,total_shots,4.0,1,11.75,-7.75,LOW
Leganés,away,5-3-2,BACK5_DEFENSIVE,touches_in_box,12.0,1,18.0,-6.0,LOW
Leganés,home,3-3-1-3,BACK3_OTHER,blocked_shots,2.0,1,2.2,-0.2,LOW
Leganés,home,3-3-1-3,BACK3_OTHER,clearances,32.0,1,24.2,7.8,LOW
Leganés,home,3-3-1-3,BACK3_OTHER,corners,3.0,1,3.4,-0.4,LOW
Leganés,home,3-3-1-3,BACK3_OTHER,crosses,4.0,1,4.6,-0.6,LOW
Leganés,home,3-3-1-3,BACK3_OTHER,possession,53.0,1,52.6,0.4,LOW
Leganés,home,3-3-1-3,BACK3_OTHER,total_shots,13.0,1,12.6,0.4,LOW
Leganés,home,3-3-1-3,BACK3_OTHER,touches_in_box,16.0,1,18.2,-2.2,LOW
Leganés,home,4-2-3-1,BACK4_1STRIKER,blocked_shots,2.0,3,2.2,-0.2,LOW
Leganés,home,4-2-3-1,BACK4_1STRIKER,clearances,25.3333,3,24.2,1.1333,LOW
Leganés,home,4-2-3-1,BACK4_1STRIKER,corners,3.0,3,3.4,-0.4,LOW
Leganés,home,4-2-3-1,BACK4_1STRIKER,crosses,4.3333,3,4.6,-0.2667,LOW
Leganés,home,4-2-3-1,BACK4_1STRIKER,possession,50.6667,3,52.6,-1.9333,LOW
Leganés,home,4-2-3-1,BACK4_1STRIKER,total_shots,9.3333,3,12.6,-3.2667,LOW
Leganés,home,4-2-3-1,BACK4_1STRIKER,touches_in_box,13.3333,3,18.2,-4.8667,LOW
Leganés,home,5-3-2,BACK5_DEFENSIVE,blocked_shots,3.0,1,2.2,0.8,LOW
Leganés,home,5-3-2,BACK5_DEFENSIVE,clearances,13.0,1,24.2,-11.2,LOW
Leganés,home,5-3-2,BACK5_DEFENSIVE,corners,5.0,1,3.4,1.6,LOW
Leganés,home,5-3-2,BACK5_DEFENSIVE,crosses,6.0,1,4.6,1.4,LOW
Leganés,home,5-3-2,BACK5_DEFENSIVE,possession,58.0,1,52.6,5.4,LOW
Leganés,home,5-3-2,BACK5_DEFENSIVE,total_shots,22.0,1,12.6,9.4,LOW
Leganés,home,5-3-2,BACK5_DEFENSIVE,touches_in_box,35.0,1,18.2,16.8,LOW
Leicester City,away,4-2-3-1,BACK4_1STRIKER,blocked_shots,3.3,10,3.0,0.3,MEDIUM
Leicester City,away,4-2-3-1,BACK4_1STRIKER,clearances,25.6,10,24.0,1.6,MEDIUM
Leicester City,away,4-2-3-1,BACK4_1STRIKER,corners,4.0,10,3.8462,0.1538,MEDIUM
Leicester City,away,4-2-3-1,BACK4_1STRIKER,crosses,4.1,10,4.0,0.1,MEDIUM
Leicester City,away,4-2-3-1,BACK4_1STRIKER,possession,44.4,10,48.3846,-3.9846,MEDIUM
Leicester City,away,4-2-3-1,BACK4_1STRIKER,total_shots,10.6,10,10.6154,-0.0154,MEDIUM
Leicester City,away,4-2-3-1,BACK4_1STRIKER,touches_in_box,21.0,10,21.6364,-0.6364,MEDIUM
Leicester City,away,4-3-3,BACK4_1STRIKER,blocked_shots,2.0,3,3.0,-1.0,LOW
Leicester City,away,4-3-3,BACK4_1STRIKER,clearances,18.6667,3,24.0,-5.3333,LOW
Leicester City,away,4-3-3,BACK4_1STRIKER,corners,3.3333,3,3.8462,-0.5128,LOW
Leicester City,away,4-3-3,BACK4_1STRIKER,crosses,3.6667,3,4.0,-0.3333,LOW
Leicester City,away,4-3-3,BACK4_1STRIKER,possession,61.6667,3,48.3846,13.2821,LOW
Leicester City,away,4-3-3,BACK4_1STRIKER,total_shots,10.6667,3,10.6154,0.0513,LOW
Leicester City,away,4-3-3,BACK4_1STRIKER,touches_in_box,28.0,1,21.6364,6.3636,LOW
Leicester City,home,4-2-3-1,BACK4_1STRIKER,blocked_shots,5.3333,6,5.2222,0.1111,MEDIUM
Leicester City,home,4-2-3-1,BACK4_1STRIKER,clearances,29.0,6,21.3333,7.6667,MEDIUM
Leicester City,home,4-2-3-1,BACK4_1STRIKER,corners,6.6667,6,7.5556,-0.8889,MEDIUM
Leicester City,home,4-2-3-1,BACK4_1STRIKER,crosses,6.5,6,7.0,-0.5,MEDIUM
Leicester City,home,4-2-3-1,BACK4_1STRIKER,possession,62.3333,6,63.5556,-1.2222,MEDIUM
Leicester City,home,4-2-3-1,BACK4_1STRIKER,total_shots,16.0,6,16.6667,-0.6667,MEDIUM
Leicester City,home,4-2-3-1,BACK4_1STRIKER,touches_in_box,27.5,4,27.5,0.0,LOW
Leicester City,home,4-3-3,BACK4_1STRIKER,blocked_shots,5.0,3,5.2222,-0.2222,LOW
Leicester City,home,4-3-3,BACK4_1STRIKER,clearances,6.0,3,21.3333,-15.3333,LOW
Leicester City,home,4-3-3,BACK4_1STRIKER,corners,9.3333,3,7.5556,1.7778,LOW
Leicester City,home,4-3-3,BACK4_1STRIKER,crosses,8.0,3,7.0,1.0,LOW
Leicester City,home,4-3-3,BACK4_1STRIKER,possession,66.0,3,63.5556,2.4444,LOW
Leicester City,home,4-3-3,BACK4_1STRIKER,total_shots,18.0,3,16.6667,1.3333,LOW
Levante UD,away,4-1-4-1,BACK4_1STRIKER,blocked_shots,3.5,2,3.7778,-0.2778,LOW
Levante UD,away,4-1-4-1,BACK4_1STRIKER,clearances,25.5,2,29.3333,-3.8333,LOW
Levante UD,away,4-1-4-1,BACK4_1STRIKER,corners,3.5,2,3.8889,-0.3889,LOW
Levante UD,away,4-1-4-1,BACK4_1STRIKER,crosses,5.5,2,3.6667,1.8333,LOW
Levante UD,away,4-1-4-1,BACK4_1STRIKER,possession,45.0,2,46.2222,-1.2222,LOW
Levante UD,away,4-1-4-1,BACK4_1STRIKER,total_shots,13.0,2,12.0,1.0,LOW
Levante UD,away,4-1-4-1,BACK4_1STRIKER,touches_in_box,19.5,2,21.5556,-2.0556,LOW
Levante UD,away,4-2-3-1,BACK4_1STRIKER,blocked_shots,1.0,1,3.7778,-2.7778,LOW
Levante UD,away,4-2-3-1,BACK4_1STRIKER,clearances,31.0,1,29.3333,1.6667,LOW
Levante UD,away,4-2-3-1,BACK4_1STRIKER,corners,1.0,1,3.8889,-2.8889,LOW
Levante UD,away,4-2-3-1,BACK4_1STRIKER,crosses,3.0,1,3.6667,-0.6667,LOW
Levante UD,away,4-2-3-1,BACK4_1STRIKER,possession,36.0,1,46.2222,-10.2222,LOW
Levante UD,away,4-2-3-1,BACK4_1STRIKER,total_shots,6.0,1,12.0,-6.0,LOW
Levante UD,away,4-2-3-1,BACK4_1STRIKER,touches_in_box,7.0,1,21.5556,-14.5556,LOW
Levante UD,away,4-3-3,BACK4_1STRIKER,blocked_shots,2.3333,3,3.7778,-1.4444,LOW
Levante UD,away,4-3-3,BACK4_1STRIKER,clearances,30.3333,3,29.3333,1.0,LOW
Levante UD,away,4-3-3,BACK4_1STRIKER,corners,5.0,3,3.8889,1.1111,LOW
Levante UD,away,4-3-3,BACK4_1STRIKER,crosses,1.6667,3,3.6667,-2.0,LOW
Levante UD,away,4-3-3,BACK4_1STRIKER,possession,48.6667,3,46.2222,2.4444,LOW
Levante UD,away,4-3-3,BACK4_1STRIKER,total_shots,10.6667,3,12.0,-1.3333,LOW
Levante UD,away,4-3-3,BACK4_1STRIKER,touches_in_box,20.6667,3,21.5556,-0.8889,LOW
Levante UD,away,4-4-2,BACK4_2STRIKER,blocked_shots,6.3333,3,3.7778,2.5556,LOW
Levante UD,away,4-4-2,BACK4_2STRIKER,clearances,30.3333,3,29.3333,1.0,LOW
Levante UD,away,4-4-2,BACK4_2STRIKER,corners,4.0,3,3.8889,0.1111,LOW
Levante UD,away,4-4-2,BACK4_2STRIKER,crosses,4.6667,3,3.6667,1.0,LOW
Levante UD,away,4-4-2,BACK4_2STRIKER,possession,48.0,3,46.2222,1.7778,LOW
Levante UD,away,4-4-2,BACK4_2STRIKER,total_shots,14.6667,3,12.0,2.6667,LOW
Levante UD,away,4-4-2,BACK4_2STRIKER,touches_in_box,28.6667,3,21.5556,7.1111,LOW
Levante UD,home,4-1-4-1,BACK4_1STRIKER,blocked_shots,5.5,2,4.0,1.5,LOW
Levante UD,home,4-1-4-1,BACK4_1STRIKER,clearances,22.0,2,26.7143,-4.7143,LOW
Levante UD,home,4-1-4-1,BACK4_1STRIKER,corners,6.5,2,5.2143,1.2857,LOW
Levante UD,home,4-1-4-1,BACK4_1STRIKER,crosses,6.0,2,4.9286,1.0714,LOW
Levante UD,home,4-1-4-1,BACK4_1STRIKER,possession,46.0,2,48.2857,-2.2857,LOW
Levante UD,home,4-1-4-1,BACK4_1STRIKER,total_shots,15.0,2,13.5714,1.4286,LOW
Levante UD,home,4-1-4-1,BACK4_1STRIKER,touches_in_box,25.0,2,25.7143,-0.7143,LOW
Levante UD,home,4-2-3-1,BACK4_1STRIKER,blocked_shots,3.75,4,4.0,-0.25,LOW
Levante UD,home,4-2-3-1,BACK4_1STRIKER,clearances,20.5,4,26.7143,-6.2143,LOW
Levante UD,home,4-2-3-1,BACK4_1STRIKER,corners,4.5,4,5.2143,-0.7143,LOW
Levante UD,home,4-2-3-1,BACK4_1STRIKER,crosses,4.75,4,4.9286,-0.1786,LOW
Levante UD,home,4-2-3-1,BACK4_1STRIKER,possession,47.75,4,48.2857,-0.5357,LOW
Levante UD,home,4-2-3-1,BACK4_1STRIKER,total_shots,12.5,4,13.5714,-1.0714,LOW
Levante UD,home,4-2-3-1,BACK4_1STRIKER,touches_in_box,25.0,4,25.7143,-0.7143,LOW
Levante UD,home,4-3-3,BACK4_1STRIKER,blocked_shots,5.5,2,4.0,1.5,LOW
Levante UD,home,4-3-3,BACK4_1STRIKER,clearances,24.0,2,26.7143,-2.7143,LOW
Levante UD,home,4-3-3,BACK4_1STRIKER,corners,6.5,2,5.2143,1.2857,LOW
Levante UD,home,4-3-3,BACK4_1STRIKER,crosses,7.0,2,4.9286,2.0714,LOW
Levante UD,home,4-3-3,BACK4_1STRIKER,possession,62.0,2,48.2857,13.7143,LOW
Levante UD,home,4-3-3,BACK4_1STRIKER,total_shots,15.5,2,13.5714,1.9286,LOW
Levante UD,home,4-3-3,BACK4_1STRIKER,touches_in_box,30.5,2,25.7143,4.7857,LOW
Levante UD,home,4-4-2,BACK4_2STRIKER,blocked_shots,3.4,5,4.0,-0.6,MEDIUM
Levante UD,home,4-4-2,BACK4_2STRIKER,clearances,31.2,5,26.7143,4.4857,MEDIUM
Levante UD,home,4-4-2,BACK4_2STRIKER,corners,5.8,5,5.2143,0.5857,MEDIUM
Levante UD,home,4-4-2,BACK4_2STRIKER,crosses,4.6,5,4.9286,-0.3286,MEDIUM
Levante UD,home,4-4-2,BACK4_2STRIKER,possession,50.2,5,48.2857,1.9143,MEDIUM
Levante UD,home,4-4-2,BACK4_2STRIKER,total_shots,14.2,5,13.5714,0.6286,MEDIUM
Levante UD,home,4-4-2,BACK4_2STRIKER,touches_in_box,26.4,5,25.7143,0.6857,MEDIUM
Levante UD,home,5-4-1,BACK5_DEFENSIVE,blocked_shots,2.0,1,4.0,-2.0,LOW
Levante UD,home,5-4-1,BACK5_DEFENSIVE,clearances,44.0,1,26.7143,17.2857,LOW
Levante UD,home,5-4-1,BACK5_DEFENSIVE,corners,0.0,1,5.2143,-5.2143,LOW
Levante UD,home,5-4-1,BACK5_DEFENSIVE,crosses,1.0,1,4.9286,-3.9286,LOW
Levante UD,home,5-4-1,BACK5_DEFENSIVE,possession,18.0,1,48.2857,-30.2857,LOW
Levante UD,home,5-4-1,BACK5_DEFENSIVE,total_shots,8.0,1,13.5714,-5.5714,LOW
Levante UD,home,5-4-1,BACK5_DEFENSIVE,touches_in_box,17.0,1,25.7143,-8.7143,LOW
Lille,away,4-2-3-1,BACK4_1STRIKER,blocked_shots,1.0,3,2.4,-1.4,LOW
Lille,away,4-2-3-1,BACK4_1STRIKER,clearances,17.6667,3,16.6,1.0667,LOW
Lille,away,4-2-3-1,BACK4_1STRIKER,corners,2.0,3,4.0,-2.0,LOW
Lille,away,4-2-3-1,BACK4_1STRIKER,crosses,2.0,3,3.2,-1.2,LOW
Lille,away,4-2-3-1,BACK4_1STRIKER,possession,49.3333,3,56.0,-6.6667,LOW
Lille,away,4-2-3-1,BACK4_1STRIKER,total_shots,5.6667,3,10.4,-4.7333,LOW
Lille,away,4-2-3-1,BACK4_1STRIKER,touches_in_box,12.6667,3,21.4,-8.7333,LOW
Lille,away,4-4-2,BACK4_2STRIKER,blocked_shots,4.0,1,2.4,1.6,LOW
Lille,away,4-4-2,BACK4_2STRIKER,clearances,20.0,1,16.6,3.4,LOW
Lille,away,4-4-2,BACK4_2STRIKER,corners,7.0,1,4.0,3.0,LOW
Lille,away,4-4-2,BACK4_2STRIKER,crosses,3.0,1,3.2,-0.2,LOW
Lille,away,4-4-2,BACK4_2STRIKER,possession,61.0,1,56.0,5.0,LOW
Lille,away,4-4-2,BACK4_2STRIKER,total_shots,18.0,1,10.4,7.6,LOW
Lille,away,4-4-2,BACK4_2STRIKER,touches_in_box,34.0,1,21.4,12.6,LOW
Lille,away,5-4-1,BACK5_DEFENSIVE,blocked_shots,5.0,1,2.4,2.6,LOW
Lille,away,5-4-1,BACK5_DEFENSIVE,clearances,10.0,1,16.6,-6.6,LOW
Lille,away,5-4-1,BACK5_DEFENSIVE,corners,7.0,1,4.0,3.0,LOW
Lille,away,5-4-1,BACK5_DEFENSIVE,crosses,7.0,1,3.2,3.8,LOW
Lille,away,5-4-1,BACK5_DEFENSIVE,possession,71.0,1,56.0,15.0,LOW
Lille,away,5-4-1,BACK5_DEFENSIVE,total_shots,17.0,1,10.4,6.6,LOW
Lille,away,5-4-1,BACK5_DEFENSIVE,touches_in_box,35.0,1,21.4,13.6,LOW
Lille,home,4-2-3-1,BACK4_1STRIKER,blocked_shots,6.8,5,5.8333,0.9667,MEDIUM
Lille,home,4-2-3-1,BACK4_1STRIKER,clearances,13.6,5,15.8333,-2.2333,MEDIUM
Lille,home,4-2-3-1,BACK4_1STRIKER,corners,6.0,5,5.3333,0.6667,MEDIUM
Lille,home,4-2-3-1,BACK4_1STRIKER,crosses,5.8,5,5.0,0.8,MEDIUM
Lille,home,4-2-3-1,BACK4_1STRIKER,possession,64.8,5,60.6667,4.1333,MEDIUM
Lille,home,4-2-3-1,BACK4_1STRIKER,total_shots,17.0,5,15.0,2.0,MEDIUM
Lille,home,4-2-3-1,BACK4_1STRIKER,touches_in_box,36.8,5,31.5,5.3,MEDIUM
Lille,home,4-4-2,BACK4_2STRIKER,blocked_shots,1.0,1,5.8333,-4.8333,LOW
Lille,home,4-4-2,BACK4_2STRIKER,clearances,27.0,1,15.8333,11.1667,LOW
Lille,home,4-4-2,BACK4_2STRIKER,corners,2.0,1,5.3333,-3.3333,LOW
Lille,home,4-4-2,BACK4_2STRIKER,crosses,1.0,1,5.0,-4.0,LOW
Lille,home,4-4-2,BACK4_2STRIKER,possession,40.0,1,60.6667,-20.6667,LOW
Lille,home,4-4-2,BACK4_2STRIKER,total_shots,5.0,1,15.0,-10.0,LOW
Lille,home,4-4-2,BACK4_2STRIKER,touches_in_box,5.0,1,31.5,-26.5,LOW
Liverpool,away,4-2-3-1,BACK4_1STRIKER,blocked_shots,6.0,7,6.0,0.0,MEDIUM
Liverpool,away,4-2-3-1,BACK4_1STRIKER,clearances,26.4286,7,26.4286,0.0,MEDIUM
Liverpool,away,4-2-3-1,BACK4_1STRIKER,corners,6.7143,7,6.7143,0.0,MEDIUM
Liverpool,away,4-2-3-1,BACK4_1STRIKER,crosses,4.7143,7,4.7143,0.0,MEDIUM
Liverpool,away,4-2-3-1,BACK4_1STRIKER,possession,61.1429,7,61.1429,0.0,MEDIUM
Liverpool,away,4-2-3-1,BACK4_1STRIKER,total_shots,17.5714,7,17.5714,0.0,MEDIUM
Liverpool,away,4-2-3-1,BACK4_1STRIKER,touches_in_box,37.8571,7,37.8571,0.0,MEDIUM
Liverpool,home,4-2-3-1,BACK4_1STRIKER,blocked_shots,3.8571,7,4.0,-0.1429,MEDIUM
Liverpool,home,4-2-3-1,BACK4_1STRIKER,clearances,21.4286,7,19.5,1.9286,MEDIUM
Liverpool,home,4-2-3-1,BACK4_1STRIKER,corners,4.7143,7,4.75,-0.0357,MEDIUM
Liverpool,home,4-2-3-1,BACK4_1STRIKER,crosses,4.4286,7,4.625,-0.1964,MEDIUM
Liverpool,home,4-2-3-1,BACK4_1STRIKER,possession,57.5714,7,58.0,-0.4286,MEDIUM
Liverpool,home,4-2-3-1,BACK4_1STRIKER,total_shots,13.4286,7,13.75,-0.3214,MEDIUM
Liverpool,home,4-2-3-1,BACK4_1STRIKER,touches_in_box,32.4286,7,32.75,-0.3214,MEDIUM
Liverpool,home,4-3-3,BACK4_1STRIKER,blocked_shots,5.0,1,4.0,1.0,LOW
Liverpool,home,4-3-3,BACK4_1STRIKER,clearances,6.0,1,19.5,-13.5,LOW
Liverpool,home,4-3-3,BACK4_1STRIKER,corners,5.0,1,4.75,0.25,LOW
Liverpool,home,4-3-3,BACK4_1STRIKER,crosses,6.0,1,4.625,1.375,LOW
Liverpool,home,4-3-3,BACK4_1STRIKER,possession,61.0,1,58.0,3.0,LOW
Liverpool,home,4-3-3,BACK4_1STRIKER,total_shots,16.0,1,13.75,2.25,LOW
Liverpool,home,4-3-3,BACK4_1STRIKER,touches_in_box,35.0,1,32.75,2.25,LOW
Lorient,away,3-4-2-1,BACK3_WINGBACK,blocked_shots,0.6667,3,3.4286,-2.7619,LOW
Lorient,away,3-4-2-1,BACK3_WINGBACK,clearances,24.6667,3,18.8571,5.8095,LOW
Lorient,away,3-4-2-1,BACK3_WINGBACK,corners,1.6667,3,4.0,-2.3333,LOW
Lorient,away,3-4-2-1,BACK3_WINGBACK,crosses,2.0,3,3.4286,-1.4286,LOW
Lorient,away,3-4-2-1,BACK3_WINGBACK,possession,32.3333,3,47.7143,-15.381,LOW
Lorient,away,3-4-2-1,BACK3_WINGBACK,total_shots,6.0,3,11.5714,-5.5714,LOW
Lorient,away,3-4-2-1,BACK3_WINGBACK,touches_in_box,7.3333,3,15.5714,-8.2381,LOW
Lorient,away,3-4-3,BACK3_WINGBACK,blocked_shots,3.0,1,3.4286,-0.4286,LOW
Lorient,away,3-4-3,BACK3_WINGBACK,clearances,22.0,1,18.8571,3.1429,LOW
Lorient,away,3-4-3,BACK3_WINGBACK,corners,8.0,1,4.0,4.0,LOW
Lorient,away,3-4-3,BACK3_WINGBACK,crosses,4.0,1,3.4286,0.5714,LOW
Lorient,away,3-4-3,BACK3_WINGBACK,possession,56.0,1,47.7143,8.2857,LOW
Lorient,away,3-4-3,BACK3_WINGBACK,total_shots,9.0,1,11.5714,-2.5714,LOW
Lorient,away,3-4-3,BACK3_WINGBACK,touches_in_box,20.0,1,15.5714,4.4286,LOW
Lorient,away,4-4-2,BACK4_2STRIKER,blocked_shots,6.3333,3,3.4286,2.9048,LOW
Lorient,away,4-4-2,BACK4_2STRIKER,clearances,12.0,3,18.8571,-6.8571,LOW
Lorient,away,4-4-2,BACK4_2STRIKER,corners,5.0,3,4.0,1.0,LOW
Lorient,away,4-4-2,BACK4_2STRIKER,crosses,4.6667,3,3.4286,1.2381,LOW
Lorient,away,4-4-2,BACK4_2STRIKER,possession,60.3333,3,47.7143,12.619,LOW
Lorient,away,4-4-2,BACK4_2STRIKER,total_shots,18.0,3,11.5714,6.4286,LOW
Lorient,away,4-4-2,BACK4_2STRIKER,touches_in_box,22.3333,3,15.5714,6.7619,LOW
Lorient,home,3-4-2-1,BACK3_WINGBACK,blocked_shots,3.2,5,3.5,-0.3,MEDIUM
Lorient,home,3-4-2-1,BACK3_WINGBACK,clearances,24.2,5,21.9,2.3,MEDIUM
Lorient,home,3-4-2-1,BACK3_WINGBACK,corners,3.2,5,5.1,-1.9,MEDIUM
Lorient,home,3-4-2-1,BACK3_WINGBACK,crosses,5.2,5,4.1,1.1,MEDIUM
Lorient,home,3-4-2-1,BACK3_WINGBACK,possession,49.8,5,49.8,0.0,MEDIUM
Lorient,home,3-4-2-1,BACK3_WINGBACK,total_shots,14.4,5,14.8,-0.4,MEDIUM
Lorient,home,3-4-2-1,BACK3_WINGBACK,touches_in_box,23.4,5,25.7,-2.3,MEDIUM
Lorient,home,3-4-3,BACK3_WINGBACK,blocked_shots,1.0,1,3.5,-2.5,LOW
Lorient,home,3-4-3,BACK3_WINGBACK,clearances,35.0,1,21.9,13.1,LOW
Lorient,home,3-4-3,BACK3_WINGBACK,corners,1.0,1,5.1,-4.1,LOW
Lorient,home,3-4-3,BACK3_WINGBACK,crosses,2.0,1,4.1,-2.1,LOW
Lorient,home,3-4-3,BACK3_WINGBACK,possession,43.0,1,49.8,-6.8,LOW
Lorient,home,3-4-3,BACK3_WINGBACK,total_shots,11.0,1,14.8,-3.8,LOW
Lorient,home,3-4-3,BACK3_WINGBACK,touches_in_box,12.0,1,25.7,-13.7,LOW
Lorient,home,4-1-4-1,BACK4_1STRIKER,blocked_shots,5.6667,3,3.5,2.1667,LOW
Lorient,home,4-1-4-1,BACK4_1STRIKER,clearances,17.3333,3,21.9,-4.5667,LOW
Lorient,home,4-1-4-1,BACK4_1STRIKER,corners,7.0,3,5.1,1.9,LOW
Lorient,home,4-1-4-1,BACK4_1STRIKER,crosses,3.0,3,4.1,-1.1,LOW
Lorient,home,4-1-4-1,BACK4_1STRIKER,possession,50.6667,3,49.8,0.8667,LOW
Lorient,home,4-1-4-1,BACK4_1STRIKER,total_shots,16.3333,3,14.8,1.5333,LOW
Lorient,home,4-1-4-1,BACK4_1STRIKER,touches_in_box,31.3333,3,25.7,5.6333,LOW
Lorient,home,4-4-2,BACK4_2STRIKER,blocked_shots,1.0,1,3.5,-2.5,LOW
Lorient,home,4-4-2,BACK4_2STRIKER,clearances,11.0,1,21.9,-10.9,LOW
Lorient,home,4-4-2,BACK4_2STRIKER,corners,13.0,1,5.1,7.9,LOW
Lorient,home,4-4-2,BACK4_2STRIKER,crosses,4.0,1,4.1,-0.1,LOW
Lorient,home,4-4-2,BACK4_2STRIKER,possession,54.0,1,49.8,4.2,LOW
Lorient,home,4-4-2,BACK4_2STRIKER,total_shots,16.0,1,14.8,1.2,LOW
Lorient,home,4-4-2,BACK4_2STRIKER,touches_in_box,34.0,1,25.7,8.3,LOW
Luton Town,away,3-4-1-2,BACK3_WINGBACK,blocked_shots,0.0,1,2.6667,-2.6667,LOW
Luton Town,away,3-4-1-2,BACK3_WINGBACK,clearances,32.0,1,24.8333,7.1667,LOW
Luton Town,away,3-4-1-2,BACK3_WINGBACK,corners,5.0,1,4.1667,0.8333,LOW
Luton Town,away,3-4-1-2,BACK3_WINGBACK,crosses,3.0,1,4.0,-1.0,LOW
Luton Town,away,3-4-1-2,BACK3_WINGBACK,possession,33.0,1,35.5,-2.5,LOW
Luton Town,away,3-4-1-2,BACK3_WINGBACK,total_shots,9.0,1,9.3333,-0.3333,LOW
Luton Town,away,3-4-1-2,BACK3_WINGBACK,touches_in_box,19.0,1,19.3333,-0.3333,LOW
Luton Town,away,3-5-2,BACK3_WINGBACK,blocked_shots,3.3333,3,2.6667,0.6667,LOW
Luton Town,away,3-5-2,BACK3_WINGBACK,clearances,22.6667,3,24.8333,-2.1667,LOW
Luton Town,away,3-5-2,BACK3_WINGBACK,corners,4.0,3,4.1667,-0.1667,LOW
Luton Town,away,3-5-2,BACK3_WINGBACK,crosses,3.6667,3,4.0,-0.3333,LOW
Luton Town,away,3-5-2,BACK3_WINGBACK,possession,35.0,3,35.5,-0.5,LOW
Luton Town,away,3-5-2,BACK3_WINGBACK,total_shots,8.6667,3,9.3333,-0.6667,LOW
Luton Town,away,3-5-2,BACK3_WINGBACK,touches_in_box,20.0,3,19.3333,0.6667,LOW
Luton Town,away,4-2-3-1,BACK4_1STRIKER,blocked_shots,6.0,1,2.6667,3.3333,LOW
Luton Town,away,4-2-3-1,BACK4_1STRIKER,clearances,26.0,1,24.8333,1.1667,LOW
Luton Town,away,4-2-3-1,BACK4_1STRIKER,corners,4.0,1,4.1667,-0.1667,LOW
Luton Town,away,4-2-3-1,BACK4_1STRIKER,crosses,8.0,1,4.0,4.0,LOW
Luton Town,away,4-2-3-1,BACK4_1STRIKER,possession,47.0,1,35.5,11.5,LOW
Luton Town,away,4-2-3-1,BACK4_1STRIKER,total_shots,18.0,1,9.3333,8.6667,LOW
Luton Town,away,4-2-3-1,BACK4_1STRIKER,touches_in_box,25.0,1,19.3333,5.6667,LOW
Luton Town,away,5-4-1,BACK5_DEFENSIVE,blocked_shots,0.0,1,2.6667,-2.6667,LOW
Luton Town,away,5-4-1,BACK5_DEFENSIVE,clearances,23.0,1,24.8333,-1.8333,LOW
Luton Town,away,5-4-1,BACK5_DEFENSIVE,corners,4.0,1,4.1667,-0.1667,LOW
Luton Town,away,5-4-1,BACK5_DEFENSIVE,crosses,2.0,1,4.0,-2.0,LOW
Luton Town,away,5-4-1,BACK5_DEFENSIVE,possession,28.0,1,35.5,-7.5,LOW
Luton Town,away,5-4-1,BACK5_DEFENSIVE,total_shots,3.0,1,9.3333,-6.3333,LOW
Luton Town,away,5-4-1,BACK5_DEFENSIVE,touches_in_box,12.0,1,19.3333,-7.3333,LOW
Luton Town,home,3-4-2-1,BACK3_WINGBACK,blocked_shots,4.6667,3,4.0,0.6667,LOW
Luton Town,home,3-4-2-1,BACK3_WINGBACK,clearances,23.6667,3,29.0,-5.3333,LOW
Luton Town,home,3-4-2-1,BACK3_WINGBACK,corners,6.3333,3,4.8,1.5333,LOW
Luton Town,home,3-4-2-1,BACK3_WINGBACK,crosses,4.6667,3,4.6,0.0667,LOW
Luton Town,home,3-4-2-1,BACK3_WINGBACK,possession,48.6667,3,45.6,3.0667,LOW
Luton Town,home,3-4-2-1,BACK3_WINGBACK,total_shots,13.6667,3,12.4,1.2667,LOW
Luton Town,home,3-4-2-1,BACK3_WINGBACK,touches_in_box,27.0,3,26.2,0.8,LOW
Luton Town,home,3-5-2,BACK3_WINGBACK,blocked_shots,3.0,2,4.0,-1.0,LOW
Luton Town,home,3-5-2,BACK3_WINGBACK,clearances,37.0,2,29.0,8.0,LOW
Luton Town,home,3-5-2,BACK3_WINGBACK,corners,2.5,2,4.8,-2.3,LOW
Luton Town,home,3-5-2,BACK3_WINGBACK,crosses,4.5,2,4.6,-0.1,LOW
Luton Town,home,3-5-2,BACK3_WINGBACK,possession,41.0,2,45.6,-4.6,LOW
Luton Town,home,3-5-2,BACK3_WINGBACK,total_shots,10.5,2,12.4,-1.9,LOW
Luton Town,home,3-5-2,BACK3_WINGBACK,touches_in_box,25.0,2,26.2,-1.2,LOW
Mallorca,away,4-2-3-1,BACK4_1STRIKER,blocked_shots,3.0,2,2.0,1.0,LOW
Mallorca,away,4-2-3-1,BACK4_1STRIKER,clearances,21.5,2,32.0,-10.5,LOW
Mallorca,away,4-2-3-1,BACK4_1STRIKER,corners,3.0,2,2.8333,0.1667,LOW
Mallorca,away,4-2-3-1,BACK4_1STRIKER,crosses,8.0,2,5.5,2.5,LOW
Mallorca,away,4-2-3-1,BACK4_1STRIKER,possession,48.0,2,45.1667,2.8333,LOW
Mallorca,away,4-2-3-1,BACK4_1STRIKER,total_shots,10.5,2,10.0,0.5,LOW
Mallorca,away,4-2-3-1,BACK4_1STRIKER,touches_in_box,19.5,2,16.1667,3.3333,LOW
Mallorca,away,4-3-1-2,BACK4_2STRIKER,blocked_shots,1.0,1,2.0,-1.0,LOW
Mallorca,away,4-3-1-2,BACK4_2STRIKER,clearances,43.0,1,32.0,11.0,LOW
Mallorca,away,4-3-1-2,BACK4_2STRIKER,corners,2.0,1,2.8333,-0.8333,LOW
Mallorca,away,4-3-1-2,BACK4_2STRIKER,crosses,4.0,1,5.5,-1.5,LOW
Mallorca,away,4-3-1-2,BACK4_2STRIKER,possession,41.0,1,45.1667,-4.1667,LOW
Mallorca,away,4-3-1-2,BACK4_2STRIKER,total_shots,9.0,1,10.0,-1.0,LOW
Mallorca,away,4-3-1-2,BACK4_2STRIKER,touches_in_box,25.0,1,16.1667,8.8333,LOW
Mallorca,away,4-4-2,BACK4_2STRIKER,blocked_shots,2.5,2,2.0,0.5,LOW
Mallorca,away,4-4-2,BACK4_2STRIKER,clearances,23.0,2,32.0,-9.0,LOW
Mallorca,away,4-4-2,BACK4_2STRIKER,corners,4.5,2,2.8333,1.6667,LOW
Mallorca,away,4-4-2,BACK4_2STRIKER,crosses,5.5,2,5.5,0.0,LOW
Mallorca,away,4-4-2,BACK4_2STRIKER,possession,53.0,2,45.1667,7.8333,LOW
Mallorca,away,4-4-2,BACK4_2STRIKER,total_shots,13.0,2,10.0,3.0,LOW
Mallorca,away,4-4-2,BACK4_2STRIKER,touches_in_box,14.0,2,16.1667,-2.1667,LOW
Mallorca,away,5-3-2,BACK5_DEFENSIVE,blocked_shots,0.0,1,2.0,-2.0,LOW
Mallorca,away,5-3-2,BACK5_DEFENSIVE,clearances,60.0,1,32.0,28.0,LOW
Mallorca,away,5-3-2,BACK5_DEFENSIVE,corners,0.0,1,2.8333,-2.8333,LOW
Mallorca,away,5-3-2,BACK5_DEFENSIVE,crosses,2.0,1,5.5,-3.5,LOW
Mallorca,away,5-3-2,BACK5_DEFENSIVE,possession,28.0,1,45.1667,-17.1667,LOW
Mallorca,away,5-3-2,BACK5_DEFENSIVE,total_shots,4.0,1,10.0,-6.0,LOW
Mallorca,away,5-3-2,BACK5_DEFENSIVE,touches_in_box,5.0,1,16.1667,-11.1667,LOW
Mallorca,home,4-2-3-1,BACK4_1STRIKER,blocked_shots,3.0,5,2.5556,0.4444,MEDIUM
Mallorca,home,4-2-3-1,BACK4_1STRIKER,clearances,15.8,5,19.8889,-4.0889,MEDIUM
Mallorca,home,4-2-3-1,BACK4_1STRIKER,corners,3.0,5,3.3333,-0.3333,MEDIUM
Mallorca,home,4-2-3-1,BACK4_1STRIKER,crosses,6.2,5,5.3333,0.8667,MEDIUM
Mallorca,home,4-2-3-1,BACK4_1STRIKER,possession,50.6,5,47.5556,3.0444,MEDIUM
Mallorca,home,4-2-3-1,BACK4_1STRIKER,total_shots,14.0,5,11.0,3.0,MEDIUM
Mallorca,home,4-2-3-1,BACK4_1STRIKER,touches_in_box,25.0,5,20.5556,4.4444,MEDIUM
Mallorca,home,4-3-1-2,BACK4_2STRIKER,blocked_shots,1.0,1,2.5556,-1.5556,LOW
Mallorca,home,4-3-1-2,BACK4_2STRIKER,clearances,28.0,1,19.8889,8.1111,LOW
Mallorca,home,4-3-1-2,BACK4_2STRIKER,corners,6.0,1,3.3333,2.6667,LOW
Mallorca,home,4-3-1-2,BACK4_2STRIKER,crosses,2.0,1,5.3333,-3.3333,LOW
Mallorca,home,4-3-1-2,BACK4_2STRIKER,possession,36.0,1,47.5556,-11.5556,LOW
Mallorca,home,4-3-1-2,BACK4_2STRIKER,total_shots,6.0,1,11.0,-5.0,LOW
Mallorca,home,4-3-1-2,BACK4_2STRIKER,touches_in_box,12.0,1,20.5556,-8.5556,LOW
Mallorca,home,4-3-3,BACK4_1STRIKER,blocked_shots,2.0,1,2.5556,-0.5556,LOW
Mallorca,home,4-3-3,BACK4_1STRIKER,clearances,19.0,1,19.8889,-0.8889,LOW
Mallorca,home,4-3-3,BACK4_1STRIKER,corners,3.0,1,3.3333,-0.3333,LOW
Mallorca,home,4-3-3,BACK4_1STRIKER,crosses,6.0,1,5.3333,0.6667,LOW
Mallorca,home,4-3-3,BACK4_1STRIKER,possession,44.0,1,47.5556,-3.5556,LOW
Mallorca,home,4-3-3,BACK4_1STRIKER,total_shots,6.0,1,11.0,-5.0,LOW
Mallorca,home,4-3-3,BACK4_1STRIKER,touches_in_box,16.0,1,20.5556,-4.5556,LOW
Mallorca,home,4-4-2,BACK4_2STRIKER,blocked_shots,3.0,1,2.5556,0.4444,LOW
Mallorca,home,4-4-2,BACK4_2STRIKER,clearances,15.0,1,19.8889,-4.8889,LOW
Mallorca,home,4-4-2,BACK4_2STRIKER,corners,2.0,1,3.3333,-1.3333,LOW
Mallorca,home,4-4-2,BACK4_2STRIKER,crosses,2.0,1,5.3333,-3.3333,LOW
Mallorca,home,4-4-2,BACK4_2STRIKER,possession,40.0,1,47.5556,-7.5556,LOW
Mallorca,home,4-4-2,BACK4_2STRIKER,total_shots,6.0,1,11.0,-5.0,LOW
Mallorca,home,4-4-2,BACK4_2STRIKER,touches_in_box,14.0,1,20.5556,-6.5556,LOW
Mallorca,home,5-3-2,BACK5_DEFENSIVE,blocked_shots,2.0,1,2.5556,-0.5556,LOW
Mallorca,home,5-3-2,BACK5_DEFENSIVE,clearances,38.0,1,19.8889,18.1111,LOW
Mallorca,home,5-3-2,BACK5_DEFENSIVE,corners,4.0,1,3.3333,0.6667,LOW
Mallorca,home,5-3-2,BACK5_DEFENSIVE,crosses,7.0,1,5.3333,1.6667,LOW
Mallorca,home,5-3-2,BACK5_DEFENSIVE,possession,55.0,1,47.5556,7.4444,LOW
Mallorca,home,5-3-2,BACK5_DEFENSIVE,total_shots,11.0,1,11.0,0.0,LOW
Mallorca,home,5-3-2,BACK5_DEFENSIVE,touches_in_box,18.0,1,20.5556,-2.5556,LOW
Manchester City,away,4-1-4-1,BACK4_1STRIKER,blocked_shots,8.0,1,7.4,0.6,LOW
Manchester City,away,4-1-4-1,BACK4_1STRIKER,clearances,5.0,1,18.2,-13.2,LOW
Manchester City,away,4-1-4-1,BACK4_1STRIKER,corners,18.0,1,9.8,8.2,LOW
Manchester City,away,4-1-4-1,BACK4_1STRIKER,crosses,7.0,1,5.6,1.4,LOW
Manchester City,away,4-1-4-1,BACK4_1STRIKER,possession,78.0,1,69.0,9.0,LOW
Manchester City,away,4-1-4-1,BACK4_1STRIKER,total_shots,22.0,1,18.4,3.6,LOW
Manchester City,away,4-1-4-1,BACK4_1STRIKER,touches_in_box,85.0,1,51.4,33.6,LOW
Manchester City,away,4-2-3-1,BACK4_1STRIKER,blocked_shots,7.3333,3,7.4,-0.0667,LOW
Manchester City,away,4-2-3-1,BACK4_1STRIKER,clearances,16.3333,3,18.2,-1.8667,LOW
Manchester City,away,4-2-3-1,BACK4_1STRIKER,corners,8.6667,3,9.8,-1.1333,LOW
Manchester City,away,4-2-3-1,BACK4_1STRIKER,crosses,6.0,3,5.6,0.4,LOW
Manchester City,away,4-2-3-1,BACK4_1STRIKER,possession,67.0,3,69.0,-2.0,LOW
Manchester City,away,4-2-3-1,BACK4_1STRIKER,total_shots,18.0,3,18.4,-0.4,LOW
Manchester City,away,4-2-3-1,BACK4_1STRIKER,touches_in_box,46.3333,3,51.4,-5.0667,LOW
Manchester City,away,4-3-2-1,BACK4_1STRIKER,blocked_shots,7.0,1,7.4,-0.4,LOW
Manchester City,away,4-3-2-1,BACK4_1STRIKER,clearances,37.0,1,18.2,18.8,LOW
Manchester City,away,4-3-2-1,BACK4_1STRIKER,corners,5.0,1,9.8,-4.8,LOW
Manchester City,away,4-3-2-1,BACK4_1STRIKER,crosses,3.0,1,5.6,-2.6,LOW
Manchester City,away,4-3-2-1,BACK4_1STRIKER,possession,66.0,1,69.0,-3.0,LOW
Manchester City,away,4-3-2-1,BACK4_1STRIKER,total_shots,16.0,1,18.4,-2.4,LOW
Manchester City,away,4-3-2-1,BACK4_1STRIKER,touches_in_box,33.0,1,51.4,-18.4,LOW
Manchester City,home,4-1-4-1,BACK4_1STRIKER,blocked_shots,3.0,2,4.0,-1.0,LOW
Manchester City,home,4-1-4-1,BACK4_1STRIKER,clearances,16.5,2,15.8333,0.6667,LOW
Manchester City,home,4-1-4-1,BACK4_1STRIKER,corners,7.5,2,6.8333,0.6667,LOW
Manchester City,home,4-1-4-1,BACK4_1STRIKER,crosses,3.5,2,2.5,1.0,LOW
Manchester City,home,4-1-4-1,BACK4_1STRIKER,possession,56.5,2,56.5,0.0,LOW
Manchester City,home,4-1-4-1,BACK4_1STRIKER,total_shots,10.0,2,14.5,-4.5,LOW
Manchester City,home,4-1-4-1,BACK4_1STRIKER,touches_in_box,26.0,2,32.6667,-6.6667,LOW
Manchester City,home,4-2-3-1,BACK4_1STRIKER,blocked_shots,5.0,2,4.0,1.0,LOW
Manchester City,home,4-2-3-1,BACK4_1STRIKER,clearances,11.5,2,15.8333,-4.3333,LOW
Manchester City,home,4-2-3-1,BACK4_1STRIKER,corners,6.5,2,6.8333,-0.3333,LOW
Manchester City,home,4-2-3-1,BACK4_1STRIKER,crosses,1.5,2,2.5,-1.0,LOW
Manchester City,home,4-2-3-1,BACK4_1STRIKER,possession,61.0,2,56.5,4.5,LOW
Manchester City,home,4-2-3-1,BACK4_1STRIKER,total_shots,19.5,2,14.5,5.0,LOW
Manchester City,home,4-2-3-1,BACK4_1STRIKER,touches_in_box,41.5,2,32.6667,8.8333,LOW
Manchester City,home,4-3-2-1,BACK4_1STRIKER,blocked_shots,3.0,1,4.0,-1.0,LOW
Manchester City,home,4-3-2-1,BACK4_1STRIKER,clearances,23.0,1,15.8333,7.1667,LOW
Manchester City,home,4-3-2-1,BACK4_1STRIKER,corners,9.0,1,6.8333,2.1667,LOW
Manchester City,home,4-3-2-1,BACK4_1STRIKER,crosses,4.0,1,2.5,1.5,LOW
Manchester City,home,4-3-2-1,BACK4_1STRIKER,possession,48.0,1,56.5,-8.5,LOW
Manchester City,home,4-3-2-1,BACK4_1STRIKER,total_shots,15.0,1,14.5,0.5,LOW
Manchester City,home,4-3-2-1,BACK4_1STRIKER,touches_in_box,43.0,1,32.6667,10.3333,LOW
Manchester City,home,4-3-3,BACK4_1STRIKER,blocked_shots,5.0,1,4.0,1.0,LOW
Manchester City,home,4-3-3,BACK4_1STRIKER,clearances,16.0,1,15.8333,0.1667,LOW
Manchester City,home,4-3-3,BACK4_1STRIKER,corners,4.0,1,6.8333,-2.8333,LOW
Manchester City,home,4-3-3,BACK4_1STRIKER,crosses,1.0,1,2.5,-1.5,LOW
Manchester City,home,4-3-3,BACK4_1STRIKER,possession,56.0,1,56.5,-0.5,LOW
Manchester City,home,4-3-3,BACK4_1STRIKER,total_shots,13.0,1,14.5,-1.5,LOW
Manchester City,home,4-3-3,BACK4_1STRIKER,touches_in_box,18.0,1,32.6667,-14.6667,LOW
Manchester United,away,3-4-2-1,BACK3_WINGBACK,blocked_shots,3.25,4,3.75,-0.5,LOW
Manchester United,away,3-4-2-1,BACK3_WINGBACK,clearances,27.5,4,21.875,5.625,LOW
Manchester United,away,3-4-2-1,BACK3_WINGBACK,corners,4.25,4,4.5,-0.25,LOW
Manchester United,away,3-4-2-1,BACK3_WINGBACK,crosses,3.5,4,3.875,-0.375,LOW
Manchester United,away,3-4-2-1,BACK3_WINGBACK,possession,53.5,4,54.0,-0.5,LOW
Manchester United,away,3-4-2-1,BACK3_WINGBACK,total_shots,13.0,4,12.75,0.25,LOW
Manchester United,away,3-4-2-1,BACK3_WINGBACK,touches_in_box,19.25,4,22.375,-3.125,LOW
Manchester United,away,3-4-3,BACK3_WINGBACK,blocked_shots,3.0,1,3.75,-0.75,LOW
Manchester United,away,3-4-3,BACK3_WINGBACK,clearances,18.0,1,21.875,-3.875,LOW
Manchester United,away,3-4-3,BACK3_WINGBACK,corners,2.0,1,4.5,-2.5,LOW
Manchester United,away,3-4-3,BACK3_WINGBACK,crosses,4.0,1,3.875,0.125,LOW
Manchester United,away,3-4-3,BACK3_WINGBACK,possession,48.0,1,54.0,-6.0,LOW
Manchester United,away,3-4-3,BACK3_WINGBACK,total_shots,10.0,1,12.75,-2.75,LOW
Manchester United,away,3-4-3,BACK3_WINGBACK,touches_in_box,22.0,1,22.375,-0.375,LOW
Manchester United,away,4-2-3-1,BACK4_1STRIKER,blocked_shots,4.6667,3,3.75,0.9167,LOW
Manchester United,away,4-2-3-1,BACK4_1STRIKER,clearances,15.6667,3,21.875,-6.2083,LOW
Manchester United,away,4-2-3-1,BACK4_1STRIKER,corners,5.6667,3,4.5,1.1667,LOW
Manchester United,away,4-2-3-1,BACK4_1STRIKER,crosses,4.3333,3,3.875,0.4583,LOW
Manchester United,away,4-2-3-1,BACK4_1STRIKER,possession,56.6667,3,54.0,2.6667,LOW
Manchester United,away,4-2-3-1,BACK4_1STRIKER,total_shots,13.3333,3,12.75,0.5833,LOW
Manchester United,away,4-2-3-1,BACK4_1STRIKER,touches_in_box,26.6667,3,22.375,4.2917,LOW
Manchester United,home,3-4-3,BACK3_WINGBACK,blocked_shots,9.0,1,4.1667,4.8333,LOW
Manchester United,home,3-4-3,BACK3_WINGBACK,clearances,19.0,1,30.3333,-11.3333,LOW
Manchester United,home,3-4-3,BACK3_WINGBACK,corners,11.0,1,7.6667,3.3333,LOW
Manchester United,home,3-4-3,BACK3_WINGBACK,crosses,7.0,1,4.5,2.5,LOW
Manchester United,home,3-4-3,BACK3_WINGBACK,possession,67.0,1,50.1667,16.8333,LOW
Manchester United,home,3-4-3,BACK3_WINGBACK,total_shots,17.0,1,16.0,1.0,LOW
Manchester United,home,3-4-3,BACK3_WINGBACK,touches_in_box,59.0,1,31.1667,27.8333,LOW
Manchester United,home,4-2-3-1,BACK4_1STRIKER,blocked_shots,3.2,5,4.1667,-0.9667,MEDIUM
Manchester United,home,4-2-3-1,BACK4_1STRIKER,clearances,32.6,5,30.3333,2.2667,MEDIUM
Manchester United,home,4-2-3-1,BACK4_1STRIKER,corners,7.0,5,7.6667,-0.6667,MEDIUM
Manchester United,home,4-2-3-1,BACK4_1STRIKER,crosses,4.0,5,4.5,-0.5,MEDIUM
Manchester United,home,4-2-3-1,BACK4_1STRIKER,possession,46.8,5,50.1667,-3.3667,MEDIUM
Manchester United,home,4-2-3-1,BACK4_1STRIKER,total_shots,15.8,5,16.0,-0.2,MEDIUM
Manchester United,home,4-2-3-1,BACK4_1STRIKER,touches_in_box,25.6,5,31.1667,-5.5667,MEDIUM
Metz,away,3-4-2-1,BACK3_WINGBACK,blocked_shots,0.0,1,2.6667,-2.6667,LOW
Metz,away,3-4-2-1,BACK3_WINGBACK,clearances,17.0,1,22.8333,-5.8333,LOW
Metz,away,3-4-2-1,BACK3_WINGBACK,corners,1.0,1,4.3333,-3.3333,LOW
Metz,away,3-4-2-1,BACK3_WINGBACK,crosses,0.0,1,4.1667,-4.1667,LOW
Metz,away,3-4-2-1,BACK3_WINGBACK,possession,64.0,1,54.3333,9.6667,LOW
Metz,away,3-4-2-1,BACK3_WINGBACK,total_shots,2.0,1,9.6667,-7.6667,LOW
Metz,away,3-4-2-1,BACK3_WINGBACK,touches_in_box,6.0,1,20.6667,-14.6667,LOW
Metz,away,4-2-3-1,BACK4_1STRIKER,blocked_shots,5.5,2,2.6667,2.8333,LOW
Metz,away,4-2-3-1,BACK4_1STRIKER,clearances,19.5,2,22.8333,-3.3333,LOW
Metz,away,4-2-3-1,BACK4_1STRIKER,corners,7.0,2,4.3333,2.6667,LOW
Metz,away,4-2-3-1,BACK4_1STRIKER,crosses,9.5,2,4.1667,5.3333,LOW
Metz,away,4-2-3-1,BACK4_1STRIKER,possession,67.0,2,54.3333,12.6667,LOW
Metz,away,4-2-3-1,BACK4_1STRIKER,total_shots,14.5,2,9.6667,4.8333,LOW
Metz,away,4-2-3-1,BACK4_1STRIKER,touches_in_box,32.5,2,20.6667,11.8333,LOW
Metz,away,4-4-2,BACK4_2STRIKER,blocked_shots,1.6667,3,2.6667,-1.0,LOW
Metz,away,4-4-2,BACK4_2STRIKER,clearances,27.0,3,22.8333,4.1667,LOW
Metz,away,4-4-2,BACK4_2STRIKER,corners,3.6667,3,4.3333,-0.6667,LOW
Metz,away,4-4-2,BACK4_2STRIKER,crosses,2.0,3,4.1667,-2.1667,LOW
Metz,away,4-4-2,BACK4_2STRIKER,possession,42.6667,3,54.3333,-11.6667,LOW
Metz,away,4-4-2,BACK4_2STRIKER,total_shots,9.0,3,9.6667,-0.6667,LOW
Metz,away,4-4-2,BACK4_2STRIKER,touches_in_box,17.6667,3,20.6667,-3.0,LOW
Metz,home,3-4-2-1,BACK3_WINGBACK,blocked_shots,3.5,2,3.4545,0.0455,LOW
Metz,home,3-4-2-1,BACK3_WINGBACK,clearances,26.0,2,18.4545,7.5455,LOW
Metz,home,3-4-2-1,BACK3_WINGBACK,corners,5.0,2,4.9091,0.0909,LOW
Metz,home,3-4-2-1,BACK3_WINGBACK,crosses,5.5,2,6.2727,-0.7727,LOW
Metz,home,3-4-2-1,BACK3_WINGBACK,possession,52.5,2,57.1818,-4.6818,LOW
Metz,home,3-4-2-1,BACK3_WINGBACK,total_shots,11.5,2,13.7273,-2.2273,LOW
Metz,home,3-4-2-1,BACK3_WINGBACK,touches_in_box,18.0,2,23.5455,-5.5455,LOW
Metz,home,4-1-4-1,BACK4_1STRIKER,blocked_shots,9.0,1,3.4545,5.5455,LOW
Metz,home,4-1-4-1,BACK4_1STRIKER,clearances,13.0,1,18.4545,-5.4545,LOW
Metz,home,4-1-4-1,BACK4_1STRIKER,corners,12.0,1,4.9091,7.0909,LOW
Metz,home,4-1-4-1,BACK4_1STRIKER,crosses,9.0,1,6.2727,2.7273,LOW
Metz,home,4-1-4-1,BACK4_1STRIKER,possession,66.0,1,57.1818,8.8182,LOW
Metz,home,4-1-4-1,BACK4_1STRIKER,total_shots,24.0,1,13.7273,10.2727,LOW
Metz,home,4-1-4-1,BACK4_1STRIKER,touches_in_box,25.0,1,23.5455,1.4545,LOW
Metz,home,4-2-3-1,BACK4_1STRIKER,blocked_shots,2.6,5,3.4545,-0.8545,MEDIUM
Metz,home,4-2-3-1,BACK4_1STRIKER,clearances,22.0,5,18.4545,3.5455,MEDIUM
Metz,home,4-2-3-1,BACK4_1STRIKER,corners,4.2,5,4.9091,-0.7091,MEDIUM
Metz,home,4-2-3-1,BACK4_1STRIKER,crosses,5.8,5,6.2727,-0.4727,MEDIUM
Metz,home,4-2-3-1,BACK4_1STRIKER,possession,51.0,5,57.1818,-6.1818,MEDIUM
Metz,home,4-2-3-1,BACK4_1STRIKER,total_shots,13.0,5,13.7273,-0.7273,MEDIUM
Metz,home,4-2-3-1,BACK4_1STRIKER,touches_in_box,22.6,5,23.5455,-0.9455,MEDIUM
Metz,home,4-4-1-1,BACK4_1STRIKER,blocked_shots,1.0,1,3.4545,-2.4545,LOW
Metz,home,4-4-1-1,BACK4_1STRIKER,clearances,13.0,1,18.4545,-5.4545,LOW
Metz,home,4-4-1-1,BACK4_1STRIKER,corners,2.0,1,4.9091,-2.9091,LOW
Metz,home,4-4-1-1,BACK4_1STRIKER,crosses,3.0,1,6.2727,-3.2727,LOW
Metz,home,4-4-1-1,BACK4_1STRIKER,possession,57.0,1,57.1818,-0.1818,LOW
Metz,home,4-4-1-1,BACK4_1STRIKER,total_shots,13.0,1,13.7273,-0.7273,LOW
Metz,home,4-4-1-1,BACK4_1STRIKER,touches_in_box,21.0,1,23.5455,-2.5455,LOW
Metz,home,4-4-2,BACK4_2STRIKER,blocked_shots,4.0,2,3.4545,0.5455,LOW
Metz,home,4-4-2,BACK4_2STRIKER,clearances,7.5,2,18.4545,-10.9545,LOW
Metz,home,4-4-2,BACK4_2STRIKER,corners,4.5,2,4.9091,-0.4091,LOW
Metz,home,4-4-2,BACK4_2STRIKER,crosses,8.5,2,6.2727,2.2273,LOW
Metz,home,4-4-2,BACK4_2STRIKER,possession,73.0,2,57.1818,15.8182,LOW
Metz,home,4-4-2,BACK4_2STRIKER,total_shots,13.0,2,13.7273,-0.7273,LOW
Metz,home,4-4-2,BACK4_2STRIKER,touches_in_box,32.0,2,23.5455,8.4545,LOW
Middlesbrough,away,4-1-4-1,BACK4_1STRIKER,blocked_shots,2.0,1,3.6667,-1.6667,LOW
Middlesbrough,away,4-1-4-1,BACK4_1STRIKER,clearances,9.0,1,23.0,-14.0,LOW
Middlesbrough,away,4-1-4-1,BACK4_1STRIKER,corners,8.0,1,5.4444,2.5556,LOW
Middlesbrough,away,4-1-4-1,BACK4_1STRIKER,crosses,4.0,1,3.4444,0.5556,LOW
Middlesbrough,away,4-1-4-1,BACK4_1STRIKER,possession,69.0,1,56.0,13.0,LOW
Middlesbrough,away,4-1-4-1,BACK4_1STRIKER,total_shots,16.0,1,14.5556,1.4444,LOW
Middlesbrough,away,4-1-4-1,BACK4_1STRIKER,touches_in_box,32.0,1,22.5,9.5,LOW
Middlesbrough,away,4-2-3-1,BACK4_1STRIKER,blocked_shots,4.6,5,3.6667,0.9333,MEDIUM
Middlesbrough,away,4-2-3-1,BACK4_1STRIKER,clearances,21.6,5,23.0,-1.4,MEDIUM
Middlesbrough,away,4-2-3-1,BACK4_1STRIKER,corners,6.2,5,5.4444,0.7556,MEDIUM
Middlesbrough,away,4-2-3-1,BACK4_1STRIKER,crosses,4.0,5,3.4444,0.5556,MEDIUM
Middlesbrough,away,4-2-3-1,BACK4_1STRIKER,possession,61.0,5,56.0,5.0,MEDIUM
Middlesbrough,away,4-2-3-1,BACK4_1STRIKER,total_shots,17.2,5,14.5556,2.6444,MEDIUM
Middlesbrough,away,4-2-3-1,BACK4_1STRIKER,touches_in_box,22.0,3,22.5,-0.5,LOW
Middlesbrough,away,4-4-2,BACK4_2STRIKER,blocked_shots,4.0,2,3.6667,0.3333,LOW
Middlesbrough,away,4-4-2,BACK4_2STRIKER,clearances,24.0,2,23.0,1.0,LOW
Middlesbrough,away,4-4-2,BACK4_2STRIKER,corners,3.0,2,5.4444,-2.4444,LOW
Middlesbrough,away,4-4-2,BACK4_2STRIKER,crosses,2.5,2,3.4444,-0.9444,LOW
Middlesbrough,away,4-4-2,BACK4_2STRIKER,possession,50.5,2,56.0,-5.5,LOW
Middlesbrough,away,4-4-2,BACK4_2STRIKER,total_shots,12.0,2,14.5556,-2.5556,LOW
Middlesbrough,away,4-4-2,BACK4_2STRIKER,touches_in_box,18.5,2,22.5,-4.0,LOW
Middlesbrough,away,5-4-1,BACK5_DEFENSIVE,blocked_shots,0.0,1,3.6667,-3.6667,LOW
Middlesbrough,away,5-4-1,BACK5_DEFENSIVE,clearances,42.0,1,23.0,19.0,LOW
Middlesbrough,away,5-4-1,BACK5_DEFENSIVE,corners,4.0,1,5.4444,-1.4444,LOW
Middlesbrough,away,5-4-1,BACK5_DEFENSIVE,crosses,2.0,1,3.4444,-1.4444,LOW
Middlesbrough,away,5-4-1,BACK5_DEFENSIVE,possession,29.0,1,56.0,-27.0,LOW
Middlesbrough,away,5-4-1,BACK5_DEFENSIVE,total_shots,5.0,1,14.5556,-9.5556,LOW
Middlesbrough,home,3-4-2-1,BACK3_WINGBACK,blocked_shots,6.0,1,5.0909,0.9091,LOW
Middlesbrough,home,3-4-2-1,BACK3_WINGBACK,clearances,25.0,1,19.0,6.0,LOW
Middlesbrough,home,3-4-2-1,BACK3_WINGBACK,corners,5.0,1,6.0,-1.0,LOW
Middlesbrough,home,3-4-2-1,BACK3_WINGBACK,crosses,2.0,1,3.9091,-1.9091,LOW
Middlesbrough,home,3-4-2-1,BACK3_WINGBACK,possession,47.0,1,55.9091,-8.9091,LOW
Middlesbrough,home,3-4-2-1,BACK3_WINGBACK,total_shots,15.0,1,15.2727,-0.2727,LOW
Middlesbrough,home,3-4-2-1,BACK3_WINGBACK,touches_in_box,41.0,1,33.4444,7.5556,LOW
Middlesbrough,home,4-2-3-1,BACK4_1STRIKER,blocked_shots,4.7778,9,5.0909,-0.3131,MEDIUM
Middlesbrough,home,4-2-3-1,BACK4_1STRIKER,clearances,18.4444,9,19.0,-0.5556,MEDIUM
Middlesbrough,home,4-2-3-1,BACK4_1STRIKER,corners,5.8889,9,6.0,-0.1111,MEDIUM
Middlesbrough,home,4-2-3-1,BACK4_1STRIKER,crosses,3.8889,9,3.9091,-0.0202,MEDIUM
Middlesbrough,home,4-2-3-1,BACK4_1STRIKER,possession,56.4444,9,55.9091,0.5354,MEDIUM
Middlesbrough,home,4-2-3-1,BACK4_1STRIKER,total_shots,15.1111,9,15.2727,-0.1616,MEDIUM
Middlesbrough,home,4-2-3-1,BACK4_1STRIKER,touches_in_box,31.0,7,33.4444,-2.4444,MEDIUM
Middlesbrough,home,4-4-2,BACK4_2STRIKER,blocked_shots,7.0,1,5.0909,1.9091,LOW
Middlesbrough,home,4-4-2,BACK4_2STRIKER,clearances,18.0,1,19.0,-1.0,LOW
Middlesbrough,home,4-4-2,BACK4_2STRIKER,corners,8.0,1,6.0,2.0,LOW
Middlesbrough,home,4-4-2,BACK4_2STRIKER,crosses,6.0,1,3.9091,2.0909,LOW
Middlesbrough,home,4-4-2,BACK4_2STRIKER,possession,60.0,1,55.9091,4.0909,LOW
Middlesbrough,home,4-4-2,BACK4_2STRIKER,total_shots,17.0,1,15.2727,1.7273,LOW
Middlesbrough,home,4-4-2,BACK4_2STRIKER,touches_in_box,43.0,1,33.4444,9.5556,LOW
Millwall,away,4-1-4-1,BACK4_1STRIKER,blocked_shots,5.0,1,4.0,1.0,LOW
Millwall,away,4-1-4-1,BACK4_1STRIKER,clearances,71.0,1,39.1667,31.8333,LOW
Millwall,away,4-1-4-1,BACK4_1STRIKER,corners,7.0,1,3.3333,3.6667,LOW
Millwall,away,4-1-4-1,BACK4_1STRIKER,crosses,4.0,1,4.8333,-0.8333,LOW
Millwall,away,4-1-4-1,BACK4_1STRIKER,possession,45.0,1,45.5,-0.5,LOW
Millwall,away,4-1-4-1,BACK4_1STRIKER,total_shots,12.0,1,12.5,-0.5,LOW
Millwall,away,4-1-4-1,BACK4_1STRIKER,touches_in_box,23.0,1,22.0,1.0,LOW
Millwall,away,4-2-3-1,BACK4_1STRIKER,blocked_shots,3.8,5,4.0,-0.2,MEDIUM
Millwall,away,4-2-3-1,BACK4_1STRIKER,clearances,32.8,5,39.1667,-6.3667,MEDIUM
Millwall,away,4-2-3-1,BACK4_1STRIKER,corners,2.6,5,3.3333,-0.7333,MEDIUM
Millwall,away,4-2-3-1,BACK4_1STRIKER,crosses,5.0,5,4.8333,0.1667,MEDIUM
Millwall,away,4-2-3-1,BACK4_1STRIKER,possession,45.6,5,45.5,0.1,MEDIUM
Millwall,away,4-2-3-1,BACK4_1STRIKER,total_shots,12.6,5,12.5,0.1,MEDIUM
Millwall,away,4-2-3-1,BACK4_1STRIKER,touches_in_box,21.8,5,22.0,-0.2,MEDIUM
Millwall,home,3-4-2-1,BACK3_WINGBACK,blocked_shots,2.0,1,3.5714,-1.5714,LOW
Millwall,home,3-4-2-1,BACK3_WINGBACK,clearances,13.0,1,23.2857,-10.2857,LOW
Millwall,home,3-4-2-1,BACK3_WINGBACK,corners,1.0,1,6.1429,-5.1429,LOW
Millwall,home,3-4-2-1,BACK3_WINGBACK,crosses,6.0,1,7.4286,-1.4286,LOW
Millwall,home,3-4-2-1,BACK3_WINGBACK,possession,50.0,1,48.7143,1.2857,LOW
Millwall,home,3-4-2-1,BACK3_WINGBACK,total_shots,8.0,1,14.1429,-6.1429,LOW
Millwall,home,3-4-2-1,BACK3_WINGBACK,touches_in_box,10.0,1,28.0,-18.0,LOW
Millwall,home,4-2-3-1,BACK4_1STRIKER,blocked_shots,3.0,4,3.5714,-0.5714,LOW
Millwall,home,4-2-3-1,BACK4_1STRIKER,clearances,25.5,4,23.2857,2.2143,LOW
Millwall,home,4-2-3-1,BACK4_1STRIKER,corners,6.5,4,6.1429,0.3571,LOW
Millwall,home,4-2-3-1,BACK4_1STRIKER,crosses,7.0,4,7.4286,-0.4286,LOW
Millwall,home,4-2-3-1,BACK4_1STRIKER,possession,45.5,4,48.7143,-3.2143,LOW
Millwall,home,4-2-3-1,BACK4_1STRIKER,total_shots,14.0,4,14.1429,-0.1429,LOW
Millwall,home,4-2-3-1,BACK4_1STRIKER,touches_in_box,27.25,4,28.0,-0.75,LOW
Millwall,home,4-4-2,BACK4_2STRIKER,blocked_shots,5.5,2,3.5714,1.9286,LOW
Millwall,home,4-4-2,BACK4_2STRIKER,clearances,24.0,2,23.2857,0.7143,LOW
Millwall,home,4-4-2,BACK4_2STRIKER,corners,8.0,2,6.1429,1.8571,LOW
Millwall,home,4-4-2,BACK4_2STRIKER,crosses,9.0,2,7.4286,1.5714,LOW
Millwall,home,4-4-2,BACK4_2STRIKER,possession,54.5,2,48.7143,5.7857,LOW
Millwall,home,4-4-2,BACK4_2STRIKER,total_shots,17.5,2,14.1429,3.3571,LOW
Millwall,home,4-4-2,BACK4_2STRIKER,touches_in_box,38.5,2,28.0,10.5,LOW
Mirandés,away,3-5-2,BACK3_WINGBACK,blocked_shots,2.0,3,2.5,-0.5,LOW
Mirandés,away,3-5-2,BACK3_WINGBACK,clearances,24.3333,3,30.5,-6.1667,LOW
Mirandés,away,3-5-2,BACK3_WINGBACK,corners,5.0,3,4.125,0.875,LOW
Mirandés,away,3-5-2,BACK3_WINGBACK,crosses,4.0,3,3.5,0.5,LOW
Mirandés,away,3-5-2,BACK3_WINGBACK,possession,42.3333,3,39.5,2.8333,LOW
Mirandés,away,3-5-2,BACK3_WINGBACK,total_shots,10.3333,3,9.875,0.4583,LOW
Mirandés,away,3-5-2,BACK3_WINGBACK,touches_in_box,24.0,3,19.125,4.875,LOW
Mirandés,away,4-3-3,BACK4_1STRIKER,blocked_shots,3.0,1,2.5,0.5,LOW
Mirandés,away,4-3-3,BACK4_1STRIKER,clearances,24.0,1,30.5,-6.5,LOW
Mirandés,away,4-3-3,BACK4_1STRIKER,corners,6.0,1,4.125,1.875,LOW
Mirandés,away,4-3-3,BACK4_1STRIKER,crosses,3.0,1,3.5,-0.5,LOW
Mirandés,away,4-3-3,BACK4_1STRIKER,possession,41.0,1,39.5,1.5,LOW
Mirandés,away,4-3-3,BACK4_1STRIKER,total_shots,12.0,1,9.875,2.125,LOW
Mirandés,away,4-3-3,BACK4_1STRIKER,touches_in_box,18.0,1,19.125,-1.125,LOW
Mirandés,away,4-4-2,BACK4_2STRIKER,blocked_shots,1.5,2,2.5,-1.0,LOW
Mirandés,away,4-4-2,BACK4_2STRIKER,clearances,37.0,2,30.5,6.5,LOW
Mirandés,away,4-4-2,BACK4_2STRIKER,corners,2.0,2,4.125,-2.125,LOW
Mirandés,away,4-4-2,BACK4_2STRIKER,crosses,3.0,2,3.5,-0.5,LOW
Mirandés,away,4-4-2,BACK4_2STRIKER,possession,37.0,2,39.5,-2.5,LOW
Mirandés,away,4-4-2,BACK4_2STRIKER,total_shots,7.5,2,9.875,-2.375,LOW
Mirandés,away,4-4-2,BACK4_2STRIKER,touches_in_box,13.5,2,19.125,-5.625,LOW
Mirandés,away,5-3-2,BACK5_DEFENSIVE,blocked_shots,4.0,1,2.5,1.5,LOW
Mirandés,away,5-3-2,BACK5_DEFENSIVE,clearances,18.0,1,30.5,-12.5,LOW
Mirandés,away,5-3-2,BACK5_DEFENSIVE,corners,6.0,1,4.125,1.875,LOW
Mirandés,away,5-3-2,BACK5_DEFENSIVE,crosses,4.0,1,3.5,0.5,LOW
Mirandés,away,5-3-2,BACK5_DEFENSIVE,possession,43.0,1,39.5,3.5,LOW
Mirandés,away,5-3-2,BACK5_DEFENSIVE,total_shots,11.0,1,9.875,1.125,LOW
Mirandés,away,5-3-2,BACK5_DEFENSIVE,touches_in_box,22.0,1,19.125,2.875,LOW
Mirandés,away,5-4-1,BACK5_DEFENSIVE,blocked_shots,4.0,1,2.5,1.5,LOW
Mirandés,away,5-4-1,BACK5_DEFENSIVE,clearances,55.0,1,30.5,24.5,LOW
Mirandés,away,5-4-1,BACK5_DEFENSIVE,corners,2.0,1,4.125,-2.125,LOW
Mirandés,away,5-4-1,BACK5_DEFENSIVE,crosses,3.0,1,3.5,-0.5,LOW
Mirandés,away,5-4-1,BACK5_DEFENSIVE,possession,31.0,1,39.5,-8.5,LOW
Mirandés,away,5-4-1,BACK5_DEFENSIVE,total_shots,10.0,1,9.875,0.125,LOW
Mirandés,away,5-4-1,BACK5_DEFENSIVE,touches_in_box,14.0,1,19.125,-5.125,LOW
Mirandés,home,3-4-3,BACK3_WINGBACK,blocked_shots,6.0,1,4.125,1.875,LOW
Mirandés,home,3-4-3,BACK3_WINGBACK,clearances,15.0,1,17.625,-2.625,LOW
Mirandés,home,3-4-3,BACK3_WINGBACK,corners,6.0,1,5.125,0.875,LOW
Mirandés,home,3-4-3,BACK3_WINGBACK,crosses,6.0,1,6.25,-0.25,LOW
Mirandés,home,3-4-3,BACK3_WINGBACK,possession,55.0,1,48.25,6.75,LOW
Mirandés,home,3-4-3,BACK3_WINGBACK,total_shots,16.0,1,13.625,2.375,LOW
Mirandés,home,3-4-3,BACK3_WINGBACK,touches_in_box,29.0,1,20.5,8.5,LOW
Mirandés,home,4-1-4-1,BACK4_1STRIKER,blocked_shots,6.0,1,4.125,1.875,LOW
Mirandés,home,4-1-4-1,BACK4_1STRIKER,clearances,18.0,1,17.625,0.375,LOW
Mirandés,home,4-1-4-1,BACK4_1STRIKER,corners,7.0,1,5.125,1.875,LOW
Mirandés,home,4-1-4-1,BACK4_1STRIKER,crosses,6.0,1,6.25,-0.25,LOW
Mirandés,home,4-1-4-1,BACK4_1STRIKER,possession,39.0,1,48.25,-9.25,LOW
Mirandés,home,4-1-4-1,BACK4_1STRIKER,total_shots,16.0,1,13.625,2.375,LOW
Mirandés,home,4-1-4-1,BACK4_1STRIKER,touches_in_box,20.0,1,20.5,-0.5,LOW
Mirandés,home,4-4-2,BACK4_2STRIKER,blocked_shots,4.0,1,4.125,-0.125,LOW
Mirandés,home,4-4-2,BACK4_2STRIKER,clearances,20.0,1,17.625,2.375,LOW
Mirandés,home,4-4-2,BACK4_2STRIKER,corners,2.0,1,5.125,-3.125,LOW
Mirandés,home,4-4-2,BACK4_2STRIKER,crosses,8.0,1,6.25,1.75,LOW
Mirandés,home,4-4-2,BACK4_2STRIKER,possession,56.0,1,48.25,7.75,LOW
Mirandés,home,4-4-2,BACK4_2STRIKER,total_shots,16.0,1,13.625,2.375,LOW
Mirandés,home,4-4-2,BACK4_2STRIKER,touches_in_box,18.0,1,20.5,-2.5,LOW
Mirandés,home,5-3-2,BACK5_DEFENSIVE,blocked_shots,3.4,5,4.125,-0.725,MEDIUM
Mirandés,home,5-3-2,BACK5_DEFENSIVE,clearances,17.6,5,17.625,-0.025,MEDIUM
Mirandés,home,5-3-2,BACK5_DEFENSIVE,corners,5.2,5,5.125,0.075,MEDIUM
Mirandés,home,5-3-2,BACK5_DEFENSIVE,crosses,6.0,5,6.25,-0.25,MEDIUM
Mirandés,home,5-3-2,BACK5_DEFENSIVE,possession,47.2,5,48.25,-1.05,MEDIUM
Mirandés,home,5-3-2,BACK5_DEFENSIVE,total_shots,12.2,5,13.625,-1.425,MEDIUM
Mirandés,home,5-3-2,BACK5_DEFENSIVE,touches_in_box,19.4,5,20.5,-1.1,MEDIUM
Montpellier,away,3-4-2-1,BACK3_WINGBACK,blocked_shots,2.0,1,2.0,0.0,LOW
Montpellier,away,3-4-2-1,BACK3_WINGBACK,clearances,28.0,1,27.6,0.4,LOW
Montpellier,away,3-4-2-1,BACK3_WINGBACK,corners,5.0,1,5.2,-0.2,LOW
Montpellier,away,3-4-2-1,BACK3_WINGBACK,crosses,6.0,1,4.2,1.8,LOW
Montpellier,away,3-4-2-1,BACK3_WINGBACK,possession,42.0,1,48.9,-6.9,LOW
Montpellier,away,3-4-2-1,BACK3_WINGBACK,total_shots,16.0,1,10.9,5.1,LOW
Montpellier,away,3-4-2-1,BACK3_WINGBACK,touches_in_box,21.0,1,19.1,1.9,LOW
Montpellier,away,4-1-4-1,BACK4_1STRIKER,blocked_shots,1.5,2,2.0,-0.5,LOW
Montpellier,away,4-1-4-1,BACK4_1STRIKER,clearances,27.5,2,27.6,-0.1,LOW
Montpellier,away,4-1-4-1,BACK4_1STRIKER,corners,5.5,2,5.2,0.3,LOW
Montpellier,away,4-1-4-1,BACK4_1STRIKER,crosses,6.5,2,4.2,2.3,LOW
Montpellier,away,4-1-4-1,BACK4_1STRIKER,possession,49.0,2,48.9,0.1,LOW
Montpellier,away,4-1-4-1,BACK4_1STRIKER,total_shots,11.5,2,10.9,0.6,LOW
Montpellier,away,4-1-4-1,BACK4_1STRIKER,touches_in_box,25.5,2,19.1,6.4,LOW
Montpellier,away,4-2-3-1,BACK4_1STRIKER,blocked_shots,2.0,6,2.0,0.0,MEDIUM
Montpellier,away,4-2-3-1,BACK4_1STRIKER,clearances,28.0,6,27.6,0.4,MEDIUM
Montpellier,away,4-2-3-1,BACK4_1STRIKER,corners,5.0,6,5.2,-0.2,MEDIUM
Montpellier,away,4-2-3-1,BACK4_1STRIKER,crosses,3.6667,6,4.2,-0.5333,MEDIUM
Montpellier,away,4-2-3-1,BACK4_1STRIKER,possession,52.1667,6,48.9,3.2667,MEDIUM
Montpellier,away,4-2-3-1,BACK4_1STRIKER,total_shots,10.6667,6,10.9,-0.2333,MEDIUM
Montpellier,away,4-2-3-1,BACK4_1STRIKER,touches_in_box,17.8333,6,19.1,-1.2667,MEDIUM
Montpellier,away,5-4-1,BACK5_DEFENSIVE,blocked_shots,3.0,1,2.0,1.0,LOW
Montpellier,away,5-4-1,BACK5_DEFENSIVE,clearances,25.0,1,27.6,-2.6,LOW
Montpellier,away,5-4-1,BACK5_DEFENSIVE,corners,6.0,1,5.2,0.8,LOW
Montpellier,away,5-4-1,BACK5_DEFENSIVE,crosses,1.0,1,4.2,-3.2,LOW
Montpellier,away,5-4-1,BACK5_DEFENSIVE,possession,36.0,1,48.9,-12.9,LOW
Montpellier,away,5-4-1,BACK5_DEFENSIVE,total_shots,6.0,1,10.9,-4.9,LOW
Montpellier,away,5-4-1,BACK5_DEFENSIVE,touches_in_box,12.0,1,19.1,-7.1,LOW
Montpellier,home,4-2-3-1,BACK4_1STRIKER,blocked_shots,3.6,5,3.6667,-0.0667,MEDIUM
Montpellier,home,4-2-3-1,BACK4_1STRIKER,clearances,17.0,5,17.6667,-0.6667,MEDIUM
Montpellier,home,4-2-3-1,BACK4_1STRIKER,corners,6.4,5,6.3333,0.0667,MEDIUM
Montpellier,home,4-2-3-1,BACK4_1STRIKER,crosses,3.8,5,4.5,-0.7,MEDIUM
Montpellier,home,4-2-3-1,BACK4_1STRIKER,possession,48.6,5,48.0,0.6,MEDIUM
Montpellier,home,4-2-3-1,BACK4_1STRIKER,total_shots,13.6,5,14.0,-0.4,MEDIUM
Montpellier,home,4-2-3-1,BACK4_1STRIKER,touches_in_box,21.6,5,21.3333,0.2667,MEDIUM
Montpellier,home,5-3-2,BACK5_DEFENSIVE,blocked_shots,4.0,1,3.6667,0.3333,LOW
Montpellier,home,5-3-2,BACK5_DEFENSIVE,clearances,21.0,1,17.6667,3.3333,LOW
Montpellier,home,5-3-2,BACK5_DEFENSIVE,corners,6.0,1,6.3333,-0.3333,LOW
Montpellier,home,5-3-2,BACK5_DEFENSIVE,crosses,8.0,1,4.5,3.5,LOW
Montpellier,home,5-3-2,BACK5_DEFENSIVE,possession,45.0,1,48.0,-3.0,LOW
Montpellier,home,5-3-2,BACK5_DEFENSIVE,total_shots,16.0,1,14.0,2.0,LOW
Montpellier,home,5-3-2,BACK5_DEFENSIVE,touches_in_box,20.0,1,21.3333,-1.3333,LOW
Málaga,away,4-1-3-2,BACK4_2STRIKER,blocked_shots,1.0,1,2.6667,-1.6667,LOW
Málaga,away,4-1-3-2,BACK4_2STRIKER,clearances,26.0,1,21.1111,4.8889,LOW
Málaga,away,4-1-3-2,BACK4_2STRIKER,corners,4.0,1,3.5556,0.4444,LOW
Málaga,away,4-1-3-2,BACK4_2STRIKER,crosses,1.0,1,2.8889,-1.8889,LOW
Málaga,away,4-1-3-2,BACK4_2STRIKER,possession,39.0,1,51.8889,-12.8889,LOW
Málaga,away,4-1-3-2,BACK4_2STRIKER,total_shots,8.0,1,11.5556,-3.5556,LOW
Málaga,away,4-1-3-2,BACK4_2STRIKER,touches_in_box,16.0,1,18.1111,-2.1111,LOW
Málaga,away,4-2-3-1,BACK4_1STRIKER,blocked_shots,5.0,2,2.6667,2.3333,LOW
Málaga,away,4-2-3-1,BACK4_1STRIKER,clearances,17.5,2,21.1111,-3.6111,LOW
Málaga,away,4-2-3-1,BACK4_1STRIKER,corners,5.0,2,3.5556,1.4444,LOW
Málaga,away,4-2-3-1,BACK4_1STRIKER,crosses,7.0,2,2.8889,4.1111,LOW
Málaga,away,4-2-3-1,BACK4_1STRIKER,possession,61.0,2,51.8889,9.1111,LOW
Málaga,away,4-2-3-1,BACK4_1STRIKER,total_shots,16.5,2,11.5556,4.9444,LOW
Málaga,away,4-2-3-1,BACK4_1STRIKER,touches_in_box,28.5,2,18.1111,10.3889,LOW
Málaga,away,4-3-3,BACK4_1STRIKER,blocked_shots,1.0,1,2.6667,-1.6667,LOW
Málaga,away,4-3-3,BACK4_1STRIKER,clearances,16.0,1,21.1111,-5.1111,LOW
Málaga,away,4-3-3,BACK4_1STRIKER,corners,1.0,1,3.5556,-2.5556,LOW
Málaga,away,4-3-3,BACK4_1STRIKER,crosses,1.0,1,2.8889,-1.8889,LOW
Málaga,away,4-3-3,BACK4_1STRIKER,possession,52.0,1,51.8889,0.1111,LOW
Málaga,away,4-3-3,BACK4_1STRIKER,total_shots,11.0,1,11.5556,-0.5556,LOW
Málaga,away,4-3-3,BACK4_1STRIKER,touches_in_box,17.0,1,18.1111,-1.1111,LOW
Málaga,away,4-4-1-1,BACK4_1STRIKER,blocked_shots,1.0,1,2.6667,-1.6667,LOW
Málaga,away,4-4-1-1,BACK4_1STRIKER,clearances,34.0,1,21.1111,12.8889,LOW
Málaga,away,4-4-1-1,BACK4_1STRIKER,corners,2.0,1,3.5556,-1.5556,LOW
Málaga,away,4-4-1-1,BACK4_1STRIKER,crosses,3.0,1,2.8889,0.1111,LOW
Málaga,away,4-4-1-1,BACK4_1STRIKER,possession,52.0,1,51.8889,0.1111,LOW
Málaga,away,4-4-1-1,BACK4_1STRIKER,total_shots,5.0,1,11.5556,-6.5556,LOW
Málaga,away,4-4-1-1,BACK4_1STRIKER,touches_in_box,9.0,1,18.1111,-9.1111,LOW
Málaga,away,4-4-2,BACK4_2STRIKER,blocked_shots,2.75,4,2.6667,0.0833,LOW
Málaga,away,4-4-2,BACK4_2STRIKER,clearances,19.75,4,21.1111,-1.3611,LOW
Málaga,away,4-4-2,BACK4_2STRIKER,corners,3.75,4,3.5556,0.1944,LOW
Málaga,away,4-4-2,BACK4_2STRIKER,crosses,1.75,4,2.8889,-1.1389,LOW
Málaga,away,4-4-2,BACK4_2STRIKER,possession,50.5,4,51.8889,-1.3889,LOW
Málaga,away,4-4-2,BACK4_2STRIKER,total_shots,11.75,4,11.5556,0.1944,LOW
Málaga,away,4-4-2,BACK4_2STRIKER,touches_in_box,16.0,4,18.1111,-2.1111,LOW
Málaga,home,4-2-3-1,BACK4_1STRIKER,blocked_shots,4.0,1,3.75,0.25,LOW
Málaga,home,4-2-3-1,BACK4_1STRIKER,clearances,26.0,1,21.375,4.625,LOW
Málaga,home,4-2-3-1,BACK4_1STRIKER,corners,3.0,1,4.625,-1.625,LOW
Málaga,home,4-2-3-1,BACK4_1STRIKER,crosses,3.0,1,3.875,-0.875,LOW
Málaga,home,4-2-3-1,BACK4_1STRIKER,possession,62.0,1,54.375,7.625,LOW
Málaga,home,4-2-3-1,BACK4_1STRIKER,total_shots,22.0,1,16.25,5.75,LOW
Málaga,home,4-2-3-1,BACK4_1STRIKER,touches_in_box,19.0,1,30.5,-11.5,LOW
Málaga,home,4-4-2,BACK4_2STRIKER,blocked_shots,3.7143,7,3.75,-0.0357,MEDIUM
Málaga,home,4-4-2,BACK4_2STRIKER,clearances,20.7143,7,21.375,-0.6607,MEDIUM
Málaga,home,4-4-2,BACK4_2STRIKER,corners,4.8571,7,4.625,0.2321,MEDIUM
Málaga,home,4-4-2,BACK4_2STRIKER,crosses,4.0,7,3.875,0.125,MEDIUM
Málaga,home,4-4-2,BACK4_2STRIKER,possession,53.2857,7,54.375,-1.0893,MEDIUM
Málaga,home,4-4-2,BACK4_2STRIKER,total_shots,15.4286,7,16.25,-0.8214,MEDIUM
Málaga,home,4-4-2,BACK4_2STRIKER,touches_in_box,32.1429,7,30.5,1.6429,MEDIUM
Nancy,away,3-4-3,BACK3_WINGBACK,blocked_shots,3.0,1,3.6667,-0.6667,LOW
Nancy,away,3-4-3,BACK3_WINGBACK,clearances,13.0,1,18.0,-5.0,LOW
Nancy,away,3-4-3,BACK3_WINGBACK,corners,1.0,1,2.3333,-1.3333,LOW
Nancy,away,3-4-3,BACK3_WINGBACK,crosses,4.0,1,4.6667,-0.6667,LOW
Nancy,away,3-4-3,BACK3_WINGBACK,possession,45.0,1,38.3333,6.6667,LOW
Nancy,away,3-4-3,BACK3_WINGBACK,total_shots,9.0,1,9.3333,-0.3333,LOW
Nancy,away,3-4-3,BACK3_WINGBACK,touches_in_box,13.0,1,13.6667,-0.6667,LOW
Nancy,away,4-2-3-1,BACK4_1STRIKER,blocked_shots,5.0,1,3.6667,1.3333,LOW
Nancy,away,4-2-3-1,BACK4_1STRIKER,clearances,18.0,1,18.0,0.0,LOW
Nancy,away,4-2-3-1,BACK4_1STRIKER,corners,6.0,1,2.3333,3.6667,LOW
Nancy,away,4-2-3-1,BACK4_1STRIKER,crosses,7.0,1,4.6667,2.3333,LOW
Nancy,away,4-2-3-1,BACK4_1STRIKER,possession,42.0,1,38.3333,3.6667,LOW
Nancy,away,4-2-3-1,BACK4_1STRIKER,total_shots,12.0,1,9.3333,2.6667,LOW
Nancy,away,4-2-3-1,BACK4_1STRIKER,touches_in_box,18.0,1,13.6667,4.3333,LOW
Nancy,away,5-4-1,BACK5_DEFENSIVE,blocked_shots,3.0,1,3.6667,-0.6667,LOW
Nancy,away,5-4-1,BACK5_DEFENSIVE,clearances,23.0,1,18.0,5.0,LOW
Nancy,away,5-4-1,BACK5_DEFENSIVE,corners,0.0,1,2.3333,-2.3333,LOW
Nancy,away,5-4-1,BACK5_DEFENSIVE,crosses,3.0,1,4.6667,-1.6667,LOW
Nancy,away,5-4-1,BACK5_DEFENSIVE,possession,28.0,1,38.3333,-10.3333,LOW
Nancy,away,5-4-1,BACK5_DEFENSIVE,total_shots,7.0,1,9.3333,-2.3333,LOW
Nancy,away,5-4-1,BACK5_DEFENSIVE,touches_in_box,10.0,1,13.6667,-3.6667,LOW
Nancy,home,3-1-4-2,BACK3_OTHER,blocked_shots,2.0,1,3.125,-1.125,LOW
Nancy,home,3-1-4-2,BACK3_OTHER,clearances,20.0,1,23.625,-3.625,LOW
Nancy,home,3-1-4-2,BACK3_OTHER,corners,2.0,1,5.75,-3.75,LOW
Nancy,home,3-1-4-2,BACK3_OTHER,crosses,4.0,1,6.125,-2.125,LOW
Nancy,home,3-1-4-2,BACK3_OTHER,possession,43.0,1,44.25,-1.25,LOW
Nancy,home,3-1-4-2,BACK3_OTHER,total_shots,9.0,1,12.625,-3.625,LOW
Nancy,home,3-1-4-2,BACK3_OTHER,touches_in_box,16.0,1,21.375,-5.375,LOW
Nancy,home,3-4-2-1,BACK3_WINGBACK,blocked_shots,2.0,2,3.125,-1.125,LOW
Nancy,home,3-4-2-1,BACK3_WINGBACK,clearances,23.5,2,23.625,-0.125,LOW
Nancy,home,3-4-2-1,BACK3_WINGBACK,corners,7.5,2,5.75,1.75,LOW
Nancy,home,3-4-2-1,BACK3_WINGBACK,crosses,5.0,2,6.125,-1.125,LOW
Nancy,home,3-4-2-1,BACK3_WINGBACK,possession,50.0,2,44.25,5.75,LOW
Nancy,home,3-4-2-1,BACK3_WINGBACK,total_shots,11.0,2,12.625,-1.625,LOW
Nancy,home,3-4-2-1,BACK3_WINGBACK,touches_in_box,24.0,2,21.375,2.625,LOW
Nancy,home,3-4-3,BACK3_WINGBACK,blocked_shots,3.0,2,3.125,-0.125,LOW
Nancy,home,3-4-3,BACK3_WINGBACK,clearances,25.0,2,23.625,1.375,LOW
Nancy,home,3-4-3,BACK3_WINGBACK,corners,5.0,2,5.75,-0.75,LOW
Nancy,home,3-4-3,BACK3_WINGBACK,crosses,8.5,2,6.125,2.375,LOW
Nancy,home,3-4-3,BACK3_WINGBACK,possession,46.5,2,44.25,2.25,LOW
Nancy,home,3-4-3,BACK3_WINGBACK,total_shots,12.0,2,12.625,-0.625,LOW
Nancy,home,3-4-3,BACK3_WINGBACK,touches_in_box,23.0,2,21.375,1.625,LOW
Nancy,home,4-1-4-1,BACK4_1STRIKER,blocked_shots,3.5,2,3.125,0.375,LOW
Nancy,home,4-1-4-1,BACK4_1STRIKER,clearances,22.0,2,23.625,-1.625,LOW
Nancy,home,4-1-4-1,BACK4_1STRIKER,corners,8.0,2,5.75,2.25,LOW
Nancy,home,4-1-4-1,BACK4_1STRIKER,crosses,8.0,2,6.125,1.875,LOW
Nancy,home,4-1-4-1,BACK4_1STRIKER,possession,39.5,2,44.25,-4.75,LOW
Nancy,home,4-1-4-1,BACK4_1STRIKER,total_shots,13.0,2,12.625,0.375,LOW
Nancy,home,4-1-4-1,BACK4_1STRIKER,touches_in_box,24.5,2,21.375,3.125,LOW
Nancy,home,5-4-1,BACK5_DEFENSIVE,blocked_shots,6.0,1,3.125,2.875,LOW
Nancy,home,5-4-1,BACK5_DEFENSIVE,clearances,28.0,1,23.625,4.375,LOW
Nancy,home,5-4-1,BACK5_DEFENSIVE,corners,3.0,1,5.75,-2.75,LOW
Nancy,home,5-4-1,BACK5_DEFENSIVE,crosses,2.0,1,6.125,-4.125,LOW
Nancy,home,5-4-1,BACK5_DEFENSIVE,possession,39.0,1,44.25,-5.25,LOW
Nancy,home,5-4-1,BACK5_DEFENSIVE,total_shots,20.0,1,12.625,7.375,LOW
Nancy,home,5-4-1,BACK5_DEFENSIVE,touches_in_box,12.0,1,21.375,-9.375,LOW
Nantes,away,3-4-2-1,BACK3_WINGBACK,blocked_shots,6.0,1,3.125,2.875,LOW
Nantes,away,3-4-2-1,BACK3_WINGBACK,clearances,22.0,1,29.25,-7.25,LOW
Nantes,away,3-4-2-1,BACK3_WINGBACK,corners,3.0,1,2.625,0.375,LOW
Nantes,away,3-4-2-1,BACK3_WINGBACK,crosses,6.0,1,2.875,3.125,LOW
Nantes,away,3-4-2-1,BACK3_WINGBACK,possession,53.0,1,39.25,13.75,LOW
Nantes,away,3-4-2-1,BACK3_WINGBACK,total_shots,13.0,1,9.125,3.875,LOW
Nantes,away,3-4-2-1,BACK3_WINGBACK,touches_in_box,35.0,1,19.25,15.75,LOW
Nantes,away,4-1-4-1,BACK4_1STRIKER,blocked_shots,1.5,2,3.125,-1.625,LOW
Nantes,away,4-1-4-1,BACK4_1STRIKER,clearances,38.0,2,29.25,8.75,LOW
Nantes,away,4-1-4-1,BACK4_1STRIKER,corners,1.5,2,2.625,-1.125,LOW
Nantes,away,4-1-4-1,BACK4_1STRIKER,crosses,2.0,2,2.875,-0.875,LOW
Nantes,away,4-1-4-1,BACK4_1STRIKER,possession,39.0,2,39.25,-0.25,LOW
Nantes,away,4-1-4-1,BACK4_1STRIKER,total_shots,6.0,2,9.125,-3.125,LOW
Nantes,away,4-1-4-1,BACK4_1STRIKER,touches_in_box,18.0,2,19.25,-1.25,LOW
Nantes,away,4-3-3,BACK4_1STRIKER,blocked_shots,3.0,3,3.125,-0.125,LOW
Nantes,away,4-3-3,BACK4_1STRIKER,clearances,30.6667,3,29.25,1.4167,LOW
Nantes,away,4-3-3,BACK4_1STRIKER,corners,2.3333,3,2.625,-0.2917,LOW
Nantes,away,4-3-3,BACK4_1STRIKER,crosses,2.3333,3,2.875,-0.5417,LOW
Nantes,away,4-3-3,BACK4_1STRIKER,possession,42.6667,3,39.25,3.4167,LOW
Nantes,away,4-3-3,BACK4_1STRIKER,total_shots,9.6667,3,9.125,0.5417,LOW
Nantes,away,4-3-3,BACK4_1STRIKER,touches_in_box,16.3333,3,19.25,-2.9167,LOW
Nantes,away,5-3-2,BACK5_DEFENSIVE,blocked_shots,5.0,1,3.125,1.875,LOW
Nantes,away,5-3-2,BACK5_DEFENSIVE,clearances,25.0,1,29.25,-4.25,LOW
Nantes,away,5-3-2,BACK5_DEFENSIVE,corners,6.0,1,2.625,3.375,LOW
Nantes,away,5-3-2,BACK5_DEFENSIVE,crosses,5.0,1,2.875,2.125,LOW
Nantes,away,5-3-2,BACK5_DEFENSIVE,possession,30.0,1,39.25,-9.25,LOW
Nantes,away,5-3-2,BACK5_DEFENSIVE,total_shots,11.0,1,9.125,1.875,LOW
Nantes,away,5-3-2,BACK5_DEFENSIVE,touches_in_box,11.0,1,19.25,-8.25,LOW
Nantes,away,5-4-1,BACK5_DEFENSIVE,blocked_shots,2.0,1,3.125,-1.125,LOW
Nantes,away,5-4-1,BACK5_DEFENSIVE,clearances,19.0,1,29.25,-10.25,LOW
Nantes,away,5-4-1,BACK5_DEFENSIVE,corners,2.0,1,2.625,-0.625,LOW
Nantes,away,5-4-1,BACK5_DEFENSIVE,crosses,1.0,1,2.875,-1.875,LOW
Nantes,away,5-4-1,BACK5_DEFENSIVE,possession,25.0,1,39.25,-14.25,LOW
Nantes,away,5-4-1,BACK5_DEFENSIVE,total_shots,8.0,1,9.125,-1.125,LOW
Nantes,away,5-4-1,BACK5_DEFENSIVE,touches_in_box,23.0,1,19.25,3.75,LOW
Nantes,home,4-2-3-1,BACK4_1STRIKER,blocked_shots,7.0,1,3.3333,3.6667,LOW
Nantes,home,4-2-3-1,BACK4_1STRIKER,clearances,29.0,1,26.6667,2.3333,LOW
Nantes,home,4-2-3-1,BACK4_1STRIKER,corners,6.0,1,4.6667,1.3333,LOW
Nantes,home,4-2-3-1,BACK4_1STRIKER,crosses,8.0,1,7.3333,0.6667,LOW
Nantes,home,4-2-3-1,BACK4_1STRIKER,possession,45.0,1,48.3333,-3.3333,LOW
Nantes,home,4-2-3-1,BACK4_1STRIKER,total_shots,18.0,1,12.3333,5.6667,LOW
Nantes,home,4-2-3-1,BACK4_1STRIKER,touches_in_box,26.0,1,25.0,1.0,LOW
Nantes,home,4-3-3,BACK4_1STRIKER,blocked_shots,1.5,2,3.3333,-1.8333,LOW
Nantes,home,4-3-3,BACK4_1STRIKER,clearances,25.5,2,26.6667,-1.1667,LOW
Nantes,home,4-3-3,BACK4_1STRIKER,corners,4.0,2,4.6667,-0.6667,LOW
Nantes,home,4-3-3,BACK4_1STRIKER,crosses,7.0,2,7.3333,-0.3333,LOW
Nantes,home,4-3-3,BACK4_1STRIKER,possession,50.0,2,48.3333,1.6667,LOW
Nantes,home,4-3-3,BACK4_1STRIKER,total_shots,9.5,2,12.3333,-2.8333,LOW
Nantes,home,4-3-3,BACK4_1STRIKER,touches_in_box,24.5,2,25.0,-0.5,LOW
Newcastle United,away,4-1-4-1,BACK4_1STRIKER,blocked_shots,5.0,1,5.0,0.0,LOW
Newcastle United,away,4-1-4-1,BACK4_1STRIKER,clearances,21.0,1,25.3333,-4.3333,LOW
Newcastle United,away,4-1-4-1,BACK4_1STRIKER,corners,2.0,1,7.3333,-5.3333,LOW
Newcastle United,away,4-1-4-1,BACK4_1STRIKER,crosses,4.0,1,4.3333,-0.3333,LOW
Newcastle United,away,4-1-4-1,BACK4_1STRIKER,possession,55.0,1,56.0,-1.0,LOW
Newcastle United,away,4-1-4-1,BACK4_1STRIKER,total_shots,13.0,1,13.6667,-0.6667,LOW
Newcastle United,away,4-1-4-1,BACK4_1STRIKER,touches_in_box,20.0,1,29.3333,-9.3333,LOW
Newcastle United,away,4-3-3,BACK4_1STRIKER,blocked_shots,5.0,5,5.0,0.0,MEDIUM
Newcastle United,away,4-3-3,BACK4_1STRIKER,clearances,26.2,5,25.3333,0.8667,MEDIUM
Newcastle United,away,4-3-3,BACK4_1STRIKER,corners,8.4,5,7.3333,1.0667,MEDIUM
Newcastle United,away,4-3-3,BACK4_1STRIKER,crosses,4.4,5,4.3333,0.0667,MEDIUM
Newcastle United,away,4-3-3,BACK4_1STRIKER,possession,56.2,5,56.0,0.2,MEDIUM
Newcastle United,away,4-3-3,BACK4_1STRIKER,total_shots,13.8,5,13.6667,0.1333,MEDIUM
Newcastle United,away,4-3-3,BACK4_1STRIKER,touches_in_box,31.2,5,29.3333,1.8667,MEDIUM
Newcastle United,home,4-3-3,BACK4_1STRIKER,blocked_shots,4.0,6,4.0,0.0,MEDIUM
Newcastle United,home,4-3-3,BACK4_1STRIKER,clearances,16.8333,6,16.8333,0.0,MEDIUM
Newcastle United,home,4-3-3,BACK4_1STRIKER,corners,6.0,6,6.0,0.0,MEDIUM
Newcastle United,home,4-3-3,BACK4_1STRIKER,crosses,5.0,6,5.0,0.0,MEDIUM
Newcastle United,home,4-3-3,BACK4_1STRIKER,possession,52.1667,6,52.1667,0.0,MEDIUM
Newcastle United,home,4-3-3,BACK4_1STRIKER,total_shots,16.0,6,16.0,0.0,MEDIUM
Newcastle United,home,4-3-3,BACK4_1STRIKER,touches_in_box,35.6667,6,35.6667,0.0,MEDIUM
Nice,away,3-4-2-1,BACK3_WINGBACK,blocked_shots,1.0,2,2.1667,-1.1667,LOW
Nice,away,3-4-2-1,BACK3_WINGBACK,clearances,22.0,2,20.1667,1.8333,LOW
Nice,away,3-4-2-1,BACK3_WINGBACK,corners,6.0,2,5.5,0.5,LOW
Nice,away,3-4-2-1,BACK3_WINGBACK,crosses,7.5,2,4.5,3.0,LOW
Nice,away,3-4-2-1,BACK3_WINGBACK,possession,48.0,2,49.0,-1.0,LOW
Nice,away,3-4-2-1,BACK3_WINGBACK,total_shots,14.5,2,10.5,4.0,LOW
Nice,away,3-4-2-1,BACK3_WINGBACK,touches_in_box,34.5,2,23.8333,10.6667,LOW
Nice,away,3-5-2,BACK3_WINGBACK,blocked_shots,4.0,1,2.1667,1.8333,LOW
Nice,away,3-5-2,BACK3_WINGBACK,clearances,17.0,1,20.1667,-3.1667,LOW
Nice,away,3-5-2,BACK3_WINGBACK,corners,7.0,1,5.5,1.5,LOW
Nice,away,3-5-2,BACK3_WINGBACK,crosses,6.0,1,4.5,1.5,LOW
Nice,away,3-5-2,BACK3_WINGBACK,possession,57.0,1,49.0,8.0,LOW
Nice,away,3-5-2,BACK3_WINGBACK,total_shots,9.0,1,10.5,-1.5,LOW
Nice,away,3-5-2,BACK3_WINGBACK,touches_in_box,18.0,1,23.8333,-5.8333,LOW
Nice,away,4-2-3-1,BACK4_1STRIKER,blocked_shots,3.0,2,2.1667,0.8333,LOW
Nice,away,4-2-3-1,BACK4_1STRIKER,clearances,13.5,2,20.1667,-6.6667,LOW
Nice,away,4-2-3-1,BACK4_1STRIKER,corners,5.5,2,5.5,0.0,LOW
Nice,away,4-2-3-1,BACK4_1STRIKER,crosses,3.0,2,4.5,-1.5,LOW
Nice,away,4-2-3-1,BACK4_1STRIKER,possession,51.5,2,49.0,2.5,LOW
Nice,away,4-2-3-1,BACK4_1STRIKER,total_shots,10.0,2,10.5,-0.5,LOW
Nice,away,4-2-3-1,BACK4_1STRIKER,touches_in_box,24.5,2,23.8333,0.6667,LOW
Nice,away,5-4-1,BACK5_DEFENSIVE,blocked_shots,1.0,1,2.1667,-1.1667,LOW
Nice,away,5-4-1,BACK5_DEFENSIVE,clearances,33.0,1,20.1667,12.8333,LOW
Nice,away,5-4-1,BACK5_DEFENSIVE,corners,3.0,1,5.5,-2.5,LOW
Nice,away,5-4-1,BACK5_DEFENSIVE,crosses,0.0,1,4.5,-4.5,LOW
Nice,away,5-4-1,BACK5_DEFENSIVE,possession,38.0,1,49.0,-11.0,LOW
Nice,away,5-4-1,BACK5_DEFENSIVE,total_shots,5.0,1,10.5,-5.5,LOW
Nice,away,5-4-1,BACK5_DEFENSIVE,touches_in_box,7.0,1,23.8333,-16.8333,LOW
Nice,home,3-4-1-2,BACK3_WINGBACK,blocked_shots,4.0,1,2.6667,1.3333,LOW
Nice,home,3-4-1-2,BACK3_WINGBACK,clearances,17.0,1,18.0,-1.0,LOW
Nice,home,3-4-1-2,BACK3_WINGBACK,corners,5.0,1,4.3333,0.6667,LOW
Nice,home,3-4-1-2,BACK3_WINGBACK,crosses,4.0,1,2.6667,1.3333,LOW
Nice,home,3-4-1-2,BACK3_WINGBACK,possession,44.0,1,48.3333,-4.3333,LOW
Nice,home,3-4-1-2,BACK3_WINGBACK,total_shots,11.0,1,9.3333,1.6667,LOW
Nice,home,3-4-1-2,BACK3_WINGBACK,touches_in_box,19.0,1,20.0,-1.0,LOW
Nice,home,3-5-2,BACK3_WINGBACK,blocked_shots,2.0,1,2.6667,-0.6667,LOW
Nice,home,3-5-2,BACK3_WINGBACK,clearances,19.0,1,18.0,1.0,LOW
Nice,home,3-5-2,BACK3_WINGBACK,corners,5.0,1,4.3333,0.6667,LOW
Nice,home,3-5-2,BACK3_WINGBACK,crosses,3.0,1,2.6667,0.3333,LOW
Nice,home,3-5-2,BACK3_WINGBACK,possession,55.0,1,48.3333,6.6667,LOW
Nice,home,3-5-2,BACK3_WINGBACK,total_shots,8.0,1,9.3333,-1.3333,LOW
Nice,home,3-5-2,BACK3_WINGBACK,touches_in_box,21.0,1,20.0,1.0,LOW
Nice,home,4-2-3-1,BACK4_1STRIKER,blocked_shots,2.0,1,2.6667,-0.6667,LOW
Nice,home,4-2-3-1,BACK4_1STRIKER,clearances,18.0,1,18.0,0.0,LOW
Nice,home,4-2-3-1,BACK4_1STRIKER,corners,3.0,1,4.3333,-1.3333,LOW
Nice,home,4-2-3-1,BACK4_1STRIKER,crosses,1.0,1,2.6667,-1.6667,LOW
Nice,home,4-2-3-1,BACK4_1STRIKER,possession,46.0,1,48.3333,-2.3333,LOW
Nice,home,4-2-3-1,BACK4_1STRIKER,total_shots,9.0,1,9.3333,-0.3333,LOW
Nice,home,4-2-3-1,BACK4_1STRIKER,touches_in_box,20.0,1,20.0,0.0,LOW
Norwich City,away,3-4-2-1,BACK3_WINGBACK,blocked_shots,2.0,2,2.625,-0.625,LOW
Norwich City,away,3-4-2-1,BACK3_WINGBACK,clearances,30.5,2,29.125,1.375,LOW
Norwich City,away,3-4-2-1,BACK3_WINGBACK,corners,4.5,2,4.25,0.25,LOW
Norwich City,away,3-4-2-1,BACK3_WINGBACK,crosses,4.0,2,3.125,0.875,LOW
Norwich City,away,3-4-2-1,BACK3_WINGBACK,possession,48.0,2,53.375,-5.375,LOW
Norwich City,away,3-4-2-1,BACK3_WINGBACK,total_shots,13.0,2,11.5,1.5,LOW
Norwich City,away,3-4-2-1,BACK3_WINGBACK,touches_in_box,21.5,2,18.25,3.25,LOW
Norwich City,away,4-2-3-1,BACK4_1STRIKER,blocked_shots,2.8333,6,2.625,0.2083,MEDIUM
Norwich City,away,4-2-3-1,BACK4_1STRIKER,clearances,28.6667,6,29.125,-0.4583,MEDIUM
Norwich City,away,4-2-3-1,BACK4_1STRIKER,corners,4.1667,6,4.25,-0.0833,MEDIUM
Norwich City,away,4-2-3-1,BACK4_1STRIKER,crosses,2.8333,6,3.125,-0.2917,MEDIUM
Norwich City,away,4-2-3-1,BACK4_1STRIKER,possession,55.1667,6,53.375,1.7917,MEDIUM
Norwich City,away,4-2-3-1,BACK4_1STRIKER,total_shots,11.0,6,11.5,-0.5,MEDIUM
Norwich City,away,4-2-3-1,BACK4_1STRIKER,touches_in_box,15.0,2,18.25,-3.25,LOW
Norwich City,home,4-2-3-1,BACK4_1STRIKER,blocked_shots,4.6,5,4.75,-0.15,MEDIUM
Norwich City,home,4-2-3-1,BACK4_1STRIKER,clearances,20.8,5,17.625,3.175,MEDIUM
Norwich City,home,4-2-3-1,BACK4_1STRIKER,corners,6.4,5,6.375,0.025,MEDIUM
Norwich City,home,4-2-3-1,BACK4_1STRIKER,crosses,4.8,5,4.75,0.05,MEDIUM
Norwich City,home,4-2-3-1,BACK4_1STRIKER,possession,52.6,5,57.5,-4.9,MEDIUM
Norwich City,home,4-2-3-1,BACK4_1STRIKER,total_shots,16.8,5,17.5,-0.7,MEDIUM
Norwich City,home,4-2-3-1,BACK4_1STRIKER,touches_in_box,27.6667,3,28.3333,-0.6667,LOW
Norwich City,home,4-3-3,BACK4_1STRIKER,blocked_shots,5.0,3,4.75,0.25,LOW
Norwich City,home,4-3-3,BACK4_1STRIKER,clearances,12.3333,3,17.625,-5.2917,LOW
Norwich City,home,4-3-3,BACK4_1STRIKER,corners,6.3333,3,6.375,-0.0417,LOW
Norwich City,home,4-3-3,BACK4_1STRIKER,crosses,4.6667,3,4.75,-0.0833,LOW
Norwich City,home,4-3-3,BACK4_1STRIKER,possession,65.6667,3,57.5,8.1667,LOW
Norwich City,home,4-3-3,BACK4_1STRIKER,total_shots,18.6667,3,17.5,1.1667,LOW
Norwich City,home,4-3-3,BACK4_1STRIKER,touches_in_box,29.0,3,28.3333,0.6667,LOW
Nottingham Forest,away,4-2-3-1,BACK4_1STRIKER,blocked_shots,0.5,2,1.0,-0.5,LOW
Nottingham Forest,away,4-2-3-1,BACK4_1STRIKER,clearances,22.5,2,32.6667,-10.1667,LOW
Nottingham Forest,away,4-2-3-1,BACK4_1STRIKER,corners,2.5,2,3.6667,-1.1667,LOW
Nottingham Forest,away,4-2-3-1,BACK4_1STRIKER,crosses,1.5,2,2.3333,-0.8333,LOW
Nottingham Forest,away,4-2-3-1,BACK4_1STRIKER,possession,44.5,2,42.6667,1.8333,LOW
Nottingham Forest,away,4-2-3-1,BACK4_1STRIKER,total_shots,7.0,2,8.0,-1.0,LOW
Nottingham Forest,away,4-2-3-1,BACK4_1STRIKER,touches_in_box,12.5,2,14.0,-1.5,LOW
Nottingham Forest,away,4-4-2,BACK4_2STRIKER,blocked_shots,2.0,1,1.0,1.0,LOW
Nottingham Forest,away,4-4-2,BACK4_2STRIKER,clearances,53.0,1,32.6667,20.3333,LOW
Nottingham Forest,away,4-4-2,BACK4_2STRIKER,corners,6.0,1,3.6667,2.3333,LOW
Nottingham Forest,away,4-4-2,BACK4_2STRIKER,crosses,4.0,1,2.3333,1.6667,LOW
Nottingham Forest,away,4-4-2,BACK4_2STRIKER,possession,39.0,1,42.6667,-3.6667,LOW
Nottingham Forest,away,4-4-2,BACK4_2STRIKER,total_shots,10.0,1,8.0,2.0,LOW
Nottingham Forest,away,4-4-2,BACK4_2STRIKER,touches_in_box,17.0,1,14.0,3.0,LOW
Nottingham Forest,home,3-5-2,BACK3_WINGBACK,blocked_shots,1.0,1,5.1111,-4.1111,LOW
Nottingham Forest,home,3-5-2,BACK3_WINGBACK,clearances,37.0,1,26.0,11.0,LOW
Nottingham Forest,home,3-5-2,BACK3_WINGBACK,corners,4.0,1,5.0,-1.0,LOW
Nottingham Forest,home,3-5-2,BACK3_WINGBACK,crosses,4.0,1,5.7778,-1.7778,LOW
Nottingham Forest,home,3-5-2,BACK3_WINGBACK,possession,38.0,1,46.6667,-8.6667,LOW
Nottingham Forest,home,3-5-2,BACK3_WINGBACK,total_shots,14.0,1,16.2222,-2.2222,LOW
Nottingham Forest,home,3-5-2,BACK3_WINGBACK,touches_in_box,29.0,1,23.5556,5.4444,LOW
Nottingham Forest,home,4-2-3-1,BACK4_1STRIKER,blocked_shots,5.625,8,5.1111,0.5139,MEDIUM
Nottingham Forest,home,4-2-3-1,BACK4_1STRIKER,clearances,24.625,8,26.0,-1.375,MEDIUM
Nottingham Forest,home,4-2-3-1,BACK4_1STRIKER,corners,5.125,8,5.0,0.125,MEDIUM
Nottingham Forest,home,4-2-3-1,BACK4_1STRIKER,crosses,6.0,8,5.7778,0.2222,MEDIUM
Nottingham Forest,home,4-2-3-1,BACK4_1STRIKER,possession,47.75,8,46.6667,1.0833,MEDIUM
Nottingham Forest,home,4-2-3-1,BACK4_1STRIKER,total_shots,16.5,8,16.2222,0.2778,MEDIUM
Nottingham Forest,home,4-2-3-1,BACK4_1STRIKER,touches_in_box,22.875,8,23.5556,-0.6806,MEDIUM
Olympique Lyonnais,away,3-5-2,BACK3_WINGBACK,blocked_shots,4.0,1,2.6,1.4,LOW
Olympique Lyonnais,away,3-5-2,BACK3_WINGBACK,clearances,21.0,1,28.6,-7.6,LOW
Olympique Lyonnais,away,3-5-2,BACK3_WINGBACK,corners,8.0,1,6.0,2.0,LOW
Olympique Lyonnais,away,3-5-2,BACK3_WINGBACK,crosses,2.0,1,3.2,-1.2,LOW
Olympique Lyonnais,away,3-5-2,BACK3_WINGBACK,possession,46.0,1,48.8,-2.8,LOW
Olympique Lyonnais,away,3-5-2,BACK3_WINGBACK,total_shots,8.0,1,9.0,-1.0,LOW
Olympique Lyonnais,away,3-5-2,BACK3_WINGBACK,touches_in_box,28.0,1,21.2,6.8,LOW
Olympique Lyonnais,away,4-1-4-1,BACK4_1STRIKER,blocked_shots,3.0,1,2.6,0.4,LOW
Olympique Lyonnais,away,4-1-4-1,BACK4_1STRIKER,clearances,17.0,1,28.6,-11.6,LOW
Olympique Lyonnais,away,4-1-4-1,BACK4_1STRIKER,corners,7.0,1,6.0,1.0,LOW
Olympique Lyonnais,away,4-1-4-1,BACK4_1STRIKER,crosses,5.0,1,3.2,1.8,LOW
Olympique Lyonnais,away,4-1-4-1,BACK4_1STRIKER,possession,67.0,1,48.8,18.2,LOW
Olympique Lyonnais,away,4-1-4-1,BACK4_1STRIKER,total_shots,10.0,1,9.0,1.0,LOW
Olympique Lyonnais,away,4-1-4-1,BACK4_1STRIKER,touches_in_box,27.0,1,21.2,5.8,LOW
Olympique Lyonnais,away,4-3-1-2,BACK4_2STRIKER,blocked_shots,0.0,1,2.6,-2.6,LOW
Olympique Lyonnais,away,4-3-1-2,BACK4_2STRIKER,clearances,44.0,1,28.6,15.4,LOW
Olympique Lyonnais,away,4-3-1-2,BACK4_2STRIKER,corners,5.0,1,6.0,-1.0,LOW
Olympique Lyonnais,away,4-3-1-2,BACK4_2STRIKER,crosses,3.0,1,3.2,-0.2,LOW
Olympique Lyonnais,away,4-3-1-2,BACK4_2STRIKER,possession,23.0,1,48.8,-25.8,LOW
Olympique Lyonnais,away,4-3-1-2,BACK4_2STRIKER,total_shots,6.0,1,9.0,-3.0,LOW
Olympique Lyonnais,away,4-3-1-2,BACK4_2STRIKER,touches_in_box,13.0,1,21.2,-8.2,LOW
Olympique Lyonnais,away,4-3-3,BACK4_1STRIKER,blocked_shots,3.0,2,2.6,0.4,LOW
Olympique Lyonnais,away,4-3-3,BACK4_1STRIKER,clearances,30.5,2,28.6,1.9,LOW
Olympique Lyonnais,away,4-3-3,BACK4_1STRIKER,corners,5.0,2,6.0,-1.0,LOW
Olympique Lyonnais,away,4-3-3,BACK4_1STRIKER,crosses,3.0,2,3.2,-0.2,LOW
Olympique Lyonnais,away,4-3-3,BACK4_1STRIKER,possession,54.0,2,48.8,5.2,LOW
Olympique Lyonnais,away,4-3-3,BACK4_1STRIKER,total_shots,10.5,2,9.0,1.5,LOW
Olympique Lyonnais,away,4-3-3,BACK4_1STRIKER,touches_in_box,19.0,2,21.2,-2.2,LOW
Olympique Lyonnais,home,3-4-2-1,BACK3_WINGBACK,blocked_shots,2.5,2,2.8,-0.3,LOW
Olympique Lyonnais,home,3-4-2-1,BACK3_WINGBACK,clearances,17.5,2,21.2,-3.7,LOW
Olympique Lyonnais,home,3-4-2-1,BACK3_WINGBACK,corners,7.5,2,5.6,1.9,LOW
Olympique Lyonnais,home,3-4-2-1,BACK3_WINGBACK,crosses,5.5,2,5.6,-0.1,LOW
Olympique Lyonnais,home,3-4-2-1,BACK3_WINGBACK,possession,64.5,2,64.4,0.1,LOW
Olympique Lyonnais,home,3-4-2-1,BACK3_WINGBACK,total_shots,14.5,2,13.8,0.7,LOW
Olympique Lyonnais,home,3-4-2-1,BACK3_WINGBACK,touches_in_box,33.5,2,38.0,-4.5,LOW
Olympique Lyonnais,home,4-2-3-1,BACK4_1STRIKER,blocked_shots,3.0,2,2.8,0.2,LOW
Olympique Lyonnais,home,4-2-3-1,BACK4_1STRIKER,clearances,17.5,2,21.2,-3.7,LOW
Olympique Lyonnais,home,4-2-3-1,BACK4_1STRIKER,corners,5.0,2,5.6,-0.6,LOW
Olympique Lyonnais,home,4-2-3-1,BACK4_1STRIKER,crosses,6.0,2,5.6,0.4,LOW
Olympique Lyonnais,home,4-2-3-1,BACK4_1STRIKER,possession,67.5,2,64.4,3.1,LOW
Olympique Lyonnais,home,4-2-3-1,BACK4_1STRIKER,total_shots,14.0,2,13.8,0.2,LOW
Olympique Lyonnais,home,4-2-3-1,BACK4_1STRIKER,touches_in_box,47.5,2,38.0,9.5,LOW
Olympique Lyonnais,home,4-3-3,BACK4_1STRIKER,blocked_shots,3.0,1,2.8,0.2,LOW
Olympique Lyonnais,home,4-3-3,BACK4_1STRIKER,clearances,36.0,1,21.2,14.8,LOW
Olympique Lyonnais,home,4-3-3,BACK4_1STRIKER,corners,3.0,1,5.6,-2.6,LOW
Olympique Lyonnais,home,4-3-3,BACK4_1STRIKER,crosses,5.0,1,5.6,-0.6,LOW
Olympique Lyonnais,home,4-3-3,BACK4_1STRIKER,possession,58.0,1,64.4,-6.4,LOW
Olympique Lyonnais,home,4-3-3,BACK4_1STRIKER,total_shots,12.0,1,13.8,-1.8,LOW
Olympique Lyonnais,home,4-3-3,BACK4_1STRIKER,touches_in_box,28.0,1,38.0,-10.0,LOW
Olympique de Marseille,away,3-4-2-1,BACK3_WINGBACK,blocked_shots,1.0,1,2.5,-1.5,LOW
Olympique de Marseille,away,3-4-2-1,BACK3_WINGBACK,clearances,14.0,1,11.75,2.25,LOW
Olympique de Marseille,away,3-4-2-1,BACK3_WINGBACK,corners,7.0,1,4.5,2.5,LOW
Olympique de Marseille,away,3-4-2-1,BACK3_WINGBACK,crosses,7.0,1,5.25,1.75,LOW
Olympique de Marseille,away,3-4-2-1,BACK3_WINGBACK,possession,57.0,1,60.5,-3.5,LOW
Olympique de Marseille,away,3-4-2-1,BACK3_WINGBACK,total_shots,16.0,1,16.5,-0.5,LOW
Olympique de Marseille,away,3-4-2-1,BACK3_WINGBACK,touches_in_box,37.0,1,31.0,6.0,LOW
Olympique de Marseille,away,4-2-3-1,BACK4_1STRIKER,blocked_shots,3.0,3,2.5,0.5,LOW
Olympique de Marseille,away,4-2-3-1,BACK4_1STRIKER,clearances,11.0,3,11.75,-0.75,LOW
Olympique de Marseille,away,4-2-3-1,BACK4_1STRIKER,corners,3.6667,3,4.5,-0.8333,LOW
Olympique de Marseille,away,4-2-3-1,BACK4_1STRIKER,crosses,4.6667,3,5.25,-0.5833,LOW
Olympique de Marseille,away,4-2-3-1,BACK4_1STRIKER,possession,61.6667,3,60.5,1.1667,LOW
Olympique de Marseille,away,4-2-3-1,BACK4_1STRIKER,total_shots,16.6667,3,16.5,0.1667,LOW
Olympique de Marseille,away,4-2-3-1,BACK4_1STRIKER,touches_in_box,29.0,3,31.0,-2.0,LOW
Olympique de Marseille,home,3-4-2-1,BACK3_WINGBACK,blocked_shots,4.5,2,5.25,-0.75,LOW
Olympique de Marseille,home,3-4-2-1,BACK3_WINGBACK,clearances,11.0,2,9.0,2.0,LOW
Olympique de Marseille,home,3-4-2-1,BACK3_WINGBACK,corners,3.5,2,6.5,-3.0,LOW
Olympique de Marseille,home,3-4-2-1,BACK3_WINGBACK,crosses,3.0,2,5.5,-2.5,LOW
Olympique de Marseille,home,3-4-2-1,BACK3_WINGBACK,possession,72.5,2,73.5,-1.0,LOW
Olympique de Marseille,home,3-4-2-1,BACK3_WINGBACK,total_shots,18.0,2,17.75,0.25,LOW
Olympique de Marseille,home,3-4-2-1,BACK3_WINGBACK,touches_in_box,26.5,2,31.25,-4.75,LOW
Olympique de Marseille,home,4-2-3-1,BACK4_1STRIKER,blocked_shots,6.0,2,5.25,0.75,LOW
Olympique de Marseille,home,4-2-3-1,BACK4_1STRIKER,clearances,7.0,2,9.0,-2.0,LOW
Olympique de Marseille,home,4-2-3-1,BACK4_1STRIKER,corners,9.5,2,6.5,3.0,LOW
Olympique de Marseille,home,4-2-3-1,BACK4_1STRIKER,crosses,8.0,2,5.5,2.5,LOW
Olympique de Marseille,home,4-2-3-1,BACK4_1STRIKER,possession,74.5,2,73.5,1.0,LOW
Olympique de Marseille,home,4-2-3-1,BACK4_1STRIKER,total_shots,17.5,2,17.75,-0.25,LOW
Olympique de Marseille,home,4-2-3-1,BACK4_1STRIKER,touches_in_box,36.0,2,31.25,4.75,LOW
Osasuna,away,4-2-3-1,BACK4_1STRIKER,blocked_shots,3.0,2,2.25,0.75,LOW
Osasuna,away,4-2-3-1,BACK4_1STRIKER,clearances,22.5,2,25.25,-2.75,LOW
Osasuna,away,4-2-3-1,BACK4_1STRIKER,corners,3.5,2,3.25,0.25,LOW
Osasuna,away,4-2-3-1,BACK4_1STRIKER,crosses,5.5,2,4.0,1.5,LOW
Osasuna,away,4-2-3-1,BACK4_1STRIKER,possession,44.0,2,49.0,-5.0,LOW
Osasuna,away,4-2-3-1,BACK4_1STRIKER,total_shots,7.0,2,7.75,-0.75,LOW
Osasuna,away,4-2-3-1,BACK4_1STRIKER,touches_in_box,19.0,2,17.0,2.0,LOW
Osasuna,away,4-4-2,BACK4_2STRIKER,blocked_shots,1.0,1,2.25,-1.25,LOW
Osasuna,away,4-4-2,BACK4_2STRIKER,clearances,31.0,1,25.25,5.75,LOW
Osasuna,away,4-4-2,BACK4_2STRIKER,corners,4.0,1,3.25,0.75,LOW
Osasuna,away,4-4-2,BACK4_2STRIKER,crosses,2.0,1,4.0,-2.0,LOW
Osasuna,away,4-4-2,BACK4_2STRIKER,possession,58.0,1,49.0,9.0,LOW
Osasuna,away,4-4-2,BACK4_2STRIKER,total_shots,6.0,1,7.75,-1.75,LOW
Osasuna,away,4-4-2,BACK4_2STRIKER,touches_in_box,16.0,1,17.0,-1.0,LOW
Osasuna,away,5-3-2,BACK5_DEFENSIVE,blocked_shots,2.0,1,2.25,-0.25,LOW
Osasuna,away,5-3-2,BACK5_DEFENSIVE,clearances,25.0,1,25.25,-0.25,LOW
Osasuna,away,5-3-2,BACK5_DEFENSIVE,corners,2.0,1,3.25,-1.25,LOW
Osasuna,away,5-3-2,BACK5_DEFENSIVE,crosses,3.0,1,4.0,-1.0,LOW
Osasuna,away,5-3-2,BACK5_DEFENSIVE,possession,50.0,1,49.0,1.0,LOW
Osasuna,away,5-3-2,BACK5_DEFENSIVE,total_shots,11.0,1,7.75,3.25,LOW
Osasuna,away,5-3-2,BACK5_DEFENSIVE,touches_in_box,14.0,1,17.0,-3.0,LOW
Osasuna,home,3-4-2-1,BACK3_WINGBACK,blocked_shots,6.0,1,3.1111,2.8889,LOW
Osasuna,home,3-4-2-1,BACK3_WINGBACK,clearances,18.0,1,20.8889,-2.8889,LOW
Osasuna,home,3-4-2-1,BACK3_WINGBACK,corners,3.0,1,4.4444,-1.4444,LOW
Osasuna,home,3-4-2-1,BACK3_WINGBACK,crosses,2.0,1,5.7778,-3.7778,LOW
Osasuna,home,3-4-2-1,BACK3_WINGBACK,possession,56.0,1,47.5556,8.4444,LOW
Osasuna,home,3-4-2-1,BACK3_WINGBACK,total_shots,16.0,1,13.0,3.0,LOW
Osasuna,home,3-4-2-1,BACK3_WINGBACK,touches_in_box,25.0,1,27.1111,-2.1111,LOW
Osasuna,home,3-4-3,BACK3_WINGBACK,blocked_shots,3.0,1,3.1111,-0.1111,LOW
Osasuna,home,3-4-3,BACK3_WINGBACK,clearances,5.0,1,20.8889,-15.8889,LOW
Osasuna,home,3-4-3,BACK3_WINGBACK,corners,5.0,1,4.4444,0.5556,LOW
Osasuna,home,3-4-3,BACK3_WINGBACK,crosses,6.0,1,5.7778,0.2222,LOW
Osasuna,home,3-4-3,BACK3_WINGBACK,possession,61.0,1,47.5556,13.4444,LOW
Osasuna,home,3-4-3,BACK3_WINGBACK,total_shots,17.0,1,13.0,4.0,LOW
Osasuna,home,3-4-3,BACK3_WINGBACK,touches_in_box,42.0,1,27.1111,14.8889,LOW
Osasuna,home,4-1-4-1,BACK4_1STRIKER,blocked_shots,3.0,2,3.1111,-0.1111,LOW
Osasuna,home,4-1-4-1,BACK4_1STRIKER,clearances,16.5,2,20.8889,-4.3889,LOW
Osasuna,home,4-1-4-1,BACK4_1STRIKER,corners,6.0,2,4.4444,1.5556,LOW
Osasuna,home,4-1-4-1,BACK4_1STRIKER,crosses,5.0,2,5.7778,-0.7778,LOW
Osasuna,home,4-1-4-1,BACK4_1STRIKER,possession,48.0,2,47.5556,0.4444,LOW
Osasuna,home,4-1-4-1,BACK4_1STRIKER,total_shots,10.5,2,13.0,-2.5,LOW
Osasuna,home,4-1-4-1,BACK4_1STRIKER,touches_in_box,27.5,2,27.1111,0.3889,LOW
Osasuna,home,4-2-3-1,BACK4_1STRIKER,blocked_shots,3.0,4,3.1111,-0.1111,LOW
Osasuna,home,4-2-3-1,BACK4_1STRIKER,clearances,25.75,4,20.8889,4.8611,LOW
Osasuna,home,4-2-3-1,BACK4_1STRIKER,corners,3.75,4,4.4444,-0.6944,LOW
Osasuna,home,4-2-3-1,BACK4_1STRIKER,crosses,7.25,4,5.7778,1.4722,LOW
Osasuna,home,4-2-3-1,BACK4_1STRIKER,possession,47.5,4,47.5556,-0.0556,LOW
Osasuna,home,4-2-3-1,BACK4_1STRIKER,total_shots,13.0,4,13.0,0.0,LOW
Osasuna,home,4-2-3-1,BACK4_1STRIKER,touches_in_box,24.0,4,27.1111,-3.1111,LOW
Osasuna,home,4-3-3,BACK4_1STRIKER,blocked_shots,1.0,1,3.1111,-2.1111,LOW
Osasuna,home,4-3-3,BACK4_1STRIKER,clearances,29.0,1,20.8889,8.1111,LOW
Osasuna,home,4-3-3,BACK4_1STRIKER,corners,5.0,1,4.4444,0.5556,LOW
Osasuna,home,4-3-3,BACK4_1STRIKER,crosses,5.0,1,5.7778,-0.7778,LOW
Osasuna,home,4-3-3,BACK4_1STRIKER,possession,25.0,1,47.5556,-22.5556,LOW
Osasuna,home,4-3-3,BACK4_1STRIKER,total_shots,11.0,1,13.0,-2.0,LOW
Osasuna,home,4-3-3,BACK4_1STRIKER,touches_in_box,26.0,1,27.1111,-1.1111,LOW
Oxford United,away,4-1-4-1,BACK4_1STRIKER,blocked_shots,3.5,2,2.7,0.8,LOW
Oxford United,away,4-1-4-1,BACK4_1STRIKER,clearances,32.5,2,38.1,-5.6,LOW
Oxford United,away,4-1-4-1,BACK4_1STRIKER,corners,3.5,2,3.8,-0.3,LOW
Oxford United,away,4-1-4-1,BACK4_1STRIKER,crosses,2.0,2,2.6,-0.6,LOW
Oxford United,away,4-1-4-1,BACK4_1STRIKER,possession,48.0,2,38.4,9.6,LOW
Oxford United,away,4-1-4-1,BACK4_1STRIKER,total_shots,13.0,2,9.3,3.7,LOW
Oxford United,away,4-1-4-1,BACK4_1STRIKER,touches_in_box,17.0,2,16.0,1.0,LOW
Oxford United,away,4-2-3-1,BACK4_1STRIKER,blocked_shots,2.5714,7,2.7,-0.1286,MEDIUM
Oxford United,away,4-2-3-1,BACK4_1STRIKER,clearances,39.1429,7,38.1,1.0429,MEDIUM
Oxford United,away,4-2-3-1,BACK4_1STRIKER,corners,3.8571,7,3.8,0.0571,MEDIUM
Oxford United,away,4-2-3-1,BACK4_1STRIKER,crosses,2.8571,7,2.6,0.2571,MEDIUM
Oxford United,away,4-2-3-1,BACK4_1STRIKER,possession,37.5714,7,38.4,-0.8286,MEDIUM
Oxford United,away,4-2-3-1,BACK4_1STRIKER,total_shots,8.0,7,9.3,-1.3,MEDIUM
Oxford United,away,4-2-3-1,BACK4_1STRIKER,touches_in_box,15.8571,7,16.0,-0.1429,MEDIUM
Oxford United,away,4-4-2,BACK4_2STRIKER,blocked_shots,2.0,1,2.7,-0.7,LOW
Oxford United,away,4-4-2,BACK4_2STRIKER,clearances,42.0,1,38.1,3.9,LOW
Oxford United,away,4-4-2,BACK4_2STRIKER,corners,4.0,1,3.8,0.2,LOW
Oxford United,away,4-4-2,BACK4_2STRIKER,crosses,2.0,1,2.6,-0.6,LOW
Oxford United,away,4-4-2,BACK4_2STRIKER,possession,25.0,1,38.4,-13.4,LOW
Oxford United,away,4-4-2,BACK4_2STRIKER,total_shots,11.0,1,9.3,1.7,LOW
Oxford United,away,4-4-2,BACK4_2STRIKER,touches_in_box,15.0,1,16.0,-1.0,LOW
Oxford United,home,4-2-3-1,BACK4_1STRIKER,blocked_shots,4.25,4,3.6,0.65,LOW
Oxford United,home,4-2-3-1,BACK4_1STRIKER,clearances,37.0,4,37.6,-0.6,LOW
Oxford United,home,4-2-3-1,BACK4_1STRIKER,corners,5.0,4,4.0,1.0,LOW
Oxford United,home,4-2-3-1,BACK4_1STRIKER,crosses,4.75,4,4.6,0.15,LOW
Oxford United,home,4-2-3-1,BACK4_1STRIKER,possession,36.5,4,36.6,-0.1,LOW
Oxford United,home,4-2-3-1,BACK4_1STRIKER,total_shots,12.5,4,12.8,-0.3,LOW
Oxford United,home,4-2-3-1,BACK4_1STRIKER,touches_in_box,18.0,4,18.4,-0.4,LOW
Oxford United,home,5-4-1,BACK5_DEFENSIVE,blocked_shots,1.0,1,3.6,-2.6,LOW
Oxford United,home,5-4-1,BACK5_DEFENSIVE,clearances,40.0,1,37.6,2.4,LOW
Oxford United,home,5-4-1,BACK5_DEFENSIVE,corners,0.0,1,4.0,-4.0,LOW
Oxford United,home,5-4-1,BACK5_DEFENSIVE,crosses,4.0,1,4.6,-0.6,LOW
Oxford United,home,5-4-1,BACK5_DEFENSIVE,possession,37.0,1,36.6,0.4,LOW
Oxford United,home,5-4-1,BACK5_DEFENSIVE,total_shots,14.0,1,12.8,1.2,LOW
Oxford United,home,5-4-1,BACK5_DEFENSIVE,touches_in_box,20.0,1,18.4,1.6,LOW
Paris FC,away,4-1-4-1,BACK4_1STRIKER,blocked_shots,2.0,1,3.2,-1.2,LOW
Paris FC,away,4-1-4-1,BACK4_1STRIKER,clearances,40.0,1,28.2,11.8,LOW
Paris FC,away,4-1-4-1,BACK4_1STRIKER,corners,1.0,1,2.6,-1.6,LOW
Paris FC,away,4-1-4-1,BACK4_1STRIKER,crosses,2.0,1,3.8,-1.8,LOW
Paris FC,away,4-1-4-1,BACK4_1STRIKER,possession,54.0,1,56.8,-2.8,LOW
Paris FC,away,4-1-4-1,BACK4_1STRIKER,total_shots,7.0,1,9.6,-2.6,LOW
Paris FC,away,4-1-4-1,BACK4_1STRIKER,touches_in_box,13.0,1,16.4,-3.4,LOW
Paris FC,away,4-2-3-1,BACK4_1STRIKER,blocked_shots,1.0,1,3.2,-2.2,LOW
Paris FC,away,4-2-3-1,BACK4_1STRIKER,clearances,22.0,1,28.2,-6.2,LOW
Paris FC,away,4-2-3-1,BACK4_1STRIKER,corners,3.0,1,2.6,0.4,LOW
Paris FC,away,4-2-3-1,BACK4_1STRIKER,crosses,5.0,1,3.8,1.2,LOW
Paris FC,away,4-2-3-1,BACK4_1STRIKER,possession,57.0,1,56.8,0.2,LOW
Paris FC,away,4-2-3-1,BACK4_1STRIKER,total_shots,9.0,1,9.6,-0.6,LOW
Paris FC,away,4-2-3-1,BACK4_1STRIKER,touches_in_box,19.0,1,16.4,2.6,LOW
Paris FC,away,4-3-1-2,BACK4_2STRIKER,blocked_shots,2.0,1,3.2,-1.2,LOW
Paris FC,away,4-3-1-2,BACK4_2STRIKER,clearances,24.0,1,28.2,-4.2,LOW
Paris FC,away,4-3-1-2,BACK4_2STRIKER,corners,1.0,1,2.6,-1.6,LOW
Paris FC,away,4-3-1-2,BACK4_2STRIKER,crosses,4.0,1,3.8,0.2,LOW
Paris FC,away,4-3-1-2,BACK4_2STRIKER,possession,60.0,1,56.8,3.2,LOW
Paris FC,away,4-3-1-2,BACK4_2STRIKER,total_shots,10.0,1,9.6,0.4,LOW
Paris FC,away,4-3-1-2,BACK4_2STRIKER,touches_in_box,12.0,1,16.4,-4.4,LOW
Paris FC,away,4-3-3,BACK4_1STRIKER,blocked_shots,5.5,2,3.2,2.3,LOW
Paris FC,away,4-3-3,BACK4_1STRIKER,clearances,27.5,2,28.2,-0.7,LOW
Paris FC,away,4-3-3,BACK4_1STRIKER,corners,4.0,2,2.6,1.4,LOW
Paris FC,away,4-3-3,BACK4_1STRIKER,crosses,4.0,2,3.8,0.2,LOW
Paris FC,away,4-3-3,BACK4_1STRIKER,possession,56.5,2,56.8,-0.3,LOW
Paris FC,away,4-3-3,BACK4_1STRIKER,total_shots,11.0,2,9.6,1.4,LOW
Paris FC,away,4-3-3,BACK4_1STRIKER,touches_in_box,19.0,2,16.4,2.6,LOW
Paris FC,home,4-1-3-2,BACK4_2STRIKER,blocked_shots,4.0,1,3.7273,0.2727,LOW
Paris FC,home,4-1-3-2,BACK4_2STRIKER,clearances,18.0,1,20.3636,-2.3636,LOW
Paris FC,home,4-1-3-2,BACK4_2STRIKER,corners,3.0,1,5.8182,-2.8182,LOW
Paris FC,home,4-1-3-2,BACK4_2STRIKER,crosses,3.0,1,4.9091,-1.9091,LOW
Paris FC,home,4-1-3-2,BACK4_2STRIKER,possession,70.0,1,60.1818,9.8182,LOW
Paris FC,home,4-1-3-2,BACK4_2STRIKER,total_shots,8.0,1,13.5455,-5.5455,LOW
Paris FC,home,4-1-3-2,BACK4_2STRIKER,touches_in_box,23.0,1,26.5455,-3.5455,LOW
Paris FC,home,4-2-3-1,BACK4_1STRIKER,blocked_shots,4.0,4,3.7273,0.2727,LOW
Paris FC,home,4-2-3-1,BACK4_1STRIKER,clearances,24.75,4,20.3636,4.3864,LOW
Paris FC,home,4-2-3-1,BACK4_1STRIKER,corners,5.25,4,5.8182,-0.5682,LOW
Paris FC,home,4-2-3-1,BACK4_1STRIKER,crosses,3.25,4,4.9091,-1.6591,LOW
Paris FC,home,4-2-3-1,BACK4_1STRIKER,possession,49.75,4,60.1818,-10.4318,LOW
Paris FC,home,4-2-3-1,BACK4_1STRIKER,total_shots,15.75,4,13.5455,2.2045,LOW
Paris FC,home,4-2-3-1,BACK4_1STRIKER,touches_in_box,30.25,4,26.5455,3.7045,LOW
Paris FC,home,4-3-1-2,BACK4_2STRIKER,blocked_shots,4.0,4,3.7273,0.2727,LOW
Paris FC,home,4-3-1-2,BACK4_2STRIKER,clearances,12.25,4,20.3636,-8.1136,LOW
Paris FC,home,4-3-1-2,BACK4_2STRIKER,corners,7.25,4,5.8182,1.4318,LOW
Paris FC,home,4-3-1-2,BACK4_2STRIKER,crosses,6.75,4,4.9091,1.8409,LOW
Paris FC,home,4-3-1-2,BACK4_2STRIKER,possession,68.25,4,60.1818,8.0682,LOW
Paris FC,home,4-3-1-2,BACK4_2STRIKER,total_shots,14.5,4,13.5455,0.9545,LOW
Paris FC,home,4-3-1-2,BACK4_2STRIKER,touches_in_box,29.5,4,26.5455,2.9545,LOW
Paris FC,home,4-4-1-1,BACK4_1STRIKER,blocked_shots,2.0,1,3.7273,-1.7273,LOW
Paris FC,home,4-4-1-1,BACK4_1STRIKER,clearances,29.0,1,20.3636,8.6364,LOW
Paris FC,home,4-4-1-1,BACK4_1STRIKER,corners,4.0,1,5.8182,-1.8182,LOW
Paris FC,home,4-4-1-1,BACK4_1STRIKER,crosses,5.0,1,4.9091,0.0909,LOW
Paris FC,home,4-4-1-1,BACK4_1STRIKER,possession,55.0,1,60.1818,-5.1818,LOW
Paris FC,home,4-4-1-1,BACK4_1STRIKER,total_shots,11.0,1,13.5455,-2.5455,LOW
Paris FC,home,4-4-1-1,BACK4_1STRIKER,touches_in_box,12.0,1,26.5455,-14.5455,LOW
Paris FC,home,4-5-1,BACK4_1STRIKER,blocked_shots,3.0,1,3.7273,-0.7273,LOW
Paris FC,home,4-5-1,BACK4_1STRIKER,clearances,29.0,1,20.3636,8.6364,LOW
Paris FC,home,4-5-1,BACK4_1STRIKER,corners,7.0,1,5.8182,1.1818,LOW
Paris FC,home,4-5-1,BACK4_1STRIKER,crosses,6.0,1,4.9091,1.0909,LOW
Paris FC,home,4-5-1,BACK4_1STRIKER,possession,65.0,1,60.1818,4.8182,LOW
Paris FC,home,4-5-1,BACK4_1STRIKER,total_shots,9.0,1,13.5455,-4.5455,LOW
Paris FC,home,4-5-1,BACK4_1STRIKER,touches_in_box,18.0,1,26.5455,-8.5455,LOW
Paris Saint-Germain,away,3-4-3,BACK3_WINGBACK,blocked_shots,7.0,1,4.0,3.0,LOW
Paris Saint-Germain,away,3-4-3,BACK3_WINGBACK,clearances,12.0,1,15.8333,-3.8333,LOW
Paris Saint-Germain,away,3-4-3,BACK3_WINGBACK,corners,2.0,1,5.1667,-3.1667,LOW
Paris Saint-Germain,away,3-4-3,BACK3_WINGBACK,crosses,3.0,1,4.3333,-1.3333,LOW
Paris Saint-Germain,away,3-4-3,BACK3_WINGBACK,possession,64.0,1,63.0,1.0,LOW
Paris Saint-Germain,away,3-4-3,BACK3_WINGBACK,total_shots,20.0,1,17.8333,2.1667,LOW
Paris Saint-Germain,away,3-4-3,BACK3_WINGBACK,touches_in_box,34.0,1,34.3333,-0.3333,LOW
Paris Saint-Germain,away,4-3-3,BACK4_1STRIKER,blocked_shots,3.4,5,4.0,-0.6,MEDIUM
Paris Saint-Germain,away,4-3-3,BACK4_1STRIKER,clearances,16.6,5,15.8333,0.7667,MEDIUM
Paris Saint-Germain,away,4-3-3,BACK4_1STRIKER,corners,5.8,5,5.1667,0.6333,MEDIUM
Paris Saint-Germain,away,4-3-3,BACK4_1STRIKER,crosses,4.6,5,4.3333,0.2667,MEDIUM
Paris Saint-Germain,away,4-3-3,BACK4_1STRIKER,possession,62.8,5,63.0,-0.2,MEDIUM
Paris Saint-Germain,away,4-3-3,BACK4_1STRIKER,total_shots,17.4,5,17.8333,-0.4333,MEDIUM
Paris Saint-Germain,away,4-3-3,BACK4_1STRIKER,touches_in_box,34.4,5,34.3333,0.0667,MEDIUM
Paris Saint-Germain,home,4-3-3,BACK4_1STRIKER,blocked_shots,5.3333,6,5.3333,0.0,MEDIUM
Paris Saint-Germain,home,4-3-3,BACK4_1STRIKER,clearances,13.5,6,13.5,0.0,MEDIUM
Paris Saint-Germain,home,4-3-3,BACK4_1STRIKER,corners,8.5,6,8.5,0.0,MEDIUM
Paris Saint-Germain,home,4-3-3,BACK4_1STRIKER,crosses,6.1667,6,6.1667,0.0,MEDIUM
Paris Saint-Germain,home,4-3-3,BACK4_1STRIKER,possession,65.8333,6,65.8333,0.0,MEDIUM
Paris Saint-Germain,home,4-3-3,BACK4_1STRIKER,total_shots,20.0,6,20.0,0.0,MEDIUM
Paris Saint-Germain,home,4-3-3,BACK4_1STRIKER,touches_in_box,37.8333,6,37.8333,0.0,MEDIUM
Pau FC,away,4-1-4-1,BACK4_1STRIKER,blocked_shots,3.3333,3,2.8889,0.4444,LOW
Pau FC,away,4-1-4-1,BACK4_1STRIKER,clearances,19.3333,3,23.2222,-3.8889,LOW
Pau FC,away,4-1-4-1,BACK4_1STRIKER,corners,3.3333,3,3.3333,0.0,LOW
Pau FC,away,4-1-4-1,BACK4_1STRIKER,crosses,4.6667,3,3.6667,1.0,LOW
Pau FC,away,4-1-4-1,BACK4_1STRIKER,possession,44.6667,3,45.5556,-0.8889,LOW
Pau FC,away,4-1-4-1,BACK4_1STRIKER,total_shots,11.0,3,11.0,0.0,LOW
Pau FC,away,4-1-4-1,BACK4_1STRIKER,touches_in_box,16.0,3,16.5556,-0.5556,LOW
Pau FC,away,4-2-3-1,BACK4_1STRIKER,blocked_shots,2.6667,3,2.8889,-0.2222,LOW
Pau FC,away,4-2-3-1,BACK4_1STRIKER,clearances,26.3333,3,23.2222,3.1111,LOW
Pau FC,away,4-2-3-1,BACK4_1STRIKER,corners,3.3333,3,3.3333,0.0,LOW
Pau FC,away,4-2-3-1,BACK4_1STRIKER,crosses,3.3333,3,3.6667,-0.3333,LOW
Pau FC,away,4-2-3-1,BACK4_1STRIKER,possession,39.3333,3,45.5556,-6.2222,LOW
Pau FC,away,4-2-3-1,BACK4_1STRIKER,total_shots,9.6667,3,11.0,-1.3333,LOW
Pau FC,away,4-2-3-1,BACK4_1STRIKER,touches_in_box,15.3333,3,16.5556,-1.2222,LOW
Pau FC,away,4-4-2,BACK4_2STRIKER,blocked_shots,3.0,1,2.8889,0.1111,LOW
Pau FC,away,4-4-2,BACK4_2STRIKER,clearances,12.0,1,23.2222,-11.2222,LOW
Pau FC,away,4-4-2,BACK4_2STRIKER,corners,5.0,1,3.3333,1.6667,LOW
Pau FC,away,4-4-2,BACK4_2STRIKER,crosses,6.0,1,3.6667,2.3333,LOW
Pau FC,away,4-4-2,BACK4_2STRIKER,possession,59.0,1,45.5556,13.4444,LOW
Pau FC,away,4-4-2,BACK4_2STRIKER,total_shots,18.0,1,11.0,7.0,LOW
Pau FC,away,4-4-2,BACK4_2STRIKER,touches_in_box,31.0,1,16.5556,14.4444,LOW
Pau FC,away,5-3-2,BACK5_DEFENSIVE,blocked_shots,2.5,2,2.8889,-0.3889,LOW
Pau FC,away,5-3-2,BACK5_DEFENSIVE,clearances,30.0,2,23.2222,6.7778,LOW
Pau FC,away,5-3-2,BACK5_DEFENSIVE,corners,2.5,2,3.3333,-0.8333,LOW
Pau FC,away,5-3-2,BACK5_DEFENSIVE,crosses,1.5,2,3.6667,-2.1667,LOW
Pau FC,away,5-3-2,BACK5_DEFENSIVE,possession,49.5,2,45.5556,3.9444,LOW
Pau FC,away,5-3-2,BACK5_DEFENSIVE,total_shots,9.5,2,11.0,-1.5,LOW
Pau FC,away,5-3-2,BACK5_DEFENSIVE,touches_in_box,12.0,2,16.5556,-4.5556,LOW
Pau FC,home,4-1-3-2,BACK4_2STRIKER,blocked_shots,1.0,1,3.625,-2.625,LOW
Pau FC,home,4-1-3-2,BACK4_2STRIKER,clearances,28.0,1,19.125,8.875,LOW
Pau FC,home,4-1-3-2,BACK4_2STRIKER,corners,5.0,1,5.375,-0.375,LOW
Pau FC,home,4-1-3-2,BACK4_2STRIKER,crosses,4.0,1,5.0,-1.0,LOW
Pau FC,home,4-1-3-2,BACK4_2STRIKER,possession,38.0,1,50.75,-12.75,LOW
Pau FC,home,4-1-3-2,BACK4_2STRIKER,total_shots,7.0,1,14.25,-7.25,LOW
Pau FC,home,4-1-3-2,BACK4_2STRIKER,touches_in_box,14.0,1,23.875,-9.875,LOW
Pau FC,home,4-1-4-1,BACK4_1STRIKER,blocked_shots,5.0,1,3.625,1.375,LOW
Pau FC,home,4-1-4-1,BACK4_1STRIKER,clearances,16.0,1,19.125,-3.125,LOW
Pau FC,home,4-1-4-1,BACK4_1STRIKER,corners,7.0,1,5.375,1.625,LOW
Pau FC,home,4-1-4-1,BACK4_1STRIKER,crosses,5.0,1,5.0,0.0,LOW
Pau FC,home,4-1-4-1,BACK4_1STRIKER,possession,61.0,1,50.75,10.25,LOW
Pau FC,home,4-1-4-1,BACK4_1STRIKER,total_shots,12.0,1,14.25,-2.25,LOW
Pau FC,home,4-1-4-1,BACK4_1STRIKER,touches_in_box,30.0,1,23.875,6.125,LOW
Pau FC,home,4-2-3-1,BACK4_1STRIKER,blocked_shots,3.0,2,3.625,-0.625,LOW
Pau FC,home,4-2-3-1,BACK4_1STRIKER,clearances,21.0,2,19.125,1.875,LOW
Pau FC,home,4-2-3-1,BACK4_1STRIKER,corners,4.5,2,5.375,-0.875,LOW
Pau FC,home,4-2-3-1,BACK4_1STRIKER,crosses,6.5,2,5.0,1.5,LOW
Pau FC,home,4-2-3-1,BACK4_1STRIKER,possession,49.5,2,50.75,-1.25,LOW
Pau FC,home,4-2-3-1,BACK4_1STRIKER,total_shots,20.0,2,14.25,5.75,LOW
Pau FC,home,4-2-3-1,BACK4_1STRIKER,touches_in_box,27.0,2,23.875,3.125,LOW
Pau FC,home,4-4-2,BACK4_2STRIKER,blocked_shots,4.5,2,3.625,0.875,LOW
Pau FC,home,4-4-2,BACK4_2STRIKER,clearances,23.5,2,19.125,4.375,LOW
Pau FC,home,4-4-2,BACK4_2STRIKER,corners,5.0,2,5.375,-0.375,LOW
Pau FC,home,4-4-2,BACK4_2STRIKER,crosses,3.5,2,5.0,-1.5,LOW
Pau FC,home,4-4-2,BACK4_2STRIKER,possession,42.0,2,50.75,-8.75,LOW
Pau FC,home,4-4-2,BACK4_2STRIKER,total_shots,17.5,2,14.25,3.25,LOW
Pau FC,home,4-4-2,BACK4_2STRIKER,touches_in_box,27.0,2,23.875,3.125,LOW
Pau FC,home,5-3-2,BACK5_DEFENSIVE,blocked_shots,4.0,2,3.625,0.375,LOW
Pau FC,home,5-3-2,BACK5_DEFENSIVE,clearances,10.0,2,19.125,-9.125,LOW
Pau FC,home,5-3-2,BACK5_DEFENSIVE,corners,6.0,2,5.375,0.625,LOW
Pau FC,home,5-3-2,BACK5_DEFENSIVE,crosses,5.5,2,5.0,0.5,LOW
Pau FC,home,5-3-2,BACK5_DEFENSIVE,possession,62.0,2,50.75,11.25,LOW
Pau FC,home,5-3-2,BACK5_DEFENSIVE,total_shots,10.0,2,14.25,-4.25,LOW
Pau FC,home,5-3-2,BACK5_DEFENSIVE,touches_in_box,19.5,2,23.875,-4.375,LOW
Plymouth Argyle,away,3-4-2-1,BACK3_WINGBACK,blocked_shots,0.0,1,1.25,-1.25,LOW
Plymouth Argyle,away,3-4-2-1,BACK3_WINGBACK,clearances,49.0,1,32.5,16.5,LOW
Plymouth Argyle,away,3-4-2-1,BACK3_WINGBACK,corners,3.0,1,2.25,0.75,LOW
Plymouth Argyle,away,3-4-2-1,BACK3_WINGBACK,crosses,1.0,1,1.0,0.0,LOW
Plymouth Argyle,away,3-4-2-1,BACK3_WINGBACK,possession,35.0,1,42.75,-7.75,LOW
Plymouth Argyle,away,3-4-2-1,BACK3_WINGBACK,total_shots,2.0,1,6.5,-4.5,LOW
Plymouth Argyle,away,3-4-2-1,BACK3_WINGBACK,touches_in_box,7.0,1,15.0,-8.0,LOW
Plymouth Argyle,away,3-4-3,BACK3_WINGBACK,blocked_shots,4.0,1,1.25,2.75,LOW
Plymouth Argyle,away,3-4-3,BACK3_WINGBACK,clearances,24.0,1,32.5,-8.5,LOW
Plymouth Argyle,away,3-4-3,BACK3_WINGBACK,corners,3.0,1,2.25,0.75,LOW
Plymouth Argyle,away,3-4-3,BACK3_WINGBACK,crosses,1.0,1,1.0,0.0,LOW
Plymouth Argyle,away,3-4-3,BACK3_WINGBACK,possession,51.0,1,42.75,8.25,LOW
Plymouth Argyle,away,3-4-3,BACK3_WINGBACK,total_shots,13.0,1,6.5,6.5,LOW
Plymouth Argyle,away,3-4-3,BACK3_WINGBACK,touches_in_box,29.0,1,15.0,14.0,LOW
Plymouth Argyle,away,4-1-4-1,BACK4_1STRIKER,blocked_shots,0.0,1,1.25,-1.25,LOW
Plymouth Argyle,away,4-1-4-1,BACK4_1STRIKER,clearances,26.0,1,32.5,-6.5,LOW
Plymouth Argyle,away,4-1-4-1,BACK4_1STRIKER,corners,2.0,1,2.25,-0.25,LOW
Plymouth Argyle,away,4-1-4-1,BACK4_1STRIKER,crosses,1.0,1,1.0,0.0,LOW
Plymouth Argyle,away,4-1-4-1,BACK4_1STRIKER,possession,34.0,1,42.75,-8.75,LOW
Plymouth Argyle,away,4-1-4-1,BACK4_1STRIKER,total_shots,4.0,1,6.5,-2.5,LOW
Plymouth Argyle,away,4-1-4-1,BACK4_1STRIKER,touches_in_box,9.0,1,15.0,-6.0,LOW
Plymouth Argyle,away,4-5-1,BACK4_1STRIKER,blocked_shots,1.0,1,1.25,-0.25,LOW
Plymouth Argyle,away,4-5-1,BACK4_1STRIKER,clearances,31.0,1,32.5,-1.5,LOW
Plymouth Argyle,away,4-5-1,BACK4_1STRIKER,corners,1.0,1,2.25,-1.25,LOW
Plymouth Argyle,away,4-5-1,BACK4_1STRIKER,crosses,1.0,1,1.0,0.0,LOW
Plymouth Argyle,away,4-5-1,BACK4_1STRIKER,possession,51.0,1,42.75,8.25,LOW
Plymouth Argyle,away,4-5-1,BACK4_1STRIKER,total_shots,7.0,1,6.5,0.5,LOW
Plymouth Argyle,away,4-5-1,BACK4_1STRIKER,touches_in_box,15.0,1,15.0,0.0,LOW
Plymouth Argyle,home,3-4-2-1,BACK3_WINGBACK,blocked_shots,3.0,5,3.1429,-0.1429,MEDIUM
Plymouth Argyle,home,3-4-2-1,BACK3_WINGBACK,clearances,35.2,5,34.0,1.2,MEDIUM
Plymouth Argyle,home,3-4-2-1,BACK3_WINGBACK,corners,3.2,5,3.2857,-0.0857,MEDIUM
Plymouth Argyle,home,3-4-2-1,BACK3_WINGBACK,crosses,3.0,5,2.5714,0.4286,MEDIUM
Plymouth Argyle,home,3-4-2-1,BACK3_WINGBACK,possession,44.6,5,44.2857,0.3143,MEDIUM
Plymouth Argyle,home,3-4-2-1,BACK3_WINGBACK,total_shots,11.2,5,12.1429,-0.9429,MEDIUM
Plymouth Argyle,home,3-4-2-1,BACK3_WINGBACK,touches_in_box,18.0,3,18.25,-0.25,LOW
Plymouth Argyle,home,3-4-3,BACK3_WINGBACK,blocked_shots,3.0,1,3.1429,-0.1429,LOW
Plymouth Argyle,home,3-4-3,BACK3_WINGBACK,clearances,38.0,1,34.0,4.0,LOW
Plymouth Argyle,home,3-4-3,BACK3_WINGBACK,corners,1.0,1,3.2857,-2.2857,LOW
Plymouth Argyle,home,3-4-3,BACK3_WINGBACK,crosses,2.0,1,2.5714,-0.5714,LOW
Plymouth Argyle,home,3-4-3,BACK3_WINGBACK,possession,39.0,1,44.2857,-5.2857,LOW
Plymouth Argyle,home,3-4-3,BACK3_WINGBACK,total_shots,13.0,1,12.1429,0.8571,LOW
Plymouth Argyle,home,4-2-3-1,BACK4_1STRIKER,blocked_shots,4.0,1,3.1429,0.8571,LOW
Plymouth Argyle,home,4-2-3-1,BACK4_1STRIKER,clearances,24.0,1,34.0,-10.0,LOW
Plymouth Argyle,home,4-2-3-1,BACK4_1STRIKER,corners,6.0,1,3.2857,2.7143,LOW
Plymouth Argyle,home,4-2-3-1,BACK4_1STRIKER,crosses,1.0,1,2.5714,-1.5714,LOW
Plymouth Argyle,home,4-2-3-1,BACK4_1STRIKER,possession,48.0,1,44.2857,3.7143,LOW
Plymouth Argyle,home,4-2-3-1,BACK4_1STRIKER,total_shots,16.0,1,12.1429,3.8571,LOW
Plymouth Argyle,home,4-2-3-1,BACK4_1STRIKER,touches_in_box,19.0,1,18.25,0.75,LOW
Portsmouth,away,4-2-3-1,BACK4_1STRIKER,blocked_shots,2.2,10,2.2,0.0,MEDIUM
Portsmouth,away,4-2-3-1,BACK4_1STRIKER,clearances,30.0,10,30.0,0.0,MEDIUM
Portsmouth,away,4-2-3-1,BACK4_1STRIKER,corners,4.0,10,4.0,0.0,MEDIUM
Portsmouth,away,4-2-3-1,BACK4_1STRIKER,crosses,2.8,10,2.8,0.0,MEDIUM
Portsmouth,away,4-2-3-1,BACK4_1STRIKER,possession,44.5,10,44.5,0.0,MEDIUM
Portsmouth,away,4-2-3-1,BACK4_1STRIKER,total_shots,8.7,10,8.7,0.0,MEDIUM
Portsmouth,away,4-2-3-1,BACK4_1STRIKER,touches_in_box,14.9,10,14.9,0.0,MEDIUM
Portsmouth,home,4-2-3-1,BACK4_1STRIKER,blocked_shots,4.2222,9,4.2222,0.0,MEDIUM
Portsmouth,home,4-2-3-1,BACK4_1STRIKER,clearances,29.7778,9,29.7778,0.0,MEDIUM
Portsmouth,home,4-2-3-1,BACK4_1STRIKER,corners,6.7778,9,6.7778,0.0,MEDIUM
Portsmouth,home,4-2-3-1,BACK4_1STRIKER,crosses,4.6667,9,4.6667,0.0,MEDIUM
Portsmouth,home,4-2-3-1,BACK4_1STRIKER,possession,49.2222,9,49.2222,0.0,MEDIUM
Portsmouth,home,4-2-3-1,BACK4_1STRIKER,total_shots,14.6667,9,14.6667,0.0,MEDIUM
Portsmouth,home,4-2-3-1,BACK4_1STRIKER,touches_in_box,22.5556,9,22.5556,0.0,MEDIUM
Preston North End,away,3-4-1-2,BACK3_WINGBACK,blocked_shots,1.0,2,1.8889,-0.8889,LOW
Preston North End,away,3-4-1-2,BACK3_WINGBACK,clearances,22.5,2,26.8889,-4.3889,LOW
Preston North End,away,3-4-1-2,BACK3_WINGBACK,corners,5.0,1,4.125,0.875,LOW
Preston North End,away,3-4-1-2,BACK3_WINGBACK,crosses,3.5,2,3.7778,-0.2778,LOW
Preston North End,away,3-4-1-2,BACK3_WINGBACK,possession,37.0,2,47.2222,-10.2222,LOW
Preston North End,away,3-4-1-2,BACK3_WINGBACK,total_shots,6.5,2,10.0,-3.5,LOW
Preston North End,away,3-4-2-1,BACK3_WINGBACK,blocked_shots,1.6667,3,1.8889,-0.2222,LOW
Preston North End,away,3-4-2-1,BACK3_WINGBACK,clearances,18.3333,3,26.8889,-8.5556,LOW
Preston North End,away,3-4-2-1,BACK3_WINGBACK,corners,5.0,3,4.125,0.875,LOW
Preston North End,away,3-4-2-1,BACK3_WINGBACK,crosses,3.6667,3,3.7778,-0.1111,LOW
Preston North End,away,3-4-2-1,BACK3_WINGBACK,possession,50.6667,3,47.2222,3.4444,LOW
Preston North End,away,3-4-2-1,BACK3_WINGBACK,total_shots,12.0,3,10.0,2.0,LOW
Preston North End,away,3-4-2-1,BACK3_WINGBACK,touches_in_box,23.5,2,21.8333,1.6667,LOW
Preston North End,away,3-5-2,BACK3_WINGBACK,blocked_shots,3.0,3,1.8889,1.1111,LOW
Preston North End,away,3-5-2,BACK3_WINGBACK,clearances,39.6667,3,26.8889,12.7778,LOW
Preston North End,away,3-5-2,BACK3_WINGBACK,corners,3.3333,3,4.125,-0.7917,LOW
Preston North End,away,3-5-2,BACK3_WINGBACK,crosses,4.6667,3,3.7778,0.8889,LOW
Preston North End,away,3-5-2,BACK3_WINGBACK,possession,53.0,3,47.2222,5.7778,LOW
Preston North End,away,3-5-2,BACK3_WINGBACK,total_shots,12.0,3,10.0,2.0,LOW
Preston North End,away,3-5-2,BACK3_WINGBACK,touches_in_box,22.6667,3,21.8333,0.8333,LOW
Preston North End,away,4-3-3,BACK4_1STRIKER,blocked_shots,1.0,1,1.8889,-0.8889,LOW
Preston North End,away,4-3-3,BACK4_1STRIKER,clearances,23.0,1,26.8889,-3.8889,LOW
Preston North End,away,4-3-3,BACK4_1STRIKER,corners,3.0,1,4.125,-1.125,LOW
Preston North End,away,4-3-3,BACK4_1STRIKER,crosses,2.0,1,3.7778,-1.7778,LOW
Preston North End,away,4-3-3,BACK4_1STRIKER,possession,40.0,1,47.2222,-7.2222,LOW
Preston North End,away,4-3-3,BACK4_1STRIKER,total_shots,5.0,1,10.0,-5.0,LOW
Preston North End,away,4-3-3,BACK4_1STRIKER,touches_in_box,16.0,1,21.8333,-5.8333,LOW
Preston North End,home,3-1-4-2,BACK3_OTHER,blocked_shots,5.0,1,3.625,1.375,LOW
Preston North End,home,3-1-4-2,BACK3_OTHER,clearances,12.0,1,26.375,-14.375,LOW
Preston North End,home,3-1-4-2,BACK3_OTHER,corners,7.0,1,5.5,1.5,LOW
Preston North End,home,3-1-4-2,BACK3_OTHER,crosses,1.0,1,4.625,-3.625,LOW
Preston North End,home,3-1-4-2,BACK3_OTHER,possession,64.0,1,51.25,12.75,LOW
Preston North End,home,3-1-4-2,BACK3_OTHER,total_shots,16.0,1,12.625,3.375,LOW
Preston North End,home,3-4-1-2,BACK3_WINGBACK,blocked_shots,4.0,3,3.625,0.375,LOW
Preston North End,home,3-4-1-2,BACK3_WINGBACK,clearances,35.3333,3,26.375,8.9583,LOW
Preston North End,home,3-4-1-2,BACK3_WINGBACK,corners,3.3333,3,5.5,-2.1667,LOW
Preston North End,home,3-4-1-2,BACK3_WINGBACK,crosses,4.3333,3,4.625,-0.2917,LOW
Preston North End,home,3-4-1-2,BACK3_WINGBACK,possession,46.3333,3,51.25,-4.9167,LOW
Preston North End,home,3-4-1-2,BACK3_WINGBACK,total_shots,10.6667,3,12.625,-1.9583,LOW
Preston North End,home,3-4-1-2,BACK3_WINGBACK,touches_in_box,24.0,2,22.8,1.2,LOW
Preston North End,home,3-4-2-1,BACK3_WINGBACK,blocked_shots,4.0,1,3.625,0.375,LOW
Preston North End,home,3-4-2-1,BACK3_WINGBACK,clearances,22.0,1,26.375,-4.375,LOW
Preston North End,home,3-4-2-1,BACK3_WINGBACK,corners,5.0,1,5.5,-0.5,LOW
Preston North End,home,3-4-2-1,BACK3_WINGBACK,crosses,3.0,1,4.625,-1.625,LOW
Preston North End,home,3-4-2-1,BACK3_WINGBACK,possession,44.0,1,51.25,-7.25,LOW
Preston North End,home,3-4-2-1,BACK3_WINGBACK,total_shots,13.0,1,12.625,0.375,LOW
Preston North End,home,4-2-3-1,BACK4_1STRIKER,blocked_shots,4.0,1,3.625,0.375,LOW
Preston North End,home,4-2-3-1,BACK4_1STRIKER,clearances,29.0,1,26.375,2.625,LOW
Preston North End,home,4-2-3-1,BACK4_1STRIKER,corners,9.0,1,5.5,3.5,LOW
Preston North End,home,4-2-3-1,BACK4_1STRIKER,crosses,6.0,1,4.625,1.375,LOW
Preston North End,home,4-2-3-1,BACK4_1STRIKER,possession,70.0,1,51.25,18.75,LOW
Preston North End,home,4-2-3-1,BACK4_1STRIKER,total_shots,13.0,1,12.625,0.375,LOW
Preston North End,home,4-2-3-1,BACK4_1STRIKER,touches_in_box,27.0,1,22.8,4.2,LOW
Preston North End,home,4-3-3,BACK4_1STRIKER,blocked_shots,2.0,1,3.625,-1.625,LOW
Preston North End,home,4-3-3,BACK4_1STRIKER,clearances,15.0,1,26.375,-11.375,LOW
Preston North End,home,4-3-3,BACK4_1STRIKER,corners,7.0,1,5.5,1.5,LOW
Preston North End,home,4-3-3,BACK4_1STRIKER,crosses,6.0,1,4.625,1.375,LOW
Preston North End,home,4-3-3,BACK4_1STRIKER,possession,53.0,1,51.25,1.75,LOW
Preston North End,home,4-3-3,BACK4_1STRIKER,total_shots,13.0,1,12.625,0.375,LOW
Preston North End,home,4-3-3,BACK4_1STRIKER,touches_in_box,17.0,1,22.8,-5.8,LOW
Preston North End,home,5-3-2,BACK5_DEFENSIVE,blocked_shots,2.0,1,3.625,-1.625,LOW
Preston North End,home,5-3-2,BACK5_DEFENSIVE,clearances,27.0,1,26.375,0.625,LOW
Preston North End,home,5-3-2,BACK5_DEFENSIVE,corners,6.0,1,5.5,0.5,LOW
Preston North End,home,5-3-2,BACK5_DEFENSIVE,crosses,8.0,1,4.625,3.375,LOW
Preston North End,home,5-3-2,BACK5_DEFENSIVE,possession,40.0,1,51.25,-11.25,LOW
Preston North End,home,5-3-2,BACK5_DEFENSIVE,total_shots,14.0,1,12.625,1.375,LOW
Preston North End,home,5-3-2,BACK5_DEFENSIVE,touches_in_box,22.0,1,22.8,-0.8,LOW
Queens Park Rangers,away,4-2-3-1,BACK4_1STRIKER,blocked_shots,5.0,5,4.6667,0.3333,MEDIUM
Queens Park Rangers,away,4-2-3-1,BACK4_1STRIKER,clearances,33.2,5,30.3333,2.8667,MEDIUM
Queens Park Rangers,away,4-2-3-1,BACK4_1STRIKER,corners,4.4,5,4.1667,0.2333,MEDIUM
Queens Park Rangers,away,4-2-3-1,BACK4_1STRIKER,crosses,3.0,5,2.8333,0.1667,MEDIUM
Queens Park Rangers,away,4-2-3-1,BACK4_1STRIKER,possession,49.2,5,48.1667,1.0333,MEDIUM
Queens Park Rangers,away,4-2-3-1,BACK4_1STRIKER,total_shots,11.2,5,10.1667,1.0333,MEDIUM
Queens Park Rangers,away,4-2-3-1,BACK4_1STRIKER,touches_in_box,18.6,5,18.1667,0.4333,MEDIUM
Queens Park Rangers,away,4-4-2,BACK4_2STRIKER,blocked_shots,3.0,1,4.6667,-1.6667,LOW
Queens Park Rangers,away,4-4-2,BACK4_2STRIKER,clearances,16.0,1,30.3333,-14.3333,LOW
Queens Park Rangers,away,4-4-2,BACK4_2STRIKER,corners,3.0,1,4.1667,-1.1667,LOW
Queens Park Rangers,away,4-4-2,BACK4_2STRIKER,crosses,2.0,1,2.8333,-0.8333,LOW
Queens Park Rangers,away,4-4-2,BACK4_2STRIKER,possession,43.0,1,48.1667,-5.1667,LOW
Queens Park Rangers,away,4-4-2,BACK4_2STRIKER,total_shots,5.0,1,10.1667,-5.1667,LOW
Queens Park Rangers,away,4-4-2,BACK4_2STRIKER,touches_in_box,16.0,1,18.1667,-2.1667,LOW
Queens Park Rangers,home,4-2-3-1,BACK4_1STRIKER,blocked_shots,3.5,2,3.8,-0.3,LOW
Queens Park Rangers,home,4-2-3-1,BACK4_1STRIKER,clearances,33.0,2,31.6,1.4,LOW
Queens Park Rangers,home,4-2-3-1,BACK4_1STRIKER,corners,2.0,2,3.4,-1.4,LOW
Queens Park Rangers,home,4-2-3-1,BACK4_1STRIKER,crosses,3.0,2,3.2,-0.2,LOW
Queens Park Rangers,home,4-2-3-1,BACK4_1STRIKER,possession,49.0,2,43.2,5.8,LOW
Queens Park Rangers,home,4-2-3-1,BACK4_1STRIKER,total_shots,14.0,2,13.0,1.0,LOW
Queens Park Rangers,home,4-2-3-1,BACK4_1STRIKER,touches_in_box,22.5,2,21.2,1.3,LOW
Queens Park Rangers,home,4-4-2,BACK4_2STRIKER,blocked_shots,4.0,3,3.8,0.2,LOW
Queens Park Rangers,home,4-4-2,BACK4_2STRIKER,clearances,30.6667,3,31.6,-0.9333,LOW
Queens Park Rangers,home,4-4-2,BACK4_2STRIKER,corners,4.3333,3,3.4,0.9333,LOW
Queens Park Rangers,home,4-4-2,BACK4_2STRIKER,crosses,3.3333,3,3.2,0.1333,LOW
Queens Park Rangers,home,4-4-2,BACK4_2STRIKER,possession,39.3333,3,43.2,-3.8667,LOW
Queens Park Rangers,home,4-4-2,BACK4_2STRIKER,total_shots,12.3333,3,13.0,-0.6667,LOW
Queens Park Rangers,home,4-4-2,BACK4_2STRIKER,touches_in_box,20.3333,3,21.2,-0.8667,LOW
RC Lens,away,3-4-2-1,BACK3_WINGBACK,blocked_shots,3.0,3,2.75,0.25,LOW
RC Lens,away,3-4-2-1,BACK3_WINGBACK,clearances,20.3333,3,28.25,-7.9167,LOW
RC Lens,away,3-4-2-1,BACK3_WINGBACK,corners,6.0,3,5.0,1.0,LOW
RC Lens,away,3-4-2-1,BACK3_WINGBACK,crosses,9.3333,3,7.25,2.0833,LOW
RC Lens,away,3-4-2-1,BACK3_WINGBACK,possession,50.6667,3,45.75,4.9167,LOW
RC Lens,away,3-4-2-1,BACK3_WINGBACK,total_shots,18.3333,3,15.75,2.5833,LOW
RC Lens,away,3-4-2-1,BACK3_WINGBACK,touches_in_box,32.0,3,26.5,5.5,LOW
RC Lens,away,5-4-1,BACK5_DEFENSIVE,blocked_shots,2.0,1,2.75,-0.75,LOW
RC Lens,away,5-4-1,BACK5_DEFENSIVE,clearances,52.0,1,28.25,23.75,LOW
RC Lens,away,5-4-1,BACK5_DEFENSIVE,corners,2.0,1,5.0,-3.0,LOW
RC Lens,away,5-4-1,BACK5_DEFENSIVE,crosses,1.0,1,7.25,-6.25,LOW
RC Lens,away,5-4-1,BACK5_DEFENSIVE,possession,31.0,1,45.75,-14.75,LOW
RC Lens,away,5-4-1,BACK5_DEFENSIVE,total_shots,8.0,1,15.75,-7.75,LOW
RC Lens,away,5-4-1,BACK5_DEFENSIVE,touches_in_box,10.0,1,26.5,-16.5,LOW
RC Lens,home,3-4-2-1,BACK3_WINGBACK,blocked_shots,7.0,2,6.25,0.75,LOW
RC Lens,home,3-4-2-1,BACK3_WINGBACK,clearances,15.0,2,15.0,0.0,LOW
RC Lens,home,3-4-2-1,BACK3_WINGBACK,corners,12.5,2,10.25,2.25,LOW
RC Lens,home,3-4-2-1,BACK3_WINGBACK,crosses,14.5,2,12.0,2.5,LOW
RC Lens,home,3-4-2-1,BACK3_WINGBACK,possession,60.5,2,64.0,-3.5,LOW
RC Lens,home,3-4-2-1,BACK3_WINGBACK,total_shots,26.0,2,21.5,4.5,LOW
RC Lens,home,3-4-2-1,BACK3_WINGBACK,touches_in_box,59.5,2,46.75,12.75,LOW
RC Lens,home,4-2-3-1,BACK4_1STRIKER,blocked_shots,7.0,1,6.25,0.75,LOW
RC Lens,home,4-2-3-1,BACK4_1STRIKER,clearances,10.0,1,15.0,-5.0,LOW
RC Lens,home,4-2-3-1,BACK4_1STRIKER,corners,7.0,1,10.25,-3.25,LOW
RC Lens,home,4-2-3-1,BACK4_1STRIKER,crosses,5.0,1,12.0,-7.0,LOW
RC Lens,home,4-2-3-1,BACK4_1STRIKER,possession,66.0,1,64.0,2.0,LOW
RC Lens,home,4-2-3-1,BACK4_1STRIKER,total_shots,14.0,1,21.5,-7.5,LOW
RC Lens,home,4-2-3-1,BACK4_1STRIKER,touches_in_box,36.0,1,46.75,-10.75,LOW
RC Lens,home,5-3-2,BACK5_DEFENSIVE,blocked_shots,4.0,1,6.25,-2.25,LOW
RC Lens,home,5-3-2,BACK5_DEFENSIVE,clearances,20.0,1,15.0,5.0,LOW
RC Lens,home,5-3-2,BACK5_DEFENSIVE,corners,9.0,1,10.25,-1.25,LOW
RC Lens,home,5-3-2,BACK5_DEFENSIVE,crosses,14.0,1,12.0,2.0,LOW
RC Lens,home,5-3-2,BACK5_DEFENSIVE,possession,69.0,1,64.0,5.0,LOW
RC Lens,home,5-3-2,BACK5_DEFENSIVE,total_shots,20.0,1,21.5,-1.5,LOW
RC Lens,home,5-3-2,BACK5_DEFENSIVE,touches_in_box,32.0,1,46.75,-14.75,LOW
RC Strasbourg,away,3-4-2-1,BACK3_WINGBACK,blocked_shots,2.6667,3,3.2,-0.5333,LOW
RC Strasbourg,away,3-4-2-1,BACK3_WINGBACK,clearances,19.6667,3,21.8,-2.1333,LOW
RC Strasbourg,away,3-4-2-1,BACK3_WINGBACK,corners,3.6667,3,3.6,0.0667,LOW
RC Strasbourg,away,3-4-2-1,BACK3_WINGBACK,crosses,3.6667,3,3.4,0.2667,LOW
RC Strasbourg,away,3-4-2-1,BACK3_WINGBACK,possession,66.3333,3,58.0,8.3333,LOW
RC Strasbourg,away,3-4-2-1,BACK3_WINGBACK,total_shots,8.0,3,9.6,-1.6,LOW
RC Strasbourg,away,3-4-2-1,BACK3_WINGBACK,touches_in_box,17.6667,3,18.2,-0.5333,LOW
RC Strasbourg,away,4-2-3-1,BACK4_1STRIKER,blocked_shots,7.0,1,3.2,3.8,LOW
RC Strasbourg,away,4-2-3-1,BACK4_1STRIKER,clearances,10.0,1,21.8,-11.8,LOW
RC Strasbourg,away,4-2-3-1,BACK4_1STRIKER,corners,5.0,1,3.6,1.4,LOW
RC Strasbourg,away,4-2-3-1,BACK4_1STRIKER,crosses,3.0,1,3.4,-0.4,LOW
RC Strasbourg,away,4-2-3-1,BACK4_1STRIKER,possession,44.0,1,58.0,-14.0,LOW
RC Strasbourg,away,4-2-3-1,BACK4_1STRIKER,total_shots,16.0,1,9.6,6.4,LOW
RC Strasbourg,away,4-2-3-1,BACK4_1STRIKER,touches_in_box,25.0,1,18.2,6.8,LOW
RC Strasbourg,away,4-4-1-1,BACK4_1STRIKER,blocked_shots,1.0,1,3.2,-2.2,LOW
RC Strasbourg,away,4-4-1-1,BACK4_1STRIKER,clearances,40.0,1,21.8,18.2,LOW
RC Strasbourg,away,4-4-1-1,BACK4_1STRIKER,corners,2.0,1,3.6,-1.6,LOW
RC Strasbourg,away,4-4-1-1,BACK4_1STRIKER,crosses,3.0,1,3.4,-0.4,LOW
RC Strasbourg,away,4-4-1-1,BACK4_1STRIKER,possession,47.0,1,58.0,-11.0,LOW
RC Strasbourg,away,4-4-1-1,BACK4_1STRIKER,total_shots,8.0,1,9.6,-1.6,LOW
RC Strasbourg,away,4-4-1-1,BACK4_1STRIKER,touches_in_box,13.0,1,18.2,-5.2,LOW
RC Strasbourg,home,3-4-2-1,BACK3_WINGBACK,blocked_shots,3.6667,3,3.2857,0.381,LOW
RC Strasbourg,home,3-4-2-1,BACK3_WINGBACK,clearances,15.0,3,20.5714,-5.5714,LOW
RC Strasbourg,home,3-4-2-1,BACK3_WINGBACK,corners,6.3333,3,5.4286,0.9048,LOW
RC Strasbourg,home,3-4-2-1,BACK3_WINGBACK,crosses,7.3333,3,4.8571,2.4762,LOW
RC Strasbourg,home,3-4-2-1,BACK3_WINGBACK,possession,55.0,3,53.4286,1.5714,LOW
RC Strasbourg,home,3-4-2-1,BACK3_WINGBACK,total_shots,13.0,3,11.0,2.0,LOW
RC Strasbourg,home,3-4-2-1,BACK3_WINGBACK,touches_in_box,21.6667,3,21.1429,0.5238,LOW
RC Strasbourg,home,4-2-3-1,BACK4_1STRIKER,blocked_shots,2.0,2,3.2857,-1.2857,LOW
RC Strasbourg,home,4-2-3-1,BACK4_1STRIKER,clearances,27.0,2,20.5714,6.4286,LOW
RC Strasbourg,home,4-2-3-1,BACK4_1STRIKER,corners,3.5,2,5.4286,-1.9286,LOW
RC Strasbourg,home,4-2-3-1,BACK4_1STRIKER,crosses,4.0,2,4.8571,-0.8571,LOW
RC Strasbourg,home,4-2-3-1,BACK4_1STRIKER,possession,47.5,2,53.4286,-5.9286,LOW
RC Strasbourg,home,4-2-3-1,BACK4_1STRIKER,total_shots,9.0,2,11.0,-2.0,LOW
RC Strasbourg,home,4-2-3-1,BACK4_1STRIKER,touches_in_box,17.5,2,21.1429,-3.6429,LOW
RC Strasbourg,home,4-4-1-1,BACK4_1STRIKER,blocked_shots,4.0,1,3.2857,0.7143,LOW
RC Strasbourg,home,4-4-1-1,BACK4_1STRIKER,clearances,24.0,1,20.5714,3.4286,LOW
RC Strasbourg,home,4-4-1-1,BACK4_1STRIKER,corners,8.0,1,5.4286,2.5714,LOW
RC Strasbourg,home,4-4-1-1,BACK4_1STRIKER,crosses,2.0,1,4.8571,-2.8571,LOW
RC Strasbourg,home,4-4-1-1,BACK4_1STRIKER,possession,54.0,1,53.4286,0.5714,LOW
RC Strasbourg,home,4-4-1-1,BACK4_1STRIKER,total_shots,9.0,1,11.0,-2.0,LOW
RC Strasbourg,home,4-4-1-1,BACK4_1STRIKER,touches_in_box,23.0,1,21.1429,1.8571,LOW
RC Strasbourg,home,4-4-2,BACK4_2STRIKER,blocked_shots,4.0,1,3.2857,0.7143,LOW
RC Strasbourg,home,4-4-2,BACK4_2STRIKER,clearances,21.0,1,20.5714,0.4286,LOW
RC Strasbourg,home,4-4-2,BACK4_2STRIKER,corners,4.0,1,5.4286,-1.4286,LOW
RC Strasbourg,home,4-4-2,BACK4_2STRIKER,crosses,2.0,1,4.8571,-2.8571,LOW
RC Strasbourg,home,4-4-2,BACK4_2STRIKER,possession,60.0,1,53.4286,6.5714,LOW
RC Strasbourg,home,4-4-2,BACK4_2STRIKER,total_shots,11.0,1,11.0,0.0,LOW
RC Strasbourg,home,4-4-2,BACK4_2STRIKER,touches_in_box,25.0,1,21.1429,3.8571,LOW
Racing de Ferrol,away,4-2-3-1,BACK4_1STRIKER,blocked_shots,2.0,1,3.3333,-1.3333,LOW
Racing de Ferrol,away,4-2-3-1,BACK4_1STRIKER,clearances,40.0,1,33.0,7.0,LOW
Racing de Ferrol,away,4-2-3-1,BACK4_1STRIKER,corners,4.0,1,2.6667,1.3333,LOW
Racing de Ferrol,away,4-2-3-1,BACK4_1STRIKER,crosses,3.0,1,3.3333,-0.3333,LOW
Racing de Ferrol,away,4-2-3-1,BACK4_1STRIKER,possession,36.0,1,38.3333,-2.3333,LOW
Racing de Ferrol,away,4-2-3-1,BACK4_1STRIKER,total_shots,14.0,1,11.0,3.0,LOW
Racing de Ferrol,away,4-2-3-1,BACK4_1STRIKER,touches_in_box,18.0,1,13.3333,4.6667,LOW
Racing de Ferrol,away,4-3-3,BACK4_1STRIKER,blocked_shots,6.0,1,3.3333,2.6667,LOW
Racing de Ferrol,away,4-3-3,BACK4_1STRIKER,clearances,16.0,1,33.0,-17.0,LOW
Racing de Ferrol,away,4-3-3,BACK4_1STRIKER,corners,2.0,1,2.6667,-0.6667,LOW
Racing de Ferrol,away,4-3-3,BACK4_1STRIKER,crosses,7.0,1,3.3333,3.6667,LOW
Racing de Ferrol,away,4-3-3,BACK4_1STRIKER,possession,49.0,1,38.3333,10.6667,LOW
Racing de Ferrol,away,4-3-3,BACK4_1STRIKER,total_shots,13.0,1,11.0,2.0,LOW
Racing de Ferrol,away,4-3-3,BACK4_1STRIKER,touches_in_box,15.0,1,13.3333,1.6667,LOW
Racing de Ferrol,away,4-4-2,BACK4_2STRIKER,blocked_shots,2.0,1,3.3333,-1.3333,LOW
Racing de Ferrol,away,4-4-2,BACK4_2STRIKER,clearances,43.0,1,33.0,10.0,LOW
Racing de Ferrol,away,4-4-2,BACK4_2STRIKER,corners,2.0,1,2.6667,-0.6667,LOW
Racing de Ferrol,away,4-4-2,BACK4_2STRIKER,crosses,0.0,1,3.3333,-3.3333,LOW
Racing de Ferrol,away,4-4-2,BACK4_2STRIKER,possession,30.0,1,38.3333,-8.3333,LOW
Racing de Ferrol,away,4-4-2,BACK4_2STRIKER,total_shots,6.0,1,11.0,-5.0,LOW
Racing de Ferrol,away,4-4-2,BACK4_2STRIKER,touches_in_box,7.0,1,13.3333,-6.3333,LOW
Racing de Ferrol,home,4-1-4-1,BACK4_1STRIKER,blocked_shots,3.0,1,2.6,0.4,LOW
Racing de Ferrol,home,4-1-4-1,BACK4_1STRIKER,clearances,27.0,1,24.6,2.4,LOW
Racing de Ferrol,home,4-1-4-1,BACK4_1STRIKER,corners,5.0,1,4.0,1.0,LOW
Racing de Ferrol,home,4-1-4-1,BACK4_1STRIKER,crosses,6.0,1,5.4,0.6,LOW
Racing de Ferrol,home,4-1-4-1,BACK4_1STRIKER,possession,28.0,1,46.4,-18.4,LOW
Racing de Ferrol,home,4-1-4-1,BACK4_1STRIKER,total_shots,7.0,1,11.6,-4.6,LOW
Racing de Ferrol,home,4-1-4-1,BACK4_1STRIKER,touches_in_box,11.0,1,14.8,-3.8,LOW
Racing de Ferrol,home,4-2-3-1,BACK4_1STRIKER,blocked_shots,3.5,2,2.6,0.9,LOW
Racing de Ferrol,home,4-2-3-1,BACK4_1STRIKER,clearances,25.0,2,24.6,0.4,LOW
Racing de Ferrol,home,4-2-3-1,BACK4_1STRIKER,corners,2.5,2,4.0,-1.5,LOW
Racing de Ferrol,home,4-2-3-1,BACK4_1STRIKER,crosses,4.0,2,5.4,-1.4,LOW
Racing de Ferrol,home,4-2-3-1,BACK4_1STRIKER,possession,47.5,2,46.4,1.1,LOW
Racing de Ferrol,home,4-2-3-1,BACK4_1STRIKER,total_shots,12.5,2,11.6,0.9,LOW
Racing de Ferrol,home,4-2-3-1,BACK4_1STRIKER,touches_in_box,16.0,2,14.8,1.2,LOW
Racing de Ferrol,home,4-3-3,BACK4_1STRIKER,blocked_shots,3.0,1,2.6,0.4,LOW
Racing de Ferrol,home,4-3-3,BACK4_1STRIKER,clearances,26.0,1,24.6,1.4,LOW
Racing de Ferrol,home,4-3-3,BACK4_1STRIKER,corners,2.0,1,4.0,-2.0,LOW
Racing de Ferrol,home,4-3-3,BACK4_1STRIKER,crosses,4.0,1,5.4,-1.4,LOW
Racing de Ferrol,home,4-3-3,BACK4_1STRIKER,possession,57.0,1,46.4,10.6,LOW
Racing de Ferrol,home,4-3-3,BACK4_1STRIKER,total_shots,11.0,1,11.6,-0.6,LOW
Racing de Ferrol,home,4-3-3,BACK4_1STRIKER,touches_in_box,12.0,1,14.8,-2.8,LOW
Racing de Ferrol,home,4-5-1,BACK4_1STRIKER,blocked_shots,0.0,1,2.6,-2.6,LOW
Racing de Ferrol,home,4-5-1,BACK4_1STRIKER,clearances,20.0,1,24.6,-4.6,LOW
Racing de Ferrol,home,4-5-1,BACK4_1STRIKER,corners,8.0,1,4.0,4.0,LOW
Racing de Ferrol,home,4-5-1,BACK4_1STRIKER,crosses,9.0,1,5.4,3.6,LOW
Racing de Ferrol,home,4-5-1,BACK4_1STRIKER,possession,52.0,1,46.4,5.6,LOW
Racing de Ferrol,home,4-5-1,BACK4_1STRIKER,total_shots,15.0,1,11.6,3.4,LOW
Racing de Ferrol,home,4-5-1,BACK4_1STRIKER,touches_in_box,19.0,1,14.8,4.2,LOW
Racing de Santander,away,4-2-3-1,BACK4_1STRIKER,blocked_shots,2.7273,11,2.5,0.2273,MEDIUM
Racing de Santander,away,4-2-3-1,BACK4_1STRIKER,clearances,28.3636,11,28.0833,0.2803,MEDIUM
Racing de Santander,away,4-2-3-1,BACK4_1STRIKER,corners,3.7273,11,3.4167,0.3106,MEDIUM
Racing de Santander,away,4-2-3-1,BACK4_1STRIKER,crosses,1.8182,11,1.75,0.0682,MEDIUM
Racing de Santander,away,4-2-3-1,BACK4_1STRIKER,possession,49.0909,11,48.5833,0.5076,MEDIUM
Racing de Santander,away,4-2-3-1,BACK4_1STRIKER,total_shots,12.0,11,11.4167,0.5833,MEDIUM
Racing de Santander,away,4-2-3-1,BACK4_1STRIKER,touches_in_box,19.4545,11,18.5833,0.8712,MEDIUM
Racing de Santander,away,4-4-2,BACK4_2STRIKER,blocked_shots,0.0,1,2.5,-2.5,LOW
Racing de Santander,away,4-4-2,BACK4_2STRIKER,clearances,25.0,1,28.0833,-3.0833,LOW
Racing de Santander,away,4-4-2,BACK4_2STRIKER,corners,0.0,1,3.4167,-3.4167,LOW
Racing de Santander,away,4-4-2,BACK4_2STRIKER,crosses,1.0,1,1.75,-0.75,LOW
Racing de Santander,away,4-4-2,BACK4_2STRIKER,possession,43.0,1,48.5833,-5.5833,LOW
Racing de Santander,away,4-4-2,BACK4_2STRIKER,total_shots,5.0,1,11.4167,-6.4167,LOW
Racing de Santander,away,4-4-2,BACK4_2STRIKER,touches_in_box,9.0,1,18.5833,-9.5833,LOW
Racing de Santander,home,4-2-3-1,BACK4_1STRIKER,blocked_shots,3.5,4,3.5,0.0,LOW
Racing de Santander,home,4-2-3-1,BACK4_1STRIKER,clearances,20.25,4,20.25,0.0,LOW
Racing de Santander,home,4-2-3-1,BACK4_1STRIKER,corners,7.25,4,7.25,0.0,LOW
Racing de Santander,home,4-2-3-1,BACK4_1STRIKER,crosses,3.0,4,3.0,0.0,LOW
Racing de Santander,home,4-2-3-1,BACK4_1STRIKER,possession,51.75,4,51.75,0.0,LOW
Racing de Santander,home,4-2-3-1,BACK4_1STRIKER,total_shots,16.5,4,16.5,0.0,LOW
Racing de Santander,home,4-2-3-1,BACK4_1STRIKER,touches_in_box,29.75,4,29.75,0.0,LOW
Rayo Vallecano,away,4-2-3-1,BACK4_1STRIKER,blocked_shots,0.5,2,2.25,-1.75,LOW
Rayo Vallecano,away,4-2-3-1,BACK4_1STRIKER,clearances,30.5,2,23.0,7.5,LOW
Rayo Vallecano,away,4-2-3-1,BACK4_1STRIKER,corners,3.0,2,4.75,-1.75,LOW
Rayo Vallecano,away,4-2-3-1,BACK4_1STRIKER,crosses,2.0,2,3.5,-1.5,LOW
Rayo Vallecano,away,4-2-3-1,BACK4_1STRIKER,possession,42.0,2,49.0,-7.0,LOW
Rayo Vallecano,away,4-2-3-1,BACK4_1STRIKER,total_shots,9.5,2,10.5,-1.0,LOW
Rayo Vallecano,away,4-2-3-1,BACK4_1STRIKER,touches_in_box,14.0,2,16.75,-2.75,LOW
Rayo Vallecano,away,4-4-1-1,BACK4_1STRIKER,blocked_shots,3.0,1,2.25,0.75,LOW
Rayo Vallecano,away,4-4-1-1,BACK4_1STRIKER,clearances,20.0,1,23.0,-3.0,LOW
Rayo Vallecano,away,4-4-1-1,BACK4_1STRIKER,corners,6.0,1,4.75,1.25,LOW
Rayo Vallecano,away,4-4-1-1,BACK4_1STRIKER,crosses,3.0,1,3.5,-0.5,LOW
Rayo Vallecano,away,4-4-1-1,BACK4_1STRIKER,possession,59.0,1,49.0,10.0,LOW
Rayo Vallecano,away,4-4-1-1,BACK4_1STRIKER,total_shots,6.0,1,10.5,-4.5,LOW
Rayo Vallecano,away,4-4-1-1,BACK4_1STRIKER,touches_in_box,12.0,1,16.75,-4.75,LOW
Rayo Vallecano,away,4-4-2,BACK4_2STRIKER,blocked_shots,5.0,1,2.25,2.75,LOW
Rayo Vallecano,away,4-4-2,BACK4_2STRIKER,clearances,11.0,1,23.0,-12.0,LOW
Rayo Vallecano,away,4-4-2,BACK4_2STRIKER,corners,7.0,1,4.75,2.25,LOW
Rayo Vallecano,away,4-4-2,BACK4_2STRIKER,crosses,7.0,1,3.5,3.5,LOW
Rayo Vallecano,away,4-4-2,BACK4_2STRIKER,possession,53.0,1,49.0,4.0,LOW
Rayo Vallecano,away,4-4-2,BACK4_2STRIKER,total_shots,17.0,1,10.5,6.5,LOW
Rayo Vallecano,away,4-4-2,BACK4_2STRIKER,touches_in_box,27.0,1,16.75,10.25,LOW
Rayo Vallecano,home,4-2-3-1,BACK4_1STRIKER,blocked_shots,4.0,5,3.7143,0.2857,MEDIUM
Rayo Vallecano,home,4-2-3-1,BACK4_1STRIKER,clearances,24.4,5,25.5714,-1.1714,MEDIUM
Rayo Vallecano,home,4-2-3-1,BACK4_1STRIKER,corners,6.0,5,5.8571,0.1429,MEDIUM
Rayo Vallecano,home,4-2-3-1,BACK4_1STRIKER,crosses,4.6,5,4.5714,0.0286,MEDIUM
Rayo Vallecano,home,4-2-3-1,BACK4_1STRIKER,possession,54.4,5,51.4286,2.9714,MEDIUM
Rayo Vallecano,home,4-2-3-1,BACK4_1STRIKER,total_shots,14.6,5,14.5714,0.0286,MEDIUM
Rayo Vallecano,home,4-2-3-1,BACK4_1STRIKER,touches_in_box,21.2,5,21.7143,-0.5143,MEDIUM
Rayo Vallecano,home,4-3-3,BACK4_1STRIKER,blocked_shots,2.0,1,3.7143,-1.7143,LOW
Rayo Vallecano,home,4-3-3,BACK4_1STRIKER,clearances,30.0,1,25.5714,4.4286,LOW
Rayo Vallecano,home,4-3-3,BACK4_1STRIKER,corners,7.0,1,5.8571,1.1429,LOW
Rayo Vallecano,home,4-3-3,BACK4_1STRIKER,crosses,7.0,1,4.5714,2.4286,LOW
Rayo Vallecano,home,4-3-3,BACK4_1STRIKER,possession,54.0,1,51.4286,2.5714,LOW
Rayo Vallecano,home,4-3-3,BACK4_1STRIKER,total_shots,15.0,1,14.5714,0.4286,LOW
Rayo Vallecano,home,4-3-3,BACK4_1STRIKER,touches_in_box,26.0,1,21.7143,4.2857,LOW
Rayo Vallecano,home,4-4-2,BACK4_2STRIKER,blocked_shots,4.0,1,3.7143,0.2857,LOW
Rayo Vallecano,home,4-4-2,BACK4_2STRIKER,clearances,27.0,1,25.5714,1.4286,LOW
Rayo Vallecano,home,4-4-2,BACK4_2STRIKER,corners,4.0,1,5.8571,-1.8571,LOW
Rayo Vallecano,home,4-4-2,BACK4_2STRIKER,crosses,2.0,1,4.5714,-2.5714,LOW
Rayo Vallecano,home,4-4-2,BACK4_2STRIKER,possession,34.0,1,51.4286,-17.4286,LOW
Rayo Vallecano,home,4-4-2,BACK4_2STRIKER,total_shots,14.0,1,14.5714,-0.5714,LOW
Rayo Vallecano,home,4-4-2,BACK4_2STRIKER,touches_in_box,20.0,1,21.7143,-1.7143,LOW
Real Betis,away,4-2-3-1,BACK4_1STRIKER,blocked_shots,5.6667,3,5.6667,0.0,LOW
Real Betis,away,4-2-3-1,BACK4_1STRIKER,clearances,31.6667,3,31.6667,0.0,LOW
Real Betis,away,4-2-3-1,BACK4_1STRIKER,corners,8.6667,3,8.6667,0.0,LOW
Real Betis,away,4-2-3-1,BACK4_1STRIKER,crosses,6.0,3,6.0,0.0,LOW
Real Betis,away,4-2-3-1,BACK4_1STRIKER,possession,48.0,3,48.0,0.0,LOW
Real Betis,away,4-2-3-1,BACK4_1STRIKER,total_shots,18.3333,3,18.3333,0.0,LOW
Real Betis,away,4-2-3-1,BACK4_1STRIKER,touches_in_box,29.3333,3,29.3333,0.0,LOW
Real Betis,home,4-2-3-1,BACK4_1STRIKER,blocked_shots,4.5,4,4.0,0.5,LOW
Real Betis,home,4-2-3-1,BACK4_1STRIKER,clearances,25.0,4,25.0,0.0,LOW
Real Betis,home,4-2-3-1,BACK4_1STRIKER,corners,4.5,4,5.0,-0.5,LOW
Real Betis,home,4-2-3-1,BACK4_1STRIKER,crosses,5.25,4,4.2857,0.9643,LOW
Real Betis,home,4-2-3-1,BACK4_1STRIKER,possession,53.25,4,51.1429,2.1071,LOW
Real Betis,home,4-2-3-1,BACK4_1STRIKER,total_shots,17.25,4,14.8571,2.3929,LOW
Real Betis,home,4-2-3-1,BACK4_1STRIKER,touches_in_box,27.0,4,26.8571,0.1429,LOW
Real Betis,home,4-3-3,BACK4_1STRIKER,blocked_shots,3.3333,3,4.0,-0.6667,LOW
Real Betis,home,4-3-3,BACK4_1STRIKER,clearances,25.0,3,25.0,0.0,LOW
Real Betis,home,4-3-3,BACK4_1STRIKER,corners,5.6667,3,5.0,0.6667,LOW
Real Betis,home,4-3-3,BACK4_1STRIKER,crosses,3.0,3,4.2857,-1.2857,LOW
Real Betis,home,4-3-3,BACK4_1STRIKER,possession,48.3333,3,51.1429,-2.8095,LOW
Real Betis,home,4-3-3,BACK4_1STRIKER,total_shots,11.6667,3,14.8571,-3.1905,LOW
Real Betis,home,4-3-3,BACK4_1STRIKER,touches_in_box,26.6667,3,26.8571,-0.1905,LOW
Real Madrid,away,4-2-3-1,BACK4_1STRIKER,blocked_shots,5.0,4,4.25,0.75,LOW
Real Madrid,away,4-2-3-1,BACK4_1STRIKER,clearances,19.25,4,22.0,-2.75,LOW
Real Madrid,away,4-2-3-1,BACK4_1STRIKER,corners,5.25,4,4.25,1.0,LOW
Real Madrid,away,4-2-3-1,BACK4_1STRIKER,crosses,2.0,4,2.875,-0.875,LOW
Real Madrid,away,4-2-3-1,BACK4_1STRIKER,possession,64.0,4,60.75,3.25,LOW
Real Madrid,away,4-2-3-1,BACK4_1STRIKER,total_shots,16.25,4,14.875,1.375,LOW
Real Madrid,away,4-2-3-1,BACK4_1STRIKER,touches_in_box,26.75,4,27.75,-1.0,LOW
Real Madrid,away,4-4-2,BACK4_2STRIKER,blocked_shots,3.5,4,4.25,-0.75,LOW
Real Madrid,away,4-4-2,BACK4_2STRIKER,clearances,24.75,4,22.0,2.75,LOW
Real Madrid,away,4-4-2,BACK4_2STRIKER,corners,3.25,4,4.25,-1.0,LOW
Real Madrid,away,4-4-2,BACK4_2STRIKER,crosses,3.75,4,2.875,0.875,LOW
Real Madrid,away,4-4-2,BACK4_2STRIKER,possession,57.5,4,60.75,-3.25,LOW
Real Madrid,away,4-4-2,BACK4_2STRIKER,total_shots,13.5,4,14.875,-1.375,LOW
Real Madrid,away,4-4-2,BACK4_2STRIKER,touches_in_box,28.75,4,27.75,1.0,LOW
Real Madrid,home,4-1-4-1,BACK4_1STRIKER,blocked_shots,7.0,1,6.125,0.875,LOW
Real Madrid,home,4-1-4-1,BACK4_1STRIKER,clearances,17.0,1,13.625,3.375,LOW
Real Madrid,home,4-1-4-1,BACK4_1STRIKER,corners,12.0,1,10.875,1.125,LOW
Real Madrid,home,4-1-4-1,BACK4_1STRIKER,crosses,4.0,1,6.25,-2.25,LOW
Real Madrid,home,4-1-4-1,BACK4_1STRIKER,possession,32.0,1,61.875,-29.875,LOW
Real Madrid,home,4-1-4-1,BACK4_1STRIKER,total_shots,23.0,1,23.25,-0.25,LOW
Real Madrid,home,4-1-4-1,BACK4_1STRIKER,touches_in_box,34.0,1,43.5,-9.5,LOW
Real Madrid,home,4-2-3-1,BACK4_1STRIKER,blocked_shots,3.0,2,6.125,-3.125,LOW
Real Madrid,home,4-2-3-1,BACK4_1STRIKER,clearances,17.5,2,13.625,3.875,LOW
Real Madrid,home,4-2-3-1,BACK4_1STRIKER,corners,9.0,2,10.875,-1.875,LOW
Real Madrid,home,4-2-3-1,BACK4_1STRIKER,crosses,6.5,2,6.25,0.25,LOW
Real Madrid,home,4-2-3-1,BACK4_1STRIKER,possession,69.5,2,61.875,7.625,LOW
Real Madrid,home,4-2-3-1,BACK4_1STRIKER,total_shots,21.5,2,23.25,-1.75,LOW
Real Madrid,home,4-2-3-1,BACK4_1STRIKER,touches_in_box,43.5,2,43.5,0.0,LOW
Real Madrid,home,4-3-1-2,BACK4_2STRIKER,blocked_shots,7.0,1,6.125,0.875,LOW
Real Madrid,home,4-3-1-2,BACK4_2STRIKER,clearances,15.0,1,13.625,1.375,LOW
Real Madrid,home,4-3-1-2,BACK4_2STRIKER,corners,14.0,1,10.875,3.125,LOW
Real Madrid,home,4-3-1-2,BACK4_2STRIKER,crosses,6.0,1,6.25,-0.25,LOW
Real Madrid,home,4-3-1-2,BACK4_2STRIKER,possession,74.0,1,61.875,12.125,LOW
Real Madrid,home,4-3-1-2,BACK4_2STRIKER,total_shots,22.0,1,23.25,-1.25,LOW
Real Madrid,home,4-3-1-2,BACK4_2STRIKER,touches_in_box,40.0,1,43.5,-3.5,LOW
Real Madrid,home,4-3-3,BACK4_1STRIKER,blocked_shots,6.0,2,6.125,-0.125,LOW
Real Madrid,home,4-3-3,BACK4_1STRIKER,clearances,10.0,2,13.625,-3.625,LOW
Real Madrid,home,4-3-3,BACK4_1STRIKER,corners,6.5,2,10.875,-4.375,LOW
Real Madrid,home,4-3-3,BACK4_1STRIKER,crosses,7.0,2,6.25,0.75,LOW
Real Madrid,home,4-3-3,BACK4_1STRIKER,possession,56.5,2,61.875,-5.375,LOW
Real Madrid,home,4-3-3,BACK4_1STRIKER,total_shots,20.0,2,23.25,-3.25,LOW
Real Madrid,home,4-3-3,BACK4_1STRIKER,touches_in_box,40.5,2,43.5,-3.0,LOW
Real Madrid,home,4-4-2,BACK4_2STRIKER,blocked_shots,8.5,2,6.125,2.375,LOW
Real Madrid,home,4-4-2,BACK4_2STRIKER,clearances,11.0,2,13.625,-2.625,LOW
Real Madrid,home,4-4-2,BACK4_2STRIKER,corners,15.0,2,10.875,4.125,LOW
Real Madrid,home,4-4-2,BACK4_2STRIKER,crosses,6.5,2,6.25,0.25,LOW
Real Madrid,home,4-4-2,BACK4_2STRIKER,possession,68.5,2,61.875,6.625,LOW
Real Madrid,home,4-4-2,BACK4_2STRIKER,total_shots,29.0,2,23.25,5.75,LOW
Real Madrid,home,4-4-2,BACK4_2STRIKER,touches_in_box,53.0,2,43.5,9.5,LOW
Real Oviedo,away,4-1-3-2,BACK4_2STRIKER,blocked_shots,3.0,1,2.875,0.125,LOW
Real Oviedo,away,4-1-3-2,BACK4_2STRIKER,clearances,24.0,1,23.5,0.5,LOW
Real Oviedo,away,4-1-3-2,BACK4_2STRIKER,corners,5.0,1,4.625,0.375,LOW
Real Oviedo,away,4-1-3-2,BACK4_2STRIKER,crosses,5.0,1,4.125,0.875,LOW
Real Oviedo,away,4-1-3-2,BACK4_2STRIKER,possession,54.0,1,47.1875,6.8125,LOW
Real Oviedo,away,4-1-3-2,BACK4_2STRIKER,total_shots,15.0,1,10.0625,4.9375,LOW
Real Oviedo,away,4-1-3-2,BACK4_2STRIKER,touches_in_box,19.0,1,16.4375,2.5625,LOW
Real Oviedo,away,4-1-4-1,BACK4_1STRIKER,blocked_shots,1.0,1,2.875,-1.875,LOW
Real Oviedo,away,4-1-4-1,BACK4_1STRIKER,clearances,22.0,1,23.5,-1.5,LOW
Real Oviedo,away,4-1-4-1,BACK4_1STRIKER,corners,7.0,1,4.625,2.375,LOW
Real Oviedo,away,4-1-4-1,BACK4_1STRIKER,crosses,3.0,1,4.125,-1.125,LOW
Real Oviedo,away,4-1-4-1,BACK4_1STRIKER,possession,53.0,1,47.1875,5.8125,LOW
Real Oviedo,away,4-1-4-1,BACK4_1STRIKER,total_shots,4.0,1,10.0625,-6.0625,LOW
Real Oviedo,away,4-1-4-1,BACK4_1STRIKER,touches_in_box,20.0,1,16.4375,3.5625,LOW
Real Oviedo,away,4-2-3-1,BACK4_1STRIKER,blocked_shots,3.0,9,2.875,0.125,MEDIUM
Real Oviedo,away,4-2-3-1,BACK4_1STRIKER,clearances,23.3333,9,23.5,-0.1667,MEDIUM
Real Oviedo,away,4-2-3-1,BACK4_1STRIKER,corners,4.2222,9,4.625,-0.4028,MEDIUM
Real Oviedo,away,4-2-3-1,BACK4_1STRIKER,crosses,3.4444,9,4.125,-0.6806,MEDIUM
Real Oviedo,away,4-2-3-1,BACK4_1STRIKER,possession,47.3333,9,47.1875,0.1458,MEDIUM
Real Oviedo,away,4-2-3-1,BACK4_1STRIKER,total_shots,9.2222,9,10.0625,-0.8403,MEDIUM
Real Oviedo,away,4-2-3-1,BACK4_1STRIKER,touches_in_box,15.1111,9,16.4375,-1.3264,MEDIUM
Real Oviedo,away,4-3-3,BACK4_1STRIKER,blocked_shots,2.5,2,2.875,-0.375,LOW
Real Oviedo,away,4-3-3,BACK4_1STRIKER,clearances,30.0,2,23.5,6.5,LOW
Real Oviedo,away,4-3-3,BACK4_1STRIKER,corners,4.5,2,4.625,-0.125,LOW
Real Oviedo,away,4-3-3,BACK4_1STRIKER,crosses,5.5,2,4.125,1.375,LOW
Real Oviedo,away,4-3-3,BACK4_1STRIKER,possession,35.0,2,47.1875,-12.1875,LOW
Real Oviedo,away,4-3-3,BACK4_1STRIKER,total_shots,9.5,2,10.0625,-0.5625,LOW
Real Oviedo,away,4-3-3,BACK4_1STRIKER,touches_in_box,13.5,2,16.4375,-2.9375,LOW
Real Oviedo,away,4-4-1-1,BACK4_1STRIKER,blocked_shots,4.0,1,2.875,1.125,LOW
Real Oviedo,away,4-4-1-1,BACK4_1STRIKER,clearances,24.0,1,23.5,0.5,LOW
Real Oviedo,away,4-4-1-1,BACK4_1STRIKER,corners,5.0,1,4.625,0.375,LOW
Real Oviedo,away,4-4-1-1,BACK4_1STRIKER,crosses,7.0,1,4.125,2.875,LOW
Real Oviedo,away,4-4-1-1,BACK4_1STRIKER,possession,58.0,1,47.1875,10.8125,LOW
Real Oviedo,away,4-4-1-1,BACK4_1STRIKER,total_shots,10.0,1,10.0625,-0.0625,LOW
Real Oviedo,away,4-4-1-1,BACK4_1STRIKER,touches_in_box,16.0,1,16.4375,-0.4375,LOW
Real Oviedo,away,4-4-2,BACK4_2STRIKER,blocked_shots,3.0,2,2.875,0.125,LOW
Real Oviedo,away,4-4-2,BACK4_2STRIKER,clearances,18.0,2,23.5,-5.5,LOW
Real Oviedo,away,4-4-2,BACK4_2STRIKER,corners,5.0,2,4.625,0.375,LOW
Real Oviedo,away,4-4-2,BACK4_2STRIKER,crosses,4.5,2,4.125,0.375,LOW
Real Oviedo,away,4-4-2,BACK4_2STRIKER,possession,47.0,2,47.1875,-0.1875,LOW
Real Oviedo,away,4-4-2,BACK4_2STRIKER,total_shots,15.0,2,10.0625,4.9375,LOW
Real Oviedo,away,4-4-2,BACK4_2STRIKER,touches_in_box,22.5,2,16.4375,6.0625,LOW
Real Oviedo,home,3-4-3,BACK3_WINGBACK,blocked_shots,0.0,1,2.4286,-2.4286,LOW
Real Oviedo,home,3-4-3,BACK3_WINGBACK,clearances,25.0,1,25.1429,-0.1429,LOW
Real Oviedo,home,3-4-3,BACK3_WINGBACK,corners,1.0,1,5.7143,-4.7143,LOW
Real Oviedo,home,3-4-3,BACK3_WINGBACK,crosses,2.0,1,5.7143,-3.7143,LOW
Real Oviedo,home,3-4-3,BACK3_WINGBACK,possession,35.0,1,52.1429,-17.1429,LOW
Real Oviedo,home,3-4-3,BACK3_WINGBACK,total_shots,6.0,1,12.1429,-6.1429,LOW
Real Oviedo,home,3-4-3,BACK3_WINGBACK,touches_in_box,16.0,1,20.0,-4.0,LOW
Real Oviedo,home,4-2-3-1,BACK4_1STRIKER,blocked_shots,2.0,3,2.4286,-0.4286,LOW
Real Oviedo,home,4-2-3-1,BACK4_1STRIKER,clearances,20.6667,3,25.1429,-4.4762,LOW
Real Oviedo,home,4-2-3-1,BACK4_1STRIKER,corners,6.6667,3,5.7143,0.9524,LOW
Real Oviedo,home,4-2-3-1,BACK4_1STRIKER,crosses,7.0,3,5.7143,1.2857,LOW
Real Oviedo,home,4-2-3-1,BACK4_1STRIKER,possession,55.3333,3,52.1429,3.1905,LOW
Real Oviedo,home,4-2-3-1,BACK4_1STRIKER,total_shots,12.6667,3,12.1429,0.5238,LOW
Real Oviedo,home,4-2-3-1,BACK4_1STRIKER,touches_in_box,19.3333,3,20.0,-0.6667,LOW
Real Oviedo,home,4-3-3,BACK4_1STRIKER,blocked_shots,4.0,2,2.4286,1.5714,LOW
Real Oviedo,home,4-3-3,BACK4_1STRIKER,clearances,32.5,2,25.1429,7.3571,LOW
Real Oviedo,home,4-3-3,BACK4_1STRIKER,corners,6.5,2,5.7143,0.7857,LOW
Real Oviedo,home,4-3-3,BACK4_1STRIKER,crosses,5.5,2,5.7143,-0.2143,LOW
Real Oviedo,home,4-3-3,BACK4_1STRIKER,possession,49.5,2,52.1429,-2.6429,LOW
Real Oviedo,home,4-3-3,BACK4_1STRIKER,total_shots,13.5,2,12.1429,1.3571,LOW
Real Oviedo,home,4-3-3,BACK4_1STRIKER,touches_in_box,19.0,2,20.0,-1.0,LOW
Real Oviedo,home,4-4-2,BACK4_2STRIKER,blocked_shots,3.0,1,2.4286,0.5714,LOW
Real Oviedo,home,4-4-2,BACK4_2STRIKER,clearances,24.0,1,25.1429,-1.1429,LOW
Real Oviedo,home,4-4-2,BACK4_2STRIKER,corners,6.0,1,5.7143,0.2857,LOW
Real Oviedo,home,4-4-2,BACK4_2STRIKER,crosses,6.0,1,5.7143,0.2857,LOW
Real Oviedo,home,4-4-2,BACK4_2STRIKER,possession,65.0,1,52.1429,12.8571,LOW
Real Oviedo,home,4-4-2,BACK4_2STRIKER,total_shots,14.0,1,12.1429,1.8571,LOW
Real Oviedo,home,4-4-2,BACK4_2STRIKER,touches_in_box,28.0,1,20.0,8.0,LOW
Real Sociedad,away,4-1-4-1,BACK4_1STRIKER,blocked_shots,4.0,3,3.5,0.5,LOW
Real Sociedad,away,4-1-4-1,BACK4_1STRIKER,clearances,36.3333,3,28.8333,7.5,LOW
Real Sociedad,away,4-1-4-1,BACK4_1STRIKER,corners,5.6667,3,5.3333,0.3333,LOW
Real Sociedad,away,4-1-4-1,BACK4_1STRIKER,crosses,3.6667,3,2.8333,0.8333,LOW
Real Sociedad,away,4-1-4-1,BACK4_1STRIKER,possession,47.3333,3,47.8333,-0.5,LOW
Real Sociedad,away,4-1-4-1,BACK4_1STRIKER,total_shots,12.3333,3,10.0,2.3333,LOW
Real Sociedad,away,4-1-4-1,BACK4_1STRIKER,touches_in_box,17.3333,3,16.1667,1.1667,LOW
Real Sociedad,away,4-2-3-1,BACK4_1STRIKER,blocked_shots,4.0,2,3.5,0.5,LOW
Real Sociedad,away,4-2-3-1,BACK4_1STRIKER,clearances,21.5,2,28.8333,-7.3333,LOW
Real Sociedad,away,4-2-3-1,BACK4_1STRIKER,corners,5.0,2,5.3333,-0.3333,LOW
Real Sociedad,away,4-2-3-1,BACK4_1STRIKER,crosses,2.0,2,2.8333,-0.8333,LOW
Real Sociedad,away,4-2-3-1,BACK4_1STRIKER,possession,57.0,2,47.8333,9.1667,LOW
Real Sociedad,away,4-2-3-1,BACK4_1STRIKER,total_shots,9.0,2,10.0,-1.0,LOW
Real Sociedad,away,4-2-3-1,BACK4_1STRIKER,touches_in_box,16.5,2,16.1667,0.3333,LOW
Real Sociedad,away,4-4-2,BACK4_2STRIKER,blocked_shots,1.0,1,3.5,-2.5,LOW
Real Sociedad,away,4-4-2,BACK4_2STRIKER,clearances,21.0,1,28.8333,-7.8333,LOW
Real Sociedad,away,4-4-2,BACK4_2STRIKER,corners,5.0,1,5.3333,-0.3333,LOW
Real Sociedad,away,4-4-2,BACK4_2STRIKER,crosses,2.0,1,2.8333,-0.8333,LOW
Real Sociedad,away,4-4-2,BACK4_2STRIKER,possession,31.0,1,47.8333,-16.8333,LOW
Real Sociedad,away,4-4-2,BACK4_2STRIKER,total_shots,5.0,1,10.0,-5.0,LOW
Real Sociedad,away,4-4-2,BACK4_2STRIKER,touches_in_box,12.0,1,16.1667,-4.1667,LOW
Real Sociedad,home,4-1-4-1,BACK4_1STRIKER,blocked_shots,3.0,2,3.0,0.0,LOW
Real Sociedad,home,4-1-4-1,BACK4_1STRIKER,clearances,18.5,2,21.2,-2.7,LOW
Real Sociedad,home,4-1-4-1,BACK4_1STRIKER,corners,5.5,2,5.0,0.5,LOW
Real Sociedad,home,4-1-4-1,BACK4_1STRIKER,crosses,4.5,2,4.0,0.5,LOW
Real Sociedad,home,4-1-4-1,BACK4_1STRIKER,possession,62.0,2,54.2,7.8,LOW
Real Sociedad,home,4-1-4-1,BACK4_1STRIKER,total_shots,13.0,2,12.8,0.2,LOW
Real Sociedad,home,4-1-4-1,BACK4_1STRIKER,touches_in_box,24.0,2,22.4,1.6,LOW
Real Sociedad,home,4-2-3-1,BACK4_1STRIKER,blocked_shots,2.0,2,3.0,-1.0,LOW
Real Sociedad,home,4-2-3-1,BACK4_1STRIKER,clearances,26.5,2,21.2,5.3,LOW
Real Sociedad,home,4-2-3-1,BACK4_1STRIKER,corners,4.0,2,5.0,-1.0,LOW
Real Sociedad,home,4-2-3-1,BACK4_1STRIKER,crosses,5.0,2,4.0,1.0,LOW
Real Sociedad,home,4-2-3-1,BACK4_1STRIKER,possession,51.0,2,54.2,-3.2,LOW
Real Sociedad,home,4-2-3-1,BACK4_1STRIKER,total_shots,10.0,2,12.8,-2.8,LOW
Real Sociedad,home,4-2-3-1,BACK4_1STRIKER,touches_in_box,19.5,2,22.4,-2.9,LOW
Real Sociedad,home,4-4-2,BACK4_2STRIKER,blocked_shots,5.0,1,3.0,2.0,LOW
Real Sociedad,home,4-4-2,BACK4_2STRIKER,clearances,16.0,1,21.2,-5.2,LOW
Real Sociedad,home,4-4-2,BACK4_2STRIKER,corners,6.0,1,5.0,1.0,LOW
Real Sociedad,home,4-4-2,BACK4_2STRIKER,crosses,1.0,1,4.0,-3.0,LOW
Real Sociedad,home,4-4-2,BACK4_2STRIKER,possession,45.0,1,54.2,-9.2,LOW
Real Sociedad,home,4-4-2,BACK4_2STRIKER,total_shots,18.0,1,12.8,5.2,LOW
Real Sociedad,home,4-4-2,BACK4_2STRIKER,touches_in_box,25.0,1,22.4,2.6,LOW
Real Sociedad B,away,4-2-3-1,BACK4_1STRIKER,blocked_shots,5.0,3,4.8571,0.1429,LOW
Real Sociedad B,away,4-2-3-1,BACK4_1STRIKER,clearances,34.0,3,30.2857,3.7143,LOW
Real Sociedad B,away,4-2-3-1,BACK4_1STRIKER,corners,3.3333,3,4.1429,-0.8095,LOW
Real Sociedad B,away,4-2-3-1,BACK4_1STRIKER,crosses,1.6667,3,3.0,-1.3333,LOW
Real Sociedad B,away,4-2-3-1,BACK4_1STRIKER,possession,37.3333,3,42.4286,-5.0952,LOW
Real Sociedad B,away,4-2-3-1,BACK4_1STRIKER,total_shots,15.3333,3,16.8571,-1.5238,LOW
Real Sociedad B,away,4-2-3-1,BACK4_1STRIKER,touches_in_box,20.0,3,22.0,-2.0,LOW
Real Sociedad B,away,4-3-3,BACK4_1STRIKER,blocked_shots,4.0,1,4.8571,-0.8571,LOW
Real Sociedad B,away,4-3-3,BACK4_1STRIKER,clearances,25.0,1,30.2857,-5.2857,LOW
Real Sociedad B,away,4-3-3,BACK4_1STRIKER,corners,3.0,1,4.1429,-1.1429,LOW
Real Sociedad B,away,4-3-3,BACK4_1STRIKER,crosses,2.0,1,3.0,-1.0,LOW
Real Sociedad B,away,4-3-3,BACK4_1STRIKER,possession,44.0,1,42.4286,1.5714,LOW
Real Sociedad B,away,4-3-3,BACK4_1STRIKER,total_shots,16.0,1,16.8571,-0.8571,LOW
Real Sociedad B,away,4-3-3,BACK4_1STRIKER,touches_in_box,16.0,1,22.0,-6.0,LOW
Real Sociedad B,away,4-4-1-1,BACK4_1STRIKER,blocked_shots,4.0,1,4.8571,-0.8571,LOW
Real Sociedad B,away,4-4-1-1,BACK4_1STRIKER,clearances,18.0,1,30.2857,-12.2857,LOW
Real Sociedad B,away,4-4-1-1,BACK4_1STRIKER,corners,7.0,1,4.1429,2.8571,LOW
Real Sociedad B,away,4-4-1-1,BACK4_1STRIKER,crosses,4.0,1,3.0,1.0,LOW
Real Sociedad B,away,4-4-1-1,BACK4_1STRIKER,possession,42.0,1,42.4286,-0.4286,LOW
Real Sociedad B,away,4-4-1-1,BACK4_1STRIKER,total_shots,15.0,1,16.8571,-1.8571,LOW
Real Sociedad B,away,4-4-1-1,BACK4_1STRIKER,touches_in_box,28.0,1,22.0,6.0,LOW
Real Sociedad B,away,4-4-2,BACK4_2STRIKER,blocked_shots,8.0,1,4.8571,3.1429,LOW
Real Sociedad B,away,4-4-2,BACK4_2STRIKER,clearances,36.0,1,30.2857,5.7143,LOW
Real Sociedad B,away,4-4-2,BACK4_2STRIKER,corners,4.0,1,4.1429,-0.1429,LOW
Real Sociedad B,away,4-4-2,BACK4_2STRIKER,crosses,6.0,1,3.0,3.0,LOW
Real Sociedad B,away,4-4-2,BACK4_2STRIKER,possession,43.0,1,42.4286,0.5714,LOW
Real Sociedad B,away,4-4-2,BACK4_2STRIKER,total_shots,27.0,1,16.8571,10.1429,LOW
Real Sociedad B,away,4-4-2,BACK4_2STRIKER,touches_in_box,31.0,1,22.0,9.0,LOW
Real Sociedad B,away,4-5-1,BACK4_1STRIKER,blocked_shots,3.0,1,4.8571,-1.8571,LOW
Real Sociedad B,away,4-5-1,BACK4_1STRIKER,clearances,31.0,1,30.2857,0.7143,LOW
Real Sociedad B,away,4-5-1,BACK4_1STRIKER,corners,5.0,1,4.1429,0.8571,LOW
Real Sociedad B,away,4-5-1,BACK4_1STRIKER,crosses,4.0,1,3.0,1.0,LOW
Real Sociedad B,away,4-5-1,BACK4_1STRIKER,possession,56.0,1,42.4286,13.5714,LOW
Real Sociedad B,away,4-5-1,BACK4_1STRIKER,total_shots,14.0,1,16.8571,-2.8571,LOW
Real Sociedad B,away,4-5-1,BACK4_1STRIKER,touches_in_box,19.0,1,22.0,-3.0,LOW
Real Sociedad B,home,4-2-3-1,BACK4_1STRIKER,blocked_shots,3.8,5,4.0,-0.2,MEDIUM
Real Sociedad B,home,4-2-3-1,BACK4_1STRIKER,clearances,18.4,5,19.1667,-0.7667,MEDIUM
Real Sociedad B,home,4-2-3-1,BACK4_1STRIKER,corners,2.6,5,3.0,-0.4,MEDIUM
Real Sociedad B,home,4-2-3-1,BACK4_1STRIKER,crosses,3.8,5,4.3333,-0.5333,MEDIUM
Real Sociedad B,home,4-2-3-1,BACK4_1STRIKER,possession,44.6,5,46.8333,-2.2333,MEDIUM
Real Sociedad B,home,4-2-3-1,BACK4_1STRIKER,total_shots,14.8,5,15.1667,-0.3667,MEDIUM
Real Sociedad B,home,4-2-3-1,BACK4_1STRIKER,touches_in_box,16.4,5,18.0,-1.6,MEDIUM
Real Sociedad B,home,4-4-2,BACK4_2STRIKER,blocked_shots,5.0,1,4.0,1.0,LOW
Real Sociedad B,home,4-4-2,BACK4_2STRIKER,clearances,23.0,1,19.1667,3.8333,LOW
Real Sociedad B,home,4-4-2,BACK4_2STRIKER,corners,5.0,1,3.0,2.0,LOW
Real Sociedad B,home,4-4-2,BACK4_2STRIKER,crosses,7.0,1,4.3333,2.6667,LOW
Real Sociedad B,home,4-4-2,BACK4_2STRIKER,possession,58.0,1,46.8333,11.1667,LOW
Real Sociedad B,home,4-4-2,BACK4_2STRIKER,total_shots,17.0,1,15.1667,1.8333,LOW
Real Sociedad B,home,4-4-2,BACK4_2STRIKER,touches_in_box,26.0,1,18.0,8.0,LOW
Real Valladolid,away,4-1-4-1,BACK4_1STRIKER,blocked_shots,2.0,2,2.3333,-0.3333,LOW
Real Valladolid,away,4-1-4-1,BACK4_1STRIKER,clearances,21.0,2,22.7778,-1.7778,LOW
Real Valladolid,away,4-1-4-1,BACK4_1STRIKER,corners,2.0,2,3.4444,-1.4444,LOW
Real Valladolid,away,4-1-4-1,BACK4_1STRIKER,crosses,2.5,2,3.2222,-0.7222,LOW
Real Valladolid,away,4-1-4-1,BACK4_1STRIKER,possession,36.0,2,44.1111,-8.1111,LOW
Real Valladolid,away,4-1-4-1,BACK4_1STRIKER,total_shots,6.5,2,9.0,-2.5,LOW
Real Valladolid,away,4-1-4-1,BACK4_1STRIKER,touches_in_box,13.0,2,15.5556,-2.5556,LOW
Real Valladolid,away,4-2-3-1,BACK4_1STRIKER,blocked_shots,2.0,4,2.3333,-0.3333,LOW
Real Valladolid,away,4-2-3-1,BACK4_1STRIKER,clearances,23.25,4,22.7778,0.4722,LOW
Real Valladolid,away,4-2-3-1,BACK4_1STRIKER,corners,4.25,4,3.4444,0.8056,LOW
Real Valladolid,away,4-2-3-1,BACK4_1STRIKER,crosses,3.5,4,3.2222,0.2778,LOW
Real Valladolid,away,4-2-3-1,BACK4_1STRIKER,possession,46.25,4,44.1111,2.1389,LOW
Real Valladolid,away,4-2-3-1,BACK4_1STRIKER,total_shots,9.25,4,9.0,0.25,LOW
Real Valladolid,away,4-2-3-1,BACK4_1STRIKER,touches_in_box,18.0,4,15.5556,2.4444,LOW
Real Valladolid,away,4-3-3,BACK4_1STRIKER,blocked_shots,2.0,1,2.3333,-0.3333,LOW
Real Valladolid,away,4-3-3,BACK4_1STRIKER,clearances,11.0,1,22.7778,-11.7778,LOW
Real Valladolid,away,4-3-3,BACK4_1STRIKER,corners,7.0,1,3.4444,3.5556,LOW
Real Valladolid,away,4-3-3,BACK4_1STRIKER,crosses,2.0,1,3.2222,-1.2222,LOW
Real Valladolid,away,4-3-3,BACK4_1STRIKER,possession,64.0,1,44.1111,19.8889,LOW
Real Valladolid,away,4-3-3,BACK4_1STRIKER,total_shots,11.0,1,9.0,2.0,LOW
Real Valladolid,away,4-3-3,BACK4_1STRIKER,touches_in_box,12.0,1,15.5556,-3.5556,LOW
Real Valladolid,away,4-4-2,BACK4_2STRIKER,blocked_shots,3.0,1,2.3333,0.6667,LOW
Real Valladolid,away,4-4-2,BACK4_2STRIKER,clearances,32.0,1,22.7778,9.2222,LOW
Real Valladolid,away,4-4-2,BACK4_2STRIKER,corners,1.0,1,3.4444,-2.4444,LOW
Real Valladolid,away,4-4-2,BACK4_2STRIKER,crosses,4.0,1,3.2222,0.7778,LOW
Real Valladolid,away,4-4-2,BACK4_2STRIKER,possession,29.0,1,44.1111,-15.1111,LOW
Real Valladolid,away,4-4-2,BACK4_2STRIKER,total_shots,9.0,1,9.0,0.0,LOW
Real Valladolid,away,4-4-2,BACK4_2STRIKER,touches_in_box,17.0,1,15.5556,1.4444,LOW
Real Valladolid,away,5-3-2,BACK5_DEFENSIVE,blocked_shots,4.0,1,2.3333,1.6667,LOW
Real Valladolid,away,5-3-2,BACK5_DEFENSIVE,clearances,27.0,1,22.7778,4.2222,LOW
Real Valladolid,away,5-3-2,BACK5_DEFENSIVE,corners,2.0,1,3.4444,-1.4444,LOW
Real Valladolid,away,5-3-2,BACK5_DEFENSIVE,crosses,4.0,1,3.2222,0.7778,LOW
Real Valladolid,away,5-3-2,BACK5_DEFENSIVE,possession,47.0,1,44.1111,2.8889,LOW
Real Valladolid,away,5-3-2,BACK5_DEFENSIVE,total_shots,11.0,1,9.0,2.0,LOW
Real Valladolid,away,5-3-2,BACK5_DEFENSIVE,touches_in_box,13.0,1,15.5556,-2.5556,LOW
Real Valladolid,home,4-1-4-1,BACK4_1STRIKER,blocked_shots,4.3333,3,3.5,0.8333,LOW
Real Valladolid,home,4-1-4-1,BACK4_1STRIKER,clearances,13.6667,3,13.625,0.0417,LOW
Real Valladolid,home,4-1-4-1,BACK4_1STRIKER,corners,5.0,3,6.5,-1.5,LOW
Real Valladolid,home,4-1-4-1,BACK4_1STRIKER,crosses,6.6667,3,6.25,0.4167,LOW
Real Valladolid,home,4-1-4-1,BACK4_1STRIKER,possession,50.0,3,51.75,-1.75,LOW
Real Valladolid,home,4-1-4-1,BACK4_1STRIKER,total_shots,13.3333,3,13.125,0.2083,LOW
Real Valladolid,home,4-1-4-1,BACK4_1STRIKER,touches_in_box,24.0,3,21.625,2.375,LOW
Real Valladolid,home,4-2-3-1,BACK4_1STRIKER,blocked_shots,4.0,1,3.5,0.5,LOW
Real Valladolid,home,4-2-3-1,BACK4_1STRIKER,clearances,11.0,1,13.625,-2.625,LOW
Real Valladolid,home,4-2-3-1,BACK4_1STRIKER,corners,14.0,1,6.5,7.5,LOW
Real Valladolid,home,4-2-3-1,BACK4_1STRIKER,crosses,11.0,1,6.25,4.75,LOW
Real Valladolid,home,4-2-3-1,BACK4_1STRIKER,possession,69.0,1,51.75,17.25,LOW
Real Valladolid,home,4-2-3-1,BACK4_1STRIKER,total_shots,22.0,1,13.125,8.875,LOW
Real Valladolid,home,4-2-3-1,BACK4_1STRIKER,touches_in_box,43.0,1,21.625,21.375,LOW
Real Valladolid,home,4-3-3,BACK4_1STRIKER,blocked_shots,3.5,2,3.5,0.0,LOW
Real Valladolid,home,4-3-3,BACK4_1STRIKER,clearances,17.0,2,13.625,3.375,LOW
Real Valladolid,home,4-3-3,BACK4_1STRIKER,corners,5.5,2,6.5,-1.0,LOW
Real Valladolid,home,4-3-3,BACK4_1STRIKER,crosses,4.0,2,6.25,-2.25,LOW
Real Valladolid,home,4-3-3,BACK4_1STRIKER,possession,47.0,2,51.75,-4.75,LOW
Real Valladolid,home,4-3-3,BACK4_1STRIKER,total_shots,10.5,2,13.125,-2.625,LOW
Real Valladolid,home,4-3-3,BACK4_1STRIKER,touches_in_box,15.0,2,21.625,-6.625,LOW
Real Valladolid,home,4-4-2,BACK4_2STRIKER,blocked_shots,2.0,1,3.5,-1.5,LOW
Real Valladolid,home,4-4-2,BACK4_2STRIKER,clearances,8.0,1,13.625,-5.625,LOW
Real Valladolid,home,4-4-2,BACK4_2STRIKER,corners,6.0,1,6.5,-0.5,LOW
Real Valladolid,home,4-4-2,BACK4_2STRIKER,crosses,7.0,1,6.25,0.75,LOW
Real Valladolid,home,4-4-2,BACK4_2STRIKER,possession,54.0,1,51.75,2.25,LOW
Real Valladolid,home,4-4-2,BACK4_2STRIKER,total_shots,11.0,1,13.125,-2.125,LOW
Real Valladolid,home,4-4-2,BACK4_2STRIKER,touches_in_box,15.0,1,21.625,-6.625,LOW
Real Valladolid,home,5-4-1,BACK5_DEFENSIVE,blocked_shots,2.0,1,3.5,-1.5,LOW
Real Valladolid,home,5-4-1,BACK5_DEFENSIVE,clearances,15.0,1,13.625,1.375,LOW
Real Valladolid,home,5-4-1,BACK5_DEFENSIVE,corners,6.0,1,6.5,-0.5,LOW
Real Valladolid,home,5-4-1,BACK5_DEFENSIVE,crosses,4.0,1,6.25,-2.25,LOW
Real Valladolid,home,5-4-1,BACK5_DEFENSIVE,possession,47.0,1,51.75,-4.75,LOW
Real Valladolid,home,5-4-1,BACK5_DEFENSIVE,total_shots,11.0,1,13.125,-2.125,LOW
Real Valladolid,home,5-4-1,BACK5_DEFENSIVE,touches_in_box,13.0,1,21.625,-8.625,LOW
Real Zaragoza,away,3-5-2,BACK3_WINGBACK,blocked_shots,1.0,1,3.0,-2.0,LOW
Real Zaragoza,away,3-5-2,BACK3_WINGBACK,clearances,27.0,1,25.0,2.0,LOW
Real Zaragoza,away,3-5-2,BACK3_WINGBACK,corners,8.0,1,5.1667,2.8333,LOW
Real Zaragoza,away,3-5-2,BACK3_WINGBACK,crosses,5.0,1,3.1667,1.8333,LOW
Real Zaragoza,away,3-5-2,BACK3_WINGBACK,possession,49.0,1,46.8333,2.1667,LOW
Real Zaragoza,away,3-5-2,BACK3_WINGBACK,total_shots,11.0,1,10.5,0.5,LOW
Real Zaragoza,away,3-5-2,BACK3_WINGBACK,touches_in_box,14.0,1,16.1667,-2.1667,LOW
Real Zaragoza,away,4-2-3-1,BACK4_1STRIKER,blocked_shots,3.5,2,3.0,0.5,LOW
Real Zaragoza,away,4-2-3-1,BACK4_1STRIKER,clearances,21.5,2,25.0,-3.5,LOW
Real Zaragoza,away,4-2-3-1,BACK4_1STRIKER,corners,6.5,2,5.1667,1.3333,LOW
Real Zaragoza,away,4-2-3-1,BACK4_1STRIKER,crosses,3.0,2,3.1667,-0.1667,LOW
Real Zaragoza,away,4-2-3-1,BACK4_1STRIKER,possession,50.0,2,46.8333,3.1667,LOW
Real Zaragoza,away,4-2-3-1,BACK4_1STRIKER,total_shots,12.0,2,10.5,1.5,LOW
Real Zaragoza,away,4-2-3-1,BACK4_1STRIKER,touches_in_box,15.5,2,16.1667,-0.6667,LOW
Real Zaragoza,away,4-4-2,BACK4_2STRIKER,blocked_shots,3.3333,3,3.0,0.3333,LOW
Real Zaragoza,away,4-4-2,BACK4_2STRIKER,clearances,26.6667,3,25.0,1.6667,LOW
Real Zaragoza,away,4-4-2,BACK4_2STRIKER,corners,3.3333,3,5.1667,-1.8333,LOW
Real Zaragoza,away,4-4-2,BACK4_2STRIKER,crosses,2.6667,3,3.1667,-0.5,LOW
Real Zaragoza,away,4-4-2,BACK4_2STRIKER,possession,44.0,3,46.8333,-2.8333,LOW
Real Zaragoza,away,4-4-2,BACK4_2STRIKER,total_shots,9.3333,3,10.5,-1.1667,LOW
Real Zaragoza,away,4-4-2,BACK4_2STRIKER,touches_in_box,17.3333,3,16.1667,1.1667,LOW
Real Zaragoza,home,3-5-2,BACK3_WINGBACK,blocked_shots,4.0,1,4.3333,-0.3333,LOW
Real Zaragoza,home,3-5-2,BACK3_WINGBACK,clearances,23.0,1,16.75,6.25,LOW
Real Zaragoza,home,3-5-2,BACK3_WINGBACK,corners,4.0,1,4.8333,-0.8333,LOW
Real Zaragoza,home,3-5-2,BACK3_WINGBACK,crosses,7.0,1,4.75,2.25,LOW
Real Zaragoza,home,3-5-2,BACK3_WINGBACK,possession,38.0,1,49.0,-11.0,LOW
Real Zaragoza,home,3-5-2,BACK3_WINGBACK,total_shots,13.0,1,14.25,-1.25,LOW
Real Zaragoza,home,3-5-2,BACK3_WINGBACK,touches_in_box,22.0,1,22.4167,-0.4167,LOW
Real Zaragoza,home,4-1-3-2,BACK4_2STRIKER,blocked_shots,7.0,1,4.3333,2.6667,LOW
Real Zaragoza,home,4-1-3-2,BACK4_2STRIKER,clearances,13.0,1,16.75,-3.75,LOW
Real Zaragoza,home,4-1-3-2,BACK4_2STRIKER,corners,7.0,1,4.8333,2.1667,LOW
Real Zaragoza,home,4-1-3-2,BACK4_2STRIKER,crosses,9.0,1,4.75,4.25,LOW
Real Zaragoza,home,4-1-3-2,BACK4_2STRIKER,possession,52.0,1,49.0,3.0,LOW
Real Zaragoza,home,4-1-3-2,BACK4_2STRIKER,total_shots,25.0,1,14.25,10.75,LOW
Real Zaragoza,home,4-1-3-2,BACK4_2STRIKER,touches_in_box,27.0,1,22.4167,4.5833,LOW
Real Zaragoza,home,4-2-3-1,BACK4_1STRIKER,blocked_shots,4.0,6,4.3333,-0.3333,MEDIUM
Real Zaragoza,home,4-2-3-1,BACK4_1STRIKER,clearances,15.1667,6,16.75,-1.5833,MEDIUM
Real Zaragoza,home,4-2-3-1,BACK4_1STRIKER,corners,4.1667,6,4.8333,-0.6667,MEDIUM
Real Zaragoza,home,4-2-3-1,BACK4_1STRIKER,crosses,4.1667,6,4.75,-0.5833,MEDIUM
Real Zaragoza,home,4-2-3-1,BACK4_1STRIKER,possession,49.8333,6,49.0,0.8333,MEDIUM
Real Zaragoza,home,4-2-3-1,BACK4_1STRIKER,total_shots,13.1667,6,14.25,-1.0833,MEDIUM
Real Zaragoza,home,4-2-3-1,BACK4_1STRIKER,touches_in_box,22.3333,6,22.4167,-0.0833,MEDIUM
Real Zaragoza,home,4-4-2,BACK4_2STRIKER,blocked_shots,4.25,4,4.3333,-0.0833,LOW
Real Zaragoza,home,4-4-2,BACK4_2STRIKER,clearances,18.5,4,16.75,1.75,LOW
Real Zaragoza,home,4-4-2,BACK4_2STRIKER,corners,5.5,4,4.8333,0.6667,LOW
Real Zaragoza,home,4-4-2,BACK4_2STRIKER,crosses,4.0,4,4.75,-0.75,LOW
Real Zaragoza,home,4-4-2,BACK4_2STRIKER,possession,49.75,4,49.0,0.75,LOW
Real Zaragoza,home,4-4-2,BACK4_2STRIKER,total_shots,13.5,4,14.25,-0.75,LOW
Real Zaragoza,home,4-4-2,BACK4_2STRIKER,touches_in_box,21.5,4,22.4167,-0.9167,LOW
Red Star FC,away,3-1-4-2,BACK3_OTHER,blocked_shots,2.5,2,2.5,0.0,LOW
Red Star FC,away,3-1-4-2,BACK3_OTHER,clearances,19.0,2,18.1,0.9,LOW
Red Star FC,away,3-1-4-2,BACK3_OTHER,corners,3.5,2,4.4,-0.9,LOW
Red Star FC,away,3-1-4-2,BACK3_OTHER,crosses,3.0,2,3.8,-0.8,LOW
Red Star FC,away,3-1-4-2,BACK3_OTHER,possession,63.0,2,54.5,8.5,LOW
Red Star FC,away,3-1-4-2,BACK3_OTHER,total_shots,11.5,2,10.5,1.0,LOW
Red Star FC,away,3-1-4-2,BACK3_OTHER,touches_in_box,16.5,2,17.1,-0.6,LOW
Red Star FC,away,3-4-1-2,BACK3_WINGBACK,blocked_shots,2.5,2,2.5,0.0,LOW
Red Star FC,away,3-4-1-2,BACK3_WINGBACK,clearances,19.5,2,18.1,1.4,LOW
Red Star FC,away,3-4-1-2,BACK3_WINGBACK,corners,4.0,2,4.4,-0.4,LOW
Red Star FC,away,3-4-1-2,BACK3_WINGBACK,crosses,4.5,2,3.8,0.7,LOW
Red Star FC,away,3-4-1-2,BACK3_WINGBACK,possession,55.0,2,54.5,0.5,LOW
Red Star FC,away,3-4-1-2,BACK3_WINGBACK,total_shots,8.5,2,10.5,-2.0,LOW
Red Star FC,away,3-4-1-2,BACK3_WINGBACK,touches_in_box,17.0,2,17.1,-0.1,LOW
Red Star FC,away,3-4-2-1,BACK3_WINGBACK,blocked_shots,1.5,2,2.5,-1.0,LOW
Red Star FC,away,3-4-2-1,BACK3_WINGBACK,clearances,21.5,2,18.1,3.4,LOW
Red Star FC,away,3-4-2-1,BACK3_WINGBACK,corners,2.0,2,4.4,-2.4,LOW
Red Star FC,away,3-4-2-1,BACK3_WINGBACK,crosses,4.5,2,3.8,0.7,LOW
Red Star FC,away,3-4-2-1,BACK3_WINGBACK,possession,43.0,2,54.5,-11.5,LOW
Red Star FC,away,3-4-2-1,BACK3_WINGBACK,total_shots,9.0,2,10.5,-1.5,LOW
Red Star FC,away,3-4-2-1,BACK3_WINGBACK,touches_in_box,13.0,2,17.1,-4.1,LOW
Red Star FC,away,3-4-3,BACK3_WINGBACK,blocked_shots,2.0,2,2.5,-0.5,LOW
Red Star FC,away,3-4-3,BACK3_WINGBACK,clearances,19.0,2,18.1,0.9,LOW
Red Star FC,away,3-4-3,BACK3_WINGBACK,corners,4.5,2,4.4,0.1,LOW
Red Star FC,away,3-4-3,BACK3_WINGBACK,crosses,2.5,2,3.8,-1.3,LOW
Red Star FC,away,3-4-3,BACK3_WINGBACK,possession,48.5,2,54.5,-6.0,LOW
Red Star FC,away,3-4-3,BACK3_WINGBACK,total_shots,10.5,2,10.5,0.0,LOW
Red Star FC,away,3-4-3,BACK3_WINGBACK,touches_in_box,17.0,2,17.1,-0.1,LOW
Red Star FC,away,4-1-4-1,BACK4_1STRIKER,blocked_shots,5.0,1,2.5,2.5,LOW
Red Star FC,away,4-1-4-1,BACK4_1STRIKER,clearances,13.0,1,18.1,-5.1,LOW
Red Star FC,away,4-1-4-1,BACK4_1STRIKER,corners,5.0,1,4.4,0.6,LOW
Red Star FC,away,4-1-4-1,BACK4_1STRIKER,crosses,2.0,1,3.8,-1.8,LOW
Red Star FC,away,4-1-4-1,BACK4_1STRIKER,possession,59.0,1,54.5,4.5,LOW
Red Star FC,away,4-1-4-1,BACK4_1STRIKER,total_shots,8.0,1,10.5,-2.5,LOW
Red Star FC,away,4-1-4-1,BACK4_1STRIKER,touches_in_box,12.0,1,17.1,-5.1,LOW
Red Star FC,away,4-2-3-1,BACK4_1STRIKER,blocked_shots,3.0,1,2.5,0.5,LOW
Red Star FC,away,4-2-3-1,BACK4_1STRIKER,clearances,10.0,1,18.1,-8.1,LOW
Red Star FC,away,4-2-3-1,BACK4_1STRIKER,corners,11.0,1,4.4,6.6,LOW
Red Star FC,away,4-2-3-1,BACK4_1STRIKER,crosses,7.0,1,3.8,3.2,LOW
Red Star FC,away,4-2-3-1,BACK4_1STRIKER,possession,67.0,1,54.5,12.5,LOW
Red Star FC,away,4-2-3-1,BACK4_1STRIKER,total_shots,18.0,1,10.5,7.5,LOW
Red Star FC,away,4-2-3-1,BACK4_1STRIKER,touches_in_box,32.0,1,17.1,14.9,LOW
Red Star FC,home,3-1-4-2,BACK3_OTHER,blocked_shots,5.0,1,4.0,1.0,LOW
Red Star FC,home,3-1-4-2,BACK3_OTHER,clearances,12.0,1,15.4286,-3.4286,LOW
Red Star FC,home,3-1-4-2,BACK3_OTHER,corners,8.0,1,4.5714,3.4286,LOW
Red Star FC,home,3-1-4-2,BACK3_OTHER,crosses,15.0,1,5.5714,9.4286,LOW
Red Star FC,home,3-1-4-2,BACK3_OTHER,possession,59.0,1,54.0,5.0,LOW
Red Star FC,home,3-1-4-2,BACK3_OTHER,total_shots,18.0,1,13.7143,4.2857,LOW
Red Star FC,home,3-1-4-2,BACK3_OTHER,touches_in_box,30.0,1,22.2857,7.7143,LOW
Red Star FC,home,3-4-1-2,BACK3_WINGBACK,blocked_shots,3.0,1,4.0,-1.0,LOW
Red Star FC,home,3-4-1-2,BACK3_WINGBACK,clearances,9.0,1,15.4286,-6.4286,LOW
Red Star FC,home,3-4-1-2,BACK3_WINGBACK,corners,2.0,1,4.5714,-2.5714,LOW
Red Star FC,home,3-4-1-2,BACK3_WINGBACK,crosses,7.0,1,5.5714,1.4286,LOW
Red Star FC,home,3-4-1-2,BACK3_WINGBACK,possession,56.0,1,54.0,2.0,LOW
Red Star FC,home,3-4-1-2,BACK3_WINGBACK,total_shots,14.0,1,13.7143,0.2857,LOW
Red Star FC,home,3-4-1-2,BACK3_WINGBACK,touches_in_box,26.0,1,22.2857,3.7143,LOW
Red Star FC,home,3-4-3,BACK3_WINGBACK,blocked_shots,3.0,2,4.0,-1.0,LOW
Red Star FC,home,3-4-3,BACK3_WINGBACK,clearances,20.5,2,15.4286,5.0714,LOW
Red Star FC,home,3-4-3,BACK3_WINGBACK,corners,5.5,2,4.5714,0.9286,LOW
Red Star FC,home,3-4-3,BACK3_WINGBACK,crosses,3.5,2,5.5714,-2.0714,LOW
Red Star FC,home,3-4-3,BACK3_WINGBACK,possession,50.0,2,54.0,-4.0,LOW
Red Star FC,home,3-4-3,BACK3_WINGBACK,total_shots,8.0,2,13.7143,-5.7143,LOW
Red Star FC,home,3-4-3,BACK3_WINGBACK,touches_in_box,15.5,2,22.2857,-6.7857,LOW
Red Star FC,home,3-5-2,BACK3_WINGBACK,blocked_shots,3.0,1,4.0,-1.0,LOW
Red Star FC,home,3-5-2,BACK3_WINGBACK,clearances,8.0,1,15.4286,-7.4286,LOW
Red Star FC,home,3-5-2,BACK3_WINGBACK,corners,3.0,1,4.5714,-1.5714,LOW
Red Star FC,home,3-5-2,BACK3_WINGBACK,crosses,4.0,1,5.5714,-1.5714,LOW
Red Star FC,home,3-5-2,BACK3_WINGBACK,possession,49.0,1,54.0,-5.0,LOW
Red Star FC,home,3-5-2,BACK3_WINGBACK,total_shots,17.0,1,13.7143,3.2857,LOW
Red Star FC,home,3-5-2,BACK3_WINGBACK,touches_in_box,30.0,1,22.2857,7.7143,LOW
Red Star FC,home,4-2-3-1,BACK4_1STRIKER,blocked_shots,7.0,1,4.0,3.0,LOW
Red Star FC,home,4-2-3-1,BACK4_1STRIKER,clearances,23.0,1,15.4286,7.5714,LOW
Red Star FC,home,4-2-3-1,BACK4_1STRIKER,corners,4.0,1,4.5714,-0.5714,LOW
Red Star FC,home,4-2-3-1,BACK4_1STRIKER,crosses,2.0,1,5.5714,-3.5714,LOW
Red Star FC,home,4-2-3-1,BACK4_1STRIKER,possession,53.0,1,54.0,-1.0,LOW
Red Star FC,home,4-2-3-1,BACK4_1STRIKER,total_shots,13.0,1,13.7143,-0.7143,LOW
Red Star FC,home,4-2-3-1,BACK4_1STRIKER,touches_in_box,18.0,1,22.2857,-4.2857,LOW
Red Star FC,home,5-3-2,BACK5_DEFENSIVE,blocked_shots,4.0,1,4.0,0.0,LOW
Red Star FC,home,5-3-2,BACK5_DEFENSIVE,clearances,15.0,1,15.4286,-0.4286,LOW
Red Star FC,home,5-3-2,BACK5_DEFENSIVE,corners,4.0,1,4.5714,-0.5714,LOW
Red Star FC,home,5-3-2,BACK5_DEFENSIVE,crosses,4.0,1,5.5714,-1.5714,LOW
Red Star FC,home,5-3-2,BACK5_DEFENSIVE,possession,61.0,1,54.0,7.0,LOW
Red Star FC,home,5-3-2,BACK5_DEFENSIVE,total_shots,18.0,1,13.7143,4.2857,LOW
Red Star FC,home,5-3-2,BACK5_DEFENSIVE,touches_in_box,21.0,1,22.2857,-1.2857,LOW
Rodez AF,away,5-3-2,BACK5_DEFENSIVE,blocked_shots,2.0,8,2.0,0.0,MEDIUM
Rodez AF,away,5-3-2,BACK5_DEFENSIVE,clearances,28.125,8,28.125,0.0,MEDIUM
Rodez AF,away,5-3-2,BACK5_DEFENSIVE,corners,4.875,8,4.875,0.0,MEDIUM
Rodez AF,away,5-3-2,BACK5_DEFENSIVE,crosses,5.25,8,5.25,0.0,MEDIUM
Rodez AF,away,5-3-2,BACK5_DEFENSIVE,possession,38.375,8,38.375,0.0,MEDIUM
Rodez AF,away,5-3-2,BACK5_DEFENSIVE,total_shots,10.0,8,10.0,0.0,MEDIUM
Rodez AF,away,5-3-2,BACK5_DEFENSIVE,touches_in_box,22.625,8,22.625,0.0,MEDIUM
Rodez AF,home,5-3-2,BACK5_DEFENSIVE,blocked_shots,6.3333,9,6.3333,0.0,MEDIUM
Rodez AF,home,5-3-2,BACK5_DEFENSIVE,clearances,20.0,9,20.0,0.0,MEDIUM
Rodez AF,home,5-3-2,BACK5_DEFENSIVE,corners,6.8889,9,6.8889,0.0,MEDIUM
Rodez AF,home,5-3-2,BACK5_DEFENSIVE,crosses,8.5556,9,8.5556,0.0,MEDIUM
Rodez AF,home,5-3-2,BACK5_DEFENSIVE,possession,43.6667,9,43.6667,0.0,MEDIUM
Rodez AF,home,5-3-2,BACK5_DEFENSIVE,total_shots,18.4444,9,18.4444,0.0,MEDIUM
Rodez AF,home,5-3-2,BACK5_DEFENSIVE,touches_in_box,29.0,9,29.0,0.0,MEDIUM
Saint-Étienne,away,4-1-4-1,BACK4_1STRIKER,blocked_shots,2.0,1,2.0,0.0,LOW
Saint-Étienne,away,4-1-4-1,BACK4_1STRIKER,clearances,14.0,1,25.2,-11.2,LOW
Saint-Étienne,away,4-1-4-1,BACK4_1STRIKER,corners,3.0,1,1.8,1.2,LOW
Saint-Étienne,away,4-1-4-1,BACK4_1STRIKER,crosses,6.0,1,2.6,3.4,LOW
Saint-Étienne,away,4-1-4-1,BACK4_1STRIKER,possession,65.0,1,47.0,18.0,LOW
Saint-Étienne,away,4-1-4-1,BACK4_1STRIKER,total_shots,13.0,1,11.2,1.8,LOW
Saint-Étienne,away,4-1-4-1,BACK4_1STRIKER,touches_in_box,22.0,1,20.4,1.6,LOW
Saint-Étienne,away,4-2-3-1,BACK4_1STRIKER,blocked_shots,1.0,1,2.0,-1.0,LOW
Saint-Étienne,away,4-2-3-1,BACK4_1STRIKER,clearances,44.0,1,25.2,18.8,LOW
Saint-Étienne,away,4-2-3-1,BACK4_1STRIKER,corners,3.0,1,1.8,1.2,LOW
Saint-Étienne,away,4-2-3-1,BACK4_1STRIKER,crosses,4.0,1,2.6,1.4,LOW
Saint-Étienne,away,4-2-3-1,BACK4_1STRIKER,possession,37.0,1,47.0,-10.0,LOW
Saint-Étienne,away,4-2-3-1,BACK4_1STRIKER,total_shots,12.0,1,11.2,0.8,LOW
Saint-Étienne,away,4-2-3-1,BACK4_1STRIKER,touches_in_box,14.0,1,20.4,-6.4,LOW
Saint-Étienne,away,4-3-3,BACK4_1STRIKER,blocked_shots,2.3333,3,2.0,0.3333,LOW
Saint-Étienne,away,4-3-3,BACK4_1STRIKER,clearances,22.6667,3,25.2,-2.5333,LOW
Saint-Étienne,away,4-3-3,BACK4_1STRIKER,corners,1.0,3,1.8,-0.8,LOW
Saint-Étienne,away,4-3-3,BACK4_1STRIKER,crosses,1.0,3,2.6,-1.6,LOW
Saint-Étienne,away,4-3-3,BACK4_1STRIKER,possession,44.3333,3,47.0,-2.6667,LOW
Saint-Étienne,away,4-3-3,BACK4_1STRIKER,total_shots,10.3333,3,11.2,-0.8667,LOW
Saint-Étienne,away,4-3-3,BACK4_1STRIKER,touches_in_box,22.0,3,20.4,1.6,LOW
Saint-Étienne,home,3-4-3,BACK3_WINGBACK,blocked_shots,4.0,1,3.7143,0.2857,LOW
Saint-Étienne,home,3-4-3,BACK3_WINGBACK,clearances,13.0,1,18.7143,-5.7143,LOW
Saint-Étienne,home,3-4-3,BACK3_WINGBACK,corners,6.0,1,5.4286,0.5714,LOW
Saint-Étienne,home,3-4-3,BACK3_WINGBACK,crosses,6.0,1,3.2857,2.7143,LOW
Saint-Étienne,home,3-4-3,BACK3_WINGBACK,possession,62.0,1,56.0,6.0,LOW
Saint-Étienne,home,3-4-3,BACK3_WINGBACK,total_shots,17.0,1,15.5714,1.4286,LOW
Saint-Étienne,home,3-4-3,BACK3_WINGBACK,touches_in_box,30.0,1,24.8571,5.1429,LOW
Saint-Étienne,home,4-1-4-1,BACK4_1STRIKER,blocked_shots,0.0,1,3.7143,-3.7143,LOW
Saint-Étienne,home,4-1-4-1,BACK4_1STRIKER,clearances,35.0,1,18.7143,16.2857,LOW
Saint-Étienne,home,4-1-4-1,BACK4_1STRIKER,corners,2.0,1,5.4286,-3.4286,LOW
Saint-Étienne,home,4-1-4-1,BACK4_1STRIKER,crosses,3.0,1,3.2857,-0.2857,LOW
Saint-Étienne,home,4-1-4-1,BACK4_1STRIKER,possession,29.0,1,56.0,-27.0,LOW
Saint-Étienne,home,4-1-4-1,BACK4_1STRIKER,total_shots,10.0,1,15.5714,-5.5714,LOW
Saint-Étienne,home,4-1-4-1,BACK4_1STRIKER,touches_in_box,10.0,1,24.8571,-14.8571,LOW
Saint-Étienne,home,4-2-3-1,BACK4_1STRIKER,blocked_shots,3.2,5,3.7143,-0.5143,MEDIUM
Saint-Étienne,home,4-2-3-1,BACK4_1STRIKER,clearances,14.2,5,18.7143,-4.5143,MEDIUM
Saint-Étienne,home,4-2-3-1,BACK4_1STRIKER,corners,6.2,5,5.4286,0.7714,MEDIUM
Saint-Étienne,home,4-2-3-1,BACK4_1STRIKER,crosses,4.2,5,3.2857,0.9143,MEDIUM
Saint-Étienne,home,4-2-3-1,BACK4_1STRIKER,possession,55.2,5,56.0,-0.8,MEDIUM
Saint-Étienne,home,4-2-3-1,BACK4_1STRIKER,total_shots,16.6,5,15.5714,1.0286,MEDIUM
Saint-Étienne,home,4-2-3-1,BACK4_1STRIKER,touches_in_box,28.2,5,24.8571,3.3429,MEDIUM
Saint-Étienne,home,4-3-3,BACK4_1STRIKER,blocked_shots,4.5714,7,3.7143,0.8571,MEDIUM
Saint-Étienne,home,4-3-3,BACK4_1STRIKER,clearances,20.4286,7,18.7143,1.7143,MEDIUM
Saint-Étienne,home,4-3-3,BACK4_1STRIKER,corners,5.2857,7,5.4286,-0.1429,MEDIUM
Saint-Étienne,home,4-3-3,BACK4_1STRIKER,crosses,2.2857,7,3.2857,-1.0,MEDIUM
Saint-Étienne,home,4-3-3,BACK4_1STRIKER,possession,59.5714,7,56.0,3.5714,MEDIUM
Saint-Étienne,home,4-3-3,BACK4_1STRIKER,total_shots,15.4286,7,15.5714,-0.1429,MEDIUM
Saint-Étienne,home,4-3-3,BACK4_1STRIKER,touches_in_box,23.8571,7,24.8571,-1.0,MEDIUM
Sevilla,away,3-4-2-1,BACK3_WINGBACK,blocked_shots,3.0,2,2.125,0.875,LOW
Sevilla,away,3-4-2-1,BACK3_WINGBACK,clearances,17.5,2,20.25,-2.75,LOW
Sevilla,away,3-4-2-1,BACK3_WINGBACK,corners,4.5,2,5.5,-1.0,LOW
Sevilla,away,3-4-2-1,BACK3_WINGBACK,crosses,2.0,2,2.5,-0.5,LOW
Sevilla,away,3-4-2-1,BACK3_WINGBACK,possession,56.0,2,50.125,5.875,LOW
Sevilla,away,3-4-2-1,BACK3_WINGBACK,total_shots,10.5,2,9.75,0.75,LOW
Sevilla,away,3-4-2-1,BACK3_WINGBACK,touches_in_box,17.5,2,16.75,0.75,LOW
Sevilla,away,4-2-3-1,BACK4_1STRIKER,blocked_shots,2.3333,3,2.125,0.2083,LOW
Sevilla,away,4-2-3-1,BACK4_1STRIKER,clearances,18.6667,3,20.25,-1.5833,LOW
Sevilla,away,4-2-3-1,BACK4_1STRIKER,corners,8.3333,3,5.5,2.8333,LOW
Sevilla,away,4-2-3-1,BACK4_1STRIKER,crosses,2.6667,3,2.5,0.1667,LOW
Sevilla,away,4-2-3-1,BACK4_1STRIKER,possession,50.3333,3,50.125,0.2083,LOW
Sevilla,away,4-2-3-1,BACK4_1STRIKER,total_shots,9.3333,3,9.75,-0.4167,LOW
Sevilla,away,4-2-3-1,BACK4_1STRIKER,touches_in_box,17.6667,3,16.75,0.9167,LOW
Sevilla,away,4-3-3,BACK4_1STRIKER,blocked_shots,0.0,2,2.125,-2.125,LOW
Sevilla,away,4-3-3,BACK4_1STRIKER,clearances,24.5,2,20.25,4.25,LOW
Sevilla,away,4-3-3,BACK4_1STRIKER,corners,2.5,2,5.5,-3.0,LOW
Sevilla,away,4-3-3,BACK4_1STRIKER,crosses,2.0,2,2.5,-0.5,LOW
Sevilla,away,4-3-3,BACK4_1STRIKER,possession,45.5,2,50.125,-4.625,LOW
Sevilla,away,4-3-3,BACK4_1STRIKER,total_shots,7.5,2,9.75,-2.25,LOW
Sevilla,away,4-3-3,BACK4_1STRIKER,touches_in_box,10.5,2,16.75,-6.25,LOW
Sevilla,away,5-3-2,BACK5_DEFENSIVE,blocked_shots,4.0,1,2.125,1.875,LOW
Sevilla,away,5-3-2,BACK5_DEFENSIVE,clearances,22.0,1,20.25,1.75,LOW
Sevilla,away,5-3-2,BACK5_DEFENSIVE,corners,5.0,1,5.5,-0.5,LOW
Sevilla,away,5-3-2,BACK5_DEFENSIVE,crosses,4.0,1,2.5,1.5,LOW
Sevilla,away,5-3-2,BACK5_DEFENSIVE,possession,47.0,1,50.125,-3.125,LOW
Sevilla,away,5-3-2,BACK5_DEFENSIVE,total_shots,14.0,1,9.75,4.25,LOW
Sevilla,away,5-3-2,BACK5_DEFENSIVE,touches_in_box,25.0,1,16.75,8.25,LOW
Sevilla,home,3-4-2-1,BACK3_WINGBACK,blocked_shots,2.0,1,3.5556,-1.5556,LOW
Sevilla,home,3-4-2-1,BACK3_WINGBACK,clearances,25.0,1,25.2222,-0.2222,LOW
Sevilla,home,3-4-2-1,BACK3_WINGBACK,corners,2.0,1,4.1111,-2.1111,LOW
Sevilla,home,3-4-2-1,BACK3_WINGBACK,crosses,6.0,1,4.5556,1.4444,LOW
Sevilla,home,3-4-2-1,BACK3_WINGBACK,possession,53.0,1,54.0,-1.0,LOW
Sevilla,home,3-4-2-1,BACK3_WINGBACK,total_shots,7.0,1,12.4444,-5.4444,LOW
Sevilla,home,3-4-2-1,BACK3_WINGBACK,touches_in_box,17.0,1,21.6667,-4.6667,LOW
Sevilla,home,3-4-3,BACK3_WINGBACK,blocked_shots,2.0,1,3.5556,-1.5556,LOW
Sevilla,home,3-4-3,BACK3_WINGBACK,clearances,21.0,1,25.2222,-4.2222,LOW
Sevilla,home,3-4-3,BACK3_WINGBACK,corners,3.0,1,4.1111,-1.1111,LOW
Sevilla,home,3-4-3,BACK3_WINGBACK,crosses,4.0,1,4.5556,-0.5556,LOW
Sevilla,home,3-4-3,BACK3_WINGBACK,possession,61.0,1,54.0,7.0,LOW
Sevilla,home,3-4-3,BACK3_WINGBACK,total_shots,10.0,1,12.4444,-2.4444,LOW
Sevilla,home,3-4-3,BACK3_WINGBACK,touches_in_box,18.0,1,21.6667,-3.6667,LOW
Sevilla,home,3-5-2,BACK3_WINGBACK,blocked_shots,5.0,1,3.5556,1.4444,LOW
Sevilla,home,3-5-2,BACK3_WINGBACK,clearances,19.0,1,25.2222,-6.2222,LOW
Sevilla,home,3-5-2,BACK3_WINGBACK,corners,5.0,1,4.1111,0.8889,LOW
Sevilla,home,3-5-2,BACK3_WINGBACK,crosses,6.0,1,4.5556,1.4444,LOW
Sevilla,home,3-5-2,BACK3_WINGBACK,possession,64.0,1,54.0,10.0,LOW
Sevilla,home,3-5-2,BACK3_WINGBACK,total_shots,15.0,1,12.4444,2.5556,LOW
Sevilla,home,3-5-2,BACK3_WINGBACK,touches_in_box,32.0,1,21.6667,10.3333,LOW
Sevilla,home,4-2-3-1,BACK4_1STRIKER,blocked_shots,3.25,4,3.5556,-0.3056,LOW
Sevilla,home,4-2-3-1,BACK4_1STRIKER,clearances,26.75,4,25.2222,1.5278,LOW
Sevilla,home,4-2-3-1,BACK4_1STRIKER,corners,4.75,4,4.1111,0.6389,LOW
Sevilla,home,4-2-3-1,BACK4_1STRIKER,crosses,4.0,4,4.5556,-0.5556,LOW
Sevilla,home,4-2-3-1,BACK4_1STRIKER,possession,52.5,4,54.0,-1.5,LOW
Sevilla,home,4-2-3-1,BACK4_1STRIKER,total_shots,12.0,4,12.4444,-0.4444,LOW
Sevilla,home,4-2-3-1,BACK4_1STRIKER,touches_in_box,20.5,4,21.6667,-1.1667,LOW
Sevilla,home,4-4-2,BACK4_2STRIKER,blocked_shots,6.0,1,3.5556,2.4444,LOW
Sevilla,home,4-4-2,BACK4_2STRIKER,clearances,29.0,1,25.2222,3.7778,LOW
Sevilla,home,4-4-2,BACK4_2STRIKER,corners,3.0,1,4.1111,-1.1111,LOW
Sevilla,home,4-4-2,BACK4_2STRIKER,crosses,5.0,1,4.5556,0.4444,LOW
Sevilla,home,4-4-2,BACK4_2STRIKER,possession,42.0,1,54.0,-12.0,LOW
Sevilla,home,4-4-2,BACK4_2STRIKER,total_shots,19.0,1,12.4444,6.5556,LOW
Sevilla,home,4-4-2,BACK4_2STRIKER,touches_in_box,21.0,1,21.6667,-0.6667,LOW
Sevilla,home,5-3-2,BACK5_DEFENSIVE,blocked_shots,4.0,1,3.5556,0.4444,LOW
Sevilla,home,5-3-2,BACK5_DEFENSIVE,clearances,26.0,1,25.2222,0.7778,LOW
Sevilla,home,5-3-2,BACK5_DEFENSIVE,corners,5.0,1,4.1111,0.8889,LOW
Sevilla,home,5-3-2,BACK5_DEFENSIVE,crosses,4.0,1,4.5556,-0.5556,LOW
Sevilla,home,5-3-2,BACK5_DEFENSIVE,possession,56.0,1,54.0,2.0,LOW
Sevilla,home,5-3-2,BACK5_DEFENSIVE,total_shots,13.0,1,12.4444,0.5556,LOW
Sevilla,home,5-3-2,BACK5_DEFENSIVE,touches_in_box,25.0,1,21.6667,3.3333,LOW
Sheffield United,away,4-2-3-1,BACK4_1STRIKER,blocked_shots,3.4,5,3.8889,-0.4889,MEDIUM
Sheffield United,away,4-2-3-1,BACK4_1STRIKER,clearances,33.8,5,30.7778,3.0222,MEDIUM
Sheffield United,away,4-2-3-1,BACK4_1STRIKER,corners,5.6,5,6.6667,-1.0667,MEDIUM
Sheffield United,away,4-2-3-1,BACK4_1STRIKER,crosses,3.6,5,3.5556,0.0444,MEDIUM
Sheffield United,away,4-2-3-1,BACK4_1STRIKER,possession,53.6,5,48.6667,4.9333,MEDIUM
Sheffield United,away,4-2-3-1,BACK4_1STRIKER,total_shots,9.6,5,9.7778,-0.1778,MEDIUM
Sheffield United,away,4-2-3-1,BACK4_1STRIKER,touches_in_box,22.2,5,20.5556,1.6444,MEDIUM
Sheffield United,away,4-3-3,BACK4_1STRIKER,blocked_shots,4.5,2,3.8889,0.6111,LOW
Sheffield United,away,4-3-3,BACK4_1STRIKER,clearances,24.5,2,30.7778,-6.2778,LOW
Sheffield United,away,4-3-3,BACK4_1STRIKER,corners,8.0,2,6.6667,1.3333,LOW
Sheffield United,away,4-3-3,BACK4_1STRIKER,crosses,2.5,2,3.5556,-1.0556,LOW
Sheffield United,away,4-3-3,BACK4_1STRIKER,possession,48.5,2,48.6667,-0.1667,LOW
Sheffield United,away,4-3-3,BACK4_1STRIKER,total_shots,8.0,2,9.7778,-1.7778,LOW
Sheffield United,away,4-3-3,BACK4_1STRIKER,touches_in_box,18.5,2,20.5556,-2.0556,LOW
Sheffield United,away,4-4-2,BACK4_2STRIKER,blocked_shots,4.5,2,3.8889,0.6111,LOW
Sheffield United,away,4-4-2,BACK4_2STRIKER,clearances,29.5,2,30.7778,-1.2778,LOW
Sheffield United,away,4-4-2,BACK4_2STRIKER,corners,8.0,2,6.6667,1.3333,LOW
Sheffield United,away,4-4-2,BACK4_2STRIKER,crosses,4.5,2,3.5556,0.9444,LOW
Sheffield United,away,4-4-2,BACK4_2STRIKER,possession,36.5,2,48.6667,-12.1667,LOW
Sheffield United,away,4-4-2,BACK4_2STRIKER,total_shots,12.0,2,9.7778,2.2222,LOW
Sheffield United,away,4-4-2,BACK4_2STRIKER,touches_in_box,18.5,2,20.5556,-2.0556,LOW
Sheffield United,home,4-2-2-2,BACK4_2STRIKER,blocked_shots,5.0,1,5.7778,-0.7778,LOW
Sheffield United,home,4-2-2-2,BACK4_2STRIKER,clearances,23.0,1,25.5556,-2.5556,LOW
Sheffield United,home,4-2-2-2,BACK4_2STRIKER,corners,6.0,1,5.5556,0.4444,LOW
Sheffield United,home,4-2-2-2,BACK4_2STRIKER,crosses,9.0,1,3.8889,5.1111,LOW
Sheffield United,home,4-2-2-2,BACK4_2STRIKER,possession,45.0,1,50.3333,-5.3333,LOW
Sheffield United,home,4-2-2-2,BACK4_2STRIKER,total_shots,17.0,1,15.2222,1.7778,LOW
Sheffield United,home,4-2-2-2,BACK4_2STRIKER,touches_in_box,43.0,1,27.5556,15.4444,LOW
Sheffield United,home,4-2-3-1,BACK4_1STRIKER,blocked_shots,5.7143,7,5.7778,-0.0635,MEDIUM
Sheffield United,home,4-2-3-1,BACK4_1STRIKER,clearances,26.1429,7,25.5556,0.5873,MEDIUM
Sheffield United,home,4-2-3-1,BACK4_1STRIKER,corners,5.7143,7,5.5556,0.1587,MEDIUM
Sheffield United,home,4-2-3-1,BACK4_1STRIKER,crosses,3.0,7,3.8889,-0.8889,MEDIUM
Sheffield United,home,4-2-3-1,BACK4_1STRIKER,possession,51.0,7,50.3333,0.6667,MEDIUM
Sheffield United,home,4-2-3-1,BACK4_1STRIKER,total_shots,15.1429,7,15.2222,-0.0794,MEDIUM
Sheffield United,home,4-2-3-1,BACK4_1STRIKER,touches_in_box,25.4286,7,27.5556,-2.127,MEDIUM
Sheffield United,home,4-4-1-1,BACK4_1STRIKER,blocked_shots,7.0,1,5.7778,1.2222,LOW
Sheffield United,home,4-4-1-1,BACK4_1STRIKER,clearances,24.0,1,25.5556,-1.5556,LOW
Sheffield United,home,4-4-1-1,BACK4_1STRIKER,corners,4.0,1,5.5556,-1.5556,LOW
Sheffield United,home,4-4-1-1,BACK4_1STRIKER,crosses,5.0,1,3.8889,1.1111,LOW
Sheffield United,home,4-4-1-1,BACK4_1STRIKER,possession,51.0,1,50.3333,0.6667,LOW
Sheffield United,home,4-4-1-1,BACK4_1STRIKER,total_shots,14.0,1,15.2222,-1.2222,LOW
Sheffield United,home,4-4-1-1,BACK4_1STRIKER,touches_in_box,27.0,1,27.5556,-0.5556,LOW
Sheffield Wednesday,away,3-1-4-2,BACK3_OTHER,blocked_shots,1.0,1,2.5,-1.5,LOW
Sheffield Wednesday,away,3-1-4-2,BACK3_OTHER,clearances,16.0,1,23.0,-7.0,LOW
Sheffield Wednesday,away,3-1-4-2,BACK3_OTHER,corners,2.0,1,4.75,-2.75,LOW
Sheffield Wednesday,away,3-1-4-2,BACK3_OTHER,crosses,3.0,1,3.25,-0.25,LOW
Sheffield Wednesday,away,3-1-4-2,BACK3_OTHER,possession,45.0,1,41.375,3.625,LOW
Sheffield Wednesday,away,3-1-4-2,BACK3_OTHER,total_shots,7.0,1,8.625,-1.625,LOW
Sheffield Wednesday,away,3-1-4-2,BACK3_OTHER,touches_in_box,12.0,1,15.4286,-3.4286,LOW
Sheffield Wednesday,away,3-5-2,BACK3_WINGBACK,blocked_shots,1.0,2,2.5,-1.5,LOW
Sheffield Wednesday,away,3-5-2,BACK3_WINGBACK,clearances,35.5,2,23.0,12.5,LOW
Sheffield Wednesday,away,3-5-2,BACK3_WINGBACK,corners,2.5,2,4.75,-2.25,LOW
Sheffield Wednesday,away,3-5-2,BACK3_WINGBACK,crosses,1.0,2,3.25,-2.25,LOW
Sheffield Wednesday,away,3-5-2,BACK3_WINGBACK,possession,35.5,2,41.375,-5.875,LOW
Sheffield Wednesday,away,3-5-2,BACK3_WINGBACK,total_shots,6.0,2,8.625,-2.625,LOW
Sheffield Wednesday,away,3-5-2,BACK3_WINGBACK,touches_in_box,10.5,2,15.4286,-4.9286,LOW
Sheffield Wednesday,away,4-1-4-1,BACK4_1STRIKER,blocked_shots,4.0,1,2.5,1.5,LOW
Sheffield Wednesday,away,4-1-4-1,BACK4_1STRIKER,clearances,11.0,1,23.0,-12.0,LOW
Sheffield Wednesday,away,4-1-4-1,BACK4_1STRIKER,corners,7.0,1,4.75,2.25,LOW
Sheffield Wednesday,away,4-1-4-1,BACK4_1STRIKER,crosses,5.0,1,3.25,1.75,LOW
Sheffield Wednesday,away,4-1-4-1,BACK4_1STRIKER,possession,33.0,1,41.375,-8.375,LOW
Sheffield Wednesday,away,4-1-4-1,BACK4_1STRIKER,total_shots,13.0,1,8.625,4.375,LOW
Sheffield Wednesday,away,4-2-3-1,BACK4_1STRIKER,blocked_shots,4.0,2,2.5,1.5,LOW
Sheffield Wednesday,away,4-2-3-1,BACK4_1STRIKER,clearances,18.5,2,23.0,-4.5,LOW
Sheffield Wednesday,away,4-2-3-1,BACK4_1STRIKER,corners,8.5,2,4.75,3.75,LOW
Sheffield Wednesday,away,4-2-3-1,BACK4_1STRIKER,crosses,5.5,2,3.25,2.25,LOW
Sheffield Wednesday,away,4-2-3-1,BACK4_1STRIKER,possession,42.0,2,41.375,0.625,LOW
Sheffield Wednesday,away,4-2-3-1,BACK4_1STRIKER,total_shots,10.0,2,8.625,1.375,LOW
Sheffield Wednesday,away,4-2-3-1,BACK4_1STRIKER,touches_in_box,22.5,2,15.4286,7.0714,LOW
Sheffield Wednesday,away,4-3-3,BACK4_1STRIKER,blocked_shots,3.0,1,2.5,0.5,LOW
Sheffield Wednesday,away,4-3-3,BACK4_1STRIKER,clearances,22.0,1,23.0,-1.0,LOW
Sheffield Wednesday,away,4-3-3,BACK4_1STRIKER,corners,5.0,1,4.75,0.25,LOW
Sheffield Wednesday,away,4-3-3,BACK4_1STRIKER,crosses,1.0,1,3.25,-2.25,LOW
Sheffield Wednesday,away,4-3-3,BACK4_1STRIKER,possession,49.0,1,41.375,7.625,LOW
Sheffield Wednesday,away,4-3-3,BACK4_1STRIKER,total_shots,10.0,1,8.625,1.375,LOW
Sheffield Wednesday,away,4-3-3,BACK4_1STRIKER,touches_in_box,13.0,1,15.4286,-2.4286,LOW
Sheffield Wednesday,away,4-4-1-1,BACK4_1STRIKER,blocked_shots,2.0,1,2.5,-0.5,LOW
Sheffield Wednesday,away,4-4-1-1,BACK4_1STRIKER,clearances,27.0,1,23.0,4.0,LOW
Sheffield Wednesday,away,4-4-1-1,BACK4_1STRIKER,corners,2.0,1,4.75,-2.75,LOW
Sheffield Wednesday,away,4-4-1-1,BACK4_1STRIKER,crosses,4.0,1,3.25,0.75,LOW
Sheffield Wednesday,away,4-4-1-1,BACK4_1STRIKER,possession,49.0,1,41.375,7.625,LOW
Sheffield Wednesday,away,4-4-1-1,BACK4_1STRIKER,total_shots,7.0,1,8.625,-1.625,LOW
Sheffield Wednesday,away,4-4-1-1,BACK4_1STRIKER,touches_in_box,17.0,1,15.4286,1.5714,LOW
Sheffield Wednesday,home,3-1-4-2,BACK3_OTHER,blocked_shots,4.0,1,3.0,1.0,LOW
Sheffield Wednesday,home,3-1-4-2,BACK3_OTHER,clearances,16.0,1,24.25,-8.25,LOW
Sheffield Wednesday,home,3-1-4-2,BACK3_OTHER,corners,5.0,1,3.0,2.0,LOW
Sheffield Wednesday,home,3-1-4-2,BACK3_OTHER,crosses,3.0,1,2.0,1.0,LOW
Sheffield Wednesday,home,3-1-4-2,BACK3_OTHER,possession,34.0,1,47.0,-13.0,LOW
Sheffield Wednesday,home,3-1-4-2,BACK3_OTHER,total_shots,11.0,1,9.25,1.75,LOW
Sheffield Wednesday,home,3-1-4-2,BACK3_OTHER,touches_in_box,23.0,1,18.5,4.5,LOW
Sheffield Wednesday,home,3-4-1-2,BACK3_WINGBACK,blocked_shots,2.0,1,3.0,-1.0,LOW
Sheffield Wednesday,home,3-4-1-2,BACK3_WINGBACK,clearances,22.0,1,24.25,-2.25,LOW
Sheffield Wednesday,home,3-4-1-2,BACK3_WINGBACK,corners,2.0,1,3.0,-1.0,LOW
Sheffield Wednesday,home,3-4-1-2,BACK3_WINGBACK,crosses,1.0,1,2.0,-1.0,LOW
Sheffield Wednesday,home,3-4-1-2,BACK3_WINGBACK,possession,36.0,1,47.0,-11.0,LOW
Sheffield Wednesday,home,3-4-1-2,BACK3_WINGBACK,total_shots,9.0,1,9.25,-0.25,LOW
Sheffield Wednesday,home,3-4-1-2,BACK3_WINGBACK,touches_in_box,14.0,1,18.5,-4.5,LOW
Sheffield Wednesday,home,3-5-2,BACK3_WINGBACK,blocked_shots,1.0,1,3.0,-2.0,LOW
Sheffield Wednesday,home,3-5-2,BACK3_WINGBACK,clearances,27.0,1,24.25,2.75,LOW
Sheffield Wednesday,home,3-5-2,BACK3_WINGBACK,corners,1.0,1,3.0,-2.0,LOW
Sheffield Wednesday,home,3-5-2,BACK3_WINGBACK,crosses,1.0,1,2.0,-1.0,LOW
Sheffield Wednesday,home,3-5-2,BACK3_WINGBACK,possession,60.0,1,47.0,13.0,LOW
Sheffield Wednesday,home,3-5-2,BACK3_WINGBACK,total_shots,3.0,1,9.25,-6.25,LOW
Sheffield Wednesday,home,3-5-2,BACK3_WINGBACK,touches_in_box,6.0,1,18.5,-12.5,LOW
Sheffield Wednesday,home,4-2-3-1,BACK4_1STRIKER,blocked_shots,5.0,1,3.0,2.0,LOW
Sheffield Wednesday,home,4-2-3-1,BACK4_1STRIKER,clearances,32.0,1,24.25,7.75,LOW
Sheffield Wednesday,home,4-2-3-1,BACK4_1STRIKER,corners,4.0,1,3.0,1.0,LOW
Sheffield Wednesday,home,4-2-3-1,BACK4_1STRIKER,crosses,3.0,1,2.0,1.0,LOW
Sheffield Wednesday,home,4-2-3-1,BACK4_1STRIKER,possession,58.0,1,47.0,11.0,LOW
Sheffield Wednesday,home,4-2-3-1,BACK4_1STRIKER,total_shots,14.0,1,9.25,4.75,LOW
Sheffield Wednesday,home,4-2-3-1,BACK4_1STRIKER,touches_in_box,31.0,1,18.5,12.5,LOW
Southampton,away,3-4-2-1,BACK3_WINGBACK,blocked_shots,3.5,6,4.1,-0.6,MEDIUM
Southampton,away,3-4-2-1,BACK3_WINGBACK,clearances,28.8333,6,23.6,5.2333,MEDIUM
Southampton,away,3-4-2-1,BACK3_WINGBACK,corners,4.5,6,5.5,-1.0,MEDIUM
Southampton,away,3-4-2-1,BACK3_WINGBACK,crosses,2.5,6,3.0,-0.5,MEDIUM
Southampton,away,3-4-2-1,BACK3_WINGBACK,possession,50.0,6,54.5,-4.5,MEDIUM
Southampton,away,3-4-2-1,BACK3_WINGBACK,total_shots,13.6667,6,14.3,-0.6333,MEDIUM
Southampton,away,3-4-2-1,BACK3_WINGBACK,touches_in_box,21.8333,6,23.0,-1.1667,MEDIUM
Southampton,away,4-3-3,BACK4_1STRIKER,blocked_shots,5.0,4,4.1,0.9,LOW
Southampton,away,4-3-3,BACK4_1STRIKER,clearances,15.75,4,23.6,-7.85,LOW
Southampton,away,4-3-3,BACK4_1STRIKER,corners,7.0,4,5.5,1.5,LOW
Southampton,away,4-3-3,BACK4_1STRIKER,crosses,3.75,4,3.0,0.75,LOW
Southampton,away,4-3-3,BACK4_1STRIKER,possession,61.25,4,54.5,6.75,LOW
Southampton,away,4-3-3,BACK4_1STRIKER,total_shots,15.25,4,14.3,0.95,LOW
Southampton,away,4-3-3,BACK4_1STRIKER,touches_in_box,30.0,1,23.0,7.0,LOW
Southampton,home,3-4-2-1,BACK3_WINGBACK,blocked_shots,2.0,2,2.2727,-0.2727,LOW
Southampton,home,3-4-2-1,BACK3_WINGBACK,clearances,38.5,2,24.5455,13.9545,LOW
Southampton,home,3-4-2-1,BACK3_WINGBACK,corners,1.5,2,3.6364,-2.1364,LOW
Southampton,home,3-4-2-1,BACK3_WINGBACK,crosses,1.0,2,2.2727,-1.2727,LOW
Southampton,home,3-4-2-1,BACK3_WINGBACK,possession,41.5,2,47.9091,-6.4091,LOW
Southampton,home,3-4-2-1,BACK3_WINGBACK,total_shots,5.0,2,9.1818,-4.1818,LOW
Southampton,home,3-4-2-1,BACK3_WINGBACK,touches_in_box,8.5,2,17.2222,-8.7222,LOW
Southampton,home,3-4-3,BACK3_WINGBACK,blocked_shots,1.5,2,2.2727,-0.7727,LOW
Southampton,home,3-4-3,BACK3_WINGBACK,clearances,29.5,2,24.5455,4.9545,LOW
Southampton,home,3-4-3,BACK3_WINGBACK,corners,2.0,2,3.6364,-1.6364,LOW
Southampton,home,3-4-3,BACK3_WINGBACK,crosses,1.5,2,2.2727,-0.7727,LOW
Southampton,home,3-4-3,BACK3_WINGBACK,possession,45.5,2,47.9091,-2.4091,LOW
Southampton,home,3-4-3,BACK3_WINGBACK,total_shots,7.5,2,9.1818,-1.6818,LOW
Southampton,home,3-4-3,BACK3_WINGBACK,touches_in_box,13.5,2,17.2222,-3.7222,LOW
Southampton,home,4-2-3-1,BACK4_1STRIKER,blocked_shots,1.6667,3,2.2727,-0.6061,LOW
Southampton,home,4-2-3-1,BACK4_1STRIKER,clearances,16.0,3,24.5455,-8.5455,LOW
Southampton,home,4-2-3-1,BACK4_1STRIKER,corners,4.0,3,3.6364,0.3636,LOW
Southampton,home,4-2-3-1,BACK4_1STRIKER,crosses,2.0,3,2.2727,-0.2727,LOW
Southampton,home,4-2-3-1,BACK4_1STRIKER,possession,52.0,3,47.9091,4.0909,LOW
Southampton,home,4-2-3-1,BACK4_1STRIKER,total_shots,9.6667,3,9.1818,0.4848,LOW
Southampton,home,4-2-3-1,BACK4_1STRIKER,touches_in_box,22.0,3,17.2222,4.7778,LOW
Southampton,home,4-3-1-2,BACK4_2STRIKER,blocked_shots,2.0,1,2.2727,-0.2727,LOW
Southampton,home,4-3-1-2,BACK4_2STRIKER,clearances,15.0,1,24.5455,-9.5455,LOW
Southampton,home,4-3-1-2,BACK4_2STRIKER,corners,2.0,1,3.6364,-1.6364,LOW
Southampton,home,4-3-1-2,BACK4_2STRIKER,crosses,5.0,1,2.2727,2.7273,LOW
Southampton,home,4-3-1-2,BACK4_2STRIKER,possession,42.0,1,47.9091,-5.9091,LOW
Southampton,home,4-3-1-2,BACK4_2STRIKER,total_shots,9.0,1,9.1818,-0.1818,LOW
Southampton,home,4-3-1-2,BACK4_2STRIKER,touches_in_box,16.0,1,17.2222,-1.2222,LOW
Southampton,home,4-3-3,BACK4_1STRIKER,blocked_shots,5.0,1,2.2727,2.7273,LOW
Southampton,home,4-3-3,BACK4_1STRIKER,clearances,15.0,1,24.5455,-9.5455,LOW
Southampton,home,4-3-3,BACK4_1STRIKER,corners,6.0,1,3.6364,2.3636,LOW
Southampton,home,4-3-3,BACK4_1STRIKER,crosses,2.0,1,2.2727,-0.2727,LOW
Southampton,home,4-3-3,BACK4_1STRIKER,possession,60.0,1,47.9091,12.0909,LOW
Southampton,home,4-3-3,BACK4_1STRIKER,total_shots,14.0,1,9.1818,4.8182,LOW
Southampton,home,4-4-2,BACK4_2STRIKER,blocked_shots,4.0,1,2.2727,1.7273,LOW
Southampton,home,4-4-2,BACK4_2STRIKER,clearances,26.0,1,24.5455,1.4545,LOW
Southampton,home,4-4-2,BACK4_2STRIKER,corners,3.0,1,3.6364,-0.6364,LOW
Southampton,home,4-4-2,BACK4_2STRIKER,crosses,2.0,1,2.2727,-0.2727,LOW
Southampton,home,4-4-2,BACK4_2STRIKER,possession,53.0,1,47.9091,5.0909,LOW
Southampton,home,4-4-2,BACK4_2STRIKER,total_shots,10.0,1,9.1818,0.8182,LOW
Southampton,home,4-5-1,BACK4_1STRIKER,blocked_shots,2.0,1,2.2727,-0.2727,LOW
Southampton,home,4-5-1,BACK4_1STRIKER,clearances,30.0,1,24.5455,5.4545,LOW
Southampton,home,4-5-1,BACK4_1STRIKER,corners,10.0,1,3.6364,6.3636,LOW
Southampton,home,4-5-1,BACK4_1STRIKER,crosses,5.0,1,2.2727,2.7273,LOW
Southampton,home,4-5-1,BACK4_1STRIKER,possession,42.0,1,47.9091,-5.9091,LOW
Southampton,home,4-5-1,BACK4_1STRIKER,total_shots,14.0,1,9.1818,4.8182,LOW
Southampton,home,4-5-1,BACK4_1STRIKER,touches_in_box,29.0,1,17.2222,11.7778,LOW
Sporting Gijón,away,4-2-3-1,BACK4_1STRIKER,blocked_shots,2.0,3,1.4286,0.5714,LOW
Sporting Gijón,away,4-2-3-1,BACK4_1STRIKER,clearances,19.6667,3,23.0,-3.3333,LOW
Sporting Gijón,away,4-2-3-1,BACK4_1STRIKER,corners,2.0,3,3.2857,-1.2857,LOW
Sporting Gijón,away,4-2-3-1,BACK4_1STRIKER,crosses,4.0,3,2.7143,1.2857,LOW
Sporting Gijón,away,4-2-3-1,BACK4_1STRIKER,possession,45.0,3,45.8571,-0.8571,LOW
Sporting Gijón,away,4-2-3-1,BACK4_1STRIKER,total_shots,9.3333,3,9.1429,0.1905,LOW
Sporting Gijón,away,4-2-3-1,BACK4_1STRIKER,touches_in_box,20.0,3,19.2857,0.7143,LOW
Sporting Gijón,away,4-3-3,BACK4_1STRIKER,blocked_shots,1.0,3,1.4286,-0.4286,LOW
Sporting Gijón,away,4-3-3,BACK4_1STRIKER,clearances,20.3333,3,23.0,-2.6667,LOW
Sporting Gijón,away,4-3-3,BACK4_1STRIKER,corners,5.3333,3,3.2857,2.0476,LOW
Sporting Gijón,away,4-3-3,BACK4_1STRIKER,crosses,2.3333,3,2.7143,-0.381,LOW
Sporting Gijón,away,4-3-3,BACK4_1STRIKER,possession,51.0,3,45.8571,5.1429,LOW
Sporting Gijón,away,4-3-3,BACK4_1STRIKER,total_shots,10.0,3,9.1429,0.8571,LOW
Sporting Gijón,away,4-3-3,BACK4_1STRIKER,touches_in_box,20.3333,3,19.2857,1.0476,LOW
Sporting Gijón,away,4-4-2,BACK4_2STRIKER,blocked_shots,1.0,1,1.4286,-0.4286,LOW
Sporting Gijón,away,4-4-2,BACK4_2STRIKER,clearances,41.0,1,23.0,18.0,LOW
Sporting Gijón,away,4-4-2,BACK4_2STRIKER,corners,1.0,1,3.2857,-2.2857,LOW
Sporting Gijón,away,4-4-2,BACK4_2STRIKER,crosses,0.0,1,2.7143,-2.7143,LOW
Sporting Gijón,away,4-4-2,BACK4_2STRIKER,possession,33.0,1,45.8571,-12.8571,LOW
Sporting Gijón,away,4-4-2,BACK4_2STRIKER,total_shots,6.0,1,9.1429,-3.1429,LOW
Sporting Gijón,away,4-4-2,BACK4_2STRIKER,touches_in_box,14.0,1,19.2857,-5.2857,LOW
Sporting Gijón,home,3-4-3,BACK3_WINGBACK,blocked_shots,4.0,1,4.0,0.0,LOW
Sporting Gijón,home,3-4-3,BACK3_WINGBACK,clearances,32.0,1,19.8571,12.1429,LOW
Sporting Gijón,home,3-4-3,BACK3_WINGBACK,corners,1.0,1,5.4286,-4.4286,LOW
Sporting Gijón,home,3-4-3,BACK3_WINGBACK,crosses,5.0,1,4.5714,0.4286,LOW
Sporting Gijón,home,3-4-3,BACK3_WINGBACK,possession,41.0,1,46.2857,-5.2857,LOW
Sporting Gijón,home,3-4-3,BACK3_WINGBACK,total_shots,12.0,1,12.8571,-0.8571,LOW
Sporting Gijón,home,3-4-3,BACK3_WINGBACK,touches_in_box,27.0,1,21.1429,5.8571,LOW
Sporting Gijón,home,4-2-3-1,BACK4_1STRIKER,blocked_shots,4.0,3,4.0,0.0,LOW
Sporting Gijón,home,4-2-3-1,BACK4_1STRIKER,clearances,14.0,3,19.8571,-5.8571,LOW
Sporting Gijón,home,4-2-3-1,BACK4_1STRIKER,corners,8.0,3,5.4286,2.5714,LOW
Sporting Gijón,home,4-2-3-1,BACK4_1STRIKER,crosses,5.3333,3,4.5714,0.7619,LOW
Sporting Gijón,home,4-2-3-1,BACK4_1STRIKER,possession,50.3333,3,46.2857,4.0476,LOW
Sporting Gijón,home,4-2-3-1,BACK4_1STRIKER,total_shots,15.0,3,12.8571,2.1429,LOW
Sporting Gijón,home,4-2-3-1,BACK4_1STRIKER,touches_in_box,21.6667,3,21.1429,0.5238,LOW
Sporting Gijón,home,4-3-3,BACK4_1STRIKER,blocked_shots,0.0,1,4.0,-4.0,LOW
Sporting Gijón,home,4-3-3,BACK4_1STRIKER,clearances,19.0,1,19.8571,-0.8571,LOW
Sporting Gijón,home,4-3-3,BACK4_1STRIKER,corners,1.0,1,5.4286,-4.4286,LOW
Sporting Gijón,home,4-3-3,BACK4_1STRIKER,crosses,2.0,1,4.5714,-2.5714,LOW
Sporting Gijón,home,4-3-3,BACK4_1STRIKER,possession,32.0,1,46.2857,-14.2857,LOW
Sporting Gijón,home,4-3-3,BACK4_1STRIKER,total_shots,10.0,1,12.8571,-2.8571,LOW
Sporting Gijón,home,4-3-3,BACK4_1STRIKER,touches_in_box,13.0,1,21.1429,-8.1429,LOW
Sporting Gijón,home,4-4-2,BACK4_2STRIKER,blocked_shots,9.0,1,4.0,5.0,LOW
Sporting Gijón,home,4-4-2,BACK4_2STRIKER,clearances,19.0,1,19.8571,-0.8571,LOW
Sporting Gijón,home,4-4-2,BACK4_2STRIKER,corners,9.0,1,5.4286,3.5714,LOW
Sporting Gijón,home,4-4-2,BACK4_2STRIKER,crosses,8.0,1,4.5714,3.4286,LOW
Sporting Gijón,home,4-4-2,BACK4_2STRIKER,possession,52.0,1,46.2857,5.7143,LOW
Sporting Gijón,home,4-4-2,BACK4_2STRIKER,total_shots,14.0,1,12.8571,1.1429,LOW
Sporting Gijón,home,4-4-2,BACK4_2STRIKER,touches_in_box,25.0,1,21.1429,3.8571,LOW
Sporting Gijón,home,5-3-2,BACK5_DEFENSIVE,blocked_shots,3.0,1,4.0,-1.0,LOW
Sporting Gijón,home,5-3-2,BACK5_DEFENSIVE,clearances,27.0,1,19.8571,7.1429,LOW
Sporting Gijón,home,5-3-2,BACK5_DEFENSIVE,corners,3.0,1,5.4286,-2.4286,LOW
Sporting Gijón,home,5-3-2,BACK5_DEFENSIVE,crosses,1.0,1,4.5714,-3.5714,LOW
Sporting Gijón,home,5-3-2,BACK5_DEFENSIVE,possession,48.0,1,46.2857,1.7143,LOW
Sporting Gijón,home,5-3-2,BACK5_DEFENSIVE,total_shots,9.0,1,12.8571,-3.8571,LOW
Sporting Gijón,home,5-3-2,BACK5_DEFENSIVE,touches_in_box,18.0,1,21.1429,-3.1429,LOW
Stade Brestois,away,4-1-4-1,BACK4_1STRIKER,blocked_shots,3.0,1,2.7143,0.2857,LOW
Stade Brestois,away,4-1-4-1,BACK4_1STRIKER,clearances,26.0,1,28.2857,-2.2857,LOW
Stade Brestois,away,4-1-4-1,BACK4_1STRIKER,corners,3.0,1,3.2857,-0.2857,LOW
Stade Brestois,away,4-1-4-1,BACK4_1STRIKER,crosses,3.0,1,3.4286,-0.4286,LOW
Stade Brestois,away,4-1-4-1,BACK4_1STRIKER,possession,49.0,1,43.1429,5.8571,LOW
Stade Brestois,away,4-1-4-1,BACK4_1STRIKER,total_shots,10.0,1,9.8571,0.1429,LOW
Stade Brestois,away,4-1-4-1,BACK4_1STRIKER,touches_in_box,12.0,1,17.7143,-5.7143,LOW
Stade Brestois,away,4-2-3-1,BACK4_1STRIKER,blocked_shots,2.25,4,2.7143,-0.4643,LOW
Stade Brestois,away,4-2-3-1,BACK4_1STRIKER,clearances,35.25,4,28.2857,6.9643,LOW
Stade Brestois,away,4-2-3-1,BACK4_1STRIKER,corners,2.75,4,3.2857,-0.5357,LOW
Stade Brestois,away,4-2-3-1,BACK4_1STRIKER,crosses,2.25,4,3.4286,-1.1786,LOW
Stade Brestois,away,4-2-3-1,BACK4_1STRIKER,possession,39.25,4,43.1429,-3.8929,LOW
Stade Brestois,away,4-2-3-1,BACK4_1STRIKER,total_shots,8.0,4,9.8571,-1.8571,LOW
Stade Brestois,away,4-2-3-1,BACK4_1STRIKER,touches_in_box,13.5,4,17.7143,-4.2143,LOW
Stade Brestois,away,4-3-3,BACK4_1STRIKER,blocked_shots,2.0,1,2.7143,-0.7143,LOW
Stade Brestois,away,4-3-3,BACK4_1STRIKER,clearances,14.0,1,28.2857,-14.2857,LOW
Stade Brestois,away,4-3-3,BACK4_1STRIKER,corners,4.0,1,3.2857,0.7143,LOW
Stade Brestois,away,4-3-3,BACK4_1STRIKER,crosses,7.0,1,3.4286,3.5714,LOW
Stade Brestois,away,4-3-3,BACK4_1STRIKER,possession,62.0,1,43.1429,18.8571,LOW
Stade Brestois,away,4-3-3,BACK4_1STRIKER,total_shots,12.0,1,9.8571,2.1429,LOW
Stade Brestois,away,4-3-3,BACK4_1STRIKER,touches_in_box,23.0,1,17.7143,5.2857,LOW
Stade Brestois,away,4-4-1-1,BACK4_1STRIKER,blocked_shots,5.0,1,2.7143,2.2857,LOW
Stade Brestois,away,4-4-1-1,BACK4_1STRIKER,clearances,17.0,1,28.2857,-11.2857,LOW
Stade Brestois,away,4-4-1-1,BACK4_1STRIKER,corners,5.0,1,3.2857,1.7143,LOW
Stade Brestois,away,4-4-1-1,BACK4_1STRIKER,crosses,5.0,1,3.4286,1.5714,LOW
Stade Brestois,away,4-4-1-1,BACK4_1STRIKER,possession,34.0,1,43.1429,-9.1429,LOW
Stade Brestois,away,4-4-1-1,BACK4_1STRIKER,total_shots,15.0,1,9.8571,5.1429,LOW
Stade Brestois,away,4-4-1-1,BACK4_1STRIKER,touches_in_box,35.0,1,17.7143,17.2857,LOW
Stade Brestois,home,4-1-4-1,BACK4_1STRIKER,blocked_shots,2.0,1,3.875,-1.875,LOW
Stade Brestois,home,4-1-4-1,BACK4_1STRIKER,clearances,31.0,1,23.0,8.0,LOW
Stade Brestois,home,4-1-4-1,BACK4_1STRIKER,corners,0.0,1,4.125,-4.125,LOW
Stade Brestois,home,4-1-4-1,BACK4_1STRIKER,crosses,2.0,1,5.0,-3.0,LOW
Stade Brestois,home,4-1-4-1,BACK4_1STRIKER,possession,36.0,1,45.625,-9.625,LOW
Stade Brestois,home,4-1-4-1,BACK4_1STRIKER,total_shots,6.0,1,13.625,-7.625,LOW
Stade Brestois,home,4-1-4-1,BACK4_1STRIKER,touches_in_box,12.0,1,20.5,-8.5,LOW
Stade Brestois,home,4-2-3-1,BACK4_1STRIKER,blocked_shots,6.0,3,3.875,2.125,LOW
Stade Brestois,home,4-2-3-1,BACK4_1STRIKER,clearances,19.3333,3,23.0,-3.6667,LOW
Stade Brestois,home,4-2-3-1,BACK4_1STRIKER,corners,6.6667,3,4.125,2.5417,LOW
Stade Brestois,home,4-2-3-1,BACK4_1STRIKER,crosses,5.0,3,5.0,0.0,LOW
Stade Brestois,home,4-2-3-1,BACK4_1STRIKER,possession,45.6667,3,45.625,0.0417,LOW
Stade Brestois,home,4-2-3-1,BACK4_1STRIKER,total_shots,17.3333,3,13.625,3.7083,LOW
Stade Brestois,home,4-2-3-1,BACK4_1STRIKER,touches_in_box,23.0,3,20.5,2.5,LOW
Stade Brestois,home,4-3-1-2,BACK4_2STRIKER,blocked_shots,2.0,1,3.875,-1.875,LOW
Stade Brestois,home,4-3-1-2,BACK4_2STRIKER,clearances,28.0,1,23.0,5.0,LOW
Stade Brestois,home,4-3-1-2,BACK4_2STRIKER,corners,4.0,1,4.125,-0.125,LOW
Stade Brestois,home,4-3-1-2,BACK4_2STRIKER,crosses,6.0,1,5.0,1.0,LOW
Stade Brestois,home,4-3-1-2,BACK4_2STRIKER,possession,33.0,1,45.625,-12.625,LOW
Stade Brestois,home,4-3-1-2,BACK4_2STRIKER,total_shots,11.0,1,13.625,-2.625,LOW
Stade Brestois,home,4-3-1-2,BACK4_2STRIKER,touches_in_box,19.0,1,20.5,-1.5,LOW
Stade Brestois,home,4-3-3,BACK4_1STRIKER,blocked_shots,3.0,3,3.875,-0.875,LOW
Stade Brestois,home,4-3-3,BACK4_1STRIKER,clearances,22.3333,3,23.0,-0.6667,LOW
Stade Brestois,home,4-3-3,BACK4_1STRIKER,corners,3.0,3,4.125,-1.125,LOW
Stade Brestois,home,4-3-3,BACK4_1STRIKER,crosses,5.6667,3,5.0,0.6667,LOW
Stade Brestois,home,4-3-3,BACK4_1STRIKER,possession,53.0,3,45.625,7.375,LOW
Stade Brestois,home,4-3-3,BACK4_1STRIKER,total_shots,13.3333,3,13.625,-0.2917,LOW
Stade Brestois,home,4-3-3,BACK4_1STRIKER,touches_in_box,21.3333,3,20.5,0.8333,LOW
Stade Lavallois,away,3-1-4-2,BACK3_OTHER,blocked_shots,3.0,1,1.9167,1.0833,LOW
Stade Lavallois,away,3-1-4-2,BACK3_OTHER,clearances,34.0,1,31.0833,2.9167,LOW
Stade Lavallois,away,3-1-4-2,BACK3_OTHER,corners,2.0,1,3.5833,-1.5833,LOW
Stade Lavallois,away,3-1-4-2,BACK3_OTHER,crosses,3.0,1,3.5,-0.5,LOW
Stade Lavallois,away,3-1-4-2,BACK3_OTHER,possession,39.0,1,42.4167,-3.4167,LOW
Stade Lavallois,away,3-1-4-2,BACK3_OTHER,total_shots,7.0,1,7.75,-0.75,LOW
Stade Lavallois,away,3-1-4-2,BACK3_OTHER,touches_in_box,13.0,1,14.3333,-1.3333,LOW
Stade Lavallois,away,3-4-1-2,BACK3_WINGBACK,blocked_shots,2.0,2,1.9167,0.0833,LOW
Stade Lavallois,away,3-4-1-2,BACK3_WINGBACK,clearances,31.5,2,31.0833,0.4167,LOW
Stade Lavallois,away,3-4-1-2,BACK3_WINGBACK,corners,5.5,2,3.5833,1.9167,LOW
Stade Lavallois,away,3-4-1-2,BACK3_WINGBACK,crosses,3.0,2,3.5,-0.5,LOW
Stade Lavallois,away,3-4-1-2,BACK3_WINGBACK,possession,46.0,2,42.4167,3.5833,LOW
Stade Lavallois,away,3-4-1-2,BACK3_WINGBACK,total_shots,10.0,2,7.75,2.25,LOW
Stade Lavallois,away,3-4-1-2,BACK3_WINGBACK,touches_in_box,16.5,2,14.3333,2.1667,LOW
Stade Lavallois,away,3-4-2-1,BACK3_WINGBACK,blocked_shots,2.0,1,1.9167,0.0833,LOW
Stade Lavallois,away,3-4-2-1,BACK3_WINGBACK,clearances,44.0,1,31.0833,12.9167,LOW
Stade Lavallois,away,3-4-2-1,BACK3_WINGBACK,corners,2.0,1,3.5833,-1.5833,LOW
Stade Lavallois,away,3-4-2-1,BACK3_WINGBACK,crosses,1.0,1,3.5,-2.5,LOW
Stade Lavallois,away,3-4-2-1,BACK3_WINGBACK,possession,32.0,1,42.4167,-10.4167,LOW
Stade Lavallois,away,3-4-2-1,BACK3_WINGBACK,total_shots,11.0,1,7.75,3.25,LOW
Stade Lavallois,away,3-4-2-1,BACK3_WINGBACK,touches_in_box,14.0,1,14.3333,-0.3333,LOW
Stade Lavallois,away,4-1-4-1,BACK4_1STRIKER,blocked_shots,3.0,1,1.9167,1.0833,LOW
Stade Lavallois,away,4-1-4-1,BACK4_1STRIKER,clearances,30.0,1,31.0833,-1.0833,LOW
Stade Lavallois,away,4-1-4-1,BACK4_1STRIKER,corners,4.0,1,3.5833,0.4167,LOW
Stade Lavallois,away,4-1-4-1,BACK4_1STRIKER,crosses,6.0,1,3.5,2.5,LOW
Stade Lavallois,away,4-1-4-1,BACK4_1STRIKER,possession,29.0,1,42.4167,-13.4167,LOW
Stade Lavallois,away,4-1-4-1,BACK4_1STRIKER,total_shots,5.0,1,7.75,-2.75,LOW
Stade Lavallois,away,4-1-4-1,BACK4_1STRIKER,touches_in_box,10.0,1,14.3333,-4.3333,LOW
Stade Lavallois,away,4-2-3-1,BACK4_1STRIKER,blocked_shots,1.0,1,1.9167,-0.9167,LOW
Stade Lavallois,away,4-2-3-1,BACK4_1STRIKER,clearances,21.0,1,31.0833,-10.0833,LOW
Stade Lavallois,away,4-2-3-1,BACK4_1STRIKER,corners,2.0,1,3.5833,-1.5833,LOW
Stade Lavallois,away,4-2-3-1,BACK4_1STRIKER,crosses,1.0,1,3.5,-2.5,LOW
Stade Lavallois,away,4-2-3-1,BACK4_1STRIKER,possession,51.0,1,42.4167,8.5833,LOW
Stade Lavallois,away,4-2-3-1,BACK4_1STRIKER,total_shots,7.0,1,7.75,-0.75,LOW
Stade Lavallois,away,4-2-3-1,BACK4_1STRIKER,touches_in_box,15.0,1,14.3333,0.6667,LOW
Stade Lavallois,away,4-4-2,BACK4_2STRIKER,blocked_shots,1.0,1,1.9167,-0.9167,LOW
Stade Lavallois,away,4-4-2,BACK4_2STRIKER,clearances,32.0,1,31.0833,0.9167,LOW
Stade Lavallois,away,4-4-2,BACK4_2STRIKER,corners,4.0,1,3.5833,0.4167,LOW
Stade Lavallois,away,4-4-2,BACK4_2STRIKER,crosses,4.0,1,3.5,0.5,LOW
Stade Lavallois,away,4-4-2,BACK4_2STRIKER,possession,50.0,1,42.4167,7.5833,LOW
Stade Lavallois,away,4-4-2,BACK4_2STRIKER,total_shots,5.0,1,7.75,-2.75,LOW
Stade Lavallois,away,4-4-2,BACK4_2STRIKER,touches_in_box,17.0,1,14.3333,2.6667,LOW
Stade Lavallois,away,5-3-2,BACK5_DEFENSIVE,blocked_shots,0.0,1,1.9167,-1.9167,LOW
Stade Lavallois,away,5-3-2,BACK5_DEFENSIVE,clearances,31.0,1,31.0833,-0.0833,LOW
Stade Lavallois,away,5-3-2,BACK5_DEFENSIVE,corners,3.0,1,3.5833,-0.5833,LOW
Stade Lavallois,away,5-3-2,BACK5_DEFENSIVE,crosses,5.0,1,3.5,1.5,LOW
Stade Lavallois,away,5-3-2,BACK5_DEFENSIVE,possession,39.0,1,42.4167,-3.4167,LOW
Stade Lavallois,away,5-3-2,BACK5_DEFENSIVE,total_shots,7.0,1,7.75,-0.75,LOW
Stade Lavallois,away,5-3-2,BACK5_DEFENSIVE,touches_in_box,10.0,1,14.3333,-4.3333,LOW
Stade Lavallois,away,5-4-1,BACK5_DEFENSIVE,blocked_shots,2.25,4,1.9167,0.3333,LOW
Stade Lavallois,away,5-4-1,BACK5_DEFENSIVE,clearances,29.5,4,31.0833,-1.5833,LOW
Stade Lavallois,away,5-4-1,BACK5_DEFENSIVE,corners,3.75,4,3.5833,0.1667,LOW
Stade Lavallois,away,5-4-1,BACK5_DEFENSIVE,crosses,4.0,4,3.5,0.5,LOW
Stade Lavallois,away,5-4-1,BACK5_DEFENSIVE,possession,44.25,4,42.4167,1.8333,LOW
Stade Lavallois,away,5-4-1,BACK5_DEFENSIVE,total_shots,7.75,4,7.75,0.0,LOW
Stade Lavallois,away,5-4-1,BACK5_DEFENSIVE,touches_in_box,15.0,4,14.3333,0.6667,LOW
Stade Lavallois,home,3-1-4-2,BACK3_OTHER,blocked_shots,1.0,1,3.2857,-2.2857,LOW
Stade Lavallois,home,3-1-4-2,BACK3_OTHER,clearances,25.0,1,23.0,2.0,LOW
Stade Lavallois,home,3-1-4-2,BACK3_OTHER,corners,6.0,1,7.1429,-1.1429,LOW
Stade Lavallois,home,3-1-4-2,BACK3_OTHER,crosses,8.0,1,6.2857,1.7143,LOW
Stade Lavallois,home,3-1-4-2,BACK3_OTHER,possession,53.0,1,54.2857,-1.2857,LOW
Stade Lavallois,home,3-1-4-2,BACK3_OTHER,total_shots,9.0,1,13.2857,-4.2857,LOW
Stade Lavallois,home,3-1-4-2,BACK3_OTHER,touches_in_box,13.0,1,22.7143,-9.7143,LOW
Stade Lavallois,home,4-2-3-1,BACK4_1STRIKER,blocked_shots,2.5,2,3.2857,-0.7857,LOW
Stade Lavallois,home,4-2-3-1,BACK4_1STRIKER,clearances,19.0,2,23.0,-4.0,LOW
Stade Lavallois,home,4-2-3-1,BACK4_1STRIKER,corners,8.5,2,7.1429,1.3571,LOW
Stade Lavallois,home,4-2-3-1,BACK4_1STRIKER,crosses,5.0,2,6.2857,-1.2857,LOW
Stade Lavallois,home,4-2-3-1,BACK4_1STRIKER,possession,54.5,2,54.2857,0.2143,LOW
Stade Lavallois,home,4-2-3-1,BACK4_1STRIKER,total_shots,13.5,2,13.2857,0.2143,LOW
Stade Lavallois,home,4-2-3-1,BACK4_1STRIKER,touches_in_box,25.5,2,22.7143,2.7857,LOW
Stade Lavallois,home,4-4-2,BACK4_2STRIKER,blocked_shots,5.0,1,3.2857,1.7143,LOW
Stade Lavallois,home,4-4-2,BACK4_2STRIKER,clearances,19.0,1,23.0,-4.0,LOW
Stade Lavallois,home,4-4-2,BACK4_2STRIKER,corners,8.0,1,7.1429,0.8571,LOW
Stade Lavallois,home,4-4-2,BACK4_2STRIKER,crosses,8.0,1,6.2857,1.7143,LOW
Stade Lavallois,home,4-4-2,BACK4_2STRIKER,possession,52.0,1,54.2857,-2.2857,LOW
Stade Lavallois,home,4-4-2,BACK4_2STRIKER,total_shots,17.0,1,13.2857,3.7143,LOW
Stade Lavallois,home,4-4-2,BACK4_2STRIKER,touches_in_box,26.0,1,22.7143,3.2857,LOW
Stade Lavallois,home,5-3-2,BACK5_DEFENSIVE,blocked_shots,6.0,1,3.2857,2.7143,LOW
Stade Lavallois,home,5-3-2,BACK5_DEFENSIVE,clearances,9.0,1,23.0,-14.0,LOW
Stade Lavallois,home,5-3-2,BACK5_DEFENSIVE,corners,12.0,1,7.1429,4.8571,LOW
Stade Lavallois,home,5-3-2,BACK5_DEFENSIVE,crosses,10.0,1,6.2857,3.7143,LOW
Stade Lavallois,home,5-3-2,BACK5_DEFENSIVE,possession,65.0,1,54.2857,10.7143,LOW
Stade Lavallois,home,5-3-2,BACK5_DEFENSIVE,total_shots,18.0,1,13.2857,4.7143,LOW
Stade Lavallois,home,5-3-2,BACK5_DEFENSIVE,touches_in_box,37.0,1,22.7143,14.2857,LOW
Stade Lavallois,home,5-4-1,BACK5_DEFENSIVE,blocked_shots,3.0,2,3.2857,-0.2857,LOW
Stade Lavallois,home,5-4-1,BACK5_DEFENSIVE,clearances,35.0,2,23.0,12.0,LOW
Stade Lavallois,home,5-4-1,BACK5_DEFENSIVE,corners,3.5,2,7.1429,-3.6429,LOW
Stade Lavallois,home,5-4-1,BACK5_DEFENSIVE,crosses,4.0,2,6.2857,-2.2857,LOW
Stade Lavallois,home,5-4-1,BACK5_DEFENSIVE,possession,50.5,2,54.2857,-3.7857,LOW
Stade Lavallois,home,5-4-1,BACK5_DEFENSIVE,total_shots,11.0,2,13.2857,-2.2857,LOW
Stade Lavallois,home,5-4-1,BACK5_DEFENSIVE,touches_in_box,16.0,2,22.7143,-6.7143,LOW
Stade Rennais,away,3-4-2-1,BACK3_WINGBACK,blocked_shots,1.0,2,3.0,-2.0,LOW
Stade Rennais,away,3-4-2-1,BACK3_WINGBACK,clearances,16.5,2,19.1667,-2.6667,LOW
Stade Rennais,away,3-4-2-1,BACK3_WINGBACK,corners,3.5,2,4.8333,-1.3333,LOW
Stade Rennais,away,3-4-2-1,BACK3_WINGBACK,crosses,0.0,2,3.5,-3.5,LOW
Stade Rennais,away,3-4-2-1,BACK3_WINGBACK,possession,49.0,2,51.3333,-2.3333,LOW
Stade Rennais,away,3-4-2-1,BACK3_WINGBACK,total_shots,8.0,2,13.5,-5.5,LOW
Stade Rennais,away,3-4-2-1,BACK3_WINGBACK,touches_in_box,16.5,2,24.0,-7.5,LOW
Stade Rennais,away,3-4-3,BACK3_WINGBACK,blocked_shots,3.0,1,3.0,0.0,LOW
Stade Rennais,away,3-4-3,BACK3_WINGBACK,clearances,21.0,1,19.1667,1.8333,LOW
Stade Rennais,away,3-4-3,BACK3_WINGBACK,corners,5.0,1,4.8333,0.1667,LOW
Stade Rennais,away,3-4-3,BACK3_WINGBACK,crosses,4.0,1,3.5,0.5,LOW
Stade Rennais,away,3-4-3,BACK3_WINGBACK,possession,62.0,1,51.3333,10.6667,LOW
Stade Rennais,away,3-4-3,BACK3_WINGBACK,total_shots,15.0,1,13.5,1.5,LOW
Stade Rennais,away,3-4-3,BACK3_WINGBACK,touches_in_box,20.0,1,24.0,-4.0,LOW
Stade Rennais,away,3-5-2,BACK3_WINGBACK,blocked_shots,3.0,2,3.0,0.0,LOW
Stade Rennais,away,3-5-2,BACK3_WINGBACK,clearances,23.0,2,19.1667,3.8333,LOW
Stade Rennais,away,3-5-2,BACK3_WINGBACK,corners,4.0,2,4.8333,-0.8333,LOW
Stade Rennais,away,3-5-2,BACK3_WINGBACK,crosses,5.5,2,3.5,2.0,LOW
Stade Rennais,away,3-5-2,BACK3_WINGBACK,possession,51.5,2,51.3333,0.1667,LOW
Stade Rennais,away,3-5-2,BACK3_WINGBACK,total_shots,12.0,2,13.5,-1.5,LOW
Stade Rennais,away,3-5-2,BACK3_WINGBACK,touches_in_box,25.5,2,24.0,1.5,LOW
Stade Rennais,away,4-4-2,BACK4_2STRIKER,blocked_shots,7.0,1,3.0,4.0,LOW
Stade Rennais,away,4-4-2,BACK4_2STRIKER,clearances,15.0,1,19.1667,-4.1667,LOW
Stade Rennais,away,4-4-2,BACK4_2STRIKER,corners,9.0,1,4.8333,4.1667,LOW
Stade Rennais,away,4-4-2,BACK4_2STRIKER,crosses,6.0,1,3.5,2.5,LOW
Stade Rennais,away,4-4-2,BACK4_2STRIKER,possession,45.0,1,51.3333,-6.3333,LOW
Stade Rennais,away,4-4-2,BACK4_2STRIKER,total_shots,26.0,1,13.5,12.5,LOW
Stade Rennais,away,4-4-2,BACK4_2STRIKER,touches_in_box,40.0,1,24.0,16.0,LOW
Stade Rennais,home,3-4-3,BACK3_WINGBACK,blocked_shots,0.0,1,3.6667,-3.6667,LOW
Stade Rennais,home,3-4-3,BACK3_WINGBACK,clearances,19.0,1,21.6667,-2.6667,LOW
Stade Rennais,home,3-4-3,BACK3_WINGBACK,corners,3.0,1,5.3333,-2.3333,LOW
Stade Rennais,home,3-4-3,BACK3_WINGBACK,crosses,3.0,1,3.6667,-0.6667,LOW
Stade Rennais,home,3-4-3,BACK3_WINGBACK,possession,51.0,1,50.3333,0.6667,LOW
Stade Rennais,home,3-4-3,BACK3_WINGBACK,total_shots,11.0,1,12.6667,-1.6667,LOW
Stade Rennais,home,3-4-3,BACK3_WINGBACK,touches_in_box,34.0,1,23.3333,10.6667,LOW
Stade Rennais,home,3-5-2,BACK3_WINGBACK,blocked_shots,6.0,1,3.6667,2.3333,LOW
Stade Rennais,home,3-5-2,BACK3_WINGBACK,clearances,17.0,1,21.6667,-4.6667,LOW
Stade Rennais,home,3-5-2,BACK3_WINGBACK,corners,8.0,1,5.3333,2.6667,LOW
Stade Rennais,home,3-5-2,BACK3_WINGBACK,crosses,7.0,1,3.6667,3.3333,LOW
Stade Rennais,home,3-5-2,BACK3_WINGBACK,possession,67.0,1,50.3333,16.6667,LOW
Stade Rennais,home,3-5-2,BACK3_WINGBACK,total_shots,14.0,1,12.6667,1.3333,LOW
Stade Rennais,home,3-5-2,BACK3_WINGBACK,touches_in_box,24.0,1,23.3333,0.6667,LOW
Stade Rennais,home,4-2-3-1,BACK4_1STRIKER,blocked_shots,5.0,1,3.6667,1.3333,LOW
Stade Rennais,home,4-2-3-1,BACK4_1STRIKER,clearances,29.0,1,21.6667,7.3333,LOW
Stade Rennais,home,4-2-3-1,BACK4_1STRIKER,corners,5.0,1,5.3333,-0.3333,LOW
Stade Rennais,home,4-2-3-1,BACK4_1STRIKER,crosses,1.0,1,3.6667,-2.6667,LOW
Stade Rennais,home,4-2-3-1,BACK4_1STRIKER,possession,33.0,1,50.3333,-17.3333,LOW
Stade Rennais,home,4-2-3-1,BACK4_1STRIKER,total_shots,13.0,1,12.6667,0.3333,LOW
Stade Rennais,home,4-2-3-1,BACK4_1STRIKER,touches_in_box,12.0,1,23.3333,-11.3333,LOW
Stade de Reims,away,3-4-2-1,BACK3_WINGBACK,blocked_shots,3.0,1,3.8889,-0.8889,LOW
Stade de Reims,away,3-4-2-1,BACK3_WINGBACK,clearances,23.0,1,25.4444,-2.4444,LOW
Stade de Reims,away,3-4-2-1,BACK3_WINGBACK,corners,4.0,1,4.4444,-0.4444,LOW
Stade de Reims,away,3-4-2-1,BACK3_WINGBACK,crosses,4.0,1,5.3333,-1.3333,LOW
Stade de Reims,away,3-4-2-1,BACK3_WINGBACK,possession,62.0,1,52.5556,9.4444,LOW
Stade de Reims,away,3-4-2-1,BACK3_WINGBACK,total_shots,7.0,1,11.4444,-4.4444,LOW
Stade de Reims,away,3-4-2-1,BACK3_WINGBACK,touches_in_box,18.0,1,21.8889,-3.8889,LOW
Stade de Reims,away,4-1-4-1,BACK4_1STRIKER,blocked_shots,5.0,1,3.8889,1.1111,LOW
Stade de Reims,away,4-1-4-1,BACK4_1STRIKER,clearances,17.0,1,25.4444,-8.4444,LOW
Stade de Reims,away,4-1-4-1,BACK4_1STRIKER,corners,3.0,1,4.4444,-1.4444,LOW
Stade de Reims,away,4-1-4-1,BACK4_1STRIKER,crosses,7.0,1,5.3333,1.6667,LOW
Stade de Reims,away,4-1-4-1,BACK4_1STRIKER,possession,58.0,1,52.5556,5.4444,LOW
Stade de Reims,away,4-1-4-1,BACK4_1STRIKER,total_shots,15.0,1,11.4444,3.5556,LOW
Stade de Reims,away,4-1-4-1,BACK4_1STRIKER,touches_in_box,22.0,1,21.8889,0.1111,LOW
Stade de Reims,away,4-2-3-1,BACK4_1STRIKER,blocked_shots,4.5,2,3.8889,0.6111,LOW
Stade de Reims,away,4-2-3-1,BACK4_1STRIKER,clearances,36.0,2,25.4444,10.5556,LOW
Stade de Reims,away,4-2-3-1,BACK4_1STRIKER,corners,5.0,2,4.4444,0.5556,LOW
Stade de Reims,away,4-2-3-1,BACK4_1STRIKER,crosses,6.0,2,5.3333,0.6667,LOW
Stade de Reims,away,4-2-3-1,BACK4_1STRIKER,possession,53.0,2,52.5556,0.4444,LOW
Stade de Reims,away,4-2-3-1,BACK4_1STRIKER,total_shots,11.5,2,11.4444,0.0556,LOW
Stade de Reims,away,4-2-3-1,BACK4_1STRIKER,touches_in_box,22.0,2,21.8889,0.1111,LOW
Stade de Reims,away,4-3-3,BACK4_1STRIKER,blocked_shots,3.0,2,3.8889,-0.8889,LOW
Stade de Reims,away,4-3-3,BACK4_1STRIKER,clearances,17.5,2,25.4444,-7.9444,LOW
Stade de Reims,away,4-3-3,BACK4_1STRIKER,corners,6.0,2,4.4444,1.5556,LOW
Stade de Reims,away,4-3-3,BACK4_1STRIKER,crosses,5.5,2,5.3333,0.1667,LOW
Stade de Reims,away,4-3-3,BACK4_1STRIKER,possession,51.0,2,52.5556,-1.5556,LOW
Stade de Reims,away,4-3-3,BACK4_1STRIKER,total_shots,11.0,2,11.4444,-0.4444,LOW
Stade de Reims,away,4-3-3,BACK4_1STRIKER,touches_in_box,25.0,2,21.8889,3.1111,LOW
Stade de Reims,away,5-3-2,BACK5_DEFENSIVE,blocked_shots,1.0,1,3.8889,-2.8889,LOW
Stade de Reims,away,5-3-2,BACK5_DEFENSIVE,clearances,30.0,1,25.4444,4.5556,LOW
Stade de Reims,away,5-3-2,BACK5_DEFENSIVE,corners,2.0,1,4.4444,-2.4444,LOW
Stade de Reims,away,5-3-2,BACK5_DEFENSIVE,crosses,2.0,1,5.3333,-3.3333,LOW
Stade de Reims,away,5-3-2,BACK5_DEFENSIVE,possession,44.0,1,52.5556,-8.5556,LOW
Stade de Reims,away,5-3-2,BACK5_DEFENSIVE,total_shots,9.0,1,11.4444,-2.4444,LOW
Stade de Reims,away,5-3-2,BACK5_DEFENSIVE,touches_in_box,15.0,1,21.8889,-6.8889,LOW
Stade de Reims,away,5-4-1,BACK5_DEFENSIVE,blocked_shots,5.5,2,3.8889,1.6111,LOW
Stade de Reims,away,5-4-1,BACK5_DEFENSIVE,clearances,26.0,2,25.4444,0.5556,LOW
Stade de Reims,away,5-4-1,BACK5_DEFENSIVE,corners,4.5,2,4.4444,0.0556,LOW
Stade de Reims,away,5-4-1,BACK5_DEFENSIVE,crosses,6.0,2,5.3333,0.6667,LOW
Stade de Reims,away,5-4-1,BACK5_DEFENSIVE,possession,50.5,2,52.5556,-2.0556,LOW
Stade de Reims,away,5-4-1,BACK5_DEFENSIVE,total_shots,13.5,2,11.4444,2.0556,LOW
Stade de Reims,away,5-4-1,BACK5_DEFENSIVE,touches_in_box,24.0,2,21.8889,2.1111,LOW
Stade de Reims,home,4-2-3-1,BACK4_1STRIKER,blocked_shots,4.1667,6,4.125,0.0417,MEDIUM
Stade de Reims,home,4-2-3-1,BACK4_1STRIKER,clearances,13.1667,6,15.375,-2.2083,MEDIUM
Stade de Reims,home,4-2-3-1,BACK4_1STRIKER,corners,6.0,6,5.75,0.25,MEDIUM
Stade de Reims,home,4-2-3-1,BACK4_1STRIKER,crosses,6.0,6,5.0,1.0,MEDIUM
Stade de Reims,home,4-2-3-1,BACK4_1STRIKER,possession,59.0,6,59.25,-0.25,MEDIUM
Stade de Reims,home,4-2-3-1,BACK4_1STRIKER,total_shots,14.3333,6,13.625,0.7083,MEDIUM
Stade de Reims,home,4-2-3-1,BACK4_1STRIKER,touches_in_box,33.3333,6,29.125,4.2083,MEDIUM
Stade de Reims,home,4-3-3,BACK4_1STRIKER,blocked_shots,5.0,1,4.125,0.875,LOW
Stade de Reims,home,4-3-3,BACK4_1STRIKER,clearances,29.0,1,15.375,13.625,LOW
Stade de Reims,home,4-3-3,BACK4_1STRIKER,corners,5.0,1,5.75,-0.75,LOW
Stade de Reims,home,4-3-3,BACK4_1STRIKER,crosses,3.0,1,5.0,-2.0,LOW
Stade de Reims,home,4-3-3,BACK4_1STRIKER,possession,56.0,1,59.25,-3.25,LOW
Stade de Reims,home,4-3-3,BACK4_1STRIKER,total_shots,12.0,1,13.625,-1.625,LOW
Stade de Reims,home,4-3-3,BACK4_1STRIKER,touches_in_box,18.0,1,29.125,-11.125,LOW
Stade de Reims,home,4-4-2,BACK4_2STRIKER,blocked_shots,3.0,1,4.125,-1.125,LOW
Stade de Reims,home,4-4-2,BACK4_2STRIKER,clearances,15.0,1,15.375,-0.375,LOW
Stade de Reims,home,4-4-2,BACK4_2STRIKER,corners,5.0,1,5.75,-0.75,LOW
Stade de Reims,home,4-4-2,BACK4_2STRIKER,crosses,1.0,1,5.0,-4.0,LOW
Stade de Reims,home,4-4-2,BACK4_2STRIKER,possession,64.0,1,59.25,4.75,LOW
Stade de Reims,home,4-4-2,BACK4_2STRIKER,total_shots,11.0,1,13.625,-2.625,LOW
Stade de Reims,home,4-4-2,BACK4_2STRIKER,touches_in_box,15.0,1,29.125,-14.125,LOW
Stoke City,away,4-2-3-1,BACK4_1STRIKER,blocked_shots,2.0,8,2.3333,-0.3333,MEDIUM
Stoke City,away,4-2-3-1,BACK4_1STRIKER,clearances,25.0,8,27.5556,-2.5556,MEDIUM
Stoke City,away,4-2-3-1,BACK4_1STRIKER,corners,3.625,8,3.6667,-0.0417,MEDIUM
Stoke City,away,4-2-3-1,BACK4_1STRIKER,crosses,2.625,8,2.5556,0.0694,MEDIUM
Stoke City,away,4-2-3-1,BACK4_1STRIKER,possession,48.125,8,48.3333,-0.2083,MEDIUM
Stoke City,away,4-2-3-1,BACK4_1STRIKER,total_shots,8.375,8,9.1111,-0.7361,MEDIUM
Stoke City,away,4-2-3-1,BACK4_1STRIKER,touches_in_box,16.8333,6,16.8571,-0.0238,MEDIUM
Stoke City,away,4-4-2,BACK4_2STRIKER,blocked_shots,5.0,1,2.3333,2.6667,LOW
Stoke City,away,4-4-2,BACK4_2STRIKER,clearances,48.0,1,27.5556,20.4444,LOW
Stoke City,away,4-4-2,BACK4_2STRIKER,corners,4.0,1,3.6667,0.3333,LOW
Stoke City,away,4-4-2,BACK4_2STRIKER,crosses,2.0,1,2.5556,-0.5556,LOW
Stoke City,away,4-4-2,BACK4_2STRIKER,possession,50.0,1,48.3333,1.6667,LOW
Stoke City,away,4-4-2,BACK4_2STRIKER,total_shots,15.0,1,9.1111,5.8889,LOW
Stoke City,away,4-4-2,BACK4_2STRIKER,touches_in_box,17.0,1,16.8571,0.1429,LOW
Stoke City,home,3-5-2,BACK3_WINGBACK,blocked_shots,4.0,1,5.0,-1.0,LOW
Stoke City,home,3-5-2,BACK3_WINGBACK,clearances,23.0,1,17.4286,5.5714,LOW
Stoke City,home,3-5-2,BACK3_WINGBACK,corners,6.0,1,6.2857,-0.2857,LOW
Stoke City,home,3-5-2,BACK3_WINGBACK,crosses,2.0,1,4.2857,-2.2857,LOW
Stoke City,home,3-5-2,BACK3_WINGBACK,possession,44.0,1,53.0,-9.0,LOW
Stoke City,home,3-5-2,BACK3_WINGBACK,total_shots,14.0,1,15.7143,-1.7143,LOW
Stoke City,home,3-5-2,BACK3_WINGBACK,touches_in_box,23.0,1,20.8571,2.1429,LOW
Stoke City,home,4-2-3-1,BACK4_1STRIKER,blocked_shots,5.1667,6,5.0,0.1667,MEDIUM
Stoke City,home,4-2-3-1,BACK4_1STRIKER,clearances,16.5,6,17.4286,-0.9286,MEDIUM
Stoke City,home,4-2-3-1,BACK4_1STRIKER,corners,6.3333,6,6.2857,0.0476,MEDIUM
Stoke City,home,4-2-3-1,BACK4_1STRIKER,crosses,4.6667,6,4.2857,0.381,MEDIUM
Stoke City,home,4-2-3-1,BACK4_1STRIKER,possession,54.5,6,53.0,1.5,MEDIUM
Stoke City,home,4-2-3-1,BACK4_1STRIKER,total_shots,16.0,6,15.7143,0.2857,MEDIUM
Stoke City,home,4-2-3-1,BACK4_1STRIKER,touches_in_box,20.5,6,20.8571,-0.3571,MEDIUM
Sunderland,away,4-1-4-1,BACK4_1STRIKER,blocked_shots,4.0,2,5.0,-1.0,LOW
Sunderland,away,4-1-4-1,BACK4_1STRIKER,clearances,16.5,2,23.6667,-7.1667,LOW
Sunderland,away,4-1-4-1,BACK4_1STRIKER,corners,7.5,2,6.3333,1.1667,LOW
Sunderland,away,4-1-4-1,BACK4_1STRIKER,crosses,3.0,2,4.3333,-1.3333,LOW
Sunderland,away,4-1-4-1,BACK4_1STRIKER,possession,58.5,2,50.8333,7.6667,LOW
Sunderland,away,4-1-4-1,BACK4_1STRIKER,total_shots,11.0,2,11.8333,-0.8333,LOW
Sunderland,away,4-2-3-1,BACK4_1STRIKER,blocked_shots,8.5,2,5.0,3.5,LOW
Sunderland,away,4-2-3-1,BACK4_1STRIKER,clearances,24.0,2,23.6667,0.3333,LOW
Sunderland,away,4-2-3-1,BACK4_1STRIKER,corners,7.5,2,6.3333,1.1667,LOW
Sunderland,away,4-2-3-1,BACK4_1STRIKER,crosses,6.0,2,4.3333,1.6667,LOW
Sunderland,away,4-2-3-1,BACK4_1STRIKER,possession,46.5,2,50.8333,-4.3333,LOW
Sunderland,away,4-2-3-1,BACK4_1STRIKER,total_shots,16.5,2,11.8333,4.6667,LOW
Sunderland,away,4-2-3-1,BACK4_1STRIKER,touches_in_box,41.0,1,26.0,15.0,LOW
Sunderland,away,4-3-3,BACK4_1STRIKER,blocked_shots,2.0,1,5.0,-3.0,LOW
Sunderland,away,4-3-3,BACK4_1STRIKER,clearances,34.0,1,23.6667,10.3333,LOW
Sunderland,away,4-3-3,BACK4_1STRIKER,corners,3.0,1,6.3333,-3.3333,LOW
Sunderland,away,4-3-3,BACK4_1STRIKER,crosses,4.0,1,4.3333,-0.3333,LOW
Sunderland,away,4-3-3,BACK4_1STRIKER,possession,44.0,1,50.8333,-6.8333,LOW
Sunderland,away,4-3-3,BACK4_1STRIKER,total_shots,6.0,1,11.8333,-5.8333,LOW
Sunderland,away,4-3-3,BACK4_1STRIKER,touches_in_box,17.0,1,26.0,-9.0,LOW
Sunderland,away,4-4-2,BACK4_2STRIKER,blocked_shots,3.0,1,5.0,-2.0,LOW
Sunderland,away,4-4-2,BACK4_2STRIKER,clearances,27.0,1,23.6667,3.3333,LOW
Sunderland,away,4-4-2,BACK4_2STRIKER,corners,5.0,1,6.3333,-1.3333,LOW
Sunderland,away,4-4-2,BACK4_2STRIKER,crosses,4.0,1,4.3333,-0.3333,LOW
Sunderland,away,4-4-2,BACK4_2STRIKER,possession,51.0,1,50.8333,0.1667,LOW
Sunderland,away,4-4-2,BACK4_2STRIKER,total_shots,10.0,1,11.8333,-1.8333,LOW
Sunderland,away,4-4-2,BACK4_2STRIKER,touches_in_box,20.0,1,26.0,-6.0,LOW
Sunderland,home,3-4-3,BACK3_WINGBACK,blocked_shots,7.0,1,5.0,2.0,LOW
Sunderland,home,3-4-3,BACK3_WINGBACK,clearances,21.0,1,24.125,-3.125,LOW
Sunderland,home,3-4-3,BACK3_WINGBACK,corners,4.0,1,4.125,-0.125,LOW
Sunderland,home,3-4-3,BACK3_WINGBACK,crosses,6.0,1,3.625,2.375,LOW
Sunderland,home,3-4-3,BACK3_WINGBACK,possession,61.0,1,53.125,7.875,LOW
Sunderland,home,3-4-3,BACK3_WINGBACK,total_shots,17.0,1,14.1875,2.8125,LOW
Sunderland,home,3-4-3,BACK3_WINGBACK,touches_in_box,29.0,1,24.6154,4.3846,LOW
Sunderland,home,4-1-4-1,BACK4_1STRIKER,blocked_shots,7.6667,3,5.0,2.6667,LOW
Sunderland,home,4-1-4-1,BACK4_1STRIKER,clearances,17.6667,3,24.125,-6.4583,LOW
Sunderland,home,4-1-4-1,BACK4_1STRIKER,corners,7.0,3,4.125,2.875,LOW
Sunderland,home,4-1-4-1,BACK4_1STRIKER,crosses,3.3333,3,3.625,-0.2917,LOW
Sunderland,home,4-1-4-1,BACK4_1STRIKER,possession,57.3333,3,53.125,4.2083,LOW
Sunderland,home,4-1-4-1,BACK4_1STRIKER,total_shots,17.3333,3,14.1875,3.1458,LOW
Sunderland,home,4-1-4-1,BACK4_1STRIKER,touches_in_box,28.0,1,24.6154,3.3846,LOW
Sunderland,home,4-2-3-1,BACK4_1STRIKER,blocked_shots,4.6,10,5.0,-0.4,MEDIUM
Sunderland,home,4-2-3-1,BACK4_1STRIKER,clearances,26.6,10,24.125,2.475,MEDIUM
Sunderland,home,4-2-3-1,BACK4_1STRIKER,corners,3.9,10,4.125,-0.225,MEDIUM
Sunderland,home,4-2-3-1,BACK4_1STRIKER,crosses,3.7,10,3.625,0.075,MEDIUM
Sunderland,home,4-2-3-1,BACK4_1STRIKER,possession,52.2,10,53.125,-0.925,MEDIUM
Sunderland,home,4-2-3-1,BACK4_1STRIKER,total_shots,13.5,10,14.1875,-0.6875,MEDIUM
Sunderland,home,4-2-3-1,BACK4_1STRIKER,touches_in_box,24.4444,9,24.6154,-0.1709,MEDIUM
Sunderland,home,4-3-3,BACK4_1STRIKER,blocked_shots,2.0,1,5.0,-3.0,LOW
Sunderland,home,4-3-3,BACK4_1STRIKER,clearances,20.0,1,24.125,-4.125,LOW
Sunderland,home,4-3-3,BACK4_1STRIKER,corners,1.0,1,4.125,-3.125,LOW
Sunderland,home,4-3-3,BACK4_1STRIKER,crosses,4.0,1,3.625,0.375,LOW
Sunderland,home,4-3-3,BACK4_1STRIKER,possession,51.0,1,53.125,-2.125,LOW
Sunderland,home,4-3-3,BACK4_1STRIKER,total_shots,9.0,1,14.1875,-5.1875,LOW
Sunderland,home,4-3-3,BACK4_1STRIKER,touches_in_box,18.0,1,24.6154,-6.6154,LOW
Sunderland,home,5-4-1,BACK5_DEFENSIVE,blocked_shots,2.0,1,5.0,-3.0,LOW
Sunderland,home,5-4-1,BACK5_DEFENSIVE,clearances,26.0,1,24.125,1.875,LOW
Sunderland,home,5-4-1,BACK5_DEFENSIVE,corners,1.0,1,4.125,-3.125,LOW
Sunderland,home,5-4-1,BACK5_DEFENSIVE,crosses,1.0,1,3.625,-2.625,LOW
Sunderland,home,5-4-1,BACK5_DEFENSIVE,possession,44.0,1,53.125,-9.125,LOW
Sunderland,home,5-4-1,BACK5_DEFENSIVE,total_shots,14.0,1,14.1875,-0.1875,LOW
Sunderland,home,5-4-1,BACK5_DEFENSIVE,touches_in_box,25.0,1,24.6154,0.3846,LOW
Swansea City,away,4-2-3-1,BACK4_1STRIKER,blocked_shots,3.6667,3,3.6667,0.0,LOW
Swansea City,away,4-2-3-1,BACK4_1STRIKER,clearances,23.6667,3,23.6667,0.0,LOW
Swansea City,away,4-2-3-1,BACK4_1STRIKER,corners,5.6667,3,5.6667,0.0,LOW
Swansea City,away,4-2-3-1,BACK4_1STRIKER,crosses,5.3333,3,5.3333,0.0,LOW
Swansea City,away,4-2-3-1,BACK4_1STRIKER,possession,60.3333,3,60.3333,0.0,LOW
Swansea City,away,4-2-3-1,BACK4_1STRIKER,total_shots,14.0,3,14.0,0.0,LOW
Swansea City,away,4-2-3-1,BACK4_1STRIKER,touches_in_box,23.3333,3,23.3333,0.0,LOW
Swansea City,home,4-2-3-1,BACK4_1STRIKER,blocked_shots,4.75,8,4.6,0.15,MEDIUM
Swansea City,home,4-2-3-1,BACK4_1STRIKER,clearances,20.25,8,23.8,-3.55,MEDIUM
Swansea City,home,4-2-3-1,BACK4_1STRIKER,corners,5.375,8,5.9,-0.525,MEDIUM
Swansea City,home,4-2-3-1,BACK4_1STRIKER,crosses,5.25,8,5.1,0.15,MEDIUM
Swansea City,home,4-2-3-1,BACK4_1STRIKER,possession,57.375,8,58.9,-1.525,MEDIUM
Swansea City,home,4-2-3-1,BACK4_1STRIKER,total_shots,14.75,8,14.4,0.35,MEDIUM
Swansea City,home,4-2-3-1,BACK4_1STRIKER,touches_in_box,22.125,8,20.9,1.225,MEDIUM
Swansea City,home,4-3-3,BACK4_1STRIKER,blocked_shots,8.0,1,4.6,3.4,LOW
Swansea City,home,4-3-3,BACK4_1STRIKER,clearances,18.0,1,23.8,-5.8,LOW
Swansea City,home,4-3-3,BACK4_1STRIKER,corners,12.0,1,5.9,6.1,LOW
Swansea City,home,4-3-3,BACK4_1STRIKER,crosses,6.0,1,5.1,0.9,LOW
Swansea City,home,4-3-3,BACK4_1STRIKER,possession,67.0,1,58.9,8.1,LOW
Swansea City,home,4-3-3,BACK4_1STRIKER,total_shots,23.0,1,14.4,8.6,LOW
Swansea City,home,4-3-3,BACK4_1STRIKER,touches_in_box,29.0,1,20.9,8.1,LOW
Swansea City,home,5-3-2,BACK5_DEFENSIVE,blocked_shots,0.0,1,4.6,-4.6,LOW
Swansea City,home,5-3-2,BACK5_DEFENSIVE,clearances,58.0,1,23.8,34.2,LOW
Swansea City,home,5-3-2,BACK5_DEFENSIVE,corners,4.0,1,5.9,-1.9,LOW
Swansea City,home,5-3-2,BACK5_DEFENSIVE,crosses,3.0,1,5.1,-2.1,LOW
Swansea City,home,5-3-2,BACK5_DEFENSIVE,possession,63.0,1,58.9,4.1,LOW
Swansea City,home,5-3-2,BACK5_DEFENSIVE,total_shots,3.0,1,14.4,-11.4,LOW
Swansea City,home,5-3-2,BACK5_DEFENSIVE,touches_in_box,3.0,1,20.9,-17.9,LOW
Tottenham Hotspur,away,4-2-3-1,BACK4_1STRIKER,blocked_shots,2.8,5,2.625,0.175,MEDIUM
Tottenham Hotspur,away,4-2-3-1,BACK4_1STRIKER,clearances,32.6,5,29.5,3.1,MEDIUM
Tottenham Hotspur,away,4-2-3-1,BACK4_1STRIKER,corners,4.2,5,3.875,0.325,MEDIUM
Tottenham Hotspur,away,4-2-3-1,BACK4_1STRIKER,crosses,3.4,5,4.0,-0.6,MEDIUM
Tottenham Hotspur,away,4-2-3-1,BACK4_1STRIKER,possession,49.8,5,48.5,1.3,MEDIUM
Tottenham Hotspur,away,4-2-3-1,BACK4_1STRIKER,total_shots,12.2,5,12.125,0.075,MEDIUM
Tottenham Hotspur,away,4-2-3-1,BACK4_1STRIKER,touches_in_box,23.2,5,22.5,0.7,MEDIUM
Tottenham Hotspur,away,4-3-3,BACK4_1STRIKER,blocked_shots,2.0,2,2.625,-0.625,LOW
Tottenham Hotspur,away,4-3-3,BACK4_1STRIKER,clearances,18.5,2,29.5,-11.0,LOW
Tottenham Hotspur,away,4-3-3,BACK4_1STRIKER,corners,3.0,2,3.875,-0.875,LOW
Tottenham Hotspur,away,4-3-3,BACK4_1STRIKER,crosses,5.0,2,4.0,1.0,LOW
Tottenham Hotspur,away,4-3-3,BACK4_1STRIKER,possession,51.0,2,48.5,2.5,LOW
Tottenham Hotspur,away,4-3-3,BACK4_1STRIKER,total_shots,11.5,2,12.125,-0.625,LOW
Tottenham Hotspur,away,4-3-3,BACK4_1STRIKER,touches_in_box,23.0,2,22.5,0.5,LOW
Tottenham Hotspur,away,4-4-2,BACK4_2STRIKER,blocked_shots,3.0,1,2.625,0.375,LOW
Tottenham Hotspur,away,4-4-2,BACK4_2STRIKER,clearances,36.0,1,29.5,6.5,LOW
Tottenham Hotspur,away,4-4-2,BACK4_2STRIKER,corners,4.0,1,3.875,0.125,LOW
Tottenham Hotspur,away,4-4-2,BACK4_2STRIKER,crosses,5.0,1,4.0,1.0,LOW
Tottenham Hotspur,away,4-4-2,BACK4_2STRIKER,possession,37.0,1,48.5,-11.5,LOW
Tottenham Hotspur,away,4-4-2,BACK4_2STRIKER,total_shots,13.0,1,12.125,0.875,LOW
Tottenham Hotspur,away,4-4-2,BACK4_2STRIKER,touches_in_box,18.0,1,22.5,-4.5,LOW
Tottenham Hotspur,home,4-2-3-1,BACK4_1STRIKER,blocked_shots,2.25,4,4.1429,-1.8929,LOW
Tottenham Hotspur,home,4-2-3-1,BACK4_1STRIKER,clearances,24.0,4,25.1429,-1.1429,LOW
Tottenham Hotspur,home,4-2-3-1,BACK4_1STRIKER,corners,7.5,4,7.4286,0.0714,LOW
Tottenham Hotspur,home,4-2-3-1,BACK4_1STRIKER,crosses,4.75,4,6.0,-1.25,LOW
Tottenham Hotspur,home,4-2-3-1,BACK4_1STRIKER,possession,51.5,4,54.2857,-2.7857,LOW
Tottenham Hotspur,home,4-2-3-1,BACK4_1STRIKER,total_shots,10.25,4,13.4286,-3.1786,LOW
Tottenham Hotspur,home,4-2-3-1,BACK4_1STRIKER,touches_in_box,27.75,4,30.1429,-2.3929,LOW
Tottenham Hotspur,home,4-3-3,BACK4_1STRIKER,blocked_shots,6.6667,3,4.1429,2.5238,LOW
Tottenham Hotspur,home,4-3-3,BACK4_1STRIKER,clearances,26.6667,3,25.1429,1.5238,LOW
Tottenham Hotspur,home,4-3-3,BACK4_1STRIKER,corners,7.3333,3,7.4286,-0.0952,LOW
Tottenham Hotspur,home,4-3-3,BACK4_1STRIKER,crosses,7.6667,3,6.0,1.6667,LOW
Tottenham Hotspur,home,4-3-3,BACK4_1STRIKER,possession,58.0,3,54.2857,3.7143,LOW
Tottenham Hotspur,home,4-3-3,BACK4_1STRIKER,total_shots,17.6667,3,13.4286,4.2381,LOW
Tottenham Hotspur,home,4-3-3,BACK4_1STRIKER,touches_in_box,33.3333,3,30.1429,3.1905,LOW
Toulouse,away,3-4-2-1,BACK3_WINGBACK,blocked_shots,3.1429,7,3.1429,0.0,MEDIUM
Toulouse,away,3-4-2-1,BACK3_WINGBACK,clearances,33.2857,7,33.2857,0.0,MEDIUM
Toulouse,away,3-4-2-1,BACK3_WINGBACK,corners,4.1429,7,4.1429,0.0,MEDIUM
Toulouse,away,3-4-2-1,BACK3_WINGBACK,crosses,3.4286,7,3.4286,0.0,MEDIUM
Toulouse,away,3-4-2-1,BACK3_WINGBACK,possession,40.1429,7,40.1429,0.0,MEDIUM
Toulouse,away,3-4-2-1,BACK3_WINGBACK,total_shots,12.2857,7,12.2857,0.0,MEDIUM
Toulouse,away,3-4-2-1,BACK3_WINGBACK,touches_in_box,27.1429,7,27.1429,0.0,MEDIUM
Toulouse,home,3-4-2-1,BACK3_WINGBACK,blocked_shots,3.5,4,3.6667,-0.1667,LOW
Toulouse,home,3-4-2-1,BACK3_WINGBACK,clearances,20.25,4,19.5,0.75,LOW
Toulouse,home,3-4-2-1,BACK3_WINGBACK,corners,2.75,4,4.0,-1.25,LOW
Toulouse,home,3-4-2-1,BACK3_WINGBACK,crosses,4.5,4,4.6667,-0.1667,LOW
Toulouse,home,3-4-2-1,BACK3_WINGBACK,possession,41.25,4,44.5,-3.25,LOW
Toulouse,home,3-4-2-1,BACK3_WINGBACK,total_shots,13.5,4,14.6667,-1.1667,LOW
Toulouse,home,3-4-2-1,BACK3_WINGBACK,touches_in_box,23.75,4,27.5,-3.75,LOW
Toulouse,home,3-4-3,BACK3_WINGBACK,blocked_shots,3.0,1,3.6667,-0.6667,LOW
Toulouse,home,3-4-3,BACK3_WINGBACK,clearances,16.0,1,19.5,-3.5,LOW
Toulouse,home,3-4-3,BACK3_WINGBACK,corners,5.0,1,4.0,1.0,LOW
Toulouse,home,3-4-3,BACK3_WINGBACK,crosses,7.0,1,4.6667,2.3333,LOW
Toulouse,home,3-4-3,BACK3_WINGBACK,possession,36.0,1,44.5,-8.5,LOW
Toulouse,home,3-4-3,BACK3_WINGBACK,total_shots,16.0,1,14.6667,1.3333,LOW
Toulouse,home,3-4-3,BACK3_WINGBACK,touches_in_box,34.0,1,27.5,6.5,LOW
Toulouse,home,4-2-3-1,BACK4_1STRIKER,blocked_shots,5.0,1,3.6667,1.3333,LOW
Toulouse,home,4-2-3-1,BACK4_1STRIKER,clearances,20.0,1,19.5,0.5,LOW
Toulouse,home,4-2-3-1,BACK4_1STRIKER,corners,8.0,1,4.0,4.0,LOW
Toulouse,home,4-2-3-1,BACK4_1STRIKER,crosses,3.0,1,4.6667,-1.6667,LOW
Toulouse,home,4-2-3-1,BACK4_1STRIKER,possession,66.0,1,44.5,21.5,LOW
Toulouse,home,4-2-3-1,BACK4_1STRIKER,total_shots,18.0,1,14.6667,3.3333,LOW
Toulouse,home,4-2-3-1,BACK4_1STRIKER,touches_in_box,36.0,1,27.5,8.5,LOW
Troyes,away,4-1-4-1,BACK4_1STRIKER,blocked_shots,3.6,5,3.4,0.2,MEDIUM
Troyes,away,4-1-4-1,BACK4_1STRIKER,clearances,25.0,5,22.5,2.5,MEDIUM
Troyes,away,4-1-4-1,BACK4_1STRIKER,corners,4.4,5,5.4,-1.0,MEDIUM
Troyes,away,4-1-4-1,BACK4_1STRIKER,crosses,4.8,5,4.9,-0.1,MEDIUM
Troyes,away,4-1-4-1,BACK4_1STRIKER,possession,48.8,5,45.4,3.4,MEDIUM
Troyes,away,4-1-4-1,BACK4_1STRIKER,total_shots,13.6,5,12.9,0.7,MEDIUM
Troyes,away,4-1-4-1,BACK4_1STRIKER,touches_in_box,20.4,5,23.0,-2.6,MEDIUM
Troyes,away,4-2-3-1,BACK4_1STRIKER,blocked_shots,2.6667,3,3.4,-0.7333,LOW
Troyes,away,4-2-3-1,BACK4_1STRIKER,clearances,24.3333,3,22.5,1.8333,LOW
Troyes,away,4-2-3-1,BACK4_1STRIKER,corners,4.6667,3,5.4,-0.7333,LOW
Troyes,away,4-2-3-1,BACK4_1STRIKER,crosses,2.6667,3,4.9,-2.2333,LOW
Troyes,away,4-2-3-1,BACK4_1STRIKER,possession,38.3333,3,45.4,-7.0667,LOW
Troyes,away,4-2-3-1,BACK4_1STRIKER,total_shots,10.0,3,12.9,-2.9,LOW
Troyes,away,4-2-3-1,BACK4_1STRIKER,touches_in_box,20.3333,3,23.0,-2.6667,LOW
Troyes,away,4-4-2,BACK4_2STRIKER,blocked_shots,3.0,1,3.4,-0.4,LOW
Troyes,away,4-4-2,BACK4_2STRIKER,clearances,11.0,1,22.5,-11.5,LOW
Troyes,away,4-4-2,BACK4_2STRIKER,corners,10.0,1,5.4,4.6,LOW
Troyes,away,4-4-2,BACK4_2STRIKER,crosses,5.0,1,4.9,0.1,LOW
Troyes,away,4-4-2,BACK4_2STRIKER,possession,57.0,1,45.4,11.6,LOW
Troyes,away,4-4-2,BACK4_2STRIKER,total_shots,11.0,1,12.9,-1.9,LOW
Troyes,away,4-4-2,BACK4_2STRIKER,touches_in_box,35.0,1,23.0,12.0,LOW
Troyes,away,4-5-1,BACK4_1STRIKER,blocked_shots,5.0,1,3.4,1.6,LOW
Troyes,away,4-5-1,BACK4_1STRIKER,clearances,16.0,1,22.5,-6.5,LOW
Troyes,away,4-5-1,BACK4_1STRIKER,corners,8.0,1,5.4,2.6,LOW
Troyes,away,4-5-1,BACK4_1STRIKER,crosses,12.0,1,4.9,7.1,LOW
Troyes,away,4-5-1,BACK4_1STRIKER,possession,38.0,1,45.4,-7.4,LOW
Troyes,away,4-5-1,BACK4_1STRIKER,total_shots,20.0,1,12.9,7.1,LOW
Troyes,away,4-5-1,BACK4_1STRIKER,touches_in_box,32.0,1,23.0,9.0,LOW
Troyes,home,4-1-4-1,BACK4_1STRIKER,blocked_shots,4.3333,3,3.25,1.0833,LOW
Troyes,home,4-1-4-1,BACK4_1STRIKER,clearances,13.3333,3,18.0,-4.6667,LOW
Troyes,home,4-1-4-1,BACK4_1STRIKER,corners,4.0,3,3.25,0.75,LOW
Troyes,home,4-1-4-1,BACK4_1STRIKER,crosses,3.6667,3,3.25,0.4167,LOW
Troyes,home,4-1-4-1,BACK4_1STRIKER,possession,51.6667,3,47.0,4.6667,LOW
Troyes,home,4-1-4-1,BACK4_1STRIKER,total_shots,23.0,3,18.5,4.5,LOW
Troyes,home,4-1-4-1,BACK4_1STRIKER,touches_in_box,35.0,3,30.0,5.0,LOW
Troyes,home,4-4-2,BACK4_2STRIKER,blocked_shots,0.0,1,3.25,-3.25,LOW
Troyes,home,4-4-2,BACK4_2STRIKER,clearances,32.0,1,18.0,14.0,LOW
Troyes,home,4-4-2,BACK4_2STRIKER,corners,1.0,1,3.25,-2.25,LOW
Troyes,home,4-4-2,BACK4_2STRIKER,crosses,2.0,1,3.25,-1.25,LOW
Troyes,home,4-4-2,BACK4_2STRIKER,possession,33.0,1,47.0,-14.0,LOW
Troyes,home,4-4-2,BACK4_2STRIKER,total_shots,5.0,1,18.5,-13.5,LOW
Troyes,home,4-4-2,BACK4_2STRIKER,touches_in_box,15.0,1,30.0,-15.0,LOW
US Boulogne Côte-d'Opale,away,4-1-4-1,BACK4_1STRIKER,blocked_shots,1.0,1,3.2,-2.2,LOW
US Boulogne Côte-d'Opale,away,4-1-4-1,BACK4_1STRIKER,clearances,27.0,1,23.2,3.8,LOW
US Boulogne Côte-d'Opale,away,4-1-4-1,BACK4_1STRIKER,corners,3.0,1,4.6,-1.6,LOW
US Boulogne Côte-d'Opale,away,4-1-4-1,BACK4_1STRIKER,crosses,3.0,1,3.4,-0.4,LOW
US Boulogne Côte-d'Opale,away,4-1-4-1,BACK4_1STRIKER,possession,51.0,1,39.8,11.2,LOW
US Boulogne Côte-d'Opale,away,4-1-4-1,BACK4_1STRIKER,total_shots,11.0,1,11.6,-0.6,LOW
US Boulogne Côte-d'Opale,away,4-1-4-1,BACK4_1STRIKER,touches_in_box,17.0,1,15.8,1.2,LOW
US Boulogne Côte-d'Opale,away,4-4-2,BACK4_2STRIKER,blocked_shots,4.0,2,3.2,0.8,LOW
US Boulogne Côte-d'Opale,away,4-4-2,BACK4_2STRIKER,clearances,19.5,2,23.2,-3.7,LOW
US Boulogne Côte-d'Opale,away,4-4-2,BACK4_2STRIKER,corners,7.5,2,4.6,2.9,LOW
US Boulogne Côte-d'Opale,away,4-4-2,BACK4_2STRIKER,crosses,5.0,2,3.4,1.6,LOW
US Boulogne Côte-d'Opale,away,4-4-2,BACK4_2STRIKER,possession,35.0,2,39.8,-4.8,LOW
US Boulogne Côte-d'Opale,away,4-4-2,BACK4_2STRIKER,total_shots,14.0,2,11.6,2.4,LOW
US Boulogne Côte-d'Opale,away,4-4-2,BACK4_2STRIKER,touches_in_box,23.0,2,15.8,7.2,LOW
US Boulogne Côte-d'Opale,away,5-3-2,BACK5_DEFENSIVE,blocked_shots,3.5,2,3.2,0.3,LOW
US Boulogne Côte-d'Opale,away,5-3-2,BACK5_DEFENSIVE,clearances,25.0,2,23.2,1.8,LOW
US Boulogne Côte-d'Opale,away,5-3-2,BACK5_DEFENSIVE,corners,2.5,2,4.6,-2.1,LOW
US Boulogne Côte-d'Opale,away,5-3-2,BACK5_DEFENSIVE,crosses,2.0,2,3.4,-1.4,LOW
US Boulogne Côte-d'Opale,away,5-3-2,BACK5_DEFENSIVE,possession,39.0,2,39.8,-0.8,LOW
US Boulogne Côte-d'Opale,away,5-3-2,BACK5_DEFENSIVE,total_shots,9.5,2,11.6,-2.1,LOW
US Boulogne Côte-d'Opale,away,5-3-2,BACK5_DEFENSIVE,touches_in_box,8.0,2,15.8,-7.8,LOW
US Boulogne Côte-d'Opale,home,4-1-4-1,BACK4_1STRIKER,blocked_shots,2.25,4,2.5,-0.25,LOW
US Boulogne Côte-d'Opale,home,4-1-4-1,BACK4_1STRIKER,clearances,18.5,4,17.3333,1.1667,LOW
US Boulogne Côte-d'Opale,home,4-1-4-1,BACK4_1STRIKER,corners,4.5,4,4.3333,0.1667,LOW
US Boulogne Côte-d'Opale,home,4-1-4-1,BACK4_1STRIKER,crosses,6.0,4,5.6667,0.3333,LOW
US Boulogne Côte-d'Opale,home,4-1-4-1,BACK4_1STRIKER,possession,55.5,4,53.5,2.0,LOW
US Boulogne Côte-d'Opale,home,4-1-4-1,BACK4_1STRIKER,total_shots,9.75,4,9.0,0.75,LOW
US Boulogne Côte-d'Opale,home,4-1-4-1,BACK4_1STRIKER,touches_in_box,23.0,4,19.6667,3.3333,LOW
US Boulogne Côte-d'Opale,home,5-3-2,BACK5_DEFENSIVE,blocked_shots,3.0,2,2.5,0.5,LOW
US Boulogne Côte-d'Opale,home,5-3-2,BACK5_DEFENSIVE,clearances,15.0,2,17.3333,-2.3333,LOW
US Boulogne Côte-d'Opale,home,5-3-2,BACK5_DEFENSIVE,corners,4.0,2,4.3333,-0.3333,LOW
US Boulogne Côte-d'Opale,home,5-3-2,BACK5_DEFENSIVE,crosses,5.0,2,5.6667,-0.6667,LOW
US Boulogne Côte-d'Opale,home,5-3-2,BACK5_DEFENSIVE,possession,49.5,2,53.5,-4.0,LOW
US Boulogne Côte-d'Opale,home,5-3-2,BACK5_DEFENSIVE,total_shots,7.5,2,9.0,-1.5,LOW
US Boulogne Côte-d'Opale,home,5-3-2,BACK5_DEFENSIVE,touches_in_box,13.0,2,19.6667,-6.6667,LOW
USL Dunkerque,away,4-1-4-1,BACK4_1STRIKER,blocked_shots,3.5,6,3.0,0.5,MEDIUM
USL Dunkerque,away,4-1-4-1,BACK4_1STRIKER,clearances,20.6667,6,20.625,0.0417,MEDIUM
USL Dunkerque,away,4-1-4-1,BACK4_1STRIKER,corners,3.5,6,3.0,0.5,MEDIUM
USL Dunkerque,away,4-1-4-1,BACK4_1STRIKER,crosses,3.6667,6,3.25,0.4167,MEDIUM
USL Dunkerque,away,4-1-4-1,BACK4_1STRIKER,possession,56.6667,6,53.5,3.1667,MEDIUM
USL Dunkerque,away,4-1-4-1,BACK4_1STRIKER,total_shots,13.3333,6,11.375,1.9583,MEDIUM
USL Dunkerque,away,4-1-4-1,BACK4_1STRIKER,touches_in_box,19.8333,6,18.125,1.7083,MEDIUM
USL Dunkerque,away,4-2-3-1,BACK4_1STRIKER,blocked_shots,1.0,1,3.0,-2.0,LOW
USL Dunkerque,away,4-2-3-1,BACK4_1STRIKER,clearances,28.0,1,20.625,7.375,LOW
USL Dunkerque,away,4-2-3-1,BACK4_1STRIKER,corners,2.0,1,3.0,-1.0,LOW
USL Dunkerque,away,4-2-3-1,BACK4_1STRIKER,crosses,3.0,1,3.25,-0.25,LOW
USL Dunkerque,away,4-2-3-1,BACK4_1STRIKER,possession,51.0,1,53.5,-2.5,LOW
USL Dunkerque,away,4-2-3-1,BACK4_1STRIKER,total_shots,6.0,1,11.375,-5.375,LOW
USL Dunkerque,away,4-2-3-1,BACK4_1STRIKER,touches_in_box,15.0,1,18.125,-3.125,LOW
USL Dunkerque,away,4-3-3,BACK4_1STRIKER,blocked_shots,2.0,1,3.0,-1.0,LOW
USL Dunkerque,away,4-3-3,BACK4_1STRIKER,clearances,13.0,1,20.625,-7.625,LOW
USL Dunkerque,away,4-3-3,BACK4_1STRIKER,corners,1.0,1,3.0,-2.0,LOW
USL Dunkerque,away,4-3-3,BACK4_1STRIKER,crosses,1.0,1,3.25,-2.25,LOW
USL Dunkerque,away,4-3-3,BACK4_1STRIKER,possession,37.0,1,53.5,-16.5,LOW
USL Dunkerque,away,4-3-3,BACK4_1STRIKER,total_shots,5.0,1,11.375,-6.375,LOW
USL Dunkerque,away,4-3-3,BACK4_1STRIKER,touches_in_box,11.0,1,18.125,-7.125,LOW
USL Dunkerque,home,4-1-4-1,BACK4_1STRIKER,blocked_shots,3.3333,9,3.3333,0.0,MEDIUM
USL Dunkerque,home,4-1-4-1,BACK4_1STRIKER,clearances,19.4444,9,19.4444,0.0,MEDIUM
USL Dunkerque,home,4-1-4-1,BACK4_1STRIKER,corners,5.8889,9,5.8889,0.0,MEDIUM
USL Dunkerque,home,4-1-4-1,BACK4_1STRIKER,crosses,4.5556,9,4.5556,0.0,MEDIUM
USL Dunkerque,home,4-1-4-1,BACK4_1STRIKER,possession,60.1111,9,60.1111,0.0,MEDIUM
USL Dunkerque,home,4-1-4-1,BACK4_1STRIKER,total_shots,12.8889,9,12.8889,0.0,MEDIUM
USL Dunkerque,home,4-1-4-1,BACK4_1STRIKER,touches_in_box,27.2222,9,27.2222,0.0,MEDIUM
Valencia,away,3-5-2,BACK3_WINGBACK,blocked_shots,3.0,1,2.3333,0.6667,LOW
Valencia,away,3-5-2,BACK3_WINGBACK,clearances,13.0,1,25.1667,-12.1667,LOW
Valencia,away,3-5-2,BACK3_WINGBACK,corners,4.0,1,4.3333,-0.3333,LOW
Valencia,away,3-5-2,BACK3_WINGBACK,crosses,9.0,1,4.3333,4.6667,LOW
Valencia,away,3-5-2,BACK3_WINGBACK,possession,60.0,1,48.1667,11.8333,LOW
Valencia,away,3-5-2,BACK3_WINGBACK,total_shots,16.0,1,10.8333,5.1667,LOW
Valencia,away,3-5-2,BACK3_WINGBACK,touches_in_box,29.0,1,15.0,14.0,LOW
Valencia,away,4-2-3-1,BACK4_1STRIKER,blocked_shots,3.0,1,2.3333,0.6667,LOW
Valencia,away,4-2-3-1,BACK4_1STRIKER,clearances,25.0,1,25.1667,-0.1667,LOW
Valencia,away,4-2-3-1,BACK4_1STRIKER,corners,7.0,1,4.3333,2.6667,LOW
Valencia,away,4-2-3-1,BACK4_1STRIKER,crosses,4.0,1,4.3333,-0.3333,LOW
Valencia,away,4-2-3-1,BACK4_1STRIKER,possession,54.0,1,48.1667,5.8333,LOW
Valencia,away,4-2-3-1,BACK4_1STRIKER,total_shots,14.0,1,10.8333,3.1667,LOW
Valencia,away,4-2-3-1,BACK4_1STRIKER,touches_in_box,21.0,1,15.0,6.0,LOW
Valencia,away,4-4-2,BACK4_2STRIKER,blocked_shots,1.6667,3,2.3333,-0.6667,LOW
Valencia,away,4-4-2,BACK4_2STRIKER,clearances,27.3333,3,25.1667,2.1667,LOW
Valencia,away,4-4-2,BACK4_2STRIKER,corners,3.3333,3,4.3333,-1.0,LOW
Valencia,away,4-4-2,BACK4_2STRIKER,crosses,3.0,3,4.3333,-1.3333,LOW
Valencia,away,4-4-2,BACK4_2STRIKER,possession,41.6667,3,48.1667,-6.5,LOW
Valencia,away,4-4-2,BACK4_2STRIKER,total_shots,7.6667,3,10.8333,-3.1667,LOW
Valencia,away,4-4-2,BACK4_2STRIKER,touches_in_box,9.3333,3,15.0,-5.6667,LOW
Valencia,away,5-4-1,BACK5_DEFENSIVE,blocked_shots,3.0,1,2.3333,0.6667,LOW
Valencia,away,5-4-1,BACK5_DEFENSIVE,clearances,31.0,1,25.1667,5.8333,LOW
Valencia,away,5-4-1,BACK5_DEFENSIVE,corners,5.0,1,4.3333,0.6667,LOW
Valencia,away,5-4-1,BACK5_DEFENSIVE,crosses,4.0,1,4.3333,-0.3333,LOW
Valencia,away,5-4-1,BACK5_DEFENSIVE,possession,50.0,1,48.1667,1.8333,LOW
Valencia,away,5-4-1,BACK5_DEFENSIVE,total_shots,12.0,1,10.8333,1.1667,LOW
Valencia,away,5-4-1,BACK5_DEFENSIVE,touches_in_box,12.0,1,15.0,-3.0,LOW
Valencia,home,4-2-3-1,BACK4_1STRIKER,blocked_shots,6.0,1,6.0,0.0,LOW
Valencia,home,4-2-3-1,BACK4_1STRIKER,clearances,18.0,1,16.0,2.0,LOW
Valencia,home,4-2-3-1,BACK4_1STRIKER,corners,6.0,1,6.6,-0.6,LOW
Valencia,home,4-2-3-1,BACK4_1STRIKER,crosses,9.0,1,6.6,2.4,LOW
Valencia,home,4-2-3-1,BACK4_1STRIKER,possession,67.0,1,56.6,10.4,LOW
Valencia,home,4-2-3-1,BACK4_1STRIKER,total_shots,16.0,1,15.8,0.2,LOW
Valencia,home,4-2-3-1,BACK4_1STRIKER,touches_in_box,31.0,1,26.6,4.4,LOW
Valencia,home,4-4-2,BACK4_2STRIKER,blocked_shots,6.0,4,6.0,0.0,LOW
Valencia,home,4-4-2,BACK4_2STRIKER,clearances,15.5,4,16.0,-0.5,LOW
Valencia,home,4-4-2,BACK4_2STRIKER,corners,6.75,4,6.6,0.15,LOW
Valencia,home,4-4-2,BACK4_2STRIKER,crosses,6.0,4,6.6,-0.6,LOW
Valencia,home,4-4-2,BACK4_2STRIKER,possession,54.0,4,56.6,-2.6,LOW
Valencia,home,4-4-2,BACK4_2STRIKER,total_shots,15.75,4,15.8,-0.05,LOW
Valencia,home,4-4-2,BACK4_2STRIKER,touches_in_box,25.5,4,26.6,-1.1,LOW
Villarreal,away,4-4-2,BACK4_2STRIKER,blocked_shots,2.4286,7,2.4286,0.0,MEDIUM
Villarreal,away,4-4-2,BACK4_2STRIKER,clearances,33.4286,7,33.4286,0.0,MEDIUM
Villarreal,away,4-4-2,BACK4_2STRIKER,corners,2.7143,7,2.7143,0.0,MEDIUM
Villarreal,away,4-4-2,BACK4_2STRIKER,crosses,2.8571,7,2.8571,0.0,MEDIUM
Villarreal,away,4-4-2,BACK4_2STRIKER,possession,39.8571,7,39.8571,0.0,MEDIUM
Villarreal,away,4-4-2,BACK4_2STRIKER,total_shots,8.8571,7,8.8571,0.0,MEDIUM
Villarreal,away,4-4-2,BACK4_2STRIKER,touches_in_box,21.4286,7,21.4286,0.0,MEDIUM
Villarreal,home,4-2-3-1,BACK4_1STRIKER,blocked_shots,5.0,1,4.0,1.0,LOW
Villarreal,home,4-2-3-1,BACK4_1STRIKER,clearances,26.0,1,16.8,9.2,LOW
Villarreal,home,4-2-3-1,BACK4_1STRIKER,corners,3.0,1,5.2,-2.2,LOW
Villarreal,home,4-2-3-1,BACK4_1STRIKER,crosses,4.0,1,5.3,-1.3,LOW
Villarreal,home,4-2-3-1,BACK4_1STRIKER,possession,38.0,1,46.5,-8.5,LOW
Villarreal,home,4-2-3-1,BACK4_1STRIKER,total_shots,17.0,1,16.5,0.5,LOW
Villarreal,home,4-2-3-1,BACK4_1STRIKER,touches_in_box,33.0,1,33.2,-0.2,LOW
Villarreal,home,4-4-2,BACK4_2STRIKER,blocked_shots,3.8889,9,4.0,-0.1111,MEDIUM
Villarreal,home,4-4-2,BACK4_2STRIKER,clearances,15.7778,9,16.8,-1.0222,MEDIUM
Villarreal,home,4-4-2,BACK4_2STRIKER,corners,5.4444,9,5.2,0.2444,MEDIUM
Villarreal,home,4-4-2,BACK4_2STRIKER,crosses,5.4444,9,5.3,0.1444,MEDIUM
Villarreal,home,4-4-2,BACK4_2STRIKER,possession,47.4444,9,46.5,0.9444,MEDIUM
Villarreal,home,4-4-2,BACK4_2STRIKER,total_shots,16.4444,9,16.5,-0.0556,MEDIUM
Villarreal,home,4-4-2,BACK4_2STRIKER,touches_in_box,33.2222,9,33.2,0.0222,MEDIUM
Watford,away,3-4-1-2,BACK3_WINGBACK,blocked_shots,3.0,1,3.0,0.0,LOW
Watford,away,3-4-1-2,BACK3_WINGBACK,clearances,19.0,1,27.1429,-8.1429,LOW
Watford,away,3-4-1-2,BACK3_WINGBACK,corners,3.0,1,3.8571,-0.8571,LOW
Watford,away,3-4-1-2,BACK3_WINGBACK,crosses,1.0,1,2.8571,-1.8571,LOW
Watford,away,3-4-1-2,BACK3_WINGBACK,possession,44.0,1,48.5714,-4.5714,LOW
Watford,away,3-4-1-2,BACK3_WINGBACK,total_shots,12.0,1,10.2857,1.7143,LOW
Watford,away,3-4-2-1,BACK3_WINGBACK,blocked_shots,0.0,1,3.0,-3.0,LOW
Watford,away,3-4-2-1,BACK3_WINGBACK,clearances,43.0,1,27.1429,15.8571,LOW
Watford,away,3-4-2-1,BACK3_WINGBACK,corners,3.0,1,3.8571,-0.8571,LOW
Watford,away,3-4-2-1,BACK3_WINGBACK,crosses,3.0,1,2.8571,0.1429,LOW
Watford,away,3-4-2-1,BACK3_WINGBACK,possession,50.0,1,48.5714,1.4286,LOW
Watford,away,3-4-2-1,BACK3_WINGBACK,total_shots,4.0,1,10.2857,-6.2857,LOW
Watford,away,3-4-2-1,BACK3_WINGBACK,touches_in_box,19.0,1,19.6,-0.6,LOW
Watford,away,4-2-2-2,BACK4_2STRIKER,blocked_shots,3.0,1,3.0,0.0,LOW
Watford,away,4-2-2-2,BACK4_2STRIKER,clearances,38.0,1,27.1429,10.8571,LOW
Watford,away,4-2-2-2,BACK4_2STRIKER,corners,6.0,1,3.8571,2.1429,LOW
Watford,away,4-2-2-2,BACK4_2STRIKER,crosses,2.0,1,2.8571,-0.8571,LOW
Watford,away,4-2-2-2,BACK4_2STRIKER,possession,45.0,1,48.5714,-3.5714,LOW
Watford,away,4-2-2-2,BACK4_2STRIKER,total_shots,13.0,1,10.2857,2.7143,LOW
Watford,away,4-2-2-2,BACK4_2STRIKER,touches_in_box,22.0,1,19.6,2.4,LOW
Watford,away,4-3-3,BACK4_1STRIKER,blocked_shots,1.0,1,3.0,-2.0,LOW
Watford,away,4-3-3,BACK4_1STRIKER,clearances,24.0,1,27.1429,-3.1429,LOW
Watford,away,4-3-3,BACK4_1STRIKER,corners,1.0,1,3.8571,-2.8571,LOW
Watford,away,4-3-3,BACK4_1STRIKER,crosses,1.0,1,2.8571,-1.8571,LOW
Watford,away,4-3-3,BACK4_1STRIKER,possession,41.0,1,48.5714,-7.5714,LOW
Watford,away,4-3-3,BACK4_1STRIKER,total_shots,4.0,1,10.2857,-6.2857,LOW
Watford,away,4-4-2,BACK4_2STRIKER,blocked_shots,4.6667,3,3.0,1.6667,LOW
Watford,away,4-4-2,BACK4_2STRIKER,clearances,22.0,3,27.1429,-5.1429,LOW
Watford,away,4-4-2,BACK4_2STRIKER,corners,4.6667,3,3.8571,0.8095,LOW
Watford,away,4-4-2,BACK4_2STRIKER,crosses,4.3333,3,2.8571,1.4762,LOW
Watford,away,4-4-2,BACK4_2STRIKER,possession,53.3333,3,48.5714,4.7619,LOW
Watford,away,4-4-2,BACK4_2STRIKER,total_shots,13.0,3,10.2857,2.7143,LOW
Watford,away,4-4-2,BACK4_2STRIKER,touches_in_box,19.0,3,19.6,-0.6,LOW
Watford,home,3-4-2-1,BACK3_WINGBACK,blocked_shots,7.0,1,4.875,2.125,LOW
Watford,home,3-4-2-1,BACK3_WINGBACK,clearances,30.0,1,25.0,5.0,LOW
Watford,home,3-4-2-1,BACK3_WINGBACK,corners,2.0,1,5.875,-3.875,LOW
Watford,home,3-4-2-1,BACK3_WINGBACK,crosses,2.0,1,4.125,-2.125,LOW
Watford,home,3-4-2-1,BACK3_WINGBACK,possession,55.0,1,59.125,-4.125,LOW
Watford,home,3-4-2-1,BACK3_WINGBACK,total_shots,24.0,1,16.0,8.0,LOW
Watford,home,3-4-2-1,BACK3_WINGBACK,touches_in_box,31.0,1,27.1429,3.8571,LOW
Watford,home,3-4-3,BACK3_WINGBACK,blocked_shots,4.5,2,4.875,-0.375,LOW
Watford,home,3-4-3,BACK3_WINGBACK,clearances,22.0,2,25.0,-3.0,LOW
Watford,home,3-4-3,BACK3_WINGBACK,corners,7.0,2,5.875,1.125,LOW
Watford,home,3-4-3,BACK3_WINGBACK,crosses,5.0,2,4.125,0.875,LOW
Watford,home,3-4-3,BACK3_WINGBACK,possession,67.0,2,59.125,7.875,LOW
Watford,home,3-4-3,BACK3_WINGBACK,total_shots,14.0,2,16.0,-2.0,LOW
Watford,home,3-4-3,BACK3_WINGBACK,touches_in_box,30.0,1,27.1429,2.8571,LOW
Watford,home,3-5-2,BACK3_WINGBACK,blocked_shots,1.0,1,4.875,-3.875,LOW
Watford,home,3-5-2,BACK3_WINGBACK,clearances,28.0,1,25.0,3.0,LOW
Watford,home,3-5-2,BACK3_WINGBACK,corners,4.0,1,5.875,-1.875,LOW
Watford,home,3-5-2,BACK3_WINGBACK,crosses,2.0,1,4.125,-2.125,LOW
Watford,home,3-5-2,BACK3_WINGBACK,possession,55.0,1,59.125,-4.125,LOW
Watford,home,3-5-2,BACK3_WINGBACK,total_shots,10.0,1,16.0,-6.0,LOW
Watford,home,3-5-2,BACK3_WINGBACK,touches_in_box,17.0,1,27.1429,-10.1429,LOW
Watford,home,4-2-3-1,BACK4_1STRIKER,blocked_shots,5.0,3,4.875,0.125,LOW
Watford,home,4-2-3-1,BACK4_1STRIKER,clearances,28.6667,3,25.0,3.6667,LOW
Watford,home,4-2-3-1,BACK4_1STRIKER,corners,6.6667,3,5.875,0.7917,LOW
Watford,home,4-2-3-1,BACK4_1STRIKER,crosses,4.6667,3,4.125,0.5417,LOW
Watford,home,4-2-3-1,BACK4_1STRIKER,possession,53.6667,3,59.125,-5.4583,LOW
Watford,home,4-2-3-1,BACK4_1STRIKER,total_shots,14.3333,3,16.0,-1.6667,LOW
Watford,home,4-2-3-1,BACK4_1STRIKER,touches_in_box,22.3333,3,27.1429,-4.8095,LOW
Watford,home,4-4-2,BACK4_2STRIKER,blocked_shots,7.0,1,4.875,2.125,LOW
Watford,home,4-4-2,BACK4_2STRIKER,clearances,12.0,1,25.0,-13.0,LOW
Watford,home,4-4-2,BACK4_2STRIKER,corners,7.0,1,5.875,1.125,LOW
Watford,home,4-4-2,BACK4_2STRIKER,crosses,5.0,1,4.125,0.875,LOW
Watford,home,4-4-2,BACK4_2STRIKER,possession,68.0,1,59.125,8.875,LOW
Watford,home,4-4-2,BACK4_2STRIKER,total_shots,23.0,1,16.0,7.0,LOW
Watford,home,4-4-2,BACK4_2STRIKER,touches_in_box,45.0,1,27.1429,17.8571,LOW
West Bromwich Albion,away,4-2-3-1,BACK4_1STRIKER,blocked_shots,4.5,6,4.0,0.5,MEDIUM
West Bromwich Albion,away,4-2-3-1,BACK4_1STRIKER,clearances,30.5,6,31.3333,-0.8333,MEDIUM
West Bromwich Albion,away,4-2-3-1,BACK4_1STRIKER,corners,5.1667,6,5.7778,-0.6111,MEDIUM
West Bromwich Albion,away,4-2-3-1,BACK4_1STRIKER,crosses,4.3333,6,5.1111,-0.7778,MEDIUM
West Bromwich Albion,away,4-2-3-1,BACK4_1STRIKER,possession,46.8333,6,45.6667,1.1667,MEDIUM
West Bromwich Albion,away,4-2-3-1,BACK4_1STRIKER,total_shots,13.6667,6,12.8889,0.7778,MEDIUM
West Bromwich Albion,away,4-2-3-1,BACK4_1STRIKER,touches_in_box,22.6667,6,21.5,1.1667,MEDIUM
West Bromwich Albion,away,4-4-2,BACK4_2STRIKER,blocked_shots,3.0,3,4.0,-1.0,LOW
West Bromwich Albion,away,4-4-2,BACK4_2STRIKER,clearances,33.0,3,31.3333,1.6667,LOW
West Bromwich Albion,away,4-4-2,BACK4_2STRIKER,corners,7.0,3,5.7778,1.2222,LOW
West Bromwich Albion,away,4-4-2,BACK4_2STRIKER,crosses,6.6667,3,5.1111,1.5556,LOW
West Bromwich Albion,away,4-4-2,BACK4_2STRIKER,possession,43.3333,3,45.6667,-2.3333,LOW
West Bromwich Albion,away,4-4-2,BACK4_2STRIKER,total_shots,11.3333,3,12.8889,-1.5556,LOW
West Bromwich Albion,away,4-4-2,BACK4_2STRIKER,touches_in_box,18.0,2,21.5,-3.5,LOW
West Bromwich Albion,home,3-4-3,BACK3_WINGBACK,blocked_shots,5.0,1,4.0,1.0,LOW
West Bromwich Albion,home,3-4-3,BACK3_WINGBACK,clearances,20.0,1,19.7143,0.2857,LOW
West Bromwich Albion,home,3-4-3,BACK3_WINGBACK,corners,6.0,1,6.4286,-0.4286,LOW
West Bromwich Albion,home,3-4-3,BACK3_WINGBACK,crosses,5.0,1,4.8571,0.1429,LOW
West Bromwich Albion,home,3-4-3,BACK3_WINGBACK,possession,63.0,1,54.5714,8.4286,LOW
West Bromwich Albion,home,3-4-3,BACK3_WINGBACK,total_shots,16.0,1,12.5714,3.4286,LOW
West Bromwich Albion,home,4-2-3-1,BACK4_1STRIKER,blocked_shots,4.25,4,4.0,0.25,LOW
West Bromwich Albion,home,4-2-3-1,BACK4_1STRIKER,clearances,16.5,4,19.7143,-3.2143,LOW
West Bromwich Albion,home,4-2-3-1,BACK4_1STRIKER,corners,7.75,4,6.4286,1.3214,LOW
West Bromwich Albion,home,4-2-3-1,BACK4_1STRIKER,crosses,5.25,4,4.8571,0.3929,LOW
West Bromwich Albion,home,4-2-3-1,BACK4_1STRIKER,possession,53.5,4,54.5714,-1.0714,LOW
West Bromwich Albion,home,4-2-3-1,BACK4_1STRIKER,total_shots,12.25,4,12.5714,-0.3214,LOW
West Bromwich Albion,home,4-2-3-1,BACK4_1STRIKER,touches_in_box,22.0,2,22.5,-0.5,LOW
West Bromwich Albion,home,4-4-2,BACK4_2STRIKER,blocked_shots,3.0,2,4.0,-1.0,LOW
West Bromwich Albion,home,4-4-2,BACK4_2STRIKER,clearances,26.0,2,19.7143,6.2857,LOW
West Bromwich Albion,home,4-4-2,BACK4_2STRIKER,corners,4.0,2,6.4286,-2.4286,LOW
West Bromwich Albion,home,4-4-2,BACK4_2STRIKER,crosses,4.0,2,4.8571,-0.8571,LOW
West Bromwich Albion,home,4-4-2,BACK4_2STRIKER,possession,52.5,2,54.5714,-2.0714,LOW
West Bromwich Albion,home,4-4-2,BACK4_2STRIKER,total_shots,11.5,2,12.5714,-1.0714,LOW
West Bromwich Albion,home,4-4-2,BACK4_2STRIKER,touches_in_box,23.0,2,22.5,0.5,LOW
West Ham United,away,3-4-2-1,BACK3_WINGBACK,blocked_shots,3.0,1,3.4,-0.4,LOW
West Ham United,away,3-4-2-1,BACK3_WINGBACK,clearances,35.0,1,30.2,4.8,LOW
West Ham United,away,3-4-2-1,BACK3_WINGBACK,corners,3.0,1,3.8,-0.8,LOW
West Ham United,away,3-4-2-1,BACK3_WINGBACK,crosses,4.0,1,4.2,-0.2,LOW
West Ham United,away,3-4-2-1,BACK3_WINGBACK,possession,33.0,1,43.0,-10.0,LOW
West Ham United,away,3-4-2-1,BACK3_WINGBACK,total_shots,14.0,1,12.6,1.4,LOW
West Ham United,away,3-4-2-1,BACK3_WINGBACK,touches_in_box,24.0,1,20.0,4.0,LOW
West Ham United,away,3-5-2,BACK3_WINGBACK,blocked_shots,1.0,1,3.4,-2.4,LOW
West Ham United,away,3-5-2,BACK3_WINGBACK,clearances,38.0,1,30.2,7.8,LOW
West Ham United,away,3-5-2,BACK3_WINGBACK,corners,3.0,1,3.8,-0.8,LOW
West Ham United,away,3-5-2,BACK3_WINGBACK,crosses,1.0,1,4.2,-3.2,LOW
West Ham United,away,3-5-2,BACK3_WINGBACK,possession,45.0,1,43.0,2.0,LOW
West Ham United,away,3-5-2,BACK3_WINGBACK,total_shots,11.0,1,12.6,-1.6,LOW
West Ham United,away,3-5-2,BACK3_WINGBACK,touches_in_box,18.0,1,20.0,-2.0,LOW
West Ham United,away,4-1-4-1,BACK4_1STRIKER,blocked_shots,5.0,2,3.4,1.6,LOW
West Ham United,away,4-1-4-1,BACK4_1STRIKER,clearances,27.0,2,30.2,-3.2,LOW
West Ham United,away,4-1-4-1,BACK4_1STRIKER,corners,5.5,2,3.8,1.7,LOW
West Ham United,away,4-1-4-1,BACK4_1STRIKER,crosses,5.5,2,4.2,1.3,LOW
West Ham United,away,4-1-4-1,BACK4_1STRIKER,possession,46.0,2,43.0,3.0,LOW
West Ham United,away,4-1-4-1,BACK4_1STRIKER,total_shots,13.5,2,12.6,0.9,LOW
West Ham United,away,4-1-4-1,BACK4_1STRIKER,touches_in_box,22.5,2,20.0,2.5,LOW
West Ham United,away,4-2-3-1,BACK4_1STRIKER,blocked_shots,3.0,1,3.4,-0.4,LOW
West Ham United,away,4-2-3-1,BACK4_1STRIKER,clearances,24.0,1,30.2,-6.2,LOW
West Ham United,away,4-2-3-1,BACK4_1STRIKER,corners,2.0,1,3.8,-1.8,LOW
West Ham United,away,4-2-3-1,BACK4_1STRIKER,crosses,5.0,1,4.2,0.8,LOW
West Ham United,away,4-2-3-1,BACK4_1STRIKER,possession,45.0,1,43.0,2.0,LOW
West Ham United,away,4-2-3-1,BACK4_1STRIKER,total_shots,11.0,1,12.6,-1.6,LOW
West Ham United,away,4-2-3-1,BACK4_1STRIKER,touches_in_box,13.0,1,20.0,-7.0,LOW
West Ham United,home,3-4-1-2,BACK3_WINGBACK,blocked_shots,3.0,1,3.4,-0.4,LOW
West Ham United,home,3-4-1-2,BACK3_WINGBACK,clearances,29.0,1,29.0,0.0,LOW
West Ham United,home,3-4-1-2,BACK3_WINGBACK,corners,7.0,1,5.4,1.6,LOW
West Ham United,home,3-4-1-2,BACK3_WINGBACK,crosses,7.0,1,4.4,2.6,LOW
West Ham United,home,3-4-1-2,BACK3_WINGBACK,possession,41.0,1,40.2,0.8,LOW
West Ham United,home,3-4-1-2,BACK3_WINGBACK,total_shots,12.0,1,11.0,1.0,LOW
West Ham United,home,3-4-1-2,BACK3_WINGBACK,touches_in_box,19.0,1,19.8,-0.8,LOW
West Ham United,home,4-2-3-1,BACK4_1STRIKER,blocked_shots,3.0,1,3.4,-0.4,LOW
West Ham United,home,4-2-3-1,BACK4_1STRIKER,clearances,23.0,1,29.0,-6.0,LOW
West Ham United,home,4-2-3-1,BACK4_1STRIKER,corners,5.0,1,5.4,-0.4,LOW
West Ham United,home,4-2-3-1,BACK4_1STRIKER,crosses,3.0,1,4.4,-1.4,LOW
West Ham United,home,4-2-3-1,BACK4_1STRIKER,possession,35.0,1,40.2,-5.2,LOW
West Ham United,home,4-2-3-1,BACK4_1STRIKER,total_shots,7.0,1,11.0,-4.0,LOW
West Ham United,home,4-2-3-1,BACK4_1STRIKER,touches_in_box,9.0,1,19.8,-10.8,LOW
West Ham United,home,4-3-2-1,BACK4_1STRIKER,blocked_shots,5.0,1,3.4,1.6,LOW
West Ham United,home,4-3-2-1,BACK4_1STRIKER,clearances,25.0,1,29.0,-4.0,LOW
West Ham United,home,4-3-2-1,BACK4_1STRIKER,corners,5.0,1,5.4,-0.4,LOW
West Ham United,home,4-3-2-1,BACK4_1STRIKER,crosses,2.0,1,4.4,-2.4,LOW
West Ham United,home,4-3-2-1,BACK4_1STRIKER,possession,44.0,1,40.2,3.8,LOW
West Ham United,home,4-3-2-1,BACK4_1STRIKER,total_shots,11.0,1,11.0,0.0,LOW
West Ham United,home,4-3-2-1,BACK4_1STRIKER,touches_in_box,27.0,1,19.8,7.2,LOW
West Ham United,home,4-3-3,BACK4_1STRIKER,blocked_shots,3.0,1,3.4,-0.4,LOW
West Ham United,home,4-3-3,BACK4_1STRIKER,clearances,41.0,1,29.0,12.0,LOW
West Ham United,home,4-3-3,BACK4_1STRIKER,corners,7.0,1,5.4,1.6,LOW
West Ham United,home,4-3-3,BACK4_1STRIKER,crosses,6.0,1,4.4,1.6,LOW
West Ham United,home,4-3-3,BACK4_1STRIKER,possession,37.0,1,40.2,-3.2,LOW
West Ham United,home,4-3-3,BACK4_1STRIKER,total_shots,15.0,1,11.0,4.0,LOW
West Ham United,home,4-3-3,BACK4_1STRIKER,touches_in_box,21.0,1,19.8,1.2,LOW
West Ham United,home,4-4-1-1,BACK4_1STRIKER,blocked_shots,3.0,1,3.4,-0.4,LOW
West Ham United,home,4-4-1-1,BACK4_1STRIKER,clearances,27.0,1,29.0,-2.0,LOW
West Ham United,home,4-4-1-1,BACK4_1STRIKER,corners,3.0,1,5.4,-2.4,LOW
West Ham United,home,4-4-1-1,BACK4_1STRIKER,crosses,4.0,1,4.4,-0.4,LOW
West Ham United,home,4-4-1-1,BACK4_1STRIKER,possession,44.0,1,40.2,3.8,LOW
West Ham United,home,4-4-1-1,BACK4_1STRIKER,total_shots,10.0,1,11.0,-1.0,LOW
West Ham United,home,4-4-1-1,BACK4_1STRIKER,touches_in_box,23.0,1,19.8,3.2,LOW
Wolverhampton,away,3-4-1-2,BACK3_WINGBACK,blocked_shots,0.0,1,2.0,-2.0,LOW
Wolverhampton,away,3-4-1-2,BACK3_WINGBACK,clearances,39.0,1,31.8333,7.1667,LOW
Wolverhampton,away,3-4-1-2,BACK3_WINGBACK,corners,2.0,1,2.8333,-0.8333,LOW
Wolverhampton,away,3-4-1-2,BACK3_WINGBACK,crosses,1.0,1,5.0,-4.0,LOW
Wolverhampton,away,3-4-1-2,BACK3_WINGBACK,possession,37.0,1,43.0,-6.0,LOW
Wolverhampton,away,3-4-1-2,BACK3_WINGBACK,total_shots,7.0,1,9.3333,-2.3333,LOW
Wolverhampton,away,3-4-1-2,BACK3_WINGBACK,touches_in_box,13.0,1,20.5,-7.5,LOW
Wolverhampton,away,3-4-2-1,BACK3_WINGBACK,blocked_shots,2.0,2,2.0,0.0,LOW
Wolverhampton,away,3-4-2-1,BACK3_WINGBACK,clearances,25.5,2,31.8333,-6.3333,LOW
Wolverhampton,away,3-4-2-1,BACK3_WINGBACK,corners,4.5,2,2.8333,1.6667,LOW
Wolverhampton,away,3-4-2-1,BACK3_WINGBACK,crosses,4.5,2,5.0,-0.5,LOW
Wolverhampton,away,3-4-2-1,BACK3_WINGBACK,possession,42.0,2,43.0,-1.0,LOW
Wolverhampton,away,3-4-2-1,BACK3_WINGBACK,total_shots,11.0,2,9.3333,1.6667,LOW
Wolverhampton,away,3-4-2-1,BACK3_WINGBACK,touches_in_box,20.5,2,20.5,0.0,LOW
Wolverhampton,away,3-4-3,BACK3_WINGBACK,blocked_shots,2.0,1,2.0,0.0,LOW
Wolverhampton,away,3-4-3,BACK3_WINGBACK,clearances,30.0,1,31.8333,-1.8333,LOW
Wolverhampton,away,3-4-3,BACK3_WINGBACK,corners,3.0,1,2.8333,0.1667,LOW
Wolverhampton,away,3-4-3,BACK3_WINGBACK,crosses,5.0,1,5.0,0.0,LOW
Wolverhampton,away,3-4-3,BACK3_WINGBACK,possession,41.0,1,43.0,-2.0,LOW
Wolverhampton,away,3-4-3,BACK3_WINGBACK,total_shots,6.0,1,9.3333,-3.3333,LOW
Wolverhampton,away,3-4-3,BACK3_WINGBACK,touches_in_box,14.0,1,20.5,-6.5,LOW
Wolverhampton,away,4-3-3,BACK4_1STRIKER,blocked_shots,5.0,1,2.0,3.0,LOW
Wolverhampton,away,4-3-3,BACK4_1STRIKER,clearances,40.0,1,31.8333,8.1667,LOW
Wolverhampton,away,4-3-3,BACK4_1STRIKER,corners,2.0,1,2.8333,-0.8333,LOW
Wolverhampton,away,4-3-3,BACK4_1STRIKER,crosses,11.0,1,5.0,6.0,LOW
Wolverhampton,away,4-3-3,BACK4_1STRIKER,possession,59.0,1,43.0,16.0,LOW
Wolverhampton,away,4-3-3,BACK4_1STRIKER,total_shots,16.0,1,9.3333,6.6667,LOW
Wolverhampton,away,4-3-3,BACK4_1STRIKER,touches_in_box,38.0,1,20.5,17.5,LOW
Wolverhampton,away,5-3-2,BACK5_DEFENSIVE,blocked_shots,1.0,1,2.0,-1.0,LOW
Wolverhampton,away,5-3-2,BACK5_DEFENSIVE,clearances,31.0,1,31.8333,-0.8333,LOW
Wolverhampton,away,5-3-2,BACK5_DEFENSIVE,corners,1.0,1,2.8333,-1.8333,LOW
Wolverhampton,away,5-3-2,BACK5_DEFENSIVE,crosses,4.0,1,5.0,-1.0,LOW
Wolverhampton,away,5-3-2,BACK5_DEFENSIVE,possession,37.0,1,43.0,-6.0,LOW
Wolverhampton,away,5-3-2,BACK5_DEFENSIVE,total_shots,5.0,1,9.3333,-4.3333,LOW
Wolverhampton,away,5-3-2,BACK5_DEFENSIVE,touches_in_box,17.0,1,20.5,-3.5,LOW
Wolverhampton,home,3-4-2-1,BACK3_WINGBACK,blocked_shots,2.6,5,1.875,0.725,MEDIUM
Wolverhampton,home,3-4-2-1,BACK3_WINGBACK,clearances,25.4,5,28.125,-2.725,MEDIUM
Wolverhampton,home,3-4-2-1,BACK3_WINGBACK,corners,5.0,5,4.0,1.0,MEDIUM
Wolverhampton,home,3-4-2-1,BACK3_WINGBACK,crosses,4.2,5,3.75,0.45,MEDIUM
Wolverhampton,home,3-4-2-1,BACK3_WINGBACK,possession,44.0,5,40.625,3.375,MEDIUM
Wolverhampton,home,3-4-2-1,BACK3_WINGBACK,total_shots,11.6,5,9.625,1.975,MEDIUM
Wolverhampton,home,3-4-2-1,BACK3_WINGBACK,touches_in_box,19.2,5,17.25,1.95,MEDIUM
Wolverhampton,home,3-5-1-1,BACK3_WINGBACK,blocked_shots,0.0,1,1.875,-1.875,LOW
Wolverhampton,home,3-5-1-1,BACK3_WINGBACK,clearances,36.0,1,28.125,7.875,LOW
Wolverhampton,home,3-5-1-1,BACK3_WINGBACK,corners,2.0,1,4.0,-2.0,LOW
Wolverhampton,home,3-5-1-1,BACK3_WINGBACK,crosses,2.0,1,3.75,-1.75,LOW
Wolverhampton,home,3-5-1-1,BACK3_WINGBACK,possession,34.0,1,40.625,-6.625,LOW
Wolverhampton,home,3-5-1-1,BACK3_WINGBACK,total_shots,4.0,1,9.625,-5.625,LOW
Wolverhampton,home,3-5-1-1,BACK3_WINGBACK,touches_in_box,11.0,1,17.25,-6.25,LOW
Wolverhampton,home,3-5-2,BACK3_WINGBACK,blocked_shots,0.0,1,1.875,-1.875,LOW
Wolverhampton,home,3-5-2,BACK3_WINGBACK,clearances,44.0,1,28.125,15.875,LOW
Wolverhampton,home,3-5-2,BACK3_WINGBACK,corners,1.0,1,4.0,-3.0,LOW
Wolverhampton,home,3-5-2,BACK3_WINGBACK,crosses,2.0,1,3.75,-1.75,LOW
Wolverhampton,home,3-5-2,BACK3_WINGBACK,possession,22.0,1,40.625,-18.625,LOW
Wolverhampton,home,3-5-2,BACK3_WINGBACK,total_shots,3.0,1,9.625,-6.625,LOW
Wolverhampton,home,3-5-2,BACK3_WINGBACK,touches_in_box,4.0,1,17.25,-13.25,LOW
Wolverhampton,home,4-4-1-1,BACK4_1STRIKER,blocked_shots,2.0,1,1.875,0.125,LOW
Wolverhampton,home,4-4-1-1,BACK4_1STRIKER,clearances,18.0,1,28.125,-10.125,LOW
Wolverhampton,home,4-4-1-1,BACK4_1STRIKER,corners,4.0,1,4.0,0.0,LOW
Wolverhampton,home,4-4-1-1,BACK4_1STRIKER,crosses,5.0,1,3.75,1.25,LOW
Wolverhampton,home,4-4-1-1,BACK4_1STRIKER,possession,49.0,1,40.625,8.375,LOW
Wolverhampton,home,4-4-1-1,BACK4_1STRIKER,total_shots,12.0,1,9.625,2.375,LOW
Wolverhampton,home,4-4-1-1,BACK4_1STRIKER,touches_in_box,27.0,1,17.25,9.75,LOW
Wrexham,away,3-1-4-2,BACK3_OTHER,blocked_shots,1.0,1,2.1111,-1.1111,LOW
Wrexham,away,3-1-4-2,BACK3_OTHER,clearances,47.0,1,37.0,10.0,LOW
Wrexham,away,3-1-4-2,BACK3_OTHER,corners,2.0,1,2.8889,-0.8889,LOW
Wrexham,away,3-1-4-2,BACK3_OTHER,crosses,3.0,1,2.7778,0.2222,LOW
Wrexham,away,3-1-4-2,BACK3_OTHER,possession,40.0,1,43.5556,-3.5556,LOW
Wrexham,away,3-1-4-2,BACK3_OTHER,total_shots,6.0,1,8.3333,-2.3333,LOW
Wrexham,away,3-1-4-2,BACK3_OTHER,touches_in_box,7.0,1,12.5556,-5.5556,LOW
Wrexham,away,3-2-4-1,BACK3_WINGBACK,blocked_shots,3.0,1,2.1111,0.8889,LOW
Wrexham,away,3-2-4-1,BACK3_WINGBACK,clearances,42.0,1,37.0,5.0,LOW
Wrexham,away,3-2-4-1,BACK3_WINGBACK,corners,2.0,1,2.8889,-0.8889,LOW
Wrexham,away,3-2-4-1,BACK3_WINGBACK,crosses,3.0,1,2.7778,0.2222,LOW
Wrexham,away,3-2-4-1,BACK3_WINGBACK,possession,48.0,1,43.5556,4.4444,LOW
Wrexham,away,3-2-4-1,BACK3_WINGBACK,total_shots,11.0,1,8.3333,2.6667,LOW
Wrexham,away,3-2-4-1,BACK3_WINGBACK,touches_in_box,10.0,1,12.5556,-2.5556,LOW
Wrexham,away,3-4-1-2,BACK3_WINGBACK,blocked_shots,2.0,1,2.1111,-0.1111,LOW
Wrexham,away,3-4-1-2,BACK3_WINGBACK,clearances,47.0,1,37.0,10.0,LOW
Wrexham,away,3-4-1-2,BACK3_WINGBACK,corners,2.0,1,2.8889,-0.8889,LOW
Wrexham,away,3-4-1-2,BACK3_WINGBACK,crosses,2.0,1,2.7778,-0.7778,LOW
Wrexham,away,3-4-1-2,BACK3_WINGBACK,possession,47.0,1,43.5556,3.4444,LOW
Wrexham,away,3-4-1-2,BACK3_WINGBACK,total_shots,8.0,1,8.3333,-0.3333,LOW
Wrexham,away,3-4-1-2,BACK3_WINGBACK,touches_in_box,14.0,1,12.5556,1.4444,LOW
Wrexham,away,3-4-2-1,BACK3_WINGBACK,blocked_shots,2.0,3,2.1111,-0.1111,LOW
Wrexham,away,3-4-2-1,BACK3_WINGBACK,clearances,23.0,3,37.0,-14.0,LOW
Wrexham,away,3-4-2-1,BACK3_WINGBACK,corners,3.0,3,2.8889,0.1111,LOW
Wrexham,away,3-4-2-1,BACK3_WINGBACK,crosses,3.0,3,2.7778,0.2222,LOW
Wrexham,away,3-4-2-1,BACK3_WINGBACK,possession,44.6667,3,43.5556,1.1111,LOW
Wrexham,away,3-4-2-1,BACK3_WINGBACK,total_shots,10.3333,3,8.3333,2.0,LOW
Wrexham,away,3-4-2-1,BACK3_WINGBACK,touches_in_box,16.6667,3,12.5556,4.1111,LOW
Wrexham,away,3-5-1-1,BACK3_WINGBACK,blocked_shots,3.0,1,2.1111,0.8889,LOW
Wrexham,away,3-5-1-1,BACK3_WINGBACK,clearances,47.0,1,37.0,10.0,LOW
Wrexham,away,3-5-1-1,BACK3_WINGBACK,corners,5.0,1,2.8889,2.1111,LOW
Wrexham,away,3-5-1-1,BACK3_WINGBACK,crosses,6.0,1,2.7778,3.2222,LOW
Wrexham,away,3-5-1-1,BACK3_WINGBACK,possession,55.0,1,43.5556,11.4444,LOW
Wrexham,away,3-5-1-1,BACK3_WINGBACK,total_shots,11.0,1,8.3333,2.6667,LOW
Wrexham,away,3-5-1-1,BACK3_WINGBACK,touches_in_box,16.0,1,12.5556,3.4444,LOW
Wrexham,away,3-5-2,BACK3_WINGBACK,blocked_shots,2.0,2,2.1111,-0.1111,LOW
Wrexham,away,3-5-2,BACK3_WINGBACK,clearances,40.5,2,37.0,3.5,LOW
Wrexham,away,3-5-2,BACK3_WINGBACK,corners,3.0,2,2.8889,0.1111,LOW
Wrexham,away,3-5-2,BACK3_WINGBACK,crosses,1.0,2,2.7778,-1.7778,LOW
Wrexham,away,3-5-2,BACK3_WINGBACK,possession,34.0,2,43.5556,-9.5556,LOW
Wrexham,away,3-5-2,BACK3_WINGBACK,total_shots,4.0,2,8.3333,-4.3333,LOW
Wrexham,away,3-5-2,BACK3_WINGBACK,touches_in_box,8.0,2,12.5556,-4.5556,LOW
Wrexham,home,3-4-2-1,BACK3_WINGBACK,blocked_shots,3.5,2,3.5,0.0,LOW
Wrexham,home,3-4-2-1,BACK3_WINGBACK,clearances,30.5,2,30.5,0.0,LOW
Wrexham,home,3-4-2-1,BACK3_WINGBACK,corners,5.5,2,5.5,0.0,LOW
Wrexham,home,3-4-2-1,BACK3_WINGBACK,crosses,2.5,2,2.5,0.0,LOW
Wrexham,home,3-4-2-1,BACK3_WINGBACK,possession,54.5,2,54.5,0.0,LOW
Wrexham,home,3-4-2-1,BACK3_WINGBACK,total_shots,12.0,2,12.0,0.0,LOW
Wrexham,home,3-4-2-1,BACK3_WINGBACK,touches_in_box,16.5,2,16.5,0.0,LOW
